created_at,client_ts,event_type,participant_identity,role,show_id,uplinkBps,availableOutgoingBitrate,targetBitrate,framesEncodedDelta,framesSentDelta,framesNotSent,fps,sourceFps,avgQp,qualityLimitationReason,rid,activeLayers,layerCount,width,height,sourceWidth,sourceHeight,encoder,keyFramesEncoded,nackCount,pliCount,firCount,packetsLost,jitter,rttSec,retransmittedBytesSent,from,to,reason,quality,source,sid,label,extra
2026-09-05T18:56:44.642297+00:00,2026-09-05T18:56:39.031+00:00,health_log_dropped_before_init,be2c67fb-7f6c-4390-a234-a2dd4d24c102,kit-check,show-5b0cddtl,,,,,,,,,,,,,,,,,,,,,,,,,,,,,,,,,,"{""count"":6,""types"":[""audio_host_adopted"",""backing_deck_raf"",""deck_loop_ab_started""]}"
2026-09-05T18:57:05.795315+00:00,2026-09-05T18:57:00.323+00:00,backing_deck_raf,be2c67fb-7f6c-4390-a234-a2dd4d24c102,kit-check,show-5b0cddtl,,,,,,,,,,,,,,,,,,,,,,,,,,,,,teardown,,,,,"{""elapsedMs"":22779,""idleFrames"":1372,""hasDuration"":false,""activeFrames"":0,""changedLabel"":0,""changedWidth"":0,""playingFrames"":0}"
2026-09-05T18:57:08.8054+00:00,2026-09-05T18:57:03.099+00:00,performance_mode_resolved,be2c67fb-7f6c-4390-a234-a2dd4d24c102,kit-check,show-5b0cddtl,,,,,,,,,,,,,,,,,,,,,,,,,,,,,,,,,,"{""path"":""join_show"",""role"":""a"",""value"":""solo"",""showLoaded"":true,""fromShowRow"":""solo"",""fromResponse"":""solo""}"
2026-09-05T18:57:08.8054+00:00,2026-09-05T18:57:03.195+00:00,track_liveness_snapshot,be2c67fb-7f6c-4390-a234-a2dd4d24c102,kit-check,show-5b0cddtl,,,,,,,,,,,,,,,,,,,,,,,,,,,,,,,,,,"{""entries"":[],""trackCount"":0,""ineligibleCount"":0}"
2026-09-05T18:57:08.8054+00:00,2026-09-05T18:57:03.2+00:00,room_state_at_mount,,a,show-5b0cddtl,,,,,,,,,,,,,,,,,,,,,,,,,,,,,,,,,,"{""state"":""disconnected"",""transport"":{""pcState"":""new"",""signalWs"":null,""available"":true,""roomState"":""disconnected"",""hasPcManager"":false,""publisherIce"":null,""subscriberIce"":null,""verifyTransport"":false,""pcTransportState"":null,""publisherPromiseSet"":false,""publisherIceConnected"":null}}"
2026-09-05T18:57:08.8054+00:00,2026-09-05T18:57:03.212+00:00,live_audio_effect_entered,,a,show-5b0cddtl,,,,,,,,,,,,,,,,,,,,,,,,,,,,,,,,,,"{""run"":1,""roomChanged"":false}"
2026-09-05T18:57:08.8054+00:00,2026-09-05T18:57:03.212+00:00,audio_graph_reused,,a,show-5b0cddtl,,,,,,,,,,,,,,,,,,,,,,,,,,,,,already_live,,,,,
2026-09-05T18:57:08.8054+00:00,2026-09-05T18:57:03.23+00:00,audio_publish_attempt,,a,show-5b0cddtl,,,,,,,,,,,,,,,,,,,,,,,,,,,,,,,,,,
2026-09-05T18:57:08.8054+00:00,2026-09-05T18:57:03.277+00:00,room_connection_state_changed,,a,show-5b0cddtl,,,,,,,,,,,,,,,,,,,,,,,,,,,,,,,,,,"{""state"":""connecting""}"
2026-09-05T18:57:08.8054+00:00,2026-09-05T18:57:03.355+00:00,mic_state_publish_failed,,a,show-5b0cddtl,,,,,,,,,,,,,,,,,,,,,,,,,,,,,,,,,,"{""error"":""PC manager is closed"",""micOn"":true}"
2026-09-05T18:57:08.8054+00:00,2026-09-05T18:57:03.416+00:00,wake_lock_acquired,,a,show-5b0cddtl,,,,,,,,,,,,,,,,,,,,,,,,,,,,,,,,,live:a,
2026-09-05T18:57:08.8054+00:00,2026-09-05T18:57:03.504+00:00,deck_loop_ab_started,,a,show-5b0cddtl,,,,,,,,,,,,,,,,,,,,,,,,,,,,,,,,,,"{""phaseMs"":60000}"
2026-09-05T18:57:08.8054+00:00,2026-09-05T18:57:03.582+00:00,signal_connected,,a,show-5b0cddtl,,,,,,,,,,,,,,,,,,,,,,,,,,,,,,,,,,"{""transport"":{""pcState"":""new"",""signalWs"":""open"",""available"":true,""roomState"":""connecting"",""hasPcManager"":true,""publisherIce"":""new"",""subscriberIce"":null,""verifyTransport"":false,""pcTransportState"":0,""publisherPromiseSet"":true,""publisherIceConnected"":false},""occurrence"":1}"
2026-09-05T18:57:08.8054+00:00,2026-09-05T18:57:03.603+00:00,audio_publish_failure,,a,show-5b0cddtl,,,,,,,,,,,,,,,,,,,,,,,,,,,,,,,,,,"{""error"":""a track with the same ID has already been published"",""durationMs"":374}"
2026-09-05T18:57:08.8054+00:00,2026-09-05T18:57:03.677+00:00,window_blur,,a,show-5b0cddtl,,,,,,,,,,,,,,,,,,,,,,,,,,,,,,,,,,
2026-09-05T18:57:08.8054+00:00,2026-09-05T18:57:03.762+00:00,pub_track_published,,a,show-5b0cddtl,,,,,,,,,,,,,,,,,,,,,,,,,,,,,,,microphone,TR_AMfriN5qMzQt8p,,
2026-09-05T18:57:08.8054+00:00,2026-09-05T18:57:03.762+00:00,track_local_published,,a,show-5b0cddtl,,,,,,,,,,,,,,,,,,,,,,,,,,,,,,,microphone,,,"{""kind"":""audio"",""trackSid"":""TR_AMfriN5qMzQt8p"",""participantIdentity"":""contestant-a-181e1bc6""}"
2026-09-05T18:57:08.8054+00:00,2026-09-05T18:57:03.763+00:00,ensure_audio_published,,a,show-5b0cddtl,,,,,,,,,,,,,,,,,,,,,,,,,,,,,,,,,,"{""action"":""republished"",""trigger"":""signal_connected""}"
2026-09-05T18:57:08.8054+00:00,2026-09-05T18:57:03.784+00:00,session_state_subscribed,,a,show-5b0cddtl,,,,,,,,,,,,,,,,,,,,,,,,,,,,,,,,,,"{""showId"":""19bd3ac4-2dad-4862-9b09-1faedcfcfef1""}"
2026-09-05T18:57:08.8054+00:00,2026-09-05T18:57:03.936+00:00,room_connection_state_changed,,a,show-5b0cddtl,,,,,,,,,,,,,,,,,,,,,,,,,,,,,,,,,,"{""state"":""connected""}"
2026-09-05T18:57:08.8054+00:00,2026-09-05T18:57:03.936+00:00,room_connected,,a,show-5b0cddtl,,,,,,,,,,,,,,,,,,,,,,,,,,,,,,,,,,"{""state"":""connected"",""transport"":{""pcState"":""connected"",""signalWs"":""open"",""available"":true,""roomState"":""connected"",""hasPcManager"":true,""publisherIce"":""connected"",""subscriberIce"":null,""verifyTransport"":true,""pcTransportState"":2,""publisherPromiseSet"":true,""publisherIceConnected"":true}}"
2026-09-05T18:57:11.766036+00:00,2026-09-05T18:57:06.929+00:00,track_local_published,,a,show-5b0cddtl,,,,,,,,,,,,,,,,,,,,,,,,,,,,,,,camera,,,"{""kind"":""video"",""trackSid"":""TR_VCVHDZ7Vpd6mnr"",""participantIdentity"":""contestant-a-181e1bc6""}"
2026-09-05T18:57:11.766036+00:00,2026-09-05T18:57:06.929+00:00,pub_track_published,,a,show-5b0cddtl,,,,,,,,,,,,,,,,,,,,,,,,,,,,,,,camera,TR_VCVHDZ7Vpd6mnr,,
2026-09-05T18:57:12.637462+00:00,2026-09-05T18:57:07.2+00:00,track_liveness_snapshot,,a,show-5b0cddtl,,,,,,,,,,,,,,,,,,,,,,,,,,,,,,,,,,"{""entries"":[{""key"":""contestant-a-181e1bc6:TR_VCVHDZ7Vpd6mnr"",""frames"":null,""reason"":null,""staleSec"":0,""probation"":false}],""trackCount"":1,""ineligibleCount"":0}"
2026-09-05T18:57:12.637462+00:00,2026-09-05T18:57:07.235+00:00,pub_stats,,a,show-5b0cddtl,,1081000,375000,,,,13,13.114754098360656,,bandwidth,h,,3,576,360,,,"SimulcastEncoderAdapter (libvpx, libvpx)",1,0,0,0,,,0.031,0,,,,,,,live:a,"{""qualityLimitationDurations"":{""cpu"":0,""none"":0.127,""other"":0,""bandwidth"":0.203}}"
2026-09-05T18:57:13.661588+00:00,2026-09-05T18:57:08.496+00:00,mic_level_sample,,a,show-5b0cddtl,,,,,,,,,,,,,,,,,,,,,,,,,,,,,,,,,,"{""deviceId"":""default"",""inputRms"":0.0005297469831812647,""outputRms"":0.0005297469831812647,""deviceLabel"":""Default"",""audioContextState"":""running""}"
2026-09-05T18:57:13.661588+00:00,2026-09-05T18:57:08.632+00:00,pub_connection_quality,,a,show-5b0cddtl,,,,,,,,,,,,,,,,,,,,,,,,,,,,,,excellent,,,,
2026-09-05T18:57:14.664522+00:00,2026-09-05T18:57:09.209+00:00,pub_quality_limitation_changed,,a,show-5b0cddtl,,,,,,,,,46.63,,,,,,,,,,,,,,,,,,bandwidth,none,,,,,,"{""durations"":{""cpu"":0,""none"":0.943,""other"":0,""bandwidth"":1.363}}"
2026-09-05T18:57:14.664522+00:00,2026-09-05T18:57:09.209+00:00,pub_stats,,a,show-5b0cddtl,572004,1146711,280833,27,27,0,19,22,46.63,none,h,f+h+q,3,203,360,608,1080,"SimulcastEncoderAdapter (libvpx, libvpx, libvpx)",4,0,0,0,0,0.054944,0.034,0,,,,,,,live:a,"{""qualityLimitationDurations"":{""cpu"":0,""none"":0.943,""other"":0,""bandwidth"":1.363}}"
2026-09-05T18:57:14.664522+00:00,2026-09-05T18:57:09.239+00:00,window_focus,,a,show-5b0cddtl,,,,,,,,,,,,,,,,,,,,,,,,,,,,,,,,,,
2026-09-05T18:57:16.66398+00:00,2026-09-05T18:57:11.217+00:00,pub_stats,,a,show-5b0cddtl,443296,1348780,303452,25,25,0,18,24,39.84,none,h,f+h+q,3,203,360,608,1080,"SimulcastEncoderAdapter (libvpx, libvpx, libvpx)",4,0,0,0,0,0.031522,0.027,0,,,,,,,live:a,"{""qualityLimitationDurations"":{""cpu"":0,""none"":2.944,""other"":0,""bandwidth"":1.363}}"
2026-09-05T18:57:17.629605+00:00,2026-09-05T18:57:12.199+00:00,track_liveness_snapshot,,a,show-5b0cddtl,,,,,,,,,,,,,,,,,,,,,,,,,,,,,,,,,,"{""entries"":[{""key"":""contestant-a-181e1bc6:TR_VCVHDZ7Vpd6mnr"",""frames"":null,""reason"":null,""staleSec"":5,""probation"":false}],""trackCount"":1,""ineligibleCount"":0}"
2026-09-05T18:57:19.364191+00:00,2026-09-05T18:57:13.206+00:00,pub_stats,,a,show-5b0cddtl,646424,1568514,823701,31,31,0,23,22,177.71,none,f,f+h+q,3,608,1080,608,1080,"SimulcastEncoderAdapter (libvpx, libvpx, libvpx)",2,0,1,0,0,0.021766,0.027,0,,,,,,,live:a,"{""qualityLimitationDurations"":{""cpu"":0,""none"":4.942,""other"":0,""bandwidth"":1.363}}"
2026-09-05T18:57:19.364191+00:00,2026-09-05T18:57:13.23+00:00,director_heartbeat,,a,show-5b0cddtl,,,,,,,,,,,,,,,,,,,,,,,,,,,,,,,,,,"{""state"":""off""}"
2026-09-05T18:57:19.364191+00:00,2026-09-05T18:57:13.489+00:00,mic_level_sample,,a,show-5b0cddtl,,,,,,,,,,,,,,,,,,,,,,,,,,,,,,,,,,"{""deviceId"":""default"",""inputRms"":0.0008073369903605161,""outputRms"":0.0008073369903605161,""deviceLabel"":""Default"",""audioContextState"":""running""}"
2026-09-05T18:57:20.64377+00:00,2026-09-05T18:57:15.209+00:00,pub_stats,,a,show-5b0cddtl,843307,1823018,1090782,41,41,0,23,24,73.49,none,f,f+h+q,3,608,1080,608,1080,"SimulcastEncoderAdapter (libvpx, libvpx, libvpx)",2,0,1,0,0,0.014254999999999999,0.027,0,,,,,,,live:a,"{""qualityLimitationDurations"":{""cpu"":0,""none"":6.941,""other"":0,""bandwidth"":1.363}}"
2026-09-05T18:57:22.705925+00:00,2026-09-05T18:57:17.204+00:00,pub_stats,,a,show-5b0cddtl,1168790,2147737,1364091,45,45,0,24,24,69.58,none,f,f+h+q,3,608,1080,608,1080,"SimulcastEncoderAdapter (libvpx, libvpx, libvpx)",2,0,1,0,0,0.0087,0.026,0,,,,,,,live:a,"{""qualityLimitationDurations"":{""cpu"":0,""none"":8.94,""other"":0,""bandwidth"":1.363}}"
2026-09-05T18:57:22.705925+00:00,2026-09-05T18:57:17.696+00:00,track_liveness_snapshot,,a,show-5b0cddtl,,,,,,,,,,,,,,,,,,,,,,,,,,,,,,,,,,"{""entries"":[{""key"":""contestant-a-181e1bc6:TR_VCVHDZ7Vpd6mnr"",""frames"":null,""reason"":null,""staleSec"":10,""probation"":false}],""trackCount"":1,""ineligibleCount"":0}"
2026-09-05T18:57:24.469451+00:00,2026-09-05T18:57:18.492+00:00,mic_level_sample,,a,show-5b0cddtl,,,,,,,,,,,,,,,,,,,,,,,,,,,,,,,,,,"{""deviceId"":""default"",""inputRms"":0.00020176917961066258,""outputRms"":0.00020176917961066258,""deviceLabel"":""Default"",""audioContextState"":""running""}"
2026-09-05T18:57:24.643402+00:00,2026-09-05T18:57:19.208+00:00,pub_stats,,a,show-5b0cddtl,1626579,2454902,1598555,51,51,0,26,27,59.37,none,f,f+h+q,3,608,1080,608,1080,"SimulcastEncoderAdapter (libvpx, libvpx, libvpx)",2,0,1,0,0,0.013465999999999999,0.027,0,,,,,,,live:a,"{""qualityLimitationDurations"":{""cpu"":0,""none"":10.942,""other"":0,""bandwidth"":1.363}}"
2026-09-05T18:57:26.631559+00:00,2026-09-05T18:57:21.202+00:00,pub_stats,,a,show-5b0cddtl,1715069,2863400,1937415,52,52,0,24,24,52.5,none,f,f+h+q,3,608,1080,608,1080,"SimulcastEncoderAdapter (libvpx, libvpx, libvpx)",2,0,1,0,0,0.0067659999999999994,0.027,0,,,,,,,live:a,"{""qualityLimitationDurations"":{""cpu"":0,""none"":12.94,""other"":0,""bandwidth"":1.363}}"
2026-09-05T18:57:27.624073+00:00,2026-09-05T18:57:22.696+00:00,track_liveness_snapshot,,a,show-5b0cddtl,,,,,,,,,,,,,,,,,,,,,,,,,,,,,,,,,,"{""entries"":[{""key"":""contestant-a-181e1bc6:TR_VCVHDZ7Vpd6mnr"",""frames"":null,""reason"":null,""staleSec"":15,""probation"":false}],""trackCount"":1,""ineligibleCount"":0}"
2026-09-05T18:57:28.986145+00:00,2026-09-05T18:57:23.204+00:00,pub_stats,,a,show-5b0cddtl,2001047,3329452,2461122,47,47,0,23,24,54.64,none,f,f+h+q,3,608,1080,608,1080,"SimulcastEncoderAdapter (libvpx, libvpx, libvpx)",2,0,1,0,0,0.009211,0.027,0,,,,,,,live:a,"{""qualityLimitationDurations"":{""cpu"":0,""none"":14.94,""other"":0,""bandwidth"":1.363}}"
2026-09-05T18:57:28.986145+00:00,2026-09-05T18:57:23.229+00:00,director_heartbeat,,a,show-5b0cddtl,,,,,,,,,,,,,,,,,,,,,,,,,,,,,,,,,,"{""state"":""off""}"
2026-09-05T18:57:28.986145+00:00,2026-09-05T18:57:23.49+00:00,mic_level_sample,,a,show-5b0cddtl,,,,,,,,,,,,,,,,,,,,,,,,,,,,,,,,,,"{""deviceId"":""default"",""inputRms"":0.00020242172636422692,""outputRms"":0.00020242172636422692,""deviceLabel"":""Default"",""audioContextState"":""running""}"
2026-09-05T18:57:28.986145+00:00,2026-09-05T18:57:23.49+00:00,mic_silent,,a,show-5b0cddtl,,,,,,,,,,,,,,,,,,,,,,,,,,,,,,,,,,"{""inputRms"":0.00020242172636422692,""outputRms"":0.00020242172636422692,""silentSinceMs"":1788634628496,""audioContextState"":""running""}"
2026-09-05T18:57:30.642161+00:00,2026-09-05T18:57:25.201+00:00,pub_stats,,a,show-5b0cddtl,2679283,3880103,2961495,52,52,0,25,25,50.42,none,f,f+h+q,3,608,1080,608,1080,"SimulcastEncoderAdapter (libvpx, libvpx, libvpx)",2,0,1,0,0,0.0095,0.03,0,,,,,,,live:a,"{""qualityLimitationDurations"":{""cpu"":0,""none"":16.939,""other"":0,""bandwidth"":1.363}}"
2026-09-05T18:57:31.72829+00:00,2026-09-05T18:57:26.223+00:00,wake_lock_released_by_system,,a,show-5b0cddtl,,,,,,,,,,,,,,,,,,,,,,,,,,,,,,,,,live:a,
2026-09-05T18:57:31.72829+00:00,2026-09-05T18:57:26.223+00:00,wake_lock_released,,a,show-5b0cddtl,,,,,,,,,,,,,,,,,,,,,,,,,,,,,,,,,live:a,"{""cause"":""role_ended""}"
2026-09-05T18:57:31.72829+00:00,2026-09-05T18:57:26.239+00:00,director_loop_stopped,,a,show-5b0cddtl,,,,,,,,,,,,,,,,,,,,,,,,,,,,,unmount,,,,,
2026-09-05T18:57:31.72829+00:00,2026-09-05T18:57:26.246+00:00,backing_deck_raf,,a,show-5b0cddtl,,,,,,,,,,,,,,,,,,,,,,,,,,,,,teardown,,,,,"{""elapsedMs"":22758,""idleFrames"":1218,""hasDuration"":false,""activeFrames"":0,""changedLabel"":0,""changedWidth"":0,""playingFrames"":0}"
2026-09-05T18:57:31.72829+00:00,2026-09-05T18:57:26.452+00:00,deck_loop_ab_started,,a,show-5b0cddtl,,,,,,,,,,,,,,,,,,,,,,,,,,,,,,,,,,"{""phaseMs"":60000}"
2026-09-05T18:57:49.468273+00:00,2026-09-05T18:57:43.882+00:00,deck_loop_ab_started,be2c67fb-7f6c-4390-a234-a2dd4d24c102,kit-check,show-5b0cddtl,,,,,,,,,,,,,,,,,,,,,,,,,,,,,,,,,,"{""phaseMs"":60000}"
2026-09-05T18:58:01.831797+00:00,2026-09-05T18:57:56.42+00:00,backing_deck_raf,be2c67fb-7f6c-4390-a234-a2dd4d24c102,kit-check,show-5b0cddtl,,,,,,,,,,,,,,,,,,,,,,,,,,,,,interval,,,,,"{""elapsedMs"":30010,""idleFrames"":1808,""hasDuration"":false,""activeFrames"":0,""changedLabel"":0,""changedWidth"":0,""playingFrames"":0}"
2026-09-05T18:58:06.703213+00:00,2026-09-05T18:58:01.413+00:00,backing_deck_raf,be2c67fb-7f6c-4390-a234-a2dd4d24c102,kit-check,show-5b0cddtl,,,,,,,,,,,,,,,,,,,,,,,,,,,,,teardown,,,,,"{""elapsedMs"":4993,""idleFrames"":299,""hasDuration"":false,""activeFrames"":0,""changedLabel"":0,""changedWidth"":0,""playingFrames"":0}"
2026-09-05T18:58:08.618604+00:00,2026-09-05T18:58:03.803+00:00,performance_mode_resolved,be2c67fb-7f6c-4390-a234-a2dd4d24c102,kit-check,show-5b0cddtl,,,,,,,,,,,,,,,,,,,,,,,,,,,,,,,,,,"{""path"":""join_show"",""role"":""a"",""value"":""solo"",""showLoaded"":true,""fromShowRow"":""solo"",""fromResponse"":""solo""}"
2026-09-05T18:58:08.618604+00:00,2026-09-05T18:58:03.865+00:00,room_state_at_mount,,a,show-5b0cddtl,,,,,,,,,,,,,,,,,,,,,,,,,,,,,,,,,,"{""state"":""disconnected"",""transport"":{""pcState"":""new"",""signalWs"":null,""available"":true,""roomState"":""disconnected"",""hasPcManager"":false,""publisherIce"":null,""subscriberIce"":null,""verifyTransport"":false,""pcTransportState"":null,""publisherPromiseSet"":false,""publisherIceConnected"":null}}"
2026-09-05T18:58:08.618604+00:00,2026-09-05T18:58:03.865+00:00,track_liveness_snapshot,be2c67fb-7f6c-4390-a234-a2dd4d24c102,kit-check,show-5b0cddtl,,,,,,,,,,,,,,,,,,,,,,,,,,,,,,,,,,"{""entries"":[],""trackCount"":0,""ineligibleCount"":0}"
2026-09-05T18:58:08.618604+00:00,2026-09-05T18:58:03.866+00:00,live_audio_effect_entered,,a,show-5b0cddtl,,,,,,,,,,,,,,,,,,,,,,,,,,,,,,,,,,"{""run"":1,""roomChanged"":false}"
2026-09-05T18:58:08.618604+00:00,2026-09-05T18:58:03.866+00:00,audio_graph_reused,,a,show-5b0cddtl,,,,,,,,,,,,,,,,,,,,,,,,,,,,,already_live,,,,,
2026-09-05T18:58:08.618604+00:00,2026-09-05T18:58:03.869+00:00,audio_publish_attempt,,a,show-5b0cddtl,,,,,,,,,,,,,,,,,,,,,,,,,,,,,,,,,,
2026-09-05T18:58:08.618604+00:00,2026-09-05T18:58:03.877+00:00,room_connection_state_changed,,a,show-5b0cddtl,,,,,,,,,,,,,,,,,,,,,,,,,,,,,,,,,,"{""state"":""connecting""}"
2026-09-05T18:58:08.618604+00:00,2026-09-05T18:58:03.891+00:00,mic_state_publish_failed,,a,show-5b0cddtl,,,,,,,,,,,,,,,,,,,,,,,,,,,,,,,,,,"{""error"":""PC manager is closed"",""micOn"":true}"
2026-09-05T18:58:08.618604+00:00,2026-09-05T18:58:03.94+00:00,wake_lock_acquired,,a,show-5b0cddtl,,,,,,,,,,,,,,,,,,,,,,,,,,,,,,,,,live:a,
2026-09-05T18:58:08.618604+00:00,2026-09-05T18:58:03.941+00:00,session_state_subscribed,,a,show-5b0cddtl,,,,,,,,,,,,,,,,,,,,,,,,,,,,,,,,,,"{""showId"":""19bd3ac4-2dad-4862-9b09-1faedcfcfef1""}"
2026-09-05T18:58:08.618604+00:00,2026-09-05T18:58:03.982+00:00,deck_loop_ab_started,,a,show-5b0cddtl,,,,,,,,,,,,,,,,,,,,,,,,,,,,,,,,,,"{""phaseMs"":60000}"
2026-09-05T18:58:09.685293+00:00,2026-09-05T18:58:04.058+00:00,signal_connected,,a,show-5b0cddtl,,,,,,,,,,,,,,,,,,,,,,,,,,,,,,,,,,"{""transport"":{""pcState"":""new"",""signalWs"":""open"",""available"":true,""roomState"":""connecting"",""hasPcManager"":true,""publisherIce"":""new"",""subscriberIce"":null,""verifyTransport"":false,""pcTransportState"":0,""publisherPromiseSet"":true,""publisherIceConnected"":false},""occurrence"":1}"
2026-09-05T18:58:09.685293+00:00,2026-09-05T18:58:04.227+00:00,audio_host_replaced,,a,show-5b0cddtl,,,,,,,,,,,,,,,,,,,,,,,,,,,,,,,,,,"{""hadContext"":true}"
2026-09-05T18:58:09.685293+00:00,2026-09-05T18:58:04.228+00:00,audio_host_adopted,,a,show-5b0cddtl,,,,,,,,,,,,,,,,,,,,,,,,,,,,,,,,,,"{""sampleRate"":48000}"
2026-09-05T18:58:09.685293+00:00,2026-09-05T18:58:04.228+00:00,audio_host_released,,a,show-5b0cddtl,,,,,,,,,,,,,,,,,,,,,,,,,,,,,replaced,,,,,
2026-09-05T18:58:09.685293+00:00,2026-09-05T18:58:04.235+00:00,audiocontext_statechange,,a,show-5b0cddtl,,,,,,,,,,,,,,,,,,,,,,,,,,,,,,,,,,"{""state"":""running""}"
2026-09-05T18:58:09.685293+00:00,2026-09-05T18:58:04.241+00:00,audiocontext_statechange,,a,show-5b0cddtl,,,,,,,,,,,,,,,,,,,,,,,,,,,,,,,,,,"{""state"":""running""}"
2026-09-05T18:58:09.685293+00:00,2026-09-05T18:58:04.254+00:00,pub_track_published,,a,show-5b0cddtl,,,,,,,,,,,,,,,,,,,,,,,,,,,,,,,microphone,TR_AMFCvBPwywKDUQ,,
2026-09-05T18:58:09.685293+00:00,2026-09-05T18:58:04.255+00:00,track_local_published,,a,show-5b0cddtl,,,,,,,,,,,,,,,,,,,,,,,,,,,,,,,microphone,,,"{""kind"":""audio"",""trackSid"":""TR_AMFCvBPwywKDUQ"",""participantIdentity"":""contestant-a-80080d04""}"
2026-09-05T18:58:09.685293+00:00,2026-09-05T18:58:04.255+00:00,audio_publish_success,,a,show-5b0cddtl,,,,,,,,,,,,,,,,,,,,,,,,,,,,,,,,,,"{""durationMs"":386}"
2026-09-05T18:58:09.685293+00:00,2026-09-05T18:58:04.297+00:00,room_connected,,a,show-5b0cddtl,,,,,,,,,,,,,,,,,,,,,,,,,,,,,,,,,,"{""state"":""connected"",""transport"":{""pcState"":""connected"",""signalWs"":""open"",""available"":true,""roomState"":""connected"",""hasPcManager"":true,""publisherIce"":""connected"",""subscriberIce"":null,""verifyTransport"":true,""pcTransportState"":2,""publisherPromiseSet"":true,""publisherIceConnected"":true}}"
2026-09-05T18:58:09.685293+00:00,2026-09-05T18:58:04.297+00:00,room_connection_state_changed,,a,show-5b0cddtl,,,,,,,,,,,,,,,,,,,,,,,,,,,,,,,,,,"{""state"":""connected""}"
2026-09-05T18:58:09.685293+00:00,2026-09-05T18:58:04.302+00:00,start_preflight_begin,,a,show-5b0cddtl,,,,,,,,,,,,,,,,,,,,,,,,,,,,,,,,,,"{""waited"":false,""timedOut"":false,""transport"":{""pcState"":""connected"",""signalWs"":""open"",""available"":true,""roomState"":""connected"",""hasPcManager"":true,""publisherIce"":""connected"",""subscriberIce"":null,""verifyTransport"":true,""pcTransportState"":2,""publisherPromiseSet"":true,""publisherIceConnected"":true}}"
2026-09-05T18:58:09.685293+00:00,2026-09-05T18:58:04.303+00:00,start_preflight_probe_failed,,a,show-5b0cddtl,,,,,,,,,,,,,,,,,,,,,,,,,,,,,,,,,,"{""error"":""PC manager is closed"",""transport"":{""pcState"":""connected"",""signalWs"":""open"",""available"":true,""roomState"":""connected"",""hasPcManager"":true,""publisherIce"":""connected"",""subscriberIce"":null,""verifyTransport"":true,""pcTransportState"":2,""publisherPromiseSet"":true,""publisherIceConnected"":true}}"
2026-09-05T18:58:09.685293+00:00,2026-09-05T18:58:04.303+00:00,health_probe_publish_failure,,a,show-5b0cddtl,,,,,,,,,,,,,,,,,,,,,,,,,,,,,,,,,,"{""error"":""PC manager is closed"",""transport"":{""pcState"":""connected"",""signalWs"":""open"",""available"":true,""roomState"":""connected"",""hasPcManager"":true,""publisherIce"":""connected"",""subscriberIce"":null,""verifyTransport"":true,""pcTransportState"":2,""publisherPromiseSet"":true,""publisherIceConnected"":true},""connectionState"":""connected""}"
2026-09-05T18:58:09.685293+00:00,2026-09-05T18:58:04.304+00:00,publish_recovery_attempt,,a,show-5b0cddtl,,,,,,,,,,,,,,,,,,,,,,,,,,,,,,,,,,"{""trigger"":""preflight"",""connectionState"":""connected""}"
2026-09-05T18:58:09.685293+00:00,2026-09-05T18:58:04.315+00:00,pub_track_published,,a,show-5b0cddtl,,,,,,,,,,,,,,,,,,,,,,,,,,,,,,,microphone,TR_AMyt6rde5ypK5N,,
2026-09-05T18:58:09.685293+00:00,2026-09-05T18:58:04.315+00:00,track_local_published,,a,show-5b0cddtl,,,,,,,,,,,,,,,,,,,,,,,,,,,,,,,microphone,,,"{""kind"":""audio"",""trackSid"":""TR_AMyt6rde5ypK5N"",""participantIdentity"":""contestant-a-80080d04""}"
2026-09-05T18:58:09.685293+00:00,2026-09-05T18:58:04.316+00:00,ensure_audio_published,,a,show-5b0cddtl,,,,,,,,,,,,,,,,,,,,,,,,,,,,,,,,,,"{""action"":""track_ended_recreated"",""trigger"":""signal_connected""}"
2026-09-05T18:58:09.685293+00:00,2026-09-05T18:58:04.332+00:00,pub_track_unpublished,,a,show-5b0cddtl,,,,,,,,,,,,,,,,,,,,,,,,,,,,,,,microphone,TR_AMFCvBPwywKDUQ,,
2026-09-05T18:58:09.685293+00:00,2026-09-05T18:58:04.332+00:00,track_local_unpublished,,a,show-5b0cddtl,,,,,,,,,,,,,,,,,,,,,,,,,,,,,,,microphone,,,"{""kind"":""audio"",""trackSid"":""TR_AMFCvBPwywKDUQ"",""participantIdentity"":""contestant-a-80080d04""}"
2026-09-05T18:58:09.685293+00:00,2026-09-05T18:58:04.333+00:00,track_local_unpublished,,a,show-5b0cddtl,,,,,,,,,,,,,,,,,,,,,,,,,,,,,,,microphone,,,"{""kind"":""audio"",""trackSid"":""TR_AMyt6rde5ypK5N"",""participantIdentity"":""contestant-a-80080d04""}"
2026-09-05T18:58:09.685293+00:00,2026-09-05T18:58:04.333+00:00,pub_track_unpublished,,a,show-5b0cddtl,,,,,,,,,,,,,,,,,,,,,,,,,,,,,,,microphone,TR_AMyt6rde5ypK5N,,
2026-09-05T18:58:09.685293+00:00,2026-09-05T18:58:04.343+00:00,room_connection_state_changed,,a,show-5b0cddtl,,,,,,,,,,,,,,,,,,,,,,,,,,,,,,,,,,"{""state"":""disconnected""}"
2026-09-05T18:58:09.685293+00:00,2026-09-05T18:58:04.343+00:00,room_disconnected,,a,show-5b0cddtl,,,,,,,,,,,,,,,,,,,,,,,,,,,,,1,,,,,"{""state"":""disconnected"",""transport"":{""pcState"":""connected"",""signalWs"":null,""available"":true,""roomState"":""disconnected"",""hasPcManager"":false,""publisherIce"":null,""subscriberIce"":null,""verifyTransport"":false,""pcTransportState"":null,""publisherPromiseSet"":false,""publisherIceConnected"":null}}"
2026-09-05T18:58:09.685293+00:00,2026-09-05T18:58:04.35+00:00,room_connection_state_changed,,a,show-5b0cddtl,,,,,,,,,,,,,,,,,,,,,,,,,,,,,,,,,,"{""state"":""connecting""}"
2026-09-05T18:58:09.685293+00:00,2026-09-05T18:58:04.535+00:00,signal_connected,,a,show-5b0cddtl,,,,,,,,,,,,,,,,,,,,,,,,,,,,,,,,,,"{""transport"":{""pcState"":""new"",""signalWs"":""open"",""available"":true,""roomState"":""connecting"",""hasPcManager"":true,""publisherIce"":""new"",""subscriberIce"":null,""verifyTransport"":false,""pcTransportState"":0,""publisherPromiseSet"":false,""publisherIceConnected"":false},""occurrence"":2}"
2026-09-05T18:58:09.685293+00:00,2026-09-05T18:58:04.68+00:00,audio_host_replaced,,a,show-5b0cddtl,,,,,,,,,,,,,,,,,,,,,,,,,,,,,,,,,,"{""hadContext"":true}"
2026-09-05T18:58:09.685293+00:00,2026-09-05T18:58:04.681+00:00,audio_host_adopted,,a,show-5b0cddtl,,,,,,,,,,,,,,,,,,,,,,,,,,,,,,,,,,"{""sampleRate"":48000}"
2026-09-05T18:58:09.685293+00:00,2026-09-05T18:58:04.681+00:00,audio_host_released,,a,show-5b0cddtl,,,,,,,,,,,,,,,,,,,,,,,,,,,,,replaced,,,,,
2026-09-05T18:58:09.685293+00:00,2026-09-05T18:58:04.706+00:00,audiocontext_statechange,,a,show-5b0cddtl,,,,,,,,,,,,,,,,,,,,,,,,,,,,,,,,,,"{""state"":""running""}"
2026-09-05T18:58:09.685293+00:00,2026-09-05T18:58:04.707+00:00,audiocontext_statechange,,a,show-5b0cddtl,,,,,,,,,,,,,,,,,,,,,,,,,,,,,,,,,,"{""state"":""closed""}"
2026-09-05T18:58:09.685293+00:00,2026-09-05T18:58:04.771+00:00,ensure_audio_published,,a,show-5b0cddtl,,,,,,,,,,,,,,,,,,,,,,,,,,,,,,,,,,"{""action"":""skipped_in_flight"",""trigger"":""recovery_manual""}"
2026-09-05T18:58:09.685293+00:00,2026-09-05T18:58:04.771+00:00,publish_recovery_outcome,,a,show-5b0cddtl,,,,,,,,,,,,,,,,,,,,,,,,,,,,,,,,,,"{""outcome"":""reconnected"",""trigger"":""preflight"",""connectionState"":""connected""}"
2026-09-05T18:58:09.685293+00:00,2026-09-05T18:58:04.771+00:00,room_connected,,a,show-5b0cddtl,,,,,,,,,,,,,,,,,,,,,,,,,,,,,,,,,,"{""state"":""connected"",""transport"":{""pcState"":""connected"",""signalWs"":""open"",""available"":true,""roomState"":""connected"",""hasPcManager"":true,""publisherIce"":""connected"",""subscriberIce"":null,""verifyTransport"":true,""pcTransportState"":2,""publisherPromiseSet"":false,""publisherIceConnected"":true}}"
2026-09-05T18:58:09.685293+00:00,2026-09-05T18:58:04.771+00:00,room_connection_state_changed,,a,show-5b0cddtl,,,,,,,,,,,,,,,,,,,,,,,,,,,,,,,,,,"{""state"":""connected""}"
2026-09-05T18:58:09.685293+00:00,2026-09-05T18:58:04.827+00:00,health_probe_publish_success,,a,show-5b0cddtl,,,,,,,,,,,,,,,,,,,,,,,,,,,,,,,,,,"{""connectionState"":""connected""}"
2026-09-05T18:58:09.685293+00:00,2026-09-05T18:58:04.827+00:00,director_loop_started,,a,show-5b0cddtl,,,,,,,,,,,,,,,,,,,,,,,,,,,,,transition,,,,,"{""preflight"":""recovered"",""transport"":{""pcState"":""connected"",""signalWs"":""open"",""available"":true,""roomState"":""connected"",""hasPcManager"":true,""publisherIce"":""connected"",""subscriberIce"":null,""verifyTransport"":true,""pcTransportState"":2,""publisherPromiseSet"":true,""publisherIceConnected"":true}}"
2026-09-05T18:58:09.685293+00:00,2026-09-05T18:58:04.827+00:00,mode_changed,,a,show-5b0cddtl,,,,,,,,,,,,,,,,,,,,,,,,,,,,,,,,,,"{""mode"":""auto""}"
2026-09-05T18:58:09.685293+00:00,2026-09-05T18:58:04.827+00:00,start_preflight_outcome,,a,show-5b0cddtl,,,,,,,,,,,,,,,,,,,,,,,,,,,,,,,,,,"{""outcome"":""recovered"",""recovered"":true,""transport"":{""pcState"":""connected"",""signalWs"":""open"",""available"":true,""roomState"":""connected"",""hasPcManager"":true,""publisherIce"":""connected"",""subscriberIce"":null,""verifyTransport"":true,""pcTransportState"":2,""publisherPromiseSet"":true,""publisherIceConnected"":true}}"
2026-09-05T18:58:09.685293+00:00,2026-09-05T18:58:04.836+00:00,pub_track_published,,a,show-5b0cddtl,,,,,,,,,,,,,,,,,,,,,,,,,,,,,,,camera,TR_VCaCfgTioZkjJZ,,
2026-09-05T18:58:09.685293+00:00,2026-09-05T18:58:04.837+00:00,track_local_published,,a,show-5b0cddtl,,,,,,,,,,,,,,,,,,,,,,,,,,,,,,,camera,,,"{""kind"":""video"",""trackSid"":""TR_VCaCfgTioZkjJZ"",""participantIdentity"":""contestant-a-80080d04""}"
2026-09-05T18:58:09.685293+00:00,2026-09-05T18:58:04.837+00:00,pub_track_published,,a,show-5b0cddtl,,,,,,,,,,,,,,,,,,,,,,,,,,,,,,,microphone,TR_AMcYnJvu4AyRM7,,
2026-09-05T18:58:09.685293+00:00,2026-09-05T18:58:04.837+00:00,track_local_published,,a,show-5b0cddtl,,,,,,,,,,,,,,,,,,,,,,,,,,,,,,,microphone,,,"{""kind"":""audio"",""trackSid"":""TR_AMcYnJvu4AyRM7"",""participantIdentity"":""contestant-a-80080d04""}"
2026-09-05T18:58:09.685293+00:00,2026-09-05T18:58:04.838+00:00,ensure_audio_published,,a,show-5b0cddtl,,,,,,,,,,,,,,,,,,,,,,,,,,,,,,,,,,"{""action"":""track_ended_recreated"",""trigger"":""signal_connected""}"
2026-09-05T18:58:09.685293+00:00,2026-09-05T18:58:04.867+00:00,track_liveness_snapshot,,a,show-5b0cddtl,,,,,,,,,,,,,,,,,,,,,,,,,,,,,,,,,,"{""entries"":[{""key"":""contestant-a-80080d04:TR_VCaCfgTioZkjJZ"",""frames"":null,""reason"":null,""staleSec"":0,""probation"":false}],""trackCount"":1,""ineligibleCount"":0}"
2026-09-05T18:58:10.643493+00:00,2026-09-05T18:58:05.432+00:00,egress_command_failed,,a,show-5b0cddtl,,,,,,,,,,,,,,,,,,,,,,,,,,,,,,,,,,"{""room"":""show-5b0cddtl"",""stage"":""refused (500)"",""action"":""start"",""detail"":""Server missing egress environment variables""}"
2026-09-05T18:58:10.643493+00:00,2026-09-05T18:58:05.831+00:00,director_shot_emitted,,a,show-5b0cddtl,,,,,,,,,,,,,,,,,,,,,,,,,,,,,,,,,,"{""shot"":""wide"",""slot"":""a"",""sourceRole"":""main"",""decisionSource"":""auto"",""targetIdentity"":""contestant-a-80080d04""}"
2026-09-05T18:58:10.643493+00:00,2026-09-05T18:58:05.832+00:00,shot_publish_success,,a,show-5b0cddtl,,,,,,,,,,,,,,,,,,,,,,,,,,,,,,,,,,"{""shot"":""wide"",""slot"":""a"",""commandId"":""ee672cb8-3ad5-4a86-9a8a-07cb88e882a2"",""decisionSource"":""auto"",""connectionState"":""connected""}"
2026-09-05T18:58:10.643493+00:00,2026-09-05T18:58:05.874+00:00,pub_stats,,a,show-5b0cddtl,,2585785,1851874,,,,32,29,,none,f,,3,608,1080,608,1080,"SimulcastEncoderAdapter (libvpx, libvpx, libvpx)",1,0,0,0,,,0.026,0,,,,,,,live:a,"{""qualityLimitationDurations"":{""cpu"":0,""none"":0.906,""other"":0,""bandwidth"":0.134}}"
2026-09-05T18:58:12.826718+00:00,2026-09-05T18:58:07.871+00:00,pub_stats,,a,show-5b0cddtl,2172238,3491478,2548992,58,58,0,28,28,40.76,none,f,f+h+q,3,608,1080,608,1080,"SimulcastEncoderAdapter (libvpx, libvpx, libvpx)",2,0,1,0,0,0.0053549999999999995,0.029,0,,,,,,,live:a,"{""qualityLimitationDurations"":{""cpu"":0,""none"":2.906,""other"":0,""bandwidth"":0.134}}"
2026-09-05T18:58:14.631853+00:00,2026-09-05T18:58:09.055+00:00,pub_connection_quality,,a,show-5b0cddtl,,,,,,,,,,,,,,,,,,,,,,,,,,,,,,excellent,,,,
2026-09-05T18:58:14.631853+00:00,2026-09-05T18:58:09.719+00:00,mic_level_sample,,a,show-5b0cddtl,,,,,,,,,,,,,,,,,,,,,,,,,,,,,,,,,,"{""deviceId"":""default"",""inputRms"":0.00019738985035698325,""outputRms"":0.00019738985035698325,""deviceLabel"":""Default"",""audioContextState"":""running""}"
2026-09-05T18:58:14.631853+00:00,2026-09-05T18:58:09.868+00:00,pub_stats,,a,show-5b0cddtl,3101949,6177600,2999410,59,59,0,30,29,46.32,none,f,f+h+q,3,608,1080,608,1080,"SimulcastEncoderAdapter (libvpx, libvpx, libvpx)",2,0,1,0,0,0.009288,0.031,0,,,,,,,live:a,"{""qualityLimitationDurations"":{""cpu"":0,""none"":4.903,""other"":0,""bandwidth"":0.134}}"
2026-09-05T18:58:15.656368+00:00,2026-09-05T18:58:10.369+00:00,track_liveness_snapshot,,a,show-5b0cddtl,,,,,,,,,,,,,,,,,,,,,,,,,,,,,,,,,,"{""entries"":[{""key"":""contestant-a-80080d04:TR_VCaCfgTioZkjJZ"",""frames"":null,""reason"":null,""staleSec"":6,""probation"":false}],""trackCount"":1,""ineligibleCount"":0}"
2026-09-05T18:58:16.818039+00:00,2026-09-05T18:58:11.871+00:00,pub_stats,,a,show-5b0cddtl,2850693,6177600,3000000,58,58,0,30,30,55,none,f,f+h+q,3,608,1080,608,1080,"SimulcastEncoderAdapter (libvpx, libvpx, libvpx)",2,0,1,0,0,0.0033109999999999997,0.028,0,,,,,,,live:a,"{""qualityLimitationDurations"":{""cpu"":0,""none"":6.904,""other"":0,""bandwidth"":0.134}}"
2026-09-05T18:58:18.719726+00:00,2026-09-05T18:58:13.869+00:00,director_heartbeat,,a,show-5b0cddtl,,,,,,,,,,,,,,,,,,,,,,,,,,,,,,,,,,"{""state"":""running""}"
2026-09-05T18:58:18.719726+00:00,2026-09-05T18:58:13.872+00:00,pub_stats,,a,show-5b0cddtl,3129043,6236593,2940148,61,61,0,31,30,57.7,none,f,f+h+q,3,608,1080,608,1080,"SimulcastEncoderAdapter (libvpx, libvpx, libvpx)",2,0,1,0,0,0.002911,0.028,0,,,,,,,live:a,"{""qualityLimitationDurations"":{""cpu"":0,""none"":8.905,""other"":0,""bandwidth"":0.134}}"
2026-09-05T18:58:19.642083+00:00,2026-09-05T18:58:14.719+00:00,mic_level_sample,,a,show-5b0cddtl,,,,,,,,,,,,,,,,,,,,,,,,,,,,,,,,,,"{""deviceId"":""default"",""inputRms"":0.0003270977785258825,""outputRms"":0.0003270977785258825,""deviceLabel"":""Default"",""audioContextState"":""running""}"
2026-09-05T18:58:20.646618+00:00,2026-09-05T18:58:15.866+00:00,track_liveness_snapshot,,a,show-5b0cddtl,,,,,,,,,,,,,,,,,,,,,,,,,,,,,,,,,,"{""entries"":[{""key"":""contestant-a-80080d04:TR_VCaCfgTioZkjJZ"",""frames"":null,""reason"":null,""staleSec"":11,""probation"":false}],""trackCount"":1,""ineligibleCount"":0}"
2026-09-05T18:58:20.646618+00:00,2026-09-05T18:58:15.876+00:00,pub_stats,,a,show-5b0cddtl,2897457,6236593,3000000,60,60,0,30,30,54.4,none,f,f+h+q,3,608,1080,608,1080,"SimulcastEncoderAdapter (libvpx, libvpx, libvpx)",2,0,1,0,0,0.003055,0.031,0,,,,,,,live:a,"{""qualityLimitationDurations"":{""cpu"":0,""none"":10.907,""other"":0,""bandwidth"":0.134}}"
2026-09-05T18:58:22.73314+00:00,2026-09-05T18:58:17.874+00:00,pub_stats,,a,show-5b0cddtl,3142042,6500171,2896690,60,60,0,31,29,54.52,none,f,f+h+q,3,608,1080,608,1080,"SimulcastEncoderAdapter (libvpx, libvpx, libvpx)",2,0,1,0,0,0.004044,0.034,0,,,,,,,live:a,"{""qualityLimitationDurations"":{""cpu"":0,""none"":12.905,""other"":0,""bandwidth"":0.134}}"
2026-09-05T18:58:24.6362+00:00,2026-09-05T18:58:19.716+00:00,mic_level_sample,,a,show-5b0cddtl,,,,,,,,,,,,,,,,,,,,,,,,,,,,,,,,,,"{""deviceId"":""default"",""inputRms"":0.00036439594875553155,""outputRms"":0.00036439594875553155,""deviceLabel"":""Default"",""audioContextState"":""running""}"
2026-09-05T18:58:24.6362+00:00,2026-09-05T18:58:19.876+00:00,pub_stats,,a,show-5b0cddtl,2413243,6500171,3000000,49,49,0,25,26,63.73,none,f,f+h+q,3,608,1080,608,1080,"SimulcastEncoderAdapter (libvpx, libvpx, libvpx)",2,0,1,0,0,0.009188,0.033,0,,,,,,,live:a,"{""qualityLimitationDurations"":{""cpu"":0,""none"":14.906,""other"":0,""bandwidth"":0.134}}"
2026-09-05T18:58:25.651801+00:00,2026-09-05T18:58:20.867+00:00,track_liveness_snapshot,,a,show-5b0cddtl,,,,,,,,,,,,,,,,,,,,,,,,,,,,,,,,,,"{""entries"":[{""key"":""contestant-a-80080d04:TR_VCaCfgTioZkjJZ"",""frames"":null,""reason"":null,""staleSec"":16,""probation"":false}],""trackCount"":1,""ineligibleCount"":0}"
2026-09-05T18:58:26.633804+00:00,2026-09-05T18:58:21.872+00:00,pub_stats,,a,show-5b0cddtl,2634188,6500171,3000000,51,51,0,25,26,56.96,none,f,f+h+q,3,608,1080,608,1080,"SimulcastEncoderAdapter (libvpx, libvpx, libvpx)",2,0,1,0,0,0.006533,0.035,0,,,,,,,live:a,"{""qualityLimitationDurations"":{""cpu"":0,""none"":16.907,""other"":0,""bandwidth"":0.134}}"
2026-09-05T18:58:28.635348+00:00,2026-09-05T18:58:23.878+00:00,director_heartbeat,,a,show-5b0cddtl,,,,,,,,,,,,,,,,,,,,,,,,,,,,,,,,,,"{""state"":""running""}"
2026-09-05T18:58:28.635348+00:00,2026-09-05T18:58:23.881+00:00,pub_stats,,a,show-5b0cddtl,1365539,6500171,3000000,21,21,0,11,26,45.24,none,f,f+h+q,3,608,1080,608,1080,"SimulcastEncoderAdapter (libvpx, libvpx, libvpx)",2,0,1,0,0,0.014466,0.035,0,,,,,,,live:a,"{""qualityLimitationDurations"":{""cpu"":0,""none"":18.906,""other"":0,""bandwidth"":0.134}}"
2026-09-05T18:58:29.64332+00:00,2026-09-05T18:58:24.72+00:00,mic_silent,,a,show-5b0cddtl,,,,,,,,,,,,,,,,,,,,,,,,,,,,,,,,,,"{""inputRms"":0.0002249054408719433,""outputRms"":0.0002249054408719433,""silentSinceMs"":1788634689719,""audioContextState"":""running""}"
2026-09-05T18:58:29.64332+00:00,2026-09-05T18:58:24.72+00:00,mic_level_sample,,a,show-5b0cddtl,,,,,,,,,,,,,,,,,,,,,,,,,,,,,,,,,,"{""deviceId"":""default"",""inputRms"":0.0002249054408719433,""outputRms"":0.0002249054408719433,""deviceLabel"":""Default"",""audioContextState"":""running""}"
2026-09-05T18:58:30.644636+00:00,2026-09-05T18:58:25.875+00:00,pub_stats,,a,show-5b0cddtl,3408493,6552695,3000000,50,50,0,31,29,48.48,none,f,f+h+q,3,608,1080,608,1080,"SimulcastEncoderAdapter (libvpx, libvpx, libvpx)",2,0,1,0,0,0.019166,0.03,0,,,,,,,live:a,"{""qualityLimitationDurations"":{""cpu"":0,""none"":20.904,""other"":0,""bandwidth"":0.134}}"
2026-09-05T18:58:31.640874+00:00,2026-09-05T18:58:26.366+00:00,track_liveness_snapshot,,a,show-5b0cddtl,,,,,,,,,,,,,,,,,,,,,,,,,,,,,,,,,,"{""entries"":[{""key"":""contestant-a-80080d04:TR_VCaCfgTioZkjJZ"",""frames"":null,""reason"":null,""staleSec"":21,""probation"":false}],""trackCount"":1,""ineligibleCount"":0}"
2026-09-05T18:58:32.639681+00:00,2026-09-05T18:58:27.875+00:00,pub_stats,,a,show-5b0cddtl,3119296,6934625,2649973,50,50,0,25,27,52.68,none,f,f+h+q,3,608,1080,608,1080,"SimulcastEncoderAdapter (libvpx, libvpx, libvpx)",2,0,1,0,0,0.011177,0.026,0,,,,,,,live:a,"{""qualityLimitationDurations"":{""cpu"":0,""none"":22.904,""other"":0,""bandwidth"":0.134}}"
2026-09-05T18:58:35.028676+00:00,2026-09-05T18:58:29.717+00:00,mic_level_sample,,a,show-5b0cddtl,,,,,,,,,,,,,,,,,,,,,,,,,,,,,,,,,,"{""deviceId"":""default"",""inputRms"":0.0004967791947502236,""outputRms"":0.00044785748129309454,""deviceLabel"":""Default"",""audioContextState"":""running""}"
2026-09-05T18:58:35.028676+00:00,2026-09-05T18:58:29.877+00:00,pub_stats,,a,show-5b0cddtl,1918222,6934625,3000000,34,34,0,22,27,55.65,none,f,f+h+q,3,608,1080,608,1080,"SimulcastEncoderAdapter (libvpx, libvpx, libvpx)",2,0,1,0,0,0.019766,0.03,0,,,,,,,live:a,"{""qualityLimitationDurations"":{""cpu"":0,""none"":24.904,""other"":0,""bandwidth"":0.134}}"
2026-09-05T18:58:36.670012+00:00,2026-09-05T18:58:31.368+00:00,track_liveness_snapshot,,a,show-5b0cddtl,,,,,,,,,,,,,,,,,,,,,,,,,,,,,,,,,,"{""entries"":[{""key"":""contestant-a-80080d04:TR_VCaCfgTioZkjJZ"",""frames"":null,""reason"":null,""staleSec"":27,""probation"":false}],""trackCount"":1,""ineligibleCount"":0}"
2026-09-05T18:58:36.670012+00:00,2026-09-05T18:58:31.894+00:00,pub_stats,,a,show-5b0cddtl,2349001,6934625,3000000,40,40,0,22,25,55.08,none,f,f+h+q,3,608,1080,608,1080,"SimulcastEncoderAdapter (libvpx, libvpx, libvpx)",2,0,1,0,0,0.018577,0.03,0,,,,,,,live:a,"{""qualityLimitationDurations"":{""cpu"":0,""none"":26.911,""other"":0,""bandwidth"":0.134}}"
2026-09-05T18:58:38.676592+00:00,2026-09-05T18:58:33.869+00:00,director_heartbeat,,a,show-5b0cddtl,,,,,,,,,,,,,,,,,,,,,,,,,,,,,,,,,,"{""state"":""running""}"
2026-09-05T18:58:38.676592+00:00,2026-09-05T18:58:33.894+00:00,pub_stats,,a,show-5b0cddtl,2131402,6934625,3000000,30,30,0,19,19,48.3,none,f,f+h+q,3,608,1080,608,1080,"SimulcastEncoderAdapter (libvpx, libvpx, libvpx)",2,0,1,0,0,0.019433,0.033,0,,,,,,,live:a,"{""qualityLimitationDurations"":{""cpu"":0,""none"":28.906,""other"":0,""bandwidth"":0.134}}"
2026-09-05T18:58:38.676592+00:00,2026-09-05T18:58:33.986+00:00,backing_deck_raf,,a,show-5b0cddtl,,,,,,,,,,,,,,,,,,,,,,,,,,,,,interval,,,,,"{""elapsedMs"":30011,""idleFrames"":1597,""hasDuration"":false,""activeFrames"":0,""changedLabel"":0,""changedWidth"":0,""playingFrames"":0}"
2026-09-05T18:58:39.841402+00:00,2026-09-05T18:58:34.722+00:00,mic_level_sample,,a,show-5b0cddtl,,,,,,,,,,,,,,,,,,,,,,,,,,,,,,,,,,"{""deviceId"":""default"",""inputRms"":0.00017139095623124937,""outputRms"":0.00017139095623124937,""deviceLabel"":""Default"",""audioContextState"":""running""}"
2026-09-05T18:58:40.629745+00:00,2026-09-05T18:58:35.869+00:00,pub_stats,,a,show-5b0cddtl,3045036,6934625,3000000,46,46,0,26,26,37.33,none,f,f+h+q,3,608,1080,608,1080,"SimulcastEncoderAdapter (libvpx, libvpx, libvpx)",2,0,1,0,0,0.009555,0.033,0,,,,,,,live:a,"{""qualityLimitationDurations"":{""cpu"":0,""none"":30.904,""other"":0,""bandwidth"":0.134}}"
2026-09-05T18:58:41.631484+00:00,2026-09-05T18:58:36.865+00:00,track_liveness_snapshot,,a,show-5b0cddtl,,,,,,,,,,,,,,,,,,,,,,,,,,,,,,,,,,"{""entries"":[{""key"":""contestant-a-80080d04:TR_VCaCfgTioZkjJZ"",""frames"":null,""reason"":null,""staleSec"":32,""probation"":false}],""trackCount"":1,""ineligibleCount"":0}"
2026-09-05T18:58:42.627494+00:00,2026-09-05T18:58:37.871+00:00,pub_stats,,a,show-5b0cddtl,3196180,6962230,2772955,48,48,0,23,24,31.81,none,f,f+h+q,3,608,1080,608,1080,"SimulcastEncoderAdapter (libvpx, libvpx, libvpx)",2,0,1,0,0,0.010355,0.046,0,,,,,,,live:a,"{""qualityLimitationDurations"":{""cpu"":0,""none"":32.906,""other"":0,""bandwidth"":0.134}}"
2026-09-05T18:58:44.903655+00:00,2026-09-05T18:58:39.717+00:00,mic_level_sample,,a,show-5b0cddtl,,,,,,,,,,,,,,,,,,,,,,,,,,,,,,,,,,"{""deviceId"":""default"",""inputRms"":0.0001565130355515222,""outputRms"":0.0001565130355515222,""deviceLabel"":""Default"",""audioContextState"":""running""}"
2026-09-05T18:58:44.903655+00:00,2026-09-05T18:58:39.885+00:00,pub_stats,,a,show-5b0cddtl,1689037,6962230,3000000,27,27,0,4,23,34.78,none,f,f+h+q,3,608,1080,608,1080,"SimulcastEncoderAdapter (libvpx, libvpx, libvpx)",2,0,1,0,0,0.010877,0.031,0,,,,,,,live:a,"{""qualityLimitationDurations"":{""cpu"":0,""none"":34.915,""other"":0,""bandwidth"":0.134}}"
2026-09-05T18:58:46.652695+00:00,2026-09-05T18:58:41.865+00:00,track_liveness_snapshot,,a,show-5b0cddtl,,,,,,,,,,,,,,,,,,,,,,,,,,,,,,,,,,"{""entries"":[{""key"":""contestant-a-80080d04:TR_VCaCfgTioZkjJZ"",""frames"":null,""reason"":null,""staleSec"":37,""probation"":false}],""trackCount"":1,""ineligibleCount"":0}"
2026-09-05T18:58:46.652695+00:00,2026-09-05T18:58:41.867+00:00,pub_stats,,a,show-5b0cddtl,2633183,6962230,3000000,43,43,0,23,23,52.49,none,f,f+h+q,3,608,1080,608,1080,"SimulcastEncoderAdapter (libvpx, libvpx, libvpx)",2,0,1,0,0,0.0149,0.031,0,,,,,,,live:a,"{""qualityLimitationDurations"":{""cpu"":0,""none"":36.903,""other"":0,""bandwidth"":0.134}}"
2026-09-05T18:58:48.696804+00:00,2026-09-05T18:58:43.868+00:00,director_heartbeat,,a,show-5b0cddtl,,,,,,,,,,,,,,,,,,,,,,,,,,,,,,,,,,"{""state"":""running""}"
2026-09-05T18:58:48.696804+00:00,2026-09-05T18:58:43.872+00:00,pub_stats,,a,show-5b0cddtl,3508800,6962230,2796295,52,52,0,29,29,49.06,none,f,f+h+q,3,608,1080,608,1080,"SimulcastEncoderAdapter (libvpx, libvpx, libvpx)",2,0,1,0,0,0.006144,0.028,0,,,,,,,live:a,"{""qualityLimitationDurations"":{""cpu"":0,""none"":38.905,""other"":0,""bandwidth"":0.134}}"
2026-09-05T18:58:50.40787+00:00,2026-09-05T18:58:44.717+00:00,mic_level_sample,,a,show-5b0cddtl,,,,,,,,,,,,,,,,,,,,,,,,,,,,,,,,,,"{""deviceId"":""default"",""inputRms"":0.000590930344250752,""outputRms"":0.000590930344250752,""deviceLabel"":""Default"",""audioContextState"":""running""}"
2026-09-05T18:58:50.651453+00:00,2026-09-05T18:58:45.87+00:00,pub_stats,,a,show-5b0cddtl,2660100,7097262,2891380,45,45,0,21,22,53.78,none,f,f+h+q,3,608,1080,608,1080,"SimulcastEncoderAdapter (libvpx, libvpx, libvpx)",2,0,1,0,0,0.015643999999999998,0.03,0,,,,,,,live:a,"{""qualityLimitationDurations"":{""cpu"":0,""none"":40.904,""other"":0,""bandwidth"":0.134}}"
2026-09-05T18:58:51.62776+00:00,2026-09-05T18:58:46.877+00:00,track_liveness_snapshot,,a,show-5b0cddtl,,,,,,,,,,,,,,,,,,,,,,,,,,,,,,,,,,"{""entries"":[{""key"":""contestant-a-80080d04:TR_VCaCfgTioZkjJZ"",""frames"":null,""reason"":null,""staleSec"":42,""probation"":false}],""trackCount"":1,""ineligibleCount"":0}"
2026-09-05T18:58:52.627711+00:00,2026-09-05T18:58:47.87+00:00,pub_stats,,a,show-5b0cddtl,2508340,7097262,3000000,43,43,0,23,24,47.84,none,f,f+h+q,3,608,1080,608,1080,"SimulcastEncoderAdapter (libvpx, libvpx, libvpx)",2,0,1,0,0,0.006055,0.027,0,,,,,,,live:a,"{""qualityLimitationDurations"":{""cpu"":0,""none"":42.905,""other"":0,""bandwidth"":0.134}}"
2026-09-05T18:58:54.927218+00:00,2026-09-05T18:58:49.718+00:00,mic_level_sample,,a,show-5b0cddtl,,,,,,,,,,,,,,,,,,,,,,,,,,,,,,,,,,"{""deviceId"":""default"",""inputRms"":0.0003855699482096592,""outputRms"":0.0003855699482096592,""deviceLabel"":""Default"",""audioContextState"":""running""}"
2026-09-05T18:58:54.927218+00:00,2026-09-05T18:58:49.872+00:00,pub_stats,,a,show-5b0cddtl,3368252,7097262,2868627,50,50,0,26,26,49.64,none,f,f+h+q,3,608,1080,608,1080,"SimulcastEncoderAdapter (libvpx, libvpx, libvpx)",2,0,1,0,0,0.004911,0.035,0,,,,,,,live:a,"{""qualityLimitationDurations"":{""cpu"":0,""none"":44.903,""other"":0,""bandwidth"":0.134}}"
2026-09-05T18:58:56.661562+00:00,2026-09-05T18:58:51.874+00:00,pub_stats,,a,show-5b0cddtl,3293195,7097262,2770878,56,56,0,28,28,43.57,none,f,f+h+q,3,608,1080,608,1080,"SimulcastEncoderAdapter (libvpx, libvpx, libvpx)",2,0,1,0,0,0.005011,0.035,0,,,,,,,live:a,"{""qualityLimitationDurations"":{""cpu"":0,""none"":46.907,""other"":0,""bandwidth"":0.134}}"
2026-09-05T18:58:57.643696+00:00,2026-09-05T18:58:52.207+00:00,director_shot_emitted,,a,show-5b0cddtl,,,,,,,,,,,,,,,,,,,,,,,,,,,,,,,,,,"{""shot"":""pan"",""slot"":""a"",""sourceRole"":""main"",""decisionSource"":""auto"",""targetIdentity"":""contestant-a-80080d04""}"
2026-09-05T18:58:57.643696+00:00,2026-09-05T18:58:52.208+00:00,shot_publish_success,,a,show-5b0cddtl,,,,,,,,,,,,,,,,,,,,,,,,,,,,,,,,,,"{""shot"":""pan"",""slot"":""a"",""commandId"":""0d3025bc-deb6-49e2-86ee-c47b10ccc755"",""decisionSource"":""auto"",""connectionState"":""connected""}"
2026-09-05T18:58:57.643696+00:00,2026-09-05T18:58:52.369+00:00,track_liveness_snapshot,,a,show-5b0cddtl,,,,,,,,,,,,,,,,,,,,,,,,,,,,,,,,,,"{""entries"":[{""key"":""contestant-a-80080d04:TR_VCaCfgTioZkjJZ"",""frames"":null,""reason"":null,""staleSec"":48,""probation"":false}],""trackCount"":1,""ineligibleCount"":0}"
2026-09-05T18:58:58.723286+00:00,2026-09-05T18:58:53.869+00:00,director_heartbeat,,a,show-5b0cddtl,,,,,,,,,,,,,,,,,,,,,,,,,,,,,,,,,,"{""state"":""running""}"
2026-09-05T18:58:58.723286+00:00,2026-09-05T18:58:53.871+00:00,pub_stats,,a,show-5b0cddtl,2966926,7097262,2944100,56,56,0,29,29,53.05,none,f,f+h+q,3,608,1080,608,1080,"SimulcastEncoderAdapter (libvpx, libvpx, libvpx)",2,0,1,0,0,0.003322,0.027,0,,,,,,,live:a,"{""qualityLimitationDurations"":{""cpu"":0,""none"":48.905,""other"":0,""bandwidth"":0.134}}"
2026-09-05T18:58:59.929381+00:00,2026-09-05T18:58:54.716+00:00,mic_level_sample,,a,show-5b0cddtl,,,,,,,,,,,,,,,,,,,,,,,,,,,,,,,,,,"{""deviceId"":""default"",""inputRms"":0.0004566835535054413,""outputRms"":0.0005519723264225452,""deviceLabel"":""Default"",""audioContextState"":""running""}"
2026-09-05T18:59:00.63246+00:00,2026-09-05T18:58:55.869+00:00,pub_stats,,a,show-5b0cddtl,2603199,7097262,3000000,48,48,0,24,25,58.69,none,f,f+h+q,3,608,1080,608,1080,"SimulcastEncoderAdapter (libvpx, libvpx, libvpx)",2,0,1,0,0,0.004744,0.028,0,,,,,,,live:a,"{""qualityLimitationDurations"":{""cpu"":0,""none"":50.903,""other"":0,""bandwidth"":0.134}}"
2026-09-05T18:59:02.641057+00:00,2026-09-05T18:58:57.867+00:00,track_liveness_snapshot,,a,show-5b0cddtl,,,,,,,,,,,,,,,,,,,,,,,,,,,,,,,,,,"{""entries"":[{""key"":""contestant-a-80080d04:TR_VCaCfgTioZkjJZ"",""frames"":null,""reason"":null,""staleSec"":53,""probation"":false}],""trackCount"":1,""ineligibleCount"":0}"
2026-09-05T18:59:02.641057+00:00,2026-09-05T18:58:57.874+00:00,pub_stats,,a,show-5b0cddtl,2436090,7097262,3000000,45,45,0,21,22,54.58,none,f,f+h+q,3,608,1080,608,1080,"SimulcastEncoderAdapter (libvpx, libvpx, libvpx)",2,0,1,0,0,0.004555,0.03,0,,,,,,,live:a,"{""qualityLimitationDurations"":{""cpu"":0,""none"":52.906,""other"":0,""bandwidth"":0.134}}"
2026-09-05T18:59:05.584881+00:00,2026-09-05T18:58:59.717+00:00,mic_level_sample,,a,show-5b0cddtl,,,,,,,,,,,,,,,,,,,,,,,,,,,,,,,,,,"{""deviceId"":""default"",""inputRms"":0.0003979873858327247,""outputRms"":0.0003979873858327247,""deviceLabel"":""Default"",""audioContextState"":""running""}"
2026-09-05T18:59:05.584881+00:00,2026-09-05T18:58:59.873+00:00,pub_stats,,a,show-5b0cddtl,3084862,7097262,3000000,48,48,0,23,24,35.46,none,f,f+h+q,3,608,1080,608,1080,"SimulcastEncoderAdapter (libvpx, libvpx, libvpx)",2,0,1,0,0,0.007666,0.03,0,,,,,,,live:a,"{""qualityLimitationDurations"":{""cpu"":0,""none"":54.904,""other"":0,""bandwidth"":0.134}}"
2026-09-05T18:59:06.730824+00:00,2026-09-05T18:59:01.87+00:00,pub_stats,,a,show-5b0cddtl,3427421,7097262,2814285,52,52,0,26,26,40.52,none,f,f+h+q,3,608,1080,608,1080,"SimulcastEncoderAdapter (libvpx, libvpx, libvpx)",2,0,1,0,0,0.007444,0.028,0,,,,,,,live:a,"{""qualityLimitationDurations"":{""cpu"":0,""none"":56.905,""other"":0,""bandwidth"":0.134}}"
2026-09-05T18:59:09.194204+00:00,2026-09-05T18:59:03.366+00:00,track_liveness_snapshot,,a,show-5b0cddtl,,,,,,,,,,,,,,,,,,,,,,,,,,,,,,,,,,"{""entries"":[{""key"":""contestant-a-80080d04:TR_VCaCfgTioZkjJZ"",""frames"":null,""reason"":null,""staleSec"":58,""probation"":false}],""trackCount"":1,""ineligibleCount"":0}"
2026-09-05T18:59:09.194204+00:00,2026-09-05T18:59:03.868+00:00,director_heartbeat,,a,show-5b0cddtl,,,,,,,,,,,,,,,,,,,,,,,,,,,,,,,,,,"{""state"":""running""}"
2026-09-05T18:59:09.194204+00:00,2026-09-05T18:59:03.872+00:00,pub_stats,,a,show-5b0cddtl,2956376,7097262,2835573,56,56,0,27,26,49.05,none,f,f+h+q,3,608,1080,608,1080,"SimulcastEncoderAdapter (libvpx, libvpx, libvpx)",2,0,1,0,0,0.0065439999999999995,0.029,0,,,,,,,live:a,"{""qualityLimitationDurations"":{""cpu"":0,""none"":58.906,""other"":0,""bandwidth"":0.134}}"
2026-09-05T18:59:09.194204+00:00,2026-09-05T18:59:03.983+00:00,deck_loop_suspended,,a,show-5b0cddtl,,,,,,,,,,,,,,,,,,,,,,,,,,,,,,,,,,"{""phaseMs"":60000,""suspended"":true}"
2026-09-05T18:59:09.194204+00:00,2026-09-05T18:59:03.987+00:00,backing_deck_raf,,a,show-5b0cddtl,,,,,,,,,,,,,,,,,,,,,,,,,,,,,interval,,,,,"{""elapsedMs"":30001,""idleFrames"":1702,""hasDuration"":false,""activeFrames"":0,""changedLabel"":0,""changedWidth"":0,""playingFrames"":0}"
2026-09-05T18:59:10.036561+00:00,2026-09-05T18:59:04.717+00:00,mic_level_sample,,a,show-5b0cddtl,,,,,,,,,,,,,,,,,,,,,,,,,,,,,,,,,,"{""deviceId"":""default"",""inputRms"":0.0027249027021878686,""outputRms"":0.0027249027021878686,""deviceLabel"":""Default"",""audioContextState"":""running""}"
2026-09-05T18:59:10.036561+00:00,2026-09-05T18:59:04.717+00:00,mic_recovered,,a,show-5b0cddtl,,,,,,,,,,,,,,,,,,,,,,,,,,,,,,,,,,"{""inputRms"":0.0027249027021878686,""outputRms"":0.0027249027021878686,""silentDurationMs"":54998,""audioContextState"":""running""}"
2026-09-05T18:59:10.639973+00:00,2026-09-05T18:59:05.871+00:00,pub_stats,,a,show-5b0cddtl,3152464,7097262,2963055,56,56,0,28,27,43.2,none,f,f+h+q,3,608,1080,608,1080,"SimulcastEncoderAdapter (libvpx, libvpx, libvpx)",2,0,1,0,0,0.004011,0.029,0,,,,,,,live:a,"{""qualityLimitationDurations"":{""cpu"":0,""none"":60.903,""other"":0,""bandwidth"":0.134}}"
2026-09-05T18:59:12.631474+00:00,2026-09-05T18:59:07.887+00:00,pub_stats,,a,show-5b0cddtl,3065592,7097262,2935627,58,58,0,29,29,32.91,none,f,f+h+q,3,608,1080,608,1080,"SimulcastEncoderAdapter (libvpx, libvpx, libvpx)",2,0,1,0,0,0.004033,0.029,0,,,,,,,live:a,"{""qualityLimitationDurations"":{""cpu"":0,""none"":62.909,""other"":0,""bandwidth"":0.134}}"
2026-09-05T18:59:13.645037+00:00,2026-09-05T18:59:08.365+00:00,track_liveness_snapshot,,a,show-5b0cddtl,,,,,,,,,,,,,,,,,,,,,,,,,,,,,,,,,,"{""entries"":[{""key"":""contestant-a-80080d04:TR_VCaCfgTioZkjJZ"",""frames"":null,""reason"":null,""staleSec"":63,""probation"":false}],""trackCount"":1,""ineligibleCount"":0}"
2026-09-05T18:59:15.032102+00:00,2026-09-05T18:59:09.716+00:00,mic_level_sample,,a,show-5b0cddtl,,,,,,,,,,,,,,,,,,,,,,,,,,,,,,,,,,"{""deviceId"":""default"",""inputRms"":0.0006133319685132194,""outputRms"":0.0006133319685132194,""deviceLabel"":""Default"",""audioContextState"":""running""}"
2026-09-05T18:59:15.032102+00:00,2026-09-05T18:59:09.872+00:00,pub_stats,,a,show-5b0cddtl,2737047,7097262,3000000,51,51,0,29,28,55.49,none,f,f+h+q,3,608,1080,608,1080,"SimulcastEncoderAdapter (libvpx, libvpx, libvpx)",2,0,1,0,0,0.0047,0.025,0,,,,,,,live:a,"{""qualityLimitationDurations"":{""cpu"":0,""none"":64.906,""other"":0,""bandwidth"":0.134}}"
2026-09-05T18:59:16.637979+00:00,2026-09-05T18:59:11.886+00:00,pub_stats,,a,show-5b0cddtl,3136095,7097262,2933642,56,56,0,28,29,50.64,none,f,f+h+q,3,608,1080,608,1080,"SimulcastEncoderAdapter (libvpx, libvpx, libvpx)",2,0,1,0,0,0.003544,0.027,0,,,,,,,live:a,"{""qualityLimitationDurations"":{""cpu"":0,""none"":66.916,""other"":0,""bandwidth"":0.134}}"
2026-09-05T18:59:18.640735+00:00,2026-09-05T18:59:13.365+00:00,track_liveness_snapshot,,a,show-5b0cddtl,,,,,,,,,,,,,,,,,,,,,,,,,,,,,,,,,,"{""entries"":[{""key"":""contestant-a-80080d04:TR_VCaCfgTioZkjJZ"",""frames"":null,""reason"":null,""staleSec"":68,""probation"":false}],""trackCount"":1,""ineligibleCount"":0}"
2026-09-05T18:59:18.640735+00:00,2026-09-05T18:59:13.869+00:00,director_heartbeat,,a,show-5b0cddtl,,,,,,,,,,,,,,,,,,,,,,,,,,,,,,,,,,"{""state"":""running""}"
2026-09-05T18:59:18.640735+00:00,2026-09-05T18:59:13.87+00:00,pub_stats,,a,show-5b0cddtl,3148427,7097262,2885675,59,59,0,31,30,51.76,none,f,f+h+q,3,608,1080,608,1080,"SimulcastEncoderAdapter (libvpx, libvpx, libvpx)",2,0,1,0,0,0.005755,0.029,0,,,,,,,live:a,"{""qualityLimitationDurations"":{""cpu"":0,""none"":68.904,""other"":0,""bandwidth"":0.134}}"
2026-09-05T18:59:20.352322+00:00,2026-09-05T18:59:14.717+00:00,mic_level_sample,,a,show-5b0cddtl,,,,,,,,,,,,,,,,,,,,,,,,,,,,,,,,,,"{""deviceId"":""default"",""inputRms"":0.0006293152222039588,""outputRms"":0.0006293152222039588,""deviceLabel"":""Default"",""audioContextState"":""running""}"
2026-09-05T18:59:20.646986+00:00,2026-09-05T18:59:15.869+00:00,pub_stats,,a,show-5b0cddtl,2988298,7097262,2897008,59,59,0,31,30,46.68,none,f,f+h+q,3,608,1080,608,1080,"SimulcastEncoderAdapter (libvpx, libvpx, libvpx)",2,0,1,0,0,0.004088,0.029,0,,,,,,,live:a,"{""qualityLimitationDurations"":{""cpu"":0,""none"":70.904,""other"":0,""bandwidth"":0.134}}"
2026-09-05T18:59:22.64654+00:00,2026-09-05T18:59:17.868+00:00,pub_stats,,a,show-5b0cddtl,2971434,7097262,2979118,60,60,0,30,30,49.55,none,f,f+h+q,3,608,1080,608,1080,"SimulcastEncoderAdapter (libvpx, libvpx, libvpx)",2,0,1,0,0,0.0041659999999999996,0.03,0,,,,,,,live:a,"{""qualityLimitationDurations"":{""cpu"":0,""none"":72.903,""other"":0,""bandwidth"":0.134}}"
2026-09-05T18:59:23.639226+00:00,2026-09-05T18:59:18.371+00:00,track_liveness_snapshot,,a,show-5b0cddtl,,,,,,,,,,,,,,,,,,,,,,,,,,,,,,,,,,"{""entries"":[{""key"":""contestant-a-80080d04:TR_VCaCfgTioZkjJZ"",""frames"":null,""reason"":null,""staleSec"":74,""probation"":false}],""trackCount"":1,""ineligibleCount"":0}"
2026-09-05T18:59:25.066031+00:00,2026-09-05T18:59:19.717+00:00,mic_level_sample,,a,show-5b0cddtl,,,,,,,,,,,,,,,,,,,,,,,,,,,,,,,,,,"{""deviceId"":""default"",""inputRms"":0.00021670452102192834,""outputRms"":0.00021670452102192834,""deviceLabel"":""Default"",""audioContextState"":""running""}"
2026-09-05T18:59:25.066031+00:00,2026-09-05T18:59:19.717+00:00,mic_silent,,a,show-5b0cddtl,,,,,,,,,,,,,,,,,,,,,,,,,,,,,,,,,,"{""inputRms"":0.00021670452102192834,""outputRms"":0.00021670452102192834,""silentSinceMs"":1788634749716,""audioContextState"":""running""}"
2026-09-05T18:59:25.066031+00:00,2026-09-05T18:59:19.869+00:00,pub_stats,,a,show-5b0cddtl,2970987,7097262,3000000,58,58,0,31,30,47.48,none,f,f+h+q,3,608,1080,608,1080,"SimulcastEncoderAdapter (libvpx, libvpx, libvpx)",2,0,1,0,0,0.0063999999999999994,0.029,0,,,,,,,live:a,"{""qualityLimitationDurations"":{""cpu"":0,""none"":74.904,""other"":0,""bandwidth"":0.134}}"
2026-09-05T18:59:26.645664+00:00,2026-09-05T18:59:21.87+00:00,pub_stats,,a,show-5b0cddtl,2871472,7097262,2968075,56,56,0,28,28,46.5,none,f,f+h+q,3,608,1080,608,1080,"SimulcastEncoderAdapter (libvpx, libvpx, libvpx)",2,0,1,0,0,0.0040219999999999995,0.035,0,,,,,,,live:a,"{""qualityLimitationDurations"":{""cpu"":0,""none"":76.904,""other"":0,""bandwidth"":0.134}}"
2026-09-05T18:59:28.653867+00:00,2026-09-05T18:59:23.866+00:00,track_liveness_snapshot,,a,show-5b0cddtl,,,,,,,,,,,,,,,,,,,,,,,,,,,,,,,,,,"{""entries"":[{""key"":""contestant-a-80080d04:TR_VCaCfgTioZkjJZ"",""frames"":null,""reason"":null,""staleSec"":79,""probation"":false}],""trackCount"":1,""ineligibleCount"":0}"
2026-09-05T18:59:28.653867+00:00,2026-09-05T18:59:23.868+00:00,director_heartbeat,,a,show-5b0cddtl,,,,,,,,,,,,,,,,,,,,,,,,,,,,,,,,,,"{""state"":""running""}"
2026-09-05T18:59:28.653867+00:00,2026-09-05T18:59:23.87+00:00,pub_stats,,a,show-5b0cddtl,3019816,7097262,2985500,60,60,0,30,30,54.08,none,f,f+h+q,3,608,1080,608,1080,"SimulcastEncoderAdapter (libvpx, libvpx, libvpx)",2,0,1,0,0,0.005166,0.035,0,,,,,,,live:a,"{""qualityLimitationDurations"":{""cpu"":0,""none"":78.905,""other"":0,""bandwidth"":0.134}}"
2026-09-05T18:59:30.154782+00:00,2026-09-05T18:59:24.717+00:00,mic_level_sample,,a,show-5b0cddtl,,,,,,,,,,,,,,,,,,,,,,,,,,,,,,,,,,"{""deviceId"":""default"",""inputRms"":0.00030494025201450157,""outputRms"":0.00030494025201450157,""deviceLabel"":""Default"",""audioContextState"":""running""}"
2026-09-05T18:59:30.627486+00:00,2026-09-05T18:59:25.871+00:00,pub_stats,,a,show-5b0cddtl,3042151,7097262,3000000,58,58,0,28,28,48.55,none,f,f+h+q,3,608,1080,608,1080,"SimulcastEncoderAdapter (libvpx, libvpx, libvpx)",2,0,1,0,0,0.0052,0.028,0,,,,,,,live:a,"{""qualityLimitationDurations"":{""cpu"":0,""none"":80.904,""other"":0,""bandwidth"":0.134}}"
2026-09-05T18:59:32.634568+00:00,2026-09-05T18:59:27.874+00:00,pub_stats,,a,show-5b0cddtl,2966574,7097262,2976553,58,58,0,30,29,54.95,none,f,f+h+q,3,608,1080,608,1080,"SimulcastEncoderAdapter (libvpx, libvpx, libvpx)",2,0,1,0,0,0.005966,0.027,0,,,,,,,live:a,"{""qualityLimitationDurations"":{""cpu"":0,""none"":82.904,""other"":0,""bandwidth"":0.134}}"
2026-09-05T18:59:33.646682+00:00,2026-09-05T18:59:28.867+00:00,track_liveness_snapshot,,a,show-5b0cddtl,,,,,,,,,,,,,,,,,,,,,,,,,,,,,,,,,,"{""entries"":[{""key"":""contestant-a-80080d04:TR_VCaCfgTioZkjJZ"",""frames"":null,""reason"":null,""staleSec"":84,""probation"":false}],""trackCount"":1,""ineligibleCount"":0}"
2026-09-05T18:59:35.253772+00:00,2026-09-05T18:59:29.721+00:00,mic_level_sample,,a,show-5b0cddtl,,,,,,,,,,,,,,,,,,,,,,,,,,,,,,,,,,"{""deviceId"":""default"",""inputRms"":0.0004176462029927039,""outputRms"":0.0004176462029927039,""deviceLabel"":""Default"",""audioContextState"":""running""}"
2026-09-05T18:59:35.253772+00:00,2026-09-05T18:59:29.877+00:00,pub_stats,,a,show-5b0cddtl,2945014,7097262,2991213,57,57,0,27,28,54.6,none,f,f+h+q,3,608,1080,608,1080,"SimulcastEncoderAdapter (libvpx, libvpx, libvpx)",2,0,1,0,0,0.0041329999999999995,0.028,0,,,,,,,live:a,"{""qualityLimitationDurations"":{""cpu"":0,""none"":84.906,""other"":0,""bandwidth"":0.134}}"
2026-09-05T18:59:36.644994+00:00,2026-09-05T18:59:31.869+00:00,pub_stats,,a,show-5b0cddtl,2732984,7097262,3000000,53,53,0,24,22,53.57,none,f,f+h+q,3,608,1080,608,1080,"SimulcastEncoderAdapter (libvpx, libvpx, libvpx)",2,0,1,0,0,0.0055439999999999994,0.028,0,,,,,,,live:a,"{""qualityLimitationDurations"":{""cpu"":0,""none"":86.903,""other"":0,""bandwidth"":0.134}}"
2026-09-05T18:59:38.651452+00:00,2026-09-05T18:59:33.869+00:00,director_heartbeat,,a,show-5b0cddtl,,,,,,,,,,,,,,,,,,,,,,,,,,,,,,,,,,"{""state"":""running""}"
2026-09-05T18:59:38.651452+00:00,2026-09-05T18:59:33.879+00:00,pub_stats,,a,show-5b0cddtl,2905019,7097262,3000000,57,57,0,31,30,46.44,none,f,f+h+q,3,608,1080,608,1080,"SimulcastEncoderAdapter (libvpx, libvpx, libvpx)",2,0,1,0,0,0.015111,0.036,0,,,,,,,live:a,"{""qualityLimitationDurations"":{""cpu"":0,""none"":88.905,""other"":0,""bandwidth"":0.134}}"
2026-09-05T18:59:40.227514+00:00,2026-09-05T18:59:34.365+00:00,track_liveness_snapshot,,a,show-5b0cddtl,,,,,,,,,,,,,,,,,,,,,,,,,,,,,,,,,,"{""entries"":[{""key"":""contestant-a-80080d04:TR_VCaCfgTioZkjJZ"",""frames"":null,""reason"":null,""staleSec"":89,""probation"":false}],""trackCount"":1,""ineligibleCount"":0}"
2026-09-05T18:59:40.227514+00:00,2026-09-05T18:59:34.717+00:00,mic_level_sample,,a,show-5b0cddtl,,,,,,,,,,,,,,,,,,,,,,,,,,,,,,,,,,"{""deviceId"":""default"",""inputRms"":0.0007795096081793328,""outputRms"":0.0007795096081793328,""deviceLabel"":""Default"",""audioContextState"":""running""}"
2026-09-05T18:59:40.70671+00:00,2026-09-05T18:59:35.875+00:00,pub_stats,,a,show-5b0cddtl,2957746,7097262,2967065,52,52,0,24,24,27.54,none,f,f+h+q,3,608,1080,608,1080,"SimulcastEncoderAdapter (libvpx, libvpx, libvpx)",2,0,1,0,0,0.008088,0.042,0,,,,,,,live:a,"{""qualityLimitationDurations"":{""cpu"":0,""none"":90.904,""other"":0,""bandwidth"":0.134}}"
2026-09-05T18:59:42.665344+00:00,2026-09-05T18:59:37.878+00:00,pub_stats,,a,show-5b0cddtl,3334786,7097262,2854292,58,58,0,29,29,30.24,none,f,f+h+q,3,608,1080,608,1080,"SimulcastEncoderAdapter (libvpx, libvpx, libvpx)",2,0,1,0,0,0.005188,0.027,0,,,,,,,live:a,"{""qualityLimitationDurations"":{""cpu"":0,""none"":92.91,""other"":0,""bandwidth"":0.134}}"
2026-09-05T18:59:44.692851+00:00,2026-09-05T18:59:39.367+00:00,track_liveness_snapshot,,a,show-5b0cddtl,,,,,,,,,,,,,,,,,,,,,,,,,,,,,,,,,,"{""entries"":[{""key"":""contestant-a-80080d04:TR_VCaCfgTioZkjJZ"",""frames"":null,""reason"":null,""staleSec"":94,""probation"":false}],""trackCount"":1,""ineligibleCount"":0}"
2026-09-05T18:59:44.692851+00:00,2026-09-05T18:59:39.716+00:00,mic_level_sample,,a,show-5b0cddtl,,,,,,,,,,,,,,,,,,,,,,,,,,,,,,,,,,"{""deviceId"":""default"",""inputRms"":0.0003757234749525066,""outputRms"":0.0003757234749525066,""deviceLabel"":""Default"",""audioContextState"":""running""}"
2026-09-05T18:59:44.692851+00:00,2026-09-05T18:59:39.877+00:00,pub_stats,,a,show-5b0cddtl,2859750,7097262,2839212,57,57,0,28,29,49.46,none,f,f+h+q,3,608,1080,608,1080,"SimulcastEncoderAdapter (libvpx, libvpx, libvpx)",2,0,1,0,0,0.005177,0.027,0,,,,,,,live:a,"{""qualityLimitationDurations"":{""cpu"":0,""none"":94.904,""other"":0,""bandwidth"":0.134}}"
2026-09-05T18:59:46.707368+00:00,2026-09-05T18:59:41.872+00:00,pub_stats,,a,show-5b0cddtl,2771380,7097262,3000000,51,51,0,26,26,46.18,none,f,f+h+q,3,608,1080,608,1080,"SimulcastEncoderAdapter (libvpx, libvpx, libvpx)",2,0,1,0,0,0.004911,0.027,0,,,,,,,live:a,"{""qualityLimitationDurations"":{""cpu"":0,""none"":96.907,""other"":0,""bandwidth"":0.134}}"
2026-09-05T18:59:48.770871+00:00,2026-09-05T18:59:43.869+00:00,director_heartbeat,,a,show-5b0cddtl,,,,,,,,,,,,,,,,,,,,,,,,,,,,,,,,,,"{""state"":""running""}"
2026-09-05T18:59:48.770871+00:00,2026-09-05T18:59:43.869+00:00,pub_stats,,a,show-5b0cddtl,3186484,7097262,2867915,60,60,0,30,31,43.77,none,f,f+h+q,3,608,1080,608,1080,"SimulcastEncoderAdapter (libvpx, libvpx, libvpx)",2,0,1,0,0,0.005222,0.029,0,,,,,,,live:a,"{""qualityLimitationDurations"":{""cpu"":0,""none"":98.904,""other"":0,""bandwidth"":0.134}}"
2026-09-05T18:59:49.655887+00:00,2026-09-05T18:59:44.369+00:00,track_liveness_snapshot,,a,show-5b0cddtl,,,,,,,,,,,,,,,,,,,,,,,,,,,,,,,,,,"{""entries"":[{""key"":""contestant-a-80080d04:TR_VCaCfgTioZkjJZ"",""frames"":null,""reason"":null,""staleSec"":100,""probation"":false}],""trackCount"":1,""ineligibleCount"":0}"
2026-09-05T18:59:49.655887+00:00,2026-09-05T18:59:44.717+00:00,mic_level_sample,,a,show-5b0cddtl,,,,,,,,,,,,,,,,,,,,,,,,,,,,,,,,,,"{""deviceId"":""default"",""inputRms"":0.001063361830670168,""outputRms"":0.001063361830670168,""deviceLabel"":""Default"",""audioContextState"":""running""}"
2026-09-05T18:59:49.655887+00:00,2026-09-05T18:59:44.717+00:00,mic_recovered,,a,show-5b0cddtl,,,,,,,,,,,,,,,,,,,,,,,,,,,,,,,,,,"{""inputRms"":0.001063361830670168,""outputRms"":0.001063361830670168,""silentDurationMs"":35001,""audioContextState"":""running""}"
2026-09-05T18:59:50.644834+00:00,2026-09-05T18:59:45.875+00:00,pub_stats,,a,show-5b0cddtl,2794497,7097262,2858950,53,53,0,26,26,53.89,none,f,f+h+q,3,608,1080,608,1080,"SimulcastEncoderAdapter (libvpx, libvpx, libvpx)",2,0,1,0,0,0.004833,0.027,0,,,,,,,live:a,"{""qualityLimitationDurations"":{""cpu"":0,""none"":100.906,""other"":0,""bandwidth"":0.134}}"
2026-09-05T18:59:52.656226+00:00,2026-09-05T18:59:47.911+00:00,pub_stats,,a,show-5b0cddtl,2653014,7097262,3000000,52,52,0,25,24,54.71,none,f,f+h+q,3,608,1080,608,1080,"SimulcastEncoderAdapter (libvpx, libvpx, libvpx)",2,0,1,0,0,0.006,0.062,0,,,,,,,live:a,"{""qualityLimitationDurations"":{""cpu"":0,""none"":102.942,""other"":0,""bandwidth"":0.134}}"
2026-09-05T18:59:54.684758+00:00,2026-09-05T18:59:49.391+00:00,track_liveness_snapshot,,a,show-5b0cddtl,,,,,,,,,,,,,,,,,,,,,,,,,,,,,,,,,,"{""entries"":[{""key"":""contestant-a-80080d04:TR_VCaCfgTioZkjJZ"",""frames"":null,""reason"":null,""staleSec"":105,""probation"":false}],""trackCount"":1,""ineligibleCount"":0}"
2026-09-05T18:59:54.684758+00:00,2026-09-05T18:59:49.716+00:00,mic_level_sample,,a,show-5b0cddtl,,,,,,,,,,,,,,,,,,,,,,,,,,,,,,,,,,"{""deviceId"":""default"",""inputRms"":0.0002501646066672806,""outputRms"":0.00023838424435389203,""deviceLabel"":""Default"",""audioContextState"":""running""}"
2026-09-05T18:59:54.684758+00:00,2026-09-05T18:59:49.884+00:00,pub_stats,,a,show-5b0cddtl,1870127,7097262,3000000,33,33,0,12,13,43.97,none,f,f+h+q,3,608,1080,608,1080,"SimulcastEncoderAdapter (libvpx, libvpx, libvpx)",2,0,1,0,0,0.013387999999999999,0.062,0,,,,,,,live:a,"{""qualityLimitationDurations"":{""cpu"":0,""none"":104.91,""other"":0,""bandwidth"":0.134}}"
2026-09-05T18:59:56.642261+00:00,2026-09-05T18:59:51.882+00:00,pub_stats,,a,show-5b0cddtl,947928,7097262,3000000,14,14,0,12,29,38.07,none,f,f+h+q,3,608,1080,608,1080,"SimulcastEncoderAdapter (libvpx, libvpx, libvpx)",2,0,1,0,0,0.025611,0.035,0,,,,,,,live:a,"{""qualityLimitationDurations"":{""cpu"":0,""none"":106.904,""other"":0,""bandwidth"":0.134}}"
2026-09-05T18:59:58.628354+00:00,2026-09-05T18:59:53.868+00:00,director_heartbeat,,a,show-5b0cddtl,,,,,,,,,,,,,,,,,,,,,,,,,,,,,,,,,,"{""state"":""running""}"
2026-09-05T18:59:58.628354+00:00,2026-09-05T18:59:53.881+00:00,pub_stats,,a,show-5b0cddtl,3397417,7097262,2919953,47,47,0,26,25,31.62,none,f,f+h+q,3,608,1080,608,1080,"SimulcastEncoderAdapter (libvpx, libvpx, libvpx)",2,0,1,0,0,0.010454999999999999,0.03,0,,,,,,,live:a,"{""qualityLimitationDurations"":{""cpu"":0,""none"":108.906,""other"":0,""bandwidth"":0.134}}"
2026-09-05T18:59:59.633275+00:00,2026-09-05T18:59:54.717+00:00,mic_level_sample,,a,show-5b0cddtl,,,,,,,,,,,,,,,,,,,,,,,,,,,,,,,,,,"{""deviceId"":""default"",""inputRms"":0.000548749869976661,""outputRms"":0.000548749869976661,""deviceLabel"":""Default"",""audioContextState"":""running""}"
2026-09-05T18:59:59.633275+00:00,2026-09-05T18:59:54.87+00:00,track_liveness_snapshot,,a,show-5b0cddtl,,,,,,,,,,,,,,,,,,,,,,,,,,,,,,,,,,"{""entries"":[{""key"":""contestant-a-80080d04:TR_VCaCfgTioZkjJZ"",""frames"":null,""reason"":null,""staleSec"":110,""probation"":false}],""trackCount"":1,""ineligibleCount"":0}"
2026-09-05T19:00:00.663076+00:00,2026-09-05T18:59:55.882+00:00,pub_stats,,a,show-5b0cddtl,2996827,7120938,2705220,46,46,0,20,24,31.78,none,f,f+h+q,3,608,1080,608,1080,"SimulcastEncoderAdapter (libvpx, libvpx, libvpx)",2,0,1,0,0,0.005399999999999999,0.032,0,,,,,,,live:a,"{""qualityLimitationDurations"":{""cpu"":0,""none"":110.915,""other"":0,""bandwidth"":0.134}}"
2026-09-05T19:00:01.628163+00:00,2026-09-05T18:59:56.224+00:00,director_shot_emitted,,a,show-5b0cddtl,,,,,,,,,,,,,,,,,,,,,,,,,,,,,,,,,,"{""shot"":""zoomIn"",""slot"":""a"",""sourceRole"":""main"",""decisionSource"":""auto"",""targetIdentity"":""contestant-a-80080d04""}"
2026-09-05T19:00:01.628163+00:00,2026-09-05T18:59:56.225+00:00,shot_publish_success,,a,show-5b0cddtl,,,,,,,,,,,,,,,,,,,,,,,,,,,,,,,,,,"{""shot"":""zoomIn"",""slot"":""a"",""commandId"":""bc82809e-cc92-4a6f-b51e-22187a00cb4d"",""decisionSource"":""auto"",""connectionState"":""connected""}"
2026-09-05T19:00:02.639994+00:00,2026-09-05T18:59:57.87+00:00,pub_stats,,a,show-5b0cddtl,2999674,7120938,3000000,51,51,0,26,28,42.75,none,f,f+h+q,3,608,1080,608,1080,"SimulcastEncoderAdapter (libvpx, libvpx, libvpx)",2,0,1,0,0,0.011099999999999999,0.032,0,,,,,,,live:a,"{""qualityLimitationDurations"":{""cpu"":0,""none"":112.904,""other"":0,""bandwidth"":0.134}}"
2026-09-05T19:00:04.667863+00:00,2026-09-05T18:59:59.717+00:00,mic_silent,,a,show-5b0cddtl,,,,,,,,,,,,,,,,,,,,,,,,,,,,,,,,,,"{""inputRms"":0.0003654924935029503,""outputRms"":0.0003654924935029503,""silentSinceMs"":1788634789716,""audioContextState"":""running""}"
2026-09-05T19:00:04.667863+00:00,2026-09-05T18:59:59.717+00:00,mic_level_sample,,a,show-5b0cddtl,,,,,,,,,,,,,,,,,,,,,,,,,,,,,,,,,,"{""deviceId"":""default"",""inputRms"":0.0003654924935029503,""outputRms"":0.0003654924935029503,""deviceLabel"":""Default"",""audioContextState"":""running""}"
2026-09-05T19:00:04.667863+00:00,2026-09-05T18:59:59.877+00:00,pub_stats,,a,show-5b0cddtl,2983944,7120938,2941485,53,53,0,25,25,48.79,none,f,f+h+q,3,608,1080,608,1080,"SimulcastEncoderAdapter (libvpx, libvpx, libvpx)",2,0,1,0,0,0.006277,0.029,0,,,,,,,live:a,"{""qualityLimitationDurations"":{""cpu"":0,""none"":114.904,""other"":0,""bandwidth"":0.134}}"
2026-09-05T19:00:05.928281+00:00,2026-09-05T19:00:00.366+00:00,track_liveness_snapshot,,a,show-5b0cddtl,,,,,,,,,,,,,,,,,,,,,,,,,,,,,,,,,,"{""entries"":[{""key"":""contestant-a-80080d04:TR_VCaCfgTioZkjJZ"",""frames"":null,""reason"":null,""staleSec"":116,""probation"":false}],""trackCount"":1,""ineligibleCount"":0}"
2026-09-05T19:00:06.655674+00:00,2026-09-05T19:00:01.881+00:00,pub_stats,,a,show-5b0cddtl,2813538,7120938,3000000,50,50,0,28,28,49.9,none,f,f+h+q,3,608,1080,608,1080,"SimulcastEncoderAdapter (libvpx, libvpx, libvpx)",2,0,1,0,0,0.008211,0.027,0,,,,,,,live:a,"{""qualityLimitationDurations"":{""cpu"":0,""none"":116.912,""other"":0,""bandwidth"":0.134}}"
2026-09-05T19:00:08.91669+00:00,2026-09-05T19:00:03.868+00:00,director_heartbeat,,a,show-5b0cddtl,,,,,,,,,,,,,,,,,,,,,,,,,,,,,,,,,,"{""state"":""running""}"
2026-09-05T19:00:08.91669+00:00,2026-09-05T19:00:03.873+00:00,pub_stats,,a,show-5b0cddtl,2471667,7120938,3000000,46,46,0,23,24,47.98,none,f,f+h+q,3,608,1080,608,1080,"SimulcastEncoderAdapter (libvpx, libvpx, libvpx)",2,0,1,0,0,0.006388,0.027,0,,,,,,,live:a,"{""qualityLimitationDurations"":{""cpu"":0,""none"":118.906,""other"":0,""bandwidth"":0.134}}"
2026-09-05T19:00:08.91669+00:00,2026-09-05T19:00:03.982+00:00,deck_loop_suspended,,a,show-5b0cddtl,,,,,,,,,,,,,,,,,,,,,,,,,,,,,,,,,,"{""phaseMs"":60000,""suspended"":false}"
2026-09-05T19:00:08.91669+00:00,2026-09-05T19:00:03.983+00:00,backing_deck_raf,,a,show-5b0cddtl,,,,,,,,,,,,,,,,,,,,,,,,,,,,,interval,,,,,"{""elapsedMs"":59996,""idleFrames"":1,""hasDuration"":false,""activeFrames"":0,""changedLabel"":0,""changedWidth"":0,""playingFrames"":0}"
2026-09-05T19:00:09.635295+00:00,2026-09-05T19:00:04.717+00:00,mic_level_sample,,a,show-5b0cddtl,,,,,,,,,,,,,,,,,,,,,,,,,,,,,,,,,,"{""deviceId"":""default"",""inputRms"":0.0003007568869694065,""outputRms"":0.0003007568869694065,""deviceLabel"":""Default"",""audioContextState"":""running""}"
2026-09-05T19:00:10.673005+00:00,2026-09-05T19:00:05.866+00:00,track_liveness_snapshot,,a,show-5b0cddtl,,,,,,,,,,,,,,,,,,,,,,,,,,,,,,,,,,"{""entries"":[{""key"":""contestant-a-80080d04:TR_VCaCfgTioZkjJZ"",""frames"":null,""reason"":null,""staleSec"":121,""probation"":false}],""trackCount"":1,""ineligibleCount"":0}"
2026-09-05T19:00:10.673005+00:00,2026-09-05T19:00:05.876+00:00,pub_stats,,a,show-5b0cddtl,3187467,7120938,3000000,47,47,0,22,23,27.45,none,f,f+h+q,3,608,1080,608,1080,"SimulcastEncoderAdapter (libvpx, libvpx, libvpx)",3,0,1,0,0,0.004188,0.027,0,,,,,,,live:a,"{""qualityLimitationDurations"":{""cpu"":0,""none"":120.905,""other"":0,""bandwidth"":0.134}}"
2026-09-05T19:00:12.64005+00:00,2026-09-05T19:00:07.871+00:00,pub_stats,,a,show-5b0cddtl,2897159,7120938,2951778,45,45,0,28,27,45.8,none,f,f+h+q,3,608,1080,608,1080,"SimulcastEncoderAdapter (libvpx, libvpx, libvpx)",3,0,1,0,0,0.008222,0.041,0,,,,,,,live:a,"{""qualityLimitationDurations"":{""cpu"":0,""none"":122.906,""other"":0,""bandwidth"":0.134}}"
2026-09-05T19:00:14.80866+00:00,2026-09-05T19:00:09.717+00:00,mic_level_sample,,a,show-5b0cddtl,,,,,,,,,,,,,,,,,,,,,,,,,,,,,,,,,,"{""deviceId"":""default"",""inputRms"":0.000318381567449185,""outputRms"":0.000318381567449185,""deviceLabel"":""Default"",""audioContextState"":""running""}"
2026-09-05T19:00:14.80866+00:00,2026-09-05T19:00:09.88+00:00,pub_stats,,a,show-5b0cddtl,2840852,7120938,2869685,47,47,0,20,21,49.32,none,f,f+h+q,3,608,1080,608,1080,"SimulcastEncoderAdapter (libvpx, libvpx, libvpx)",3,0,1,0,0,0.006866,0.029,0,,,,,,,live:a,"{""qualityLimitationDurations"":{""cpu"":0,""none"":124.91,""other"":0,""bandwidth"":0.134}}"
2026-09-05T19:00:17.207031+00:00,2026-09-05T19:00:10.866+00:00,track_liveness_snapshot,,a,show-5b0cddtl,,,,,,,,,,,,,,,,,,,,,,,,,,,,,,,,,,"{""entries"":[{""key"":""contestant-a-80080d04:TR_VCaCfgTioZkjJZ"",""frames"":null,""reason"":null,""staleSec"":126,""probation"":false}],""trackCount"":1,""ineligibleCount"":0}"
2026-09-05T19:00:16.686721+00:00,2026-09-05T19:00:11.876+00:00,pub_stats,,a,show-5b0cddtl,2863327,7120938,3000000,47,47,0,25,25,51.85,none,f,f+h+q,3,608,1080,608,1080,"SimulcastEncoderAdapter (libvpx, libvpx, libvpx)",3,0,1,0,0,0.008376999999999999,0.031,0,,,,,,,live:a,"{""qualityLimitationDurations"":{""cpu"":0,""none"":126.909,""other"":0,""bandwidth"":0.134}}"
2026-09-05T19:00:23.428495+00:00,2026-09-05T19:00:13.871+00:00,director_heartbeat,,a,show-5b0cddtl,,,,,,,,,,,,,,,,,,,,,,,,,,,,,,,,,,"{""state"":""running""}"
2026-09-05T19:00:23.428495+00:00,2026-09-05T19:00:13.88+00:00,pub_stats,,a,show-5b0cddtl,3297170,7120938,2822120,55,55,0,30,30,48.27,none,f,f+h+q,3,608,1080,608,1080,"SimulcastEncoderAdapter (libvpx, libvpx, libvpx)",3,0,1,0,0,0.005755,0.031,0,,,,,,,live:a,"{""qualityLimitationDurations"":{""cpu"":0,""none"":128.914,""other"":0,""bandwidth"":0.134}}"
2026-09-05T19:00:19.680558+00:00,2026-09-05T19:00:14.717+00:00,mic_level_sample,,a,show-5b0cddtl,,,,,,,,,,,,,,,,,,,,,,,,,,,,,,,,,,"{""deviceId"":""default"",""inputRms"":0.00016509311682420656,""outputRms"":0.00016509311682420656,""deviceLabel"":""Default"",""audioContextState"":""running""}"
2026-09-05T19:00:20.725312+00:00,2026-09-05T19:00:15.874+00:00,pub_stats,,a,show-5b0cddtl,3114399,7120938,2857017,52,52,0,25,25,42.42,none,f,f+h+q,3,608,1080,608,1080,"SimulcastEncoderAdapter (libvpx, libvpx, libvpx)",3,0,1,0,0,0.004144,0.033,0,,,,,,,live:a,"{""qualityLimitationDurations"":{""cpu"":0,""none"":130.906,""other"":0,""bandwidth"":0.134}}"
2026-09-05T19:00:21.650773+00:00,2026-09-05T19:00:16.365+00:00,track_liveness_snapshot,,a,show-5b0cddtl,,,,,,,,,,,,,,,,,,,,,,,,,,,,,,,,,,"{""entries"":[{""key"":""contestant-a-80080d04:TR_VCaCfgTioZkjJZ"",""frames"":null,""reason"":null,""staleSec"":131,""probation"":false}],""trackCount"":1,""ineligibleCount"":0}"
2026-09-05T19:00:22.639223+00:00,2026-09-05T19:00:17.874+00:00,pub_stats,,a,show-5b0cddtl,2737524,7120938,3000000,53,53,0,26,26,50.7,none,f,f+h+q,3,608,1080,608,1080,"SimulcastEncoderAdapter (libvpx, libvpx, libvpx)",3,0,1,0,0,0.004144,0.028,0,,,,,,,live:a,"{""qualityLimitationDurations"":{""cpu"":0,""none"":132.906,""other"":0,""bandwidth"":0.134}}"
2026-09-05T19:00:23.631257+00:00,2026-09-05T19:00:18.365+00:00,director_shot_emitted,,a,show-5b0cddtl,,,,,,,,,,,,,,,,,,,,,,,,,,,,,,,,,,"{""shot"":""zoomIn"",""slot"":""a"",""sourceRole"":""main"",""decisionSource"":""auto"",""targetIdentity"":""contestant-a-80080d04""}"
2026-09-05T19:00:23.631257+00:00,2026-09-05T19:00:18.365+00:00,shot_publish_success,,a,show-5b0cddtl,,,,,,,,,,,,,,,,,,,,,,,,,,,,,,,,,,"{""shot"":""zoomIn"",""slot"":""a"",""commandId"":""9e9fe255-d831-436d-911d-37458f2a1f42"",""decisionSource"":""auto"",""connectionState"":""connected""}"
2026-09-05T19:00:24.81745+00:00,2026-09-05T19:00:19.717+00:00,mic_level_sample,,a,show-5b0cddtl,,,,,,,,,,,,,,,,,,,,,,,,,,,,,,,,,,"{""deviceId"":""default"",""inputRms"":0.00023561353443046516,""outputRms"":0.00023561353443046516,""deviceLabel"":""Default"",""audioContextState"":""running""}"
2026-09-05T19:00:24.81745+00:00,2026-09-05T19:00:19.874+00:00,pub_stats,,a,show-5b0cddtl,2837164,7120938,3000000,50,50,0,25,26,47.3,none,f,f+h+q,3,608,1080,608,1080,"SimulcastEncoderAdapter (libvpx, libvpx, libvpx)",3,0,1,0,0,0.004765999999999999,0.03,0,,,,,,,live:a,"{""qualityLimitationDurations"":{""cpu"":0,""none"":134.904,""other"":0,""bandwidth"":0.134}}"
2026-09-05T19:00:26.631958+00:00,2026-09-05T19:00:21.37+00:00,track_liveness_snapshot,,a,show-5b0cddtl,,,,,,,,,,,,,,,,,,,,,,,,,,,,,,,,,,"{""entries"":[{""key"":""contestant-a-80080d04:TR_VCaCfgTioZkjJZ"",""frames"":null,""reason"":null,""staleSec"":137,""probation"":false}],""trackCount"":1,""ineligibleCount"":0}"
2026-09-05T19:00:26.631958+00:00,2026-09-05T19:00:21.871+00:00,pub_stats,,a,show-5b0cddtl,2836923,7120938,3000000,50,50,0,25,24,48.32,none,f,f+h+q,3,608,1080,608,1080,"SimulcastEncoderAdapter (libvpx, libvpx, libvpx)",3,0,1,0,0,0.0054329999999999995,0.03,0,,,,,,,live:a,"{""qualityLimitationDurations"":{""cpu"":0,""none"":136.905,""other"":0,""bandwidth"":0.134}}"
2026-09-05T19:00:28.658873+00:00,2026-09-05T19:00:23.872+00:00,director_heartbeat,,a,show-5b0cddtl,,,,,,,,,,,,,,,,,,,,,,,,,,,,,,,,,,"{""state"":""running""}"
2026-09-05T19:00:28.658873+00:00,2026-09-05T19:00:23.872+00:00,pub_stats,,a,show-5b0cddtl,2960724,7120938,3000000,49,49,0,26,26,41.65,none,f,f+h+q,3,608,1080,608,1080,"SimulcastEncoderAdapter (libvpx, libvpx, libvpx)",3,0,1,0,0,0.004055,0.028,0,,,,,,,live:a,"{""qualityLimitationDurations"":{""cpu"":0,""none"":138.903,""other"":0,""bandwidth"":0.134}}"
2026-09-05T19:00:29.823575+00:00,2026-09-05T19:00:24.716+00:00,mic_level_sample,,a,show-5b0cddtl,,,,,,,,,,,,,,,,,,,,,,,,,,,,,,,,,,"{""deviceId"":""default"",""inputRms"":0.00033640515118173425,""outputRms"":0.00033640515118173425,""deviceLabel"":""Default"",""audioContextState"":""running""}"
2026-09-05T19:00:31.041555+00:00,2026-09-05T19:00:25.885+00:00,pub_stats,,a,show-5b0cddtl,3234803,7120938,2853130,55,55,0,30,29,42.76,none,f,f+h+q,3,608,1080,608,1080,"SimulcastEncoderAdapter (libvpx, libvpx, libvpx)",3,0,1,0,0,0.004488,0.027,0,,,,,,,live:a,"{""qualityLimitationDurations"":{""cpu"":0,""none"":140.914,""other"":0,""bandwidth"":0.134}}"
2026-09-05T19:00:31.641798+00:00,2026-09-05T19:00:26.371+00:00,track_liveness_snapshot,,a,show-5b0cddtl,,,,,,,,,,,,,,,,,,,,,,,,,,,,,,,,,,"{""entries"":[{""key"":""contestant-a-80080d04:TR_VCaCfgTioZkjJZ"",""frames"":null,""reason"":null,""staleSec"":142,""probation"":false}],""trackCount"":1,""ineligibleCount"":0}"
2026-09-05T19:00:32.817633+00:00,2026-09-05T19:00:27.879+00:00,pub_stats,,a,show-5b0cddtl,3068836,7120938,2870300,57,57,0,29,28,46.3,none,f,f+h+q,3,608,1080,608,1080,"SimulcastEncoderAdapter (libvpx, libvpx, libvpx)",3,0,1,0,0,0.005144,0.031,0,,,,,,,live:a,"{""qualityLimitationDurations"":{""cpu"":0,""none"":142.912,""other"":0,""bandwidth"":0.134}}"
2026-09-05T19:00:34.743136+00:00,2026-09-05T19:00:29.716+00:00,mic_level_sample,,a,show-5b0cddtl,,,,,,,,,,,,,,,,,,,,,,,,,,,,,,,,,,"{""deviceId"":""default"",""inputRms"":0.0003584572393983357,""outputRms"":0.0003584572393983357,""deviceLabel"":""Default"",""audioContextState"":""running""}"
2026-09-05T19:00:34.743136+00:00,2026-09-05T19:00:29.869+00:00,pub_stats,,a,show-5b0cddtl,2983047,7120938,2997790,56,56,0,29,29,46,none,f,f+h+q,3,608,1080,608,1080,"SimulcastEncoderAdapter (libvpx, libvpx, libvpx)",3,0,1,0,0,0.003522,0.031,0,,,,,,,live:a,"{""qualityLimitationDurations"":{""cpu"":0,""none"":144.904,""other"":0,""bandwidth"":0.134}}"
2026-09-05T19:00:36.858771+00:00,2026-09-05T19:00:31.865+00:00,track_liveness_snapshot,,a,show-5b0cddtl,,,,,,,,,,,,,,,,,,,,,,,,,,,,,,,,,,"{""entries"":[{""key"":""contestant-a-80080d04:TR_VCaCfgTioZkjJZ"",""frames"":null,""reason"":null,""staleSec"":147,""probation"":false}],""trackCount"":1,""ineligibleCount"":0}"
2026-09-05T19:00:36.858771+00:00,2026-09-05T19:00:31.867+00:00,pub_stats,,a,show-5b0cddtl,3155912,7120938,2894595,61,61,0,31,30,46.74,none,f,f+h+q,3,608,1080,608,1080,"SimulcastEncoderAdapter (libvpx, libvpx, libvpx)",3,0,1,0,0,0.003477,0.028,0,,,,,,,live:a,"{""qualityLimitationDurations"":{""cpu"":0,""none"":146.903,""other"":0,""bandwidth"":0.134}}"
2026-09-05T19:00:38.649213+00:00,2026-09-05T19:00:33.869+00:00,director_heartbeat,,a,show-5b0cddtl,,,,,,,,,,,,,,,,,,,,,,,,,,,,,,,,,,"{""state"":""running""}"
2026-09-05T19:00:38.649213+00:00,2026-09-05T19:00:33.872+00:00,pub_stats,,a,show-5b0cddtl,3065752,7120938,2956675,59,59,0,30,30,49.46,none,f,f+h+q,3,608,1080,608,1080,"SimulcastEncoderAdapter (libvpx, libvpx, libvpx)",3,0,1,0,0,0.007888,0.03,0,,,,,,,live:a,"{""qualityLimitationDurations"":{""cpu"":0,""none"":148.905,""other"":0,""bandwidth"":0.134}}"
2026-09-05T19:00:38.649213+00:00,2026-09-05T19:00:33.999+00:00,backing_deck_raf,,a,show-5b0cddtl,,,,,,,,,,,,,,,,,,,,,,,,,,,,,interval,,,,,"{""elapsedMs"":30016,""idleFrames"":1756,""hasDuration"":false,""activeFrames"":0,""changedLabel"":0,""changedWidth"":0,""playingFrames"":0}"
2026-09-05T19:00:39.837099+00:00,2026-09-05T19:00:34.716+00:00,mic_level_sample,,a,show-5b0cddtl,,,,,,,,,,,,,,,,,,,,,,,,,,,,,,,,,,"{""deviceId"":""default"",""inputRms"":0.0006513197622806716,""outputRms"":0.0006513197622806716,""deviceLabel"":""Default"",""audioContextState"":""running""}"
2026-09-05T19:00:41.537531+00:00,2026-09-05T19:00:35.872+00:00,pub_stats,,a,show-5b0cddtl,2532098,7120938,3000000,51,51,0,25,26,56.43,none,f,f+h+q,3,608,1080,608,1080,"SimulcastEncoderAdapter (libvpx, libvpx, libvpx)",3,0,1,0,0,0.010555,0.028,0,,,,,,,live:a,"{""qualityLimitationDurations"":{""cpu"":0,""none"":150.905,""other"":0,""bandwidth"":0.134}}"
2026-09-05T19:00:41.812526+00:00,2026-09-05T19:00:36.865+00:00,track_liveness_snapshot,,a,show-5b0cddtl,,,,,,,,,,,,,,,,,,,,,,,,,,,,,,,,,,"{""entries"":[{""key"":""contestant-a-80080d04:TR_VCaCfgTioZkjJZ"",""frames"":null,""reason"":null,""staleSec"":152,""probation"":false}],""trackCount"":1,""ineligibleCount"":0}"
2026-09-05T19:00:42.892078+00:00,2026-09-05T19:00:37.913+00:00,pub_stats,,a,show-5b0cddtl,1793120,7120938,3000000,33,33,0,9,11,41.7,none,f,f+h+q,3,608,1080,608,1080,"SimulcastEncoderAdapter (libvpx, libvpx, libvpx)",3,0,1,0,0,0.026455,0.028,0,,,,,,,live:a,"{""qualityLimitationDurations"":{""cpu"":0,""none"":152.94,""other"":0,""bandwidth"":0.134}}"
2026-09-05T19:00:45.042258+00:00,2026-09-05T19:00:39.76+00:00,mic_level_sample,,a,show-5b0cddtl,,,,,,,,,,,,,,,,,,,,,,,,,,,,,,,,,,"{""deviceId"":""default"",""inputRms"":0.000599698134016825,""outputRms"":0.000599698134016825,""deviceLabel"":""Default"",""audioContextState"":""running""}"
2026-09-05T19:00:45.042258+00:00,2026-09-05T19:00:39.887+00:00,pub_stats,,a,show-5b0cddtl,1003072,7120938,3000000,14,14,0,5,13,45.07,none,f,f+h+q,3,608,1080,608,1080,"SimulcastEncoderAdapter (libvpx, libvpx, libvpx)",3,0,1,0,0,0.043855,0.03,0,,,,,,,live:a,"{""qualityLimitationDurations"":{""cpu"":0,""none"":154.905,""other"":0,""bandwidth"":0.134}}"
2026-09-05T19:00:46.631988+00:00,2026-09-05T19:00:41.871+00:00,track_liveness_snapshot,,a,show-5b0cddtl,,,,,,,,,,,,,,,,,,,,,,,,,,,,,,,,,,"{""entries"":[{""key"":""contestant-a-80080d04:TR_VCaCfgTioZkjJZ"",""frames"":null,""reason"":null,""staleSec"":157,""probation"":false}],""trackCount"":1,""ineligibleCount"":0}"
2026-09-05T19:00:46.631988+00:00,2026-09-05T19:00:41.895+00:00,pub_stats,,a,show-5b0cddtl,1845422,7120938,3000000,23,23,0,10,13,40.96,none,f,f+h+q,3,608,1080,608,1080,"SimulcastEncoderAdapter (libvpx, libvpx, libvpx)",3,0,1,0,0,0.035255,0.03,0,,,,,,,live:a,"{""qualityLimitationDurations"":{""cpu"":0,""none"":156.914,""other"":0,""bandwidth"":0.134}}"
2026-09-05T19:00:48.853689+00:00,2026-09-05T19:00:43.868+00:00,pub_stats,,a,show-5b0cddtl,3432766,7368585,3000000,40,40,0,27,26,41.58,none,f,f+h+q,3,608,1080,608,1080,"SimulcastEncoderAdapter (libvpx, libvpx, libvpx)",3,0,1,0,0,0.017566,0.035,0,,,,,,,live:a,"{""qualityLimitationDurations"":{""cpu"":0,""none"":158.903,""other"":0,""bandwidth"":0.134}}"
2026-09-05T19:00:48.853689+00:00,2026-09-05T19:00:43.869+00:00,director_heartbeat,,a,show-5b0cddtl,,,,,,,,,,,,,,,,,,,,,,,,,,,,,,,,,,"{""state"":""running""}"
2026-09-05T19:00:49.723658+00:00,2026-09-05T19:00:44.729+00:00,mic_level_sample,,a,show-5b0cddtl,,,,,,,,,,,,,,,,,,,,,,,,,,,,,,,,,,"{""deviceId"":""default"",""inputRms"":0.00035213705803241024,""outputRms"":0.00035213705803241024,""deviceLabel"":""Default"",""audioContextState"":""running""}"
2026-09-05T19:00:51.153958+00:00,2026-09-05T19:00:45.873+00:00,pub_stats,,a,show-5b0cddtl,2188449,7553960,2945380,27,27,0,14,27,44.89,none,f,f+h+q,3,608,1080,608,1080,"SimulcastEncoderAdapter (libvpx, libvpx, libvpx)",3,0,1,0,0,0.021544,0.035,0,,,,,,,live:a,"{""qualityLimitationDurations"":{""cpu"":0,""none"":160.906,""other"":0,""bandwidth"":0.134}}"
2026-09-05T19:00:51.680594+00:00,2026-09-05T19:00:46.869+00:00,track_liveness_snapshot,,a,show-5b0cddtl,,,,,,,,,,,,,,,,,,,,,,,,,,,,,,,,,,"{""entries"":[{""key"":""contestant-a-80080d04:TR_VCaCfgTioZkjJZ"",""frames"":null,""reason"":null,""staleSec"":162,""probation"":false}],""trackCount"":1,""ineligibleCount"":0}"
2026-09-05T19:00:52.635633+00:00,2026-09-05T19:00:47.891+00:00,pub_stats,,a,show-5b0cddtl,2031905,7553960,3000000,29,29,0,12,20,47.76,none,f,f+h+q,3,608,1080,608,1080,"SimulcastEncoderAdapter (libvpx, libvpx, libvpx)",3,0,1,0,0,0.028732999999999998,0.041,0,,,,,,,live:a,"{""qualityLimitationDurations"":{""cpu"":0,""none"":162.92,""other"":0,""bandwidth"":0.134}}"
2026-09-05T19:00:54.6388+00:00,2026-09-05T19:00:49.717+00:00,mic_level_sample,,a,show-5b0cddtl,,,,,,,,,,,,,,,,,,,,,,,,,,,,,,,,,,"{""deviceId"":""default"",""inputRms"":0.00021005096279809883,""outputRms"":0.00021005096279809883,""deviceLabel"":""Default"",""audioContextState"":""running""}"
2026-09-05T19:00:54.6388+00:00,2026-09-05T19:00:49.868+00:00,pub_stats,,a,show-5b0cddtl,2316225,7587193,3000000,29,29,0,22,29,43.76,none,f,f+h+q,3,608,1080,608,1080,"SimulcastEncoderAdapter (libvpx, libvpx, libvpx)",3,0,1,0,0,0.032987999999999996,0.035,0,,,,,,,live:a,"{""qualityLimitationDurations"":{""cpu"":0,""none"":164.903,""other"":0,""bandwidth"":0.134}}"
2026-09-05T19:00:56.64346+00:00,2026-09-05T19:00:51.871+00:00,pub_stats,,a,show-5b0cddtl,3744044,7804612,2751340,55,55,0,31,30,44.09,none,f,f+h+q,3,608,1080,608,1080,"SimulcastEncoderAdapter (libvpx, libvpx, libvpx)",3,0,1,0,0,0.010088,0.029,0,,,,,,,live:a,"{""qualityLimitationDurations"":{""cpu"":0,""none"":166.905,""other"":0,""bandwidth"":0.134}}"
2026-09-05T19:00:57.667016+00:00,2026-09-05T19:00:52.366+00:00,track_liveness_snapshot,,a,show-5b0cddtl,,,,,,,,,,,,,,,,,,,,,,,,,,,,,,,,,,"{""entries"":[{""key"":""contestant-a-80080d04:TR_VCaCfgTioZkjJZ"",""frames"":null,""reason"":null,""staleSec"":167,""probation"":false}],""trackCount"":1,""ineligibleCount"":0}"
2026-09-05T19:00:58.680838+00:00,2026-09-05T19:00:53.869+00:00,director_heartbeat,,a,show-5b0cddtl,,,,,,,,,,,,,,,,,,,,,,,,,,,,,,,,,,"{""state"":""running""}"
2026-09-05T19:00:58.680838+00:00,2026-09-05T19:00:53.877+00:00,pub_stats,,a,show-5b0cddtl,2581280,7804612,2967785,50,50,0,23,27,50.82,none,f,f+h+q,3,608,1080,608,1080,"SimulcastEncoderAdapter (libvpx, libvpx, libvpx)",3,0,1,0,0,0.006266,0.029,0,,,,,,,live:a,"{""qualityLimitationDurations"":{""cpu"":0,""none"":168.907,""other"":0,""bandwidth"":0.134}}"
2026-09-05T19:00:59.6695+00:00,2026-09-05T19:00:54.717+00:00,mic_level_sample,,a,show-5b0cddtl,,,,,,,,,,,,,,,,,,,,,,,,,,,,,,,,,,"{""deviceId"":""default"",""inputRms"":0.0005403741184962692,""outputRms"":0.0005403741184962692,""deviceLabel"":""Default"",""audioContextState"":""running""}"
2026-09-05T19:01:01.730505+00:00,2026-09-05T19:00:55.87+00:00,pub_stats,,a,show-5b0cddtl,2467845,7804612,3000000,45,45,0,20,27,51.4,none,f,f+h+q,3,608,1080,608,1080,"SimulcastEncoderAdapter (libvpx, libvpx, libvpx)",3,0,1,0,0,0.013054999999999999,0.029,0,,,,,,,live:a,"{""qualityLimitationDurations"":{""cpu"":0,""none"":170.904,""other"":0,""bandwidth"":0.134}}"
2026-09-05T19:01:02.639588+00:00,2026-09-05T19:00:57.368+00:00,track_liveness_snapshot,,a,show-5b0cddtl,,,,,,,,,,,,,,,,,,,,,,,,,,,,,,,,,,"{""entries"":[{""key"":""contestant-a-80080d04:TR_VCaCfgTioZkjJZ"",""frames"":null,""reason"":null,""staleSec"":173,""probation"":false}],""trackCount"":1,""ineligibleCount"":0}"
2026-09-05T19:01:02.639588+00:00,2026-09-05T19:00:57.875+00:00,pub_stats,,a,show-5b0cddtl,2758476,7804612,3000000,51,51,0,25,25,58.73,none,f,f+h+q,3,608,1080,608,1080,"SimulcastEncoderAdapter (libvpx, libvpx, libvpx)",3,0,1,0,0,0.019177,0.09,0,,,,,,,live:a,"{""qualityLimitationDurations"":{""cpu"":0,""none"":172.909,""other"":0,""bandwidth"":0.134}}"
2026-09-05T19:01:04.842167+00:00,2026-09-05T19:00:59.717+00:00,mic_level_sample,,a,show-5b0cddtl,,,,,,,,,,,,,,,,,,,,,,,,,,,,,,,,,,"{""deviceId"":""default"",""inputRms"":0.0004775804448578427,""outputRms"":0.0004775804448578427,""deviceLabel"":""Default"",""audioContextState"":""running""}"
2026-09-05T19:01:04.842167+00:00,2026-09-05T19:00:59.874+00:00,pub_stats,,a,show-5b0cddtl,2796422,7804612,3000000,50,50,0,27,30,57.86,none,f,f+h+q,3,608,1080,608,1080,"SimulcastEncoderAdapter (libvpx, libvpx, libvpx)",3,0,1,0,0,0.009922,0.029,0,,,,,,,live:a,"{""qualityLimitationDurations"":{""cpu"":0,""none"":174.905,""other"":0,""bandwidth"":0.134}}"
2026-09-05T19:01:06.641466+00:00,2026-09-05T19:01:01.89+00:00,pub_stats,,a,show-5b0cddtl,3064365,7804612,2910968,54,54,0,27,28,47,none,f,f+h+q,3,608,1080,608,1080,"SimulcastEncoderAdapter (libvpx, libvpx, libvpx)",3,0,1,0,0,0.006755,0.029,0,,,,,,,live:a,"{""qualityLimitationDurations"":{""cpu"":0,""none"":176.906,""other"":0,""bandwidth"":0.134}}"
2026-09-05T19:01:07.644093+00:00,2026-09-05T19:01:02.867+00:00,track_liveness_snapshot,,a,show-5b0cddtl,,,,,,,,,,,,,,,,,,,,,,,,,,,,,,,,,,"{""entries"":[{""key"":""contestant-a-80080d04:TR_VCaCfgTioZkjJZ"",""frames"":null,""reason"":null,""staleSec"":178,""probation"":false}],""trackCount"":1,""ineligibleCount"":0}"
2026-09-05T19:01:08.647945+00:00,2026-09-05T19:01:03.868+00:00,director_heartbeat,,a,show-5b0cddtl,,,,,,,,,,,,,,,,,,,,,,,,,,,,,,,,,,"{""state"":""running""}"
2026-09-05T19:01:08.647945+00:00,2026-09-05T19:01:03.874+00:00,pub_stats,,a,show-5b0cddtl,2939300,7804612,3000000,54,54,0,25,25,50.13,none,f,f+h+q,3,608,1080,608,1080,"SimulcastEncoderAdapter (libvpx, libvpx, libvpx)",3,0,1,0,0,0.006522,0.031,0,,,,,,,live:a,"{""qualityLimitationDurations"":{""cpu"":0,""none"":178.904,""other"":0,""bandwidth"":0.134}}"
2026-09-05T19:01:08.647945+00:00,2026-09-05T19:01:03.983+00:00,deck_loop_suspended,,a,show-5b0cddtl,,,,,,,,,,,,,,,,,,,,,,,,,,,,,,,,,,"{""phaseMs"":60000,""suspended"":true}"
2026-09-05T19:01:09.648041+00:00,2026-09-05T19:01:04.716+00:00,mic_level_sample,,a,show-5b0cddtl,,,,,,,,,,,,,,,,,,,,,,,,,,,,,,,,,,"{""deviceId"":""default"",""inputRms"":0.0003510221121336842,""outputRms"":0.0003510221121336842,""deviceLabel"":""Default"",""audioContextState"":""running""}"
2026-09-05T19:01:11.086271+00:00,2026-09-05T19:01:05.873+00:00,pub_stats,,a,show-5b0cddtl,2520696,7804612,3000000,45,45,0,24,25,50.8,none,f,f+h+q,3,608,1080,608,1080,"SimulcastEncoderAdapter (libvpx, libvpx, libvpx)",3,0,1,0,0,0.005810999999999999,0.032,0,,,,,,,live:a,"{""qualityLimitationDurations"":{""cpu"":0,""none"":180.904,""other"":0,""bandwidth"":0.134}}"
2026-09-05T19:01:12.653708+00:00,2026-09-05T19:01:07.879+00:00,pub_stats,,a,show-5b0cddtl,3085791,7804612,3000000,52,52,0,26,27,49.33,none,f,f+h+q,3,608,1080,608,1080,"SimulcastEncoderAdapter (libvpx, libvpx, libvpx)",3,0,1,0,0,0.008154999999999999,0.027,0,,,,,,,live:a,"{""qualityLimitationDurations"":{""cpu"":0,""none"":182.905,""other"":0,""bandwidth"":0.134}}"
2026-09-05T19:01:13.651547+00:00,2026-09-05T19:01:08.368+00:00,track_liveness_snapshot,,a,show-5b0cddtl,,,,,,,,,,,,,,,,,,,,,,,,,,,,,,,,,,"{""entries"":[{""key"":""contestant-a-80080d04:TR_VCaCfgTioZkjJZ"",""frames"":null,""reason"":null,""staleSec"":184,""probation"":false}],""trackCount"":1,""ineligibleCount"":0}"
2026-09-05T19:01:14.645754+00:00,2026-09-05T19:01:09.717+00:00,mic_level_sample,,a,show-5b0cddtl,,,,,,,,,,,,,,,,,,,,,,,,,,,,,,,,,,"{""deviceId"":""default"",""inputRms"":0.0003308411527742103,""outputRms"":0.0003308411527742103,""deviceLabel"":""Default"",""audioContextState"":""running""}"
2026-09-05T19:01:14.645754+00:00,2026-09-05T19:01:09.877+00:00,pub_stats,,a,show-5b0cddtl,2945177,7804612,2986172,47,47,0,26,26,46.36,none,f,f+h+q,3,608,1080,608,1080,"SimulcastEncoderAdapter (libvpx, libvpx, libvpx)",3,0,1,0,0,0.012211,0.027,0,,,,,,,live:a,"{""qualityLimitationDurations"":{""cpu"":0,""none"":184.91,""other"":0,""bandwidth"":0.134}}"
2026-09-05T19:01:16.647729+00:00,2026-09-05T19:01:11.879+00:00,pub_stats,,a,show-5b0cddtl,2793754,7804612,2984105,46,46,0,23,22,49.04,none,f,f+h+q,3,608,1080,608,1080,"SimulcastEncoderAdapter (libvpx, libvpx, libvpx)",3,0,1,0,0,0.005788,0.028,0,,,,,,,live:a,"{""qualityLimitationDurations"":{""cpu"":0,""none"":186.908,""other"":0,""bandwidth"":0.134}}"
2026-09-05T19:01:18.659334+00:00,2026-09-05T19:01:13.866+00:00,track_liveness_snapshot,,a,show-5b0cddtl,,,,,,,,,,,,,,,,,,,,,,,,,,,,,,,,,,"{""entries"":[{""key"":""contestant-a-80080d04:TR_VCaCfgTioZkjJZ"",""frames"":null,""reason"":null,""staleSec"":189,""probation"":false}],""trackCount"":1,""ineligibleCount"":0}"
2026-09-05T19:01:18.659334+00:00,2026-09-05T19:01:13.869+00:00,director_heartbeat,,a,show-5b0cddtl,,,,,,,,,,,,,,,,,,,,,,,,,,,,,,,,,,"{""state"":""running""}"
2026-09-05T19:01:18.659334+00:00,2026-09-05T19:01:13.878+00:00,pub_stats,,a,show-5b0cddtl,2931694,7804612,3000000,47,47,0,23,23,47.96,none,f,f+h+q,3,608,1080,608,1080,"SimulcastEncoderAdapter (libvpx, libvpx, libvpx)",3,0,1,0,0,0.005077,0.03,0,,,,,,,live:a,"{""qualityLimitationDurations"":{""cpu"":0,""none"":188.907,""other"":0,""bandwidth"":0.134}}"
2026-09-05T19:01:19.662371+00:00,2026-09-05T19:01:14.717+00:00,mic_level_sample,,a,show-5b0cddtl,,,,,,,,,,,,,,,,,,,,,,,,,,,,,,,,,,"{""deviceId"":""default"",""inputRms"":0.00045706576551721536,""outputRms"":0.00045706576551721536,""deviceLabel"":""Default"",""audioContextState"":""running""}"
2026-09-05T19:01:21.320703+00:00,2026-09-05T19:01:15.871+00:00,pub_stats,,a,show-5b0cddtl,2944763,7804612,3000000,47,47,0,24,24,51.04,none,f,f+h+q,3,608,1080,608,1080,"SimulcastEncoderAdapter (libvpx, libvpx, libvpx)",3,0,1,0,0,0.008588,0.029,0,,,,,,,live:a,"{""qualityLimitationDurations"":{""cpu"":0,""none"":190.905,""other"":0,""bandwidth"":0.134}}"
2026-09-05T19:01:22.650749+00:00,2026-09-05T19:01:17.877+00:00,pub_stats,,a,show-5b0cddtl,2403254,7804612,3000000,39,39,0,17,20,51.21,none,f,f+h+q,3,608,1080,608,1080,"SimulcastEncoderAdapter (libvpx, libvpx, libvpx)",3,0,1,0,0,0.007488,0.029,0,,,,,,,live:a,"{""qualityLimitationDurations"":{""cpu"":0,""none"":192.906,""other"":0,""bandwidth"":0.134}}"
2026-09-05T19:01:23.82728+00:00,2026-09-05T19:01:18.866+00:00,track_liveness_snapshot,,a,show-5b0cddtl,,,,,,,,,,,,,,,,,,,,,,,,,,,,,,,,,,"{""entries"":[{""key"":""contestant-a-80080d04:TR_VCaCfgTioZkjJZ"",""frames"":null,""reason"":null,""staleSec"":194,""probation"":false}],""trackCount"":1,""ineligibleCount"":0}"
2026-09-05T19:01:24.781315+00:00,2026-09-05T19:01:19.718+00:00,mic_level_sample,,a,show-5b0cddtl,,,,,,,,,,,,,,,,,,,,,,,,,,,,,,,,,,"{""deviceId"":""default"",""inputRms"":0.0009446162156882599,""outputRms"":0.0009446162156882599,""deviceLabel"":""Default"",""audioContextState"":""running""}"
2026-09-05T19:01:24.781315+00:00,2026-09-05T19:01:19.87+00:00,pub_stats,,a,show-5b0cddtl,2913679,7804612,3000000,44,44,0,21,21,49.93,none,f,f+h+q,3,608,1080,608,1080,"SimulcastEncoderAdapter (libvpx, libvpx, libvpx)",3,0,1,0,0,0.010565999999999999,0.027,0,,,,,,,live:a,"{""qualityLimitationDurations"":{""cpu"":0,""none"":194.903,""other"":0,""bandwidth"":0.134}}"
2026-09-05T19:01:26.644795+00:00,2026-09-05T19:01:21.875+00:00,pub_stats,,a,show-5b0cddtl,3174065,7804612,2936123,47,47,0,24,24,50.13,none,f,f+h+q,3,608,1080,608,1080,"SimulcastEncoderAdapter (libvpx, libvpx, libvpx)",3,0,1,0,0,0.004255,0.029,0,,,,,,,live:a,"{""qualityLimitationDurations"":{""cpu"":0,""none"":196.904,""other"":0,""bandwidth"":0.134}}"
2026-09-05T19:01:28.656943+00:00,2026-09-05T19:01:23.867+00:00,track_liveness_snapshot,,a,show-5b0cddtl,,,,,,,,,,,,,,,,,,,,,,,,,,,,,,,,,,"{""entries"":[{""key"":""contestant-a-80080d04:TR_VCaCfgTioZkjJZ"",""frames"":null,""reason"":null,""staleSec"":199,""probation"":false}],""trackCount"":1,""ineligibleCount"":0}"
2026-09-05T19:01:28.656943+00:00,2026-09-05T19:01:23.868+00:00,director_heartbeat,,a,show-5b0cddtl,,,,,,,,,,,,,,,,,,,,,,,,,,,,,,,,,,"{""state"":""running""}"
2026-09-05T19:01:28.656943+00:00,2026-09-05T19:01:23.873+00:00,pub_stats,,a,show-5b0cddtl,2902599,7804612,2991208,44,44,0,23,23,54.32,none,f,f+h+q,3,608,1080,608,1080,"SimulcastEncoderAdapter (libvpx, libvpx, libvpx)",3,0,1,0,0,0.006055,0.027,0,,,,,,,live:a,"{""qualityLimitationDurations"":{""cpu"":0,""none"":198.906,""other"":0,""bandwidth"":0.134}}"
2026-09-05T19:01:29.639834+00:00,2026-09-05T19:01:24.716+00:00,mic_level_sample,,a,show-5b0cddtl,,,,,,,,,,,,,,,,,,,,,,,,,,,,,,,,,,"{""deviceId"":""default"",""inputRms"":0.0003839933840969584,""outputRms"":0.0003839933840969584,""deviceLabel"":""Default"",""audioContextState"":""running""}"
2026-09-05T19:01:30.823551+00:00,2026-09-05T19:01:25.878+00:00,pub_stats,,a,show-5b0cddtl,3144554,7804612,3000000,49,49,0,24,25,53.53,none,f,f+h+q,3,608,1080,608,1080,"SimulcastEncoderAdapter (libvpx, libvpx, libvpx)",3,0,1,0,0,0.004377,0.027,0,,,,,,,live:a,"{""qualityLimitationDurations"":{""cpu"":0,""none"":200.906,""other"":0,""bandwidth"":0.134}}"
2026-09-05T19:01:32.659292+00:00,2026-09-05T19:01:27.873+00:00,pub_stats,,a,show-5b0cddtl,3177604,7804612,2872890,51,51,0,26,26,52.57,none,f,f+h+q,3,608,1080,608,1080,"SimulcastEncoderAdapter (libvpx, libvpx, libvpx)",3,0,1,0,0,0.005088,0.033,0,,,,,,,live:a,"{""qualityLimitationDurations"":{""cpu"":0,""none"":202.904,""other"":0,""bandwidth"":0.134}}"
2026-09-05T19:01:34.659948+00:00,2026-09-05T19:01:29.365+00:00,track_liveness_snapshot,,a,show-5b0cddtl,,,,,,,,,,,,,,,,,,,,,,,,,,,,,,,,,,"{""entries"":[{""key"":""contestant-a-80080d04:TR_VCaCfgTioZkjJZ"",""frames"":null,""reason"":null,""staleSec"":204,""probation"":false}],""trackCount"":1,""ineligibleCount"":0}"
2026-09-05T19:01:34.659948+00:00,2026-09-05T19:01:29.717+00:00,mic_level_sample,,a,show-5b0cddtl,,,,,,,,,,,,,,,,,,,,,,,,,,,,,,,,,,"{""deviceId"":""default"",""inputRms"":0.0003845282962740656,""outputRms"":0.0003845282962740656,""deviceLabel"":""Default"",""audioContextState"":""running""}"
2026-09-05T19:01:34.659948+00:00,2026-09-05T19:01:29.871+00:00,pub_stats,,a,show-5b0cddtl,2900537,7804612,2941997,50,50,0,26,26,47.46,none,f,f+h+q,3,608,1080,608,1080,"SimulcastEncoderAdapter (libvpx, libvpx, libvpx)",3,0,1,0,0,0.006188,0.032,0,,,,,,,live:a,"{""qualityLimitationDurations"":{""cpu"":0,""none"":204.905,""other"":0,""bandwidth"":0.134}}"
2026-09-05T19:01:36.657805+00:00,2026-09-05T19:01:31.869+00:00,pub_stats,,a,show-5b0cddtl,3283828,7804612,2910705,56,56,0,29,28,33.48,none,f,f+h+q,3,608,1080,608,1080,"SimulcastEncoderAdapter (libvpx, libvpx, libvpx)",3,0,1,0,0,0.0087,0.033,0,,,,,,,live:a,"{""qualityLimitationDurations"":{""cpu"":0,""none"":206.904,""other"":0,""bandwidth"":0.134}}"
2026-09-05T19:01:38.654979+00:00,2026-09-05T19:01:33.87+00:00,pub_stats,,a,show-5b0cddtl,2729991,7804612,2994897,49,49,0,25,24,31.86,none,f,f+h+q,3,608,1080,608,1080,"SimulcastEncoderAdapter (libvpx, libvpx, libvpx)",3,0,1,0,0,0.006566,0.033,0,,,,,,,live:a,"{""qualityLimitationDurations"":{""cpu"":0,""none"":208.904,""other"":0,""bandwidth"":0.134}}"
2026-09-05T19:01:38.654979+00:00,2026-09-05T19:01:33.871+00:00,director_heartbeat,,a,show-5b0cddtl,,,,,,,,,,,,,,,,,,,,,,,,,,,,,,,,,,"{""state"":""running""}"
2026-09-05T19:01:39.656097+00:00,2026-09-05T19:01:34.365+00:00,track_liveness_snapshot,,a,show-5b0cddtl,,,,,,,,,,,,,,,,,,,,,,,,,,,,,,,,,,"{""entries"":[{""key"":""contestant-a-80080d04:TR_VCaCfgTioZkjJZ"",""frames"":null,""reason"":null,""staleSec"":209,""probation"":false}],""trackCount"":1,""ineligibleCount"":0}"
2026-09-05T19:01:39.656097+00:00,2026-09-05T19:01:34.717+00:00,mic_level_sample,,a,show-5b0cddtl,,,,,,,,,,,,,,,,,,,,,,,,,,,,,,,,,,"{""deviceId"":""default"",""inputRms"":0.00014722458263704614,""outputRms"":0.00014722458263704614,""deviceLabel"":""Default"",""audioContextState"":""running""}"
2026-09-05T19:01:40.727049+00:00,2026-09-05T19:01:35.87+00:00,pub_stats,,a,show-5b0cddtl,3053064,7804612,3000000,53,53,0,26,27,31.28,none,f,f+h+q,3,608,1080,608,1080,"SimulcastEncoderAdapter (libvpx, libvpx, libvpx)",3,0,1,0,0,0.005755,0.03,0,,,,,,,live:a,"{""qualityLimitationDurations"":{""cpu"":0,""none"":210.904,""other"":0,""bandwidth"":0.134}}"
2026-09-05T19:01:42.649576+00:00,2026-09-05T19:01:37.876+00:00,pub_stats,,a,show-5b0cddtl,2788467,7804612,3000000,52,52,0,26,26,25.42,none,f,f+h+q,3,608,1080,608,1080,"SimulcastEncoderAdapter (libvpx, libvpx, libvpx)",3,0,1,0,0,0.005566,0.034,0,,,,,,,live:a,"{""qualityLimitationDurations"":{""cpu"":0,""none"":212.905,""other"":0,""bandwidth"":0.134}}"
2026-09-05T19:01:44.653598+00:00,2026-09-05T19:01:39.375+00:00,track_liveness_snapshot,,a,show-5b0cddtl,,,,,,,,,,,,,,,,,,,,,,,,,,,,,,,,,,"{""entries"":[{""key"":""contestant-a-80080d04:TR_VCaCfgTioZkjJZ"",""frames"":null,""reason"":null,""staleSec"":215,""probation"":false}],""trackCount"":1,""ineligibleCount"":0}"
2026-09-05T19:01:44.653598+00:00,2026-09-05T19:01:39.716+00:00,mic_level_sample,,a,show-5b0cddtl,,,,,,,,,,,,,,,,,,,,,,,,,,,,,,,,,,"{""deviceId"":""default"",""inputRms"":0.00029357373337784537,""outputRms"":0.00029357373337784537,""deviceLabel"":""Default"",""audioContextState"":""running""}"
2026-09-05T19:01:44.653598+00:00,2026-09-05T19:01:39.876+00:00,pub_stats,,a,show-5b0cddtl,2803516,7804612,3000000,49,49,0,27,28,20.78,none,f,f+h+q,3,608,1080,608,1080,"SimulcastEncoderAdapter (libvpx, libvpx, libvpx)",3,0,1,0,0,0.004455,0.028,0,,,,,,,live:a,"{""qualityLimitationDurations"":{""cpu"":0,""none"":214.906,""other"":0,""bandwidth"":0.134}}"
2026-09-05T19:01:46.641616+00:00,2026-09-05T19:01:41.884+00:00,pub_stats,,a,show-5b0cddtl,3271980,7804612,2833387,55,55,0,26,26,20.25,none,f,f+h+q,3,608,1080,608,1080,"SimulcastEncoderAdapter (libvpx, libvpx, libvpx)",3,0,1,0,0,0.009988,0.028,0,,,,,,,live:a,"{""qualityLimitationDurations"":{""cpu"":0,""none"":216.91,""other"":0,""bandwidth"":0.134}}"
2026-09-05T19:01:48.694519+00:00,2026-09-05T19:01:43.869+00:00,director_heartbeat,,a,show-5b0cddtl,,,,,,,,,,,,,,,,,,,,,,,,,,,,,,,,,,"{""state"":""running""}"
2026-09-05T19:01:48.694519+00:00,2026-09-05T19:01:43.871+00:00,pub_stats,,a,show-5b0cddtl,2963342,7804612,2971720,56,56,0,27,27,21.75,none,f,f+h+q,3,608,1080,608,1080,"SimulcastEncoderAdapter (libvpx, libvpx, libvpx)",3,0,1,0,0,0.007022,0.027,0,,,,,,,live:a,"{""qualityLimitationDurations"":{""cpu"":0,""none"":218.904,""other"":0,""bandwidth"":0.134}}"
2026-09-05T19:01:49.631824+00:00,2026-09-05T19:01:44.716+00:00,mic_level_sample,,a,show-5b0cddtl,,,,,,,,,,,,,,,,,,,,,,,,,,,,,,,,,,"{""deviceId"":""default"",""inputRms"":0.00035689851775077766,""outputRms"":0.00035689851775077766,""deviceLabel"":""Default"",""audioContextState"":""running""}"
2026-09-05T19:01:49.631824+00:00,2026-09-05T19:01:44.869+00:00,track_liveness_snapshot,,a,show-5b0cddtl,,,,,,,,,,,,,,,,,,,,,,,,,,,,,,,,,,"{""entries"":[{""key"":""contestant-a-80080d04:TR_VCaCfgTioZkjJZ"",""frames"":null,""reason"":null,""staleSec"":220,""probation"":false}],""trackCount"":1,""ineligibleCount"":0}"
2026-09-05T19:01:50.670031+00:00,2026-09-05T19:01:45.879+00:00,pub_stats,,a,show-5b0cddtl,2907649,7804612,3000000,54,54,0,29,28,23.07,none,f,f+h+q,3,608,1080,608,1080,"SimulcastEncoderAdapter (libvpx, libvpx, libvpx)",3,0,1,0,0,0.005366,0.036,0,,,,,,,live:a,"{""qualityLimitationDurations"":{""cpu"":0,""none"":220.909,""other"":0,""bandwidth"":0.134}}"
2026-09-05T19:01:52.755985+00:00,2026-09-05T19:01:47.872+00:00,pub_stats,,a,show-5b0cddtl,3515745,7804612,2707717,58,58,0,29,28,28.64,none,f,f+h+q,3,608,1080,608,1080,"SimulcastEncoderAdapter (libvpx, libvpx, libvpx)",3,0,1,0,0,0.005621999999999999,0.032,0,,,,,,,live:a,"{""qualityLimitationDurations"":{""cpu"":0,""none"":222.906,""other"":0,""bandwidth"":0.134}}"
2026-09-05T19:01:54.653885+00:00,2026-09-05T19:01:49.717+00:00,mic_level_sample,,a,show-5b0cddtl,,,,,,,,,,,,,,,,,,,,,,,,,,,,,,,,,,"{""deviceId"":""default"",""inputRms"":0.0003238507233736664,""outputRms"":0.0003238507233736664,""deviceLabel"":""Default"",""audioContextState"":""running""}"
2026-09-05T19:01:54.653885+00:00,2026-09-05T19:01:49.874+00:00,pub_stats,,a,show-5b0cddtl,2388016,7804612,3000000,56,56,0,30,30,50.79,none,f,f+h+q,3,608,1080,608,1080,"SimulcastEncoderAdapter (libvpx, libvpx, libvpx)",3,0,1,0,0,0.008433,0.032,0,,,,,,,live:a,"{""qualityLimitationDurations"":{""cpu"":0,""none"":224.905,""other"":0,""bandwidth"":0.134}}"
2026-09-05T19:01:55.643616+00:00,2026-09-05T19:01:50.366+00:00,track_liveness_snapshot,,a,show-5b0cddtl,,,,,,,,,,,,,,,,,,,,,,,,,,,,,,,,,,"{""entries"":[{""key"":""contestant-a-80080d04:TR_VCaCfgTioZkjJZ"",""frames"":null,""reason"":null,""staleSec"":225,""probation"":false}],""trackCount"":1,""ineligibleCount"":0}"
2026-09-05T19:01:56.637364+00:00,2026-09-05T19:01:51.878+00:00,pub_stats,,a,show-5b0cddtl,3426910,7804612,2892083,57,57,0,29,28,26.26,none,f,f+h+q,3,608,1080,608,1080,"SimulcastEncoderAdapter (libvpx, libvpx, libvpx)",3,0,1,0,0,0.007065999999999999,0.029,0,,,,,,,live:a,"{""qualityLimitationDurations"":{""cpu"":0,""none"":226.904,""other"":0,""bandwidth"":0.134}}"
2026-09-05T19:01:58.643178+00:00,2026-09-05T19:01:53.873+00:00,director_heartbeat,,a,show-5b0cddtl,,,,,,,,,,,,,,,,,,,,,,,,,,,,,,,,,,"{""state"":""running""}"
2026-09-05T19:01:58.643178+00:00,2026-09-05T19:01:53.884+00:00,pub_stats,,a,show-5b0cddtl,2603936,7804612,2904432,57,57,0,28,27,50.51,none,f,f+h+q,3,608,1080,608,1080,"SimulcastEncoderAdapter (libvpx, libvpx, libvpx)",3,0,1,0,0,0.0073999999999999995,0.027,0,,,,,,,live:a,"{""qualityLimitationDurations"":{""cpu"":0,""none"":228.915,""other"":0,""bandwidth"":0.134}}"
2026-09-05T19:01:59.699836+00:00,2026-09-05T19:01:54.716+00:00,mic_level_sample,,a,show-5b0cddtl,,,,,,,,,,,,,,,,,,,,,,,,,,,,,,,,,,"{""deviceId"":""default"",""inputRms"":0.00019136800584629795,""outputRms"":0.00019136800584629795,""deviceLabel"":""Default"",""audioContextState"":""running""}"
2026-09-05T19:02:00.640699+00:00,2026-09-05T19:01:55.365+00:00,track_liveness_snapshot,,a,show-5b0cddtl,,,,,,,,,,,,,,,,,,,,,,,,,,,,,,,,,,"{""entries"":[{""key"":""contestant-a-80080d04:TR_VCaCfgTioZkjJZ"",""frames"":null,""reason"":null,""staleSec"":230,""probation"":false}],""trackCount"":1,""ineligibleCount"":0}"
2026-09-05T19:02:00.640699+00:00,2026-09-05T19:01:55.875+00:00,pub_stats,,a,show-5b0cddtl,2960912,7804612,3000000,57,57,0,29,28,37.33,none,f,f+h+q,3,608,1080,608,1080,"SimulcastEncoderAdapter (libvpx, libvpx, libvpx)",3,0,1,0,0,0.0065439999999999995,0.028,0,,,,,,,live:a,"{""qualityLimitationDurations"":{""cpu"":0,""none"":230.904,""other"":0,""bandwidth"":0.134}}"
2026-09-05T19:02:02.641579+00:00,2026-09-05T19:01:57.872+00:00,pub_stats,,a,show-5b0cddtl,3088244,7804612,2871655,57,57,0,29,29,49.09,none,f,f+h+q,3,608,1080,608,1080,"SimulcastEncoderAdapter (libvpx, libvpx, libvpx)",3,0,1,0,0,0.010655,0.028,0,,,,,,,live:a,"{""qualityLimitationDurations"":{""cpu"":0,""none"":232.904,""other"":0,""bandwidth"":0.134}}"
2026-09-05T19:02:04.634441+00:00,2026-09-05T19:01:59.717+00:00,mic_level_sample,,a,show-5b0cddtl,,,,,,,,,,,,,,,,,,,,,,,,,,,,,,,,,,"{""deviceId"":""default"",""inputRms"":0.0004580834384503041,""outputRms"":0.0004580834384503041,""deviceLabel"":""Default"",""audioContextState"":""running""}"
2026-09-05T19:02:04.634441+00:00,2026-09-05T19:01:59.873+00:00,pub_stats,,a,show-5b0cddtl,2630957,7804612,3000000,55,55,0,29,28,40.75,none,f,f+h+q,3,608,1080,608,1080,"SimulcastEncoderAdapter (libvpx, libvpx, libvpx)",3,0,1,0,0,0.008376999999999999,0.029,0,,,,,,,live:a,"{""qualityLimitationDurations"":{""cpu"":0,""none"":234.905,""other"":0,""bandwidth"":0.134}}"
2026-09-05T19:02:05.651437+00:00,2026-09-05T19:02:00.365+00:00,track_liveness_snapshot,,a,show-5b0cddtl,,,,,,,,,,,,,,,,,,,,,,,,,,,,,,,,,,"{""entries"":[{""key"":""contestant-a-80080d04:TR_VCaCfgTioZkjJZ"",""frames"":null,""reason"":null,""staleSec"":235,""probation"":false}],""trackCount"":1,""ineligibleCount"":0}"
2026-09-05T19:02:06.638503+00:00,2026-09-05T19:02:01.871+00:00,pub_stats,,a,show-5b0cddtl,2932000,7804612,3000000,53,53,0,28,28,29.49,none,f,f+h+q,3,608,1080,608,1080,"SimulcastEncoderAdapter (libvpx, libvpx, libvpx)",3,0,1,0,0,0.007077,0.026,0,,,,,,,live:a,"{""qualityLimitationDurations"":{""cpu"":0,""none"":236.905,""other"":0,""bandwidth"":0.134}}"
2026-09-05T19:02:08.655612+00:00,2026-09-05T19:02:03.868+00:00,director_heartbeat,,a,show-5b0cddtl,,,,,,,,,,,,,,,,,,,,,,,,,,,,,,,,,,"{""state"":""running""}"
2026-09-05T19:02:08.655612+00:00,2026-09-05T19:02:03.872+00:00,pub_stats,,a,show-5b0cddtl,3349385,7804612,2799280,58,58,0,29,28,29.09,none,f,f+h+q,3,608,1080,608,1080,"SimulcastEncoderAdapter (libvpx, libvpx, libvpx)",3,0,1,0,0,0.006999999999999999,0.04,0,,,,,,,live:a,"{""qualityLimitationDurations"":{""cpu"":0,""none"":238.905,""other"":0,""bandwidth"":0.134}}"
2026-09-05T19:02:08.655612+00:00,2026-09-05T19:02:03.982+00:00,backing_deck_raf,,a,show-5b0cddtl,,,,,,,,,,,,,,,,,,,,,,,,,,,,,interval,,,,,"{""elapsedMs"":89983,""idleFrames"":1444,""hasDuration"":false,""activeFrames"":0,""changedLabel"":0,""changedWidth"":0,""playingFrames"":0}"
2026-09-05T19:02:08.655612+00:00,2026-09-05T19:02:03.982+00:00,deck_loop_suspended,,a,show-5b0cddtl,,,,,,,,,,,,,,,,,,,,,,,,,,,,,,,,,,"{""phaseMs"":60000,""suspended"":false}"
2026-09-05T19:02:09.642793+00:00,2026-09-05T19:02:04.718+00:00,mic_level_sample,,a,show-5b0cddtl,,,,,,,,,,,,,,,,,,,,,,,,,,,,,,,,,,"{""deviceId"":""default"",""inputRms"":0.0005947182161273244,""outputRms"":0.000491419038289681,""deviceLabel"":""Default"",""audioContextState"":""running""}"
2026-09-05T19:02:10.659872+00:00,2026-09-05T19:02:05.368+00:00,track_liveness_snapshot,,a,show-5b0cddtl,,,,,,,,,,,,,,,,,,,,,,,,,,,,,,,,,,"{""entries"":[{""key"":""contestant-a-80080d04:TR_VCaCfgTioZkjJZ"",""frames"":null,""reason"":null,""staleSec"":241,""probation"":false}],""trackCount"":1,""ineligibleCount"":0}"
2026-09-05T19:02:10.659872+00:00,2026-09-05T19:02:05.874+00:00,pub_stats,,a,show-5b0cddtl,2634314,7804612,3000000,53,53,0,26,27,53.17,none,f,f+h+q,3,608,1080,608,1080,"SimulcastEncoderAdapter (libvpx, libvpx, libvpx)",3,0,1,0,0,0.008522,0.04,0,,,,,,,live:a,"{""qualityLimitationDurations"":{""cpu"":0,""none"":240.907,""other"":0,""bandwidth"":0.134}}"
2026-09-05T19:02:12.676123+00:00,2026-09-05T19:02:07.874+00:00,pub_stats,,a,show-5b0cddtl,2889840,7804612,3000000,56,56,0,29,28,47.23,none,f,f+h+q,3,608,1080,608,1080,"SimulcastEncoderAdapter (libvpx, libvpx, libvpx)",4,0,1,0,0,0.008477,0.028,0,,,,,,,live:a,"{""qualityLimitationDurations"":{""cpu"":0,""none"":242.905,""other"":0,""bandwidth"":0.134}}"
2026-09-05T19:02:14.658288+00:00,2026-09-05T19:02:09.716+00:00,mic_level_sample,,a,show-5b0cddtl,,,,,,,,,,,,,,,,,,,,,,,,,,,,,,,,,,"{""deviceId"":""default"",""inputRms"":0.00030046946777699643,""outputRms"":0.00030046946777699643,""deviceLabel"":""Default"",""audioContextState"":""running""}"
2026-09-05T19:02:14.658288+00:00,2026-09-05T19:02:09.873+00:00,pub_stats,,a,show-5b0cddtl,2777225,7804612,2997470,54,54,0,25,25,45.28,none,f,f+h+q,3,608,1080,608,1080,"SimulcastEncoderAdapter (libvpx, libvpx, libvpx)",4,0,1,0,0,0.007088,0.027,0,,,,,,,live:a,"{""qualityLimitationDurations"":{""cpu"":0,""none"":244.906,""other"":0,""bandwidth"":0.134}}"
2026-09-05T19:02:15.662533+00:00,2026-09-05T19:02:10.37+00:00,track_liveness_snapshot,,a,show-5b0cddtl,,,,,,,,,,,,,,,,,,,,,,,,,,,,,,,,,,"{""entries"":[{""key"":""contestant-a-80080d04:TR_VCaCfgTioZkjJZ"",""frames"":null,""reason"":null,""staleSec"":246,""probation"":false}],""trackCount"":1,""ineligibleCount"":0}"
2026-09-05T19:02:16.929207+00:00,2026-09-05T19:02:11.878+00:00,pub_stats,,a,show-5b0cddtl,2670296,7804612,3000000,50,50,0,23,23,43.22,none,f,f+h+q,3,608,1080,608,1080,"SimulcastEncoderAdapter (libvpx, libvpx, libvpx)",4,0,1,0,0,0.010288,0.031,0,,,,,,,live:a,"{""qualityLimitationDurations"":{""cpu"":0,""none"":246.905,""other"":0,""bandwidth"":0.134}}"
2026-09-05T19:02:18.660897+00:00,2026-09-05T19:02:13.869+00:00,director_heartbeat,,a,show-5b0cddtl,,,,,,,,,,,,,,,,,,,,,,,,,,,,,,,,,,"{""state"":""running""}"
2026-09-05T19:02:18.660897+00:00,2026-09-05T19:02:13.872+00:00,pub_stats,,a,show-5b0cddtl,3286848,7804612,3000000,55,55,0,29,28,33.8,none,f,f+h+q,3,608,1080,608,1080,"SimulcastEncoderAdapter (libvpx, libvpx, libvpx)",4,0,1,0,0,0.006032999999999999,0.031,0,,,,,,,live:a,"{""qualityLimitationDurations"":{""cpu"":0,""none"":248.905,""other"":0,""bandwidth"":0.134}}"
2026-09-05T19:02:19.653702+00:00,2026-09-05T19:02:14.717+00:00,mic_level_sample,,a,show-5b0cddtl,,,,,,,,,,,,,,,,,,,,,,,,,,,,,,,,,,"{""deviceId"":""default"",""inputRms"":0.00036599729186965845,""outputRms"":0.00036599729186965845,""deviceLabel"":""Default"",""audioContextState"":""running""}"
2026-09-05T19:02:20.650507+00:00,2026-09-05T19:02:15.873+00:00,track_liveness_snapshot,,a,show-5b0cddtl,,,,,,,,,,,,,,,,,,,,,,,,,,,,,,,,,,"{""entries"":[{""key"":""contestant-a-80080d04:TR_VCaCfgTioZkjJZ"",""frames"":null,""reason"":null,""staleSec"":251,""probation"":false}],""trackCount"":1,""ineligibleCount"":0}"
2026-09-05T19:02:20.650507+00:00,2026-09-05T19:02:15.887+00:00,pub_stats,,a,show-5b0cddtl,2139183,7804612,3000000,40,40,0,14,19,46.98,none,f,f+h+q,3,608,1080,608,1080,"SimulcastEncoderAdapter (libvpx, libvpx, libvpx)",4,0,1,0,0,0.019133,0.039,0,,,,,,,live:a,"{""qualityLimitationDurations"":{""cpu"":0,""none"":250.915,""other"":0,""bandwidth"":0.134}}"
2026-09-05T19:02:22.661557+00:00,2026-09-05T19:02:17.88+00:00,pub_stats,,a,show-5b0cddtl,2835665,7804612,3000000,44,44,0,24,25,42.98,none,f,f+h+q,3,608,1080,608,1080,"SimulcastEncoderAdapter (libvpx, libvpx, libvpx)",4,0,1,0,0,0.016788,0.03,0,,,,,,,live:a,"{""qualityLimitationDurations"":{""cpu"":0,""none"":252.907,""other"":0,""bandwidth"":0.134}}"
2026-09-05T19:02:24.653907+00:00,2026-09-05T19:02:19.716+00:00,mic_level_sample,,a,show-5b0cddtl,,,,,,,,,,,,,,,,,,,,,,,,,,,,,,,,,,"{""deviceId"":""default"",""inputRms"":0.00032517077826692406,""outputRms"":0.00032517077826692406,""deviceLabel"":""Default"",""audioContextState"":""running""}"
2026-09-05T19:02:24.653907+00:00,2026-09-05T19:02:19.88+00:00,pub_stats,,a,show-5b0cddtl,2067360,7804612,3000000,32,32,0,13,13,49.97,none,f,f+h+q,3,608,1080,608,1080,"SimulcastEncoderAdapter (libvpx, libvpx, libvpx)",4,0,1,0,0,0.011899999999999999,0.032,0,,,,,,,live:a,"{""qualityLimitationDurations"":{""cpu"":0,""none"":254.908,""other"":0,""bandwidth"":0.134}}"
2026-09-05T19:02:25.712507+00:00,2026-09-05T19:02:20.879+00:00,track_liveness_snapshot,,a,show-5b0cddtl,,,,,,,,,,,,,,,,,,,,,,,,,,,,,,,,,,"{""entries"":[{""key"":""contestant-a-80080d04:TR_VCaCfgTioZkjJZ"",""frames"":null,""reason"":null,""staleSec"":256,""probation"":false}],""trackCount"":1,""ineligibleCount"":0}"
2026-09-05T19:02:26.956277+00:00,2026-09-05T19:02:21.929+00:00,pub_stats,,a,show-5b0cddtl,1713109,7804612,3000000,21,21,0,6,7,44.14,none,f,f+h+q,3,608,1080,608,1080,"SimulcastEncoderAdapter (libvpx, libvpx, libvpx)",4,0,1,0,0,0.016977,0.032,0,,,,,,,live:a,"{""qualityLimitationDurations"":{""cpu"":0,""none"":256.956,""other"":0,""bandwidth"":0.134}}"
2026-09-05T19:02:28.685565+00:00,2026-09-05T19:02:23.884+00:00,director_heartbeat,,a,show-5b0cddtl,,,,,,,,,,,,,,,,,,,,,,,,,,,,,,,,,,"{""state"":""running""}"
2026-09-05T19:02:28.685565+00:00,2026-09-05T19:02:23.899+00:00,pub_stats,,a,show-5b0cddtl,2476146,7804612,3000000,23,23,0,15,17,39.04,none,f,f+h+q,3,608,1080,608,1080,"SimulcastEncoderAdapter (libvpx, libvpx, libvpx)",4,0,1,0,0,0.032833,0.038,0,,,,,,,live:a,"{""qualityLimitationDurations"":{""cpu"":0,""none"":258.923,""other"":0,""bandwidth"":0.134}}"
2026-09-05T19:02:29.642435+00:00,2026-09-05T19:02:24.717+00:00,mic_level_sample,,a,show-5b0cddtl,,,,,,,,,,,,,,,,,,,,,,,,,,,,,,,,,,"{""deviceId"":""default"",""inputRms"":0.00036775986611081566,""outputRms"":0.00036775986611081566,""deviceLabel"":""Default"",""audioContextState"":""running""}"
2026-09-05T19:02:30.66864+00:00,2026-09-05T19:02:25.899+00:00,pub_stats,,a,show-5b0cddtl,3785116,7808314,2508060,38,38,0,21,24,42.11,none,f,f+h+q,3,608,1080,608,1080,"SimulcastEncoderAdapter (libvpx, libvpx, libvpx)",4,0,1,0,0,0.029022,0.059,0,,,,,,,live:a,"{""qualityLimitationDurations"":{""cpu"":0,""none"":260.916,""other"":0,""bandwidth"":0.134}}"
2026-09-05T19:02:31.897384+00:00,2026-09-05T19:02:26.368+00:00,track_liveness_snapshot,,a,show-5b0cddtl,,,,,,,,,,,,,,,,,,,,,,,,,,,,,,,,,,"{""entries"":[{""key"":""contestant-a-80080d04:TR_VCaCfgTioZkjJZ"",""frames"":null,""reason"":null,""staleSec"":262,""probation"":false}],""trackCount"":1,""ineligibleCount"":0}"
2026-09-05T19:02:32.654664+00:00,2026-09-05T19:02:27.904+00:00,pub_stats,,a,show-5b0cddtl,2750831,7808314,2774973,43,43,0,20,23,56.05,none,f,f+h+q,3,608,1080,608,1080,"SimulcastEncoderAdapter (libvpx, libvpx, libvpx)",4,0,1,0,0,0.022376999999999998,0.033,0,,,,,,,live:a,"{""qualityLimitationDurations"":{""cpu"":0,""none"":262.927,""other"":0,""bandwidth"":0.134}}"
2026-09-05T19:02:34.639196+00:00,2026-09-05T19:02:29.717+00:00,mic_level_sample,,a,show-5b0cddtl,,,,,,,,,,,,,,,,,,,,,,,,,,,,,,,,,,"{""deviceId"":""default"",""inputRms"":0.0006058121796451684,""outputRms"":0.0006058121796451684,""deviceLabel"":""Default"",""audioContextState"":""running""}"
2026-09-05T19:02:34.639196+00:00,2026-09-05T19:02:29.893+00:00,pub_stats,,a,show-5b0cddtl,2443829,7808314,3000000,38,38,0,18,20,52.47,none,f,f+h+q,3,608,1080,608,1080,"SimulcastEncoderAdapter (libvpx, libvpx, libvpx)",4,0,1,0,0,0.016011,0.033,0,,,,,,,live:a,"{""qualityLimitationDurations"":{""cpu"":0,""none"":264.919,""other"":0,""bandwidth"":0.134}}"
2026-09-05T19:02:37.156464+00:00,2026-09-05T19:02:31.936+00:00,track_liveness_snapshot,,a,show-5b0cddtl,,,,,,,,,,,,,,,,,,,,,,,,,,,,,,,,,,"{""entries"":[{""key"":""contestant-a-80080d04:TR_VCaCfgTioZkjJZ"",""frames"":null,""reason"":null,""staleSec"":267,""probation"":false}],""trackCount"":1,""ineligibleCount"":0}"
2026-09-05T19:02:37.156464+00:00,2026-09-05T19:02:32.001+00:00,pub_stats,,a,show-5b0cddtl,2390273,7808314,3000000,35,35,0,19,18,52.26,none,f,f+h+q,3,608,1080,608,1080,"SimulcastEncoderAdapter (libvpx, libvpx, libvpx)",4,0,1,0,0,0.022,0.033,0,,,,,,,live:a,"{""qualityLimitationDurations"":{""cpu"":0,""none"":267.014,""other"":0,""bandwidth"":0.134}}"
2026-09-05T19:02:38.661562+00:00,2026-09-05T19:02:33.868+00:00,director_heartbeat,,a,show-5b0cddtl,,,,,,,,,,,,,,,,,,,,,,,,,,,,,,,,,,"{""state"":""running""}"
2026-09-05T19:02:38.661562+00:00,2026-09-05T19:02:33.872+00:00,pub_stats,,a,show-5b0cddtl,2923254,7808314,3000000,35,35,0,18,19,48.4,none,f,f+h+q,3,608,1080,608,1080,"SimulcastEncoderAdapter (libvpx, libvpx, libvpx)",4,0,1,0,0,0.022744,0.03,0,,,,,,,live:a,"{""qualityLimitationDurations"":{""cpu"":0,""none"":268.904,""other"":0,""bandwidth"":0.134}}"
2026-09-05T19:02:38.661562+00:00,2026-09-05T19:02:33.999+00:00,backing_deck_raf,,a,show-5b0cddtl,,,,,,,,,,,,,,,,,,,,,,,,,,,,,interval,,,,,"{""elapsedMs"":30016,""idleFrames"":1334,""hasDuration"":false,""activeFrames"":0,""changedLabel"":0,""changedWidth"":0,""playingFrames"":0}"
2026-09-05T19:02:39.647683+00:00,2026-09-05T19:02:34.717+00:00,mic_level_sample,,a,show-5b0cddtl,,,,,,,,,,,,,,,,,,,,,,,,,,,,,,,,,,"{""deviceId"":""default"",""inputRms"":0.00022222453356204048,""outputRms"":0.00022222453356204048,""deviceLabel"":""Default"",""audioContextState"":""running""}"
2026-09-05T19:02:41.251294+00:00,2026-09-05T19:02:35.91+00:00,pub_stats,,a,show-5b0cddtl,3081240,7808314,2980453,43,43,0,21,23,45.14,none,f,f+h+q,3,608,1080,608,1080,"SimulcastEncoderAdapter (libvpx, libvpx, libvpx)",4,0,1,0,0,0.021455,0.03,0,,,,,,,live:a,"{""qualityLimitationDurations"":{""cpu"":0,""none"":270.909,""other"":0,""bandwidth"":0.134}}"
2026-09-05T19:02:44.974103+00:00,2026-09-05T19:02:36.728+00:00,audio_host_track_loaded,,a,show-5b0cddtl,,,,,,,,,,,,,,,,,,,,,,,,,,,,,,,,,,"{""trackHash"":""22be9cd9e96cee1a7cdb84e0d3eac56648eb51c2b220c69da9f3e8115dc2aa8b"",""trackName"":""Korey - No Other Name""}"
2026-09-05T19:02:44.974103+00:00,2026-09-05T19:02:36.729+00:00,deck_transition,,a,show-5b0cddtl,,,,,,,,,,,,,,,,,,,,,,,,,,,,,host,,,,,"{""positionMs"":0,""playbackState"":""stopped""}"
2026-09-05T19:02:44.974103+00:00,2026-09-05T19:02:36.733+00:00,deck_track_adopted,,a,show-5b0cddtl,,,,,,,,,,,,,,,,,,,,,,,,,,,,,,,host,,,"{""hadPlayer"":true,""trackHash"":""22be9cd9e96cee1a7cdb84e0d3eac56648eb51c2b220c69da9f3e8115dc2aa8b""}"
2026-09-05T19:02:44.974103+00:00,2026-09-05T19:02:40.342+00:00,suspended_return,,a,show-5b0cddtl,,,,,,,,,,,,,,,,,,,,,,,,,,,,,,,,,,"{""gapMs"":4613,""audioRatio"":1.01,""audioContextState"":""running""}"
2026-09-05T19:02:44.974103+00:00,2026-09-05T19:02:40.344+00:00,track_liveness_snapshot,,a,show-5b0cddtl,,,,,,,,,,,,,,,,,,,,,,,,,,,,,,,,,,"{""entries"":[{""key"":""contestant-a-80080d04:TR_VCaCfgTioZkjJZ"",""frames"":null,""reason"":null,""staleSec"":275,""probation"":false}],""trackCount"":1,""ineligibleCount"":0}"
2026-09-05T19:02:45.679886+00:00,2026-09-05T19:02:40.357+00:00,backing_deck_raf,,a,show-5b0cddtl,,,,,,,,,,,,,,,,,,,,,,,,,,,,,teardown,,,,,"{""elapsedMs"":6358,""idleFrames"":111,""hasDuration"":false,""activeFrames"":0,""changedLabel"":0,""changedWidth"":0,""playingFrames"":0}"
2026-09-05T19:02:45.679886+00:00,2026-09-05T19:02:40.358+00:00,backing_deck_loaded,,a,show-5b0cddtl,,,,,,,,,,,,,,,,,,,,,,,,,,,,,,,uploaded,,,"{""durationSec"":294,""waveformPoints"":180,""approxBufferBytes"":103778237}"
2026-09-05T19:02:45.679886+00:00,2026-09-05T19:02:40.384+00:00,mic_level_sample,,a,show-5b0cddtl,,,,,,,,,,,,,,,,,,,,,,,,,,,,,,,,,,"{""deviceId"":""default"",""inputRms"":0.00022055664492149593,""outputRms"":0.00022055664492149593,""deviceLabel"":""Default"",""audioContextState"":""running""}"
2026-09-05T19:02:45.679886+00:00,2026-09-05T19:02:40.407+00:00,pub_stats,,a,show-5b0cddtl,1267805,7808314,3000000,18,18,0,,0,46.72,none,f,f+h+q,3,608,1080,608,1080,"SimulcastEncoderAdapter (libvpx, libvpx, libvpx)",4,0,1,0,0,0.033033,0.027,0,,,,,,,live:a,"{""qualityLimitationDurations"":{""cpu"":0,""none"":275.381,""other"":0,""bandwidth"":0.134}}"
2026-09-05T19:02:47.554716+00:00,2026-09-05T19:02:41.879+00:00,pub_stats,,a,show-5b0cddtl,3899565,7808314,2110985,19,19,0,16,19,25.68,none,f,f+h+q,3,608,1080,608,1080,"SimulcastEncoderAdapter (libvpx, libvpx, libvpx)",4,0,1,0,0,0.037676999999999995,0.032,0,,,,,,,live:a,"{""qualityLimitationDurations"":{""cpu"":0,""none"":276.911,""other"":0,""bandwidth"":0.134}}"
2026-09-05T19:02:48.64355+00:00,2026-09-05T19:02:43.869+00:00,director_heartbeat,,a,show-5b0cddtl,,,,,,,,,,,,,,,,,,,,,,,,,,,,,,,,,,"{""state"":""running""}"
2026-09-05T19:02:48.64355+00:00,2026-09-05T19:02:43.879+00:00,pub_stats,,a,show-5b0cddtl,5723552,8976103,1673708,40,40,0,23,22,40.38,none,f,f+h+q,3,608,1080,608,1080,"SimulcastEncoderAdapter (libvpx, libvpx, libvpx)",4,0,1,0,0,0.014277,0.034,0,,,,,,,live:a,"{""qualityLimitationDurations"":{""cpu"":0,""none"":278.905,""other"":0,""bandwidth"":0.134}}"
2026-09-05T19:02:49.652295+00:00,2026-09-05T19:02:44.328+00:00,director_shot_emitted,,a,show-5b0cddtl,,,,,,,,,,,,,,,,,,,,,,,,,,,,,,,,,,"{""shot"":""zoomOut"",""slot"":""a"",""sourceRole"":""main"",""decisionSource"":""auto"",""targetIdentity"":""contestant-a-80080d04""}"
2026-09-05T19:02:49.652295+00:00,2026-09-05T19:02:44.334+00:00,shot_publish_success,,a,show-5b0cddtl,,,,,,,,,,,,,,,,,,,,,,,,,,,,,,,,,,"{""shot"":""zoomOut"",""slot"":""a"",""commandId"":""1c5d3cd4-69c2-4ffa-b759-585a2cc65871"",""decisionSource"":""auto"",""connectionState"":""connected""}"
2026-09-05T19:02:49.652295+00:00,2026-09-05T19:02:44.725+00:00,mic_level_sample,,a,show-5b0cddtl,,,,,,,,,,,,,,,,,,,,,,,,,,,,,,,,,,"{""deviceId"":""default"",""inputRms"":0.00023299338994791792,""outputRms"":0.0002655088215755169,""deviceLabel"":""Default"",""audioContextState"":""running""}"
2026-09-05T19:02:50.644892+00:00,2026-09-05T19:02:45.368+00:00,track_liveness_snapshot,,a,show-5b0cddtl,,,,,,,,,,,,,,,,,,,,,,,,,,,,,,,,,,"{""entries"":[{""key"":""contestant-a-80080d04:TR_VCaCfgTioZkjJZ"",""frames"":null,""reason"":null,""staleSec"":281,""probation"":false}],""trackCount"":1,""ineligibleCount"":0}"
2026-09-05T19:02:50.644892+00:00,2026-09-05T19:02:45.882+00:00,pub_stats,,a,show-5b0cddtl,2229416,8976103,3000000,43,43,0,19,22,59.51,none,f,f+h+q,3,608,1080,608,1080,"SimulcastEncoderAdapter (libvpx, libvpx, libvpx)",4,0,1,0,0,0.015411,0.051,0,,,,,,,live:a,"{""qualityLimitationDurations"":{""cpu"":0,""none"":280.913,""other"":0,""bandwidth"":0.134}}"
2026-09-05T19:02:52.644031+00:00,2026-09-05T19:02:47.869+00:00,pub_stats,,a,show-5b0cddtl,2768060,8976103,3000000,43,43,0,23,23,55.49,none,f,f+h+q,3,608,1080,608,1080,"SimulcastEncoderAdapter (libvpx, libvpx, libvpx)",4,0,1,0,0,0.009811,0.051,0,,,,,,,live:a,"{""qualityLimitationDurations"":{""cpu"":0,""none"":282.903,""other"":0,""bandwidth"":0.134}}"
2026-09-05T19:02:54.65348+00:00,2026-09-05T19:02:49.718+00:00,mic_level_sample,,a,show-5b0cddtl,,,,,,,,,,,,,,,,,,,,,,,,,,,,,,,,,,"{""deviceId"":""default"",""inputRms"":0.00024313271609644236,""outputRms"":0.00024313271609644236,""deviceLabel"":""Default"",""audioContextState"":""running""}"
2026-09-05T19:02:54.65348+00:00,2026-09-05T19:02:49.888+00:00,pub_stats,,a,show-5b0cddtl,2690805,8976103,3000000,43,43,0,21,21,55.81,none,f,f+h+q,3,608,1080,608,1080,"SimulcastEncoderAdapter (libvpx, libvpx, libvpx)",4,0,1,0,0,0.013099999999999999,0.036,0,,,,,,,live:a,"{""qualityLimitationDurations"":{""cpu"":0,""none"":284.913,""other"":0,""bandwidth"":0.134}}"
2026-09-05T19:02:55.645742+00:00,2026-09-05T19:02:50.871+00:00,track_liveness_snapshot,,a,show-5b0cddtl,,,,,,,,,,,,,,,,,,,,,,,,,,,,,,,,,,"{""entries"":[{""key"":""contestant-a-80080d04:TR_VCaCfgTioZkjJZ"",""frames"":null,""reason"":null,""staleSec"":286,""probation"":false}],""trackCount"":1,""ineligibleCount"":0}"
2026-09-05T19:02:57.145189+00:00,2026-09-05T19:02:51.883+00:00,pub_stats,,a,show-5b0cddtl,2701808,8976103,3000000,42,42,0,22,23,40.31,none,f,f+h+q,3,608,1080,608,1080,"SimulcastEncoderAdapter (libvpx, libvpx, libvpx)",4,0,1,0,0,0.0133,0.029,0,,,,,,,live:a,"{""qualityLimitationDurations"":{""cpu"":0,""none"":286.903,""other"":0,""bandwidth"":0.134}}"
2026-09-05T19:02:58.647716+00:00,2026-09-05T19:02:53.894+00:00,director_heartbeat,,a,show-5b0cddtl,,,,,,,,,,,,,,,,,,,,,,,,,,,,,,,,,,"{""state"":""running""}"
2026-09-05T19:02:58.647716+00:00,2026-09-05T19:02:53.9+00:00,pub_stats,,a,show-5b0cddtl,2859201,8976103,3000000,40,40,0,20,22,33.9,none,f,f+h+q,3,608,1080,608,1080,"SimulcastEncoderAdapter (libvpx, libvpx, libvpx)",4,0,1,0,0,0.018432999999999998,0.034,0,,,,,,,live:a,"{""qualityLimitationDurations"":{""cpu"":0,""none"":288.921,""other"":0,""bandwidth"":0.134}}"
2026-09-05T19:02:59.648905+00:00,2026-09-05T19:02:54.719+00:00,mic_level_sample,,a,show-5b0cddtl,,,,,,,,,,,,,,,,,,,,,,,,,,,,,,,,,,"{""deviceId"":""default"",""inputRms"":0.00025019732479310627,""outputRms"":0.00025019732479310627,""deviceLabel"":""Default"",""audioContextState"":""running""}"
2026-09-05T19:03:00.647171+00:00,2026-09-05T19:02:55.878+00:00,pub_stats,,a,show-5b0cddtl,2903369,8976103,3000000,41,41,0,20,21,36.15,none,f,f+h+q,3,608,1080,608,1080,"SimulcastEncoderAdapter (libvpx, libvpx, libvpx)",4,0,1,0,0,0.009211,0.034,0,,,,,,,live:a,"{""qualityLimitationDurations"":{""cpu"":0,""none"":290.905,""other"":0,""bandwidth"":0.134}}"
2026-09-05T19:03:02.424444+00:00,2026-09-05T19:02:56.365+00:00,track_liveness_snapshot,,a,show-5b0cddtl,,,,,,,,,,,,,,,,,,,,,,,,,,,,,,,,,,"{""entries"":[{""key"":""contestant-a-80080d04:TR_VCaCfgTioZkjJZ"",""frames"":null,""reason"":null,""staleSec"":291,""probation"":false}],""trackCount"":1,""ineligibleCount"":0}"
2026-09-05T19:03:02.634258+00:00,2026-09-05T19:02:57.878+00:00,pub_stats,,a,show-5b0cddtl,3226797,8976103,2941935,47,47,0,24,25,38.32,none,f,f+h+q,3,608,1080,608,1080,"SimulcastEncoderAdapter (libvpx, libvpx, libvpx)",4,0,1,0,0,0.014365999999999999,0.028,0,,,,,,,live:a,"{""qualityLimitationDurations"":{""cpu"":0,""none"":292.912,""other"":0,""bandwidth"":0.134}}"
2026-09-05T19:03:04.651936+00:00,2026-09-05T19:02:59.725+00:00,mic_level_sample,,a,show-5b0cddtl,,,,,,,,,,,,,,,,,,,,,,,,,,,,,,,,,,"{""deviceId"":""default"",""inputRms"":0.0002151375963731684,""outputRms"":0.0002151375963731684,""deviceLabel"":""Default"",""audioContextState"":""running""}"
2026-09-05T19:03:04.651936+00:00,2026-09-05T19:02:59.904+00:00,pub_stats,,a,show-5b0cddtl,2858735,8976103,3000000,45,45,0,25,26,40.51,none,f,f+h+q,3,608,1080,608,1080,"SimulcastEncoderAdapter (libvpx, libvpx, libvpx)",4,0,1,0,0,0.012544,0.026,0,,,,,,,live:a,"{""qualityLimitationDurations"":{""cpu"":0,""none"":294.917,""other"":0,""bandwidth"":0.134}}"
2026-09-05T19:03:06.654671+00:00,2026-09-05T19:03:01.375+00:00,track_liveness_snapshot,,a,show-5b0cddtl,,,,,,,,,,,,,,,,,,,,,,,,,,,,,,,,,,"{""entries"":[{""key"":""contestant-a-80080d04:TR_VCaCfgTioZkjJZ"",""frames"":null,""reason"":null,""staleSec"":297,""probation"":false}],""trackCount"":1,""ineligibleCount"":0}"
2026-09-05T19:03:06.654671+00:00,2026-09-05T19:03:01.875+00:00,pub_stats,,a,show-5b0cddtl,2720446,8976103,3000000,43,43,0,20,19,38.72,none,f,f+h+q,3,608,1080,608,1080,"SimulcastEncoderAdapter (libvpx, libvpx, libvpx)",4,0,1,0,0,0.012,0.031,0,,,,,,,live:a,"{""qualityLimitationDurations"":{""cpu"":0,""none"":296.91,""other"":0,""bandwidth"":0.134}}"
2026-09-05T19:03:08.676106+00:00,2026-09-05T19:03:03.887+00:00,director_heartbeat,,a,show-5b0cddtl,,,,,,,,,,,,,,,,,,,,,,,,,,,,,,,,,,"{""state"":""running""}"
2026-09-05T19:03:08.676106+00:00,2026-09-05T19:03:03.903+00:00,pub_stats,,a,show-5b0cddtl,2953101,8976103,3000000,44,44,0,22,24,39.41,none,f,f+h+q,3,608,1080,608,1080,"SimulcastEncoderAdapter (libvpx, libvpx, libvpx)",4,0,1,0,0,0.012176999999999999,0.031,0,,,,,,,live:a,"{""qualityLimitationDurations"":{""cpu"":0,""none"":298.926,""other"":0,""bandwidth"":0.134}}"
2026-09-05T19:03:08.676106+00:00,2026-09-05T19:03:03.984+00:00,deck_loop_suspended,,a,show-5b0cddtl,,,,,,,,,,,,,,,,,,,,,,,,,,,,,,,,,,"{""phaseMs"":60000,""suspended"":true}"
2026-09-05T19:03:09.650957+00:00,2026-09-05T19:03:04.717+00:00,mic_level_sample,,a,show-5b0cddtl,,,,,,,,,,,,,,,,,,,,,,,,,,,,,,,,,,"{""deviceId"":""default"",""inputRms"":0.0009199522296514983,""outputRms"":0.0009199522296514983,""deviceLabel"":""Default"",""audioContextState"":""running""}"
2026-09-05T19:03:10.644718+00:00,2026-09-05T19:03:05.87+00:00,pub_stats,,a,show-5b0cddtl,3064220,8976103,2908702,48,48,0,26,28,50.17,none,f,f+h+q,3,608,1080,608,1080,"SimulcastEncoderAdapter (libvpx, libvpx, libvpx)",4,0,1,0,0,0.012787999999999999,0.029,0,,,,,,,live:a,"{""qualityLimitationDurations"":{""cpu"":0,""none"":300.905,""other"":0,""bandwidth"":0.134}}"
2026-09-05T19:03:11.646672+00:00,2026-09-05T19:03:06.866+00:00,track_liveness_snapshot,,a,show-5b0cddtl,,,,,,,,,,,,,,,,,,,,,,,,,,,,,,,,,,"{""entries"":[{""key"":""contestant-a-80080d04:TR_VCaCfgTioZkjJZ"",""frames"":null,""reason"":null,""staleSec"":302,""probation"":false}],""trackCount"":1,""ineligibleCount"":0}"
2026-09-05T19:03:12.689567+00:00,2026-09-05T19:03:07.877+00:00,pub_stats,,a,show-5b0cddtl,2696945,8976103,2935950,47,47,0,21,24,48.38,none,f,f+h+q,3,608,1080,608,1080,"SimulcastEncoderAdapter (libvpx, libvpx, libvpx)",4,0,1,0,0,0.008421999999999999,0.04,0,,,,,,,live:a,"{""qualityLimitationDurations"":{""cpu"":0,""none"":302.906,""other"":0,""bandwidth"":0.134}}"
2026-09-05T19:03:14.641954+00:00,2026-09-05T19:03:09.717+00:00,mic_level_sample,,a,show-5b0cddtl,,,,,,,,,,,,,,,,,,,,,,,,,,,,,,,,,,"{""deviceId"":""default"",""inputRms"":0.0001948625253839736,""outputRms"":0.0001948625253839736,""deviceLabel"":""Default"",""audioContextState"":""running""}"
2026-09-05T19:03:14.641954+00:00,2026-09-05T19:03:09.879+00:00,pub_stats,,a,show-5b0cddtl,2529683,8976103,3000000,44,44,0,27,26,49.64,none,f,f+h+q,3,608,1080,608,1080,"SimulcastEncoderAdapter (libvpx, libvpx, libvpx)",4,0,1,0,0,0.0117,0.031,0,,,,,,,live:a,"{""qualityLimitationDurations"":{""cpu"":0,""none"":304.904,""other"":0,""bandwidth"":0.134}}"
2026-09-05T19:03:16.676379+00:00,2026-09-05T19:03:11.866+00:00,track_liveness_snapshot,,a,show-5b0cddtl,,,,,,,,,,,,,,,,,,,,,,,,,,,,,,,,,,"{""entries"":[{""key"":""contestant-a-80080d04:TR_VCaCfgTioZkjJZ"",""frames"":null,""reason"":null,""staleSec"":307,""probation"":false}],""trackCount"":1,""ineligibleCount"":0}"
2026-09-05T19:03:16.676379+00:00,2026-09-05T19:03:11.88+00:00,pub_stats,,a,show-5b0cddtl,3092859,8976103,2942792,52,52,0,26,28,46,none,f,f+h+q,3,608,1080,608,1080,"SimulcastEncoderAdapter (libvpx, libvpx, libvpx)",4,0,1,0,0,0.013677,0.031,0,,,,,,,live:a,"{""qualityLimitationDurations"":{""cpu"":0,""none"":306.905,""other"":0,""bandwidth"":0.134}}"
2026-09-05T19:03:18.651951+00:00,2026-09-05T19:03:13.872+00:00,pub_stats,,a,show-5b0cddtl,2698120,8976103,3000000,48,48,0,23,27,45.44,none,f,f+h+q,3,608,1080,608,1080,"SimulcastEncoderAdapter (libvpx, libvpx, libvpx)",4,0,1,0,0,0.011333,0.032,0,,,,,,,live:a,"{""qualityLimitationDurations"":{""cpu"":0,""none"":308.904,""other"":0,""bandwidth"":0.134}}"
2026-09-05T19:03:18.651951+00:00,2026-09-05T19:03:13.872+00:00,director_heartbeat,,a,show-5b0cddtl,,,,,,,,,,,,,,,,,,,,,,,,,,,,,,,,,,"{""state"":""running""}"
2026-09-05T19:03:19.657809+00:00,2026-09-05T19:03:14.723+00:00,mic_level_sample,,a,show-5b0cddtl,,,,,,,,,,,,,,,,,,,,,,,,,,,,,,,,,,"{""deviceId"":""default"",""inputRms"":0.00044718682566353,""outputRms"":0.00044718682566353,""deviceLabel"":""Default"",""audioContextState"":""running""}"
2026-09-05T19:03:20.712488+00:00,2026-09-05T19:03:15.14+00:00,shot_publish_success,,a,show-5b0cddtl,,,,,,,,,,,,,,,,,,,,,,,,,,,,,,,,,,"{""shot"":""pan"",""slot"":""a"",""commandId"":""db91b651-4501-4603-a0e3-e7c5769e0343"",""decisionSource"":""auto"",""connectionState"":""connected""}"
2026-09-05T19:03:20.712488+00:00,2026-09-05T19:03:15.14+00:00,director_shot_emitted,,a,show-5b0cddtl,,,,,,,,,,,,,,,,,,,,,,,,,,,,,,,,,,"{""shot"":""pan"",""slot"":""a"",""sourceRole"":""main"",""decisionSource"":""auto"",""targetIdentity"":""contestant-a-80080d04""}"
2026-09-05T19:03:20.712488+00:00,2026-09-05T19:03:15.891+00:00,pub_stats,,a,show-5b0cddtl,3118871,8976103,3000000,55,55,0,28,28,34.05,none,f,f+h+q,3,608,1080,608,1080,"SimulcastEncoderAdapter (libvpx, libvpx, libvpx)",4,0,1,0,0,0.010777,0.038,0,,,,,,,live:a,"{""qualityLimitationDurations"":{""cpu"":0,""none"":310.917,""other"":0,""bandwidth"":0.134}}"
2026-09-05T19:03:21.657199+00:00,2026-09-05T19:03:16.87+00:00,track_liveness_snapshot,,a,show-5b0cddtl,,,,,,,,,,,,,,,,,,,,,,,,,,,,,,,,,,"{""entries"":[{""key"":""contestant-a-80080d04:TR_VCaCfgTioZkjJZ"",""frames"":null,""reason"":null,""staleSec"":312,""probation"":false}],""trackCount"":1,""ineligibleCount"":0}"
2026-09-05T19:03:22.636373+00:00,2026-09-05T19:03:17.875+00:00,pub_stats,,a,show-5b0cddtl,3053113,8976103,2890362,56,56,0,26,28,41.05,none,f,f+h+q,3,608,1080,608,1080,"SimulcastEncoderAdapter (libvpx, libvpx, libvpx)",4,0,1,0,0,0.008043999999999999,0.033,0,,,,,,,live:a,"{""qualityLimitationDurations"":{""cpu"":0,""none"":312.908,""other"":0,""bandwidth"":0.134}}"
2026-09-05T19:03:24.637774+00:00,2026-09-05T19:03:19.719+00:00,mic_level_sample,,a,show-5b0cddtl,,,,,,,,,,,,,,,,,,,,,,,,,,,,,,,,,,"{""deviceId"":""default"",""inputRms"":0.000440118372240467,""outputRms"":0.000440118372240467,""deviceLabel"":""Default"",""audioContextState"":""running""}"
2026-09-05T19:03:24.637774+00:00,2026-09-05T19:03:19.885+00:00,pub_stats,,a,show-5b0cddtl,2993238,8976103,3000000,56,56,0,27,26,47.91,none,f,f+h+q,3,608,1080,608,1080,"SimulcastEncoderAdapter (libvpx, libvpx, libvpx)",4,0,1,0,0,0.0074329999999999995,0.033,0,,,,,,,live:a,"{""qualityLimitationDurations"":{""cpu"":0,""none"":314.908,""other"":0,""bandwidth"":0.134}}"
2026-09-05T19:03:26.643278+00:00,2026-09-05T19:03:21.885+00:00,pub_stats,,a,show-5b0cddtl,2615108,8976103,3000000,53,53,0,27,28,61.77,none,f,f+h+q,3,608,1080,608,1080,"SimulcastEncoderAdapter (libvpx, libvpx, libvpx)",4,0,1,0,0,0.010310999999999999,0.04,0,,,,,,,live:a,"{""qualityLimitationDurations"":{""cpu"":0,""none"":316.906,""other"":0,""bandwidth"":0.134}}"
2026-09-05T19:03:27.657464+00:00,2026-09-05T19:03:22.366+00:00,track_liveness_snapshot,,a,show-5b0cddtl,,,,,,,,,,,,,,,,,,,,,,,,,,,,,,,,,,"{""entries"":[{""key"":""contestant-a-80080d04:TR_VCaCfgTioZkjJZ"",""frames"":null,""reason"":null,""staleSec"":318,""probation"":false}],""trackCount"":1,""ineligibleCount"":0}"
2026-09-05T19:03:28.812128+00:00,2026-09-05T19:03:23.869+00:00,director_heartbeat,,a,show-5b0cddtl,,,,,,,,,,,,,,,,,,,,,,,,,,,,,,,,,,"{""state"":""running""}"
2026-09-05T19:03:28.812128+00:00,2026-09-05T19:03:23.876+00:00,pub_stats,,a,show-5b0cddtl,3098764,8976103,3000000,54,54,0,27,27,50.94,none,f,f+h+q,3,608,1080,608,1080,"SimulcastEncoderAdapter (libvpx, libvpx, libvpx)",4,0,1,0,0,0.009533,0.032,0,,,,,,,live:a,"{""qualityLimitationDurations"":{""cpu"":0,""none"":318.909,""other"":0,""bandwidth"":0.134}}"
2026-09-05T19:03:29.641819+00:00,2026-09-05T19:03:24.717+00:00,mic_level_sample,,a,show-5b0cddtl,,,,,,,,,,,,,,,,,,,,,,,,,,,,,,,,,,"{""deviceId"":""default"",""inputRms"":0.0002710952394850622,""outputRms"":0.0002710952394850622,""deviceLabel"":""Default"",""audioContextState"":""running""}"
2026-09-05T19:03:30.858141+00:00,2026-09-05T19:03:25.873+00:00,pub_stats,,a,show-5b0cddtl,2630718,8976103,3000000,49,49,0,25,24,54.67,none,f,f+h+q,3,608,1080,608,1080,"SimulcastEncoderAdapter (libvpx, libvpx, libvpx)",4,0,1,0,0,0.008177,0.028,0,,,,,,,live:a,"{""qualityLimitationDurations"":{""cpu"":0,""none"":320.907,""other"":0,""bandwidth"":0.134}}"
2026-09-05T19:03:32.813641+00:00,2026-09-05T19:03:27.866+00:00,track_liveness_snapshot,,a,show-5b0cddtl,,,,,,,,,,,,,,,,,,,,,,,,,,,,,,,,,,"{""entries"":[{""key"":""contestant-a-80080d04:TR_VCaCfgTioZkjJZ"",""frames"":null,""reason"":null,""staleSec"":323,""probation"":false}],""trackCount"":1,""ineligibleCount"":0}"
2026-09-05T19:03:32.813641+00:00,2026-09-05T19:03:27.876+00:00,pub_stats,,a,show-5b0cddtl,2702766,8976103,3000000,48,48,0,24,24,52.67,none,f,f+h+q,3,608,1080,608,1080,"SimulcastEncoderAdapter (libvpx, libvpx, libvpx)",4,0,1,0,0,0.008477,0.028,0,,,,,,,live:a,"{""qualityLimitationDurations"":{""cpu"":0,""none"":322.904,""other"":0,""bandwidth"":0.134}}"
2026-09-05T19:03:34.639343+00:00,2026-09-05T19:03:29.722+00:00,mic_level_sample,,a,show-5b0cddtl,,,,,,,,,,,,,,,,,,,,,,,,,,,,,,,,,,"{""deviceId"":""default"",""inputRms"":0.0005907933494034921,""outputRms"":0.0005907933494034921,""deviceLabel"":""Default"",""audioContextState"":""running""}"
2026-09-05T19:03:34.639343+00:00,2026-09-05T19:03:29.877+00:00,pub_stats,,a,show-5b0cddtl,2994767,8976103,3000000,48,48,0,27,26,47.02,none,f,f+h+q,3,608,1080,608,1080,"SimulcastEncoderAdapter (libvpx, libvpx, libvpx)",4,0,1,0,0,0.006411,0.031,0,,,,,,,live:a,"{""qualityLimitationDurations"":{""cpu"":0,""none"":324.912,""other"":0,""bandwidth"":0.134}}"
2026-09-05T19:03:36.645677+00:00,2026-09-05T19:03:31.875+00:00,pub_stats,,a,show-5b0cddtl,2757982,8976103,3000000,45,45,0,21,21,48.02,none,f,f+h+q,3,608,1080,608,1080,"SimulcastEncoderAdapter (libvpx, libvpx, libvpx)",4,0,1,0,0,0.0054329999999999995,0.03,0,,,,,,,live:a,"{""qualityLimitationDurations"":{""cpu"":0,""none"":326.908,""other"":0,""bandwidth"":0.134}}"
2026-09-05T19:03:37.659794+00:00,2026-09-05T19:03:32.865+00:00,track_liveness_snapshot,,a,show-5b0cddtl,,,,,,,,,,,,,,,,,,,,,,,,,,,,,,,,,,"{""entries"":[{""key"":""contestant-a-80080d04:TR_VCaCfgTioZkjJZ"",""frames"":null,""reason"":null,""staleSec"":328,""probation"":false}],""trackCount"":1,""ineligibleCount"":0}"
2026-09-05T19:03:38.632439+00:00,2026-09-05T19:03:33.868+00:00,director_heartbeat,,a,show-5b0cddtl,,,,,,,,,,,,,,,,,,,,,,,,,,,,,,,,,,"{""state"":""running""}"
2026-09-05T19:03:38.632439+00:00,2026-09-05T19:03:33.871+00:00,pub_stats,,a,show-5b0cddtl,3333575,8976103,2949187,52,52,0,26,25,48.08,none,f,f+h+q,3,608,1080,608,1080,"SimulcastEncoderAdapter (libvpx, libvpx, libvpx)",4,0,1,0,0,0.012022,0.03,0,,,,,,,live:a,"{""qualityLimitationDurations"":{""cpu"":0,""none"":328.906,""other"":0,""bandwidth"":0.134}}"
2026-09-05T19:03:39.685928+00:00,2026-09-05T19:03:34.716+00:00,mic_level_sample,,a,show-5b0cddtl,,,,,,,,,,,,,,,,,,,,,,,,,,,,,,,,,,"{""deviceId"":""default"",""inputRms"":0.0006266271655176121,""outputRms"":0.0006266271655176121,""deviceLabel"":""Default"",""audioContextState"":""running""}"
2026-09-05T19:03:40.834159+00:00,2026-09-05T19:03:35.88+00:00,pub_stats,,a,show-5b0cddtl,2924910,8976103,3000000,48,48,0,24,24,48.27,none,f,f+h+q,3,608,1080,608,1080,"SimulcastEncoderAdapter (libvpx, libvpx, libvpx)",4,0,1,0,0,0.010388,0.031,0,,,,,,,live:a,"{""qualityLimitationDurations"":{""cpu"":0,""none"":330.906,""other"":0,""bandwidth"":0.134}}"
2026-09-05T19:03:42.949192+00:00,2026-09-05T19:03:37.883+00:00,track_liveness_snapshot,,a,show-5b0cddtl,,,,,,,,,,,,,,,,,,,,,,,,,,,,,,,,,,"{""entries"":[{""key"":""contestant-a-80080d04:TR_VCaCfgTioZkjJZ"",""frames"":null,""reason"":null,""staleSec"":333,""probation"":false}],""trackCount"":1,""ineligibleCount"":0}"
2026-09-05T19:03:42.949192+00:00,2026-09-05T19:03:37.895+00:00,pub_stats,,a,show-5b0cddtl,3102309,8976103,2990630,55,55,0,28,28,52.2,none,f,f+h+q,3,608,1080,608,1080,"SimulcastEncoderAdapter (libvpx, libvpx, libvpx)",4,0,1,0,0,0.010822,0.038,0,,,,,,,live:a,"{""qualityLimitationDurations"":{""cpu"":0,""none"":332.922,""other"":0,""bandwidth"":0.134}}"
2026-09-05T19:03:44.812141+00:00,2026-09-05T19:03:39.716+00:00,mic_recovered,,a,show-5b0cddtl,,,,,,,,,,,,,,,,,,,,,,,,,,,,,,,,,,"{""inputRms"":0.002376312990413961,""outputRms"":0.002376312990413961,""silentDurationMs"":230000,""audioContextState"":""running""}"
2026-09-05T19:03:44.812141+00:00,2026-09-05T19:03:39.716+00:00,mic_level_sample,,a,show-5b0cddtl,,,,,,,,,,,,,,,,,,,,,,,,,,,,,,,,,,"{""deviceId"":""default"",""inputRms"":0.002376312990413961,""outputRms"":0.002376312990413961,""deviceLabel"":""Default"",""audioContextState"":""running""}"
2026-09-05T19:03:44.812141+00:00,2026-09-05T19:03:39.88+00:00,pub_stats,,a,show-5b0cddtl,2876296,8976103,2995258,50,50,0,25,25,45.32,none,f,f+h+q,3,608,1080,608,1080,"SimulcastEncoderAdapter (libvpx, libvpx, libvpx)",4,0,1,0,0,0.0064659999999999995,0.029,0,,,,,,,live:a,"{""qualityLimitationDurations"":{""cpu"":0,""none"":334.91,""other"":0,""bandwidth"":0.134}}"
2026-09-05T19:03:47.194274+00:00,2026-09-05T19:03:41.88+00:00,pub_stats,,a,show-5b0cddtl,2665996,8976103,3000000,48,48,0,24,25,50.15,none,f,f+h+q,3,608,1080,608,1080,"SimulcastEncoderAdapter (libvpx, libvpx, libvpx)",4,0,1,0,0,0.0097,0.029,0,,,,,,,live:a,"{""qualityLimitationDurations"":{""cpu"":0,""none"":336.906,""other"":0,""bandwidth"":0.134}}"
2026-09-05T19:03:48.644687+00:00,2026-09-05T19:03:43.375+00:00,track_liveness_snapshot,,a,show-5b0cddtl,,,,,,,,,,,,,,,,,,,,,,,,,,,,,,,,,,"{""entries"":[{""key"":""contestant-a-80080d04:TR_VCaCfgTioZkjJZ"",""frames"":null,""reason"":null,""staleSec"":339,""probation"":false}],""trackCount"":1,""ineligibleCount"":0}"
2026-09-05T19:03:48.644687+00:00,2026-09-05T19:03:43.874+00:00,pub_stats,,a,show-5b0cddtl,2492758,8976103,3000000,41,41,0,20,18,49.05,none,f,f+h+q,3,608,1080,608,1080,"SimulcastEncoderAdapter (libvpx, libvpx, libvpx)",4,0,1,0,0,0.008522,0.028,0,,,,,,,live:a,"{""qualityLimitationDurations"":{""cpu"":0,""none"":338.909,""other"":0,""bandwidth"":0.134}}"
2026-09-05T19:03:48.644687+00:00,2026-09-05T19:03:43.875+00:00,director_heartbeat,,a,show-5b0cddtl,,,,,,,,,,,,,,,,,,,,,,,,,,,,,,,,,,"{""state"":""running""}"
2026-09-05T19:03:49.646074+00:00,2026-09-05T19:03:44.719+00:00,mic_level_sample,,a,show-5b0cddtl,,,,,,,,,,,,,,,,,,,,,,,,,,,,,,,,,,"{""deviceId"":""default"",""inputRms"":0.0003085633846550831,""outputRms"":0.0003085633846550831,""deviceLabel"":""Default"",""audioContextState"":""running""}"
2026-09-05T19:03:50.647629+00:00,2026-09-05T19:03:45.875+00:00,pub_stats,,a,show-5b0cddtl,2300580,8976103,3000000,33,33,0,19,20,44.73,none,f,f+h+q,3,608,1080,608,1080,"SimulcastEncoderAdapter (libvpx, libvpx, libvpx)",4,0,1,0,0,0.019766,0.028,0,,,,,,,live:a,"{""qualityLimitationDurations"":{""cpu"":0,""none"":340.907,""other"":0,""bandwidth"":0.134}}"
2026-09-05T19:03:52.903285+00:00,2026-09-05T19:03:47.873+00:00,pub_stats,,a,show-5b0cddtl,2609077,8976103,3000000,33,33,0,18,19,41.06,none,f,f+h+q,3,608,1080,608,1080,"SimulcastEncoderAdapter (libvpx, libvpx, libvpx)",4,0,1,0,0,0.020565999999999997,0.043,0,,,,,,,live:a,"{""qualityLimitationDurations"":{""cpu"":0,""none"":342.908,""other"":0,""bandwidth"":0.134}}"
2026-09-05T19:03:53.662508+00:00,2026-09-05T19:03:48.869+00:00,track_liveness_snapshot,,a,show-5b0cddtl,,,,,,,,,,,,,,,,,,,,,,,,,,,,,,,,,,"{""entries"":[{""key"":""contestant-a-80080d04:TR_VCaCfgTioZkjJZ"",""frames"":null,""reason"":null,""staleSec"":344,""probation"":false}],""trackCount"":1,""ineligibleCount"":0}"
2026-09-05T19:03:54.814601+00:00,2026-09-05T19:03:49.716+00:00,mic_level_sample,,a,show-5b0cddtl,,,,,,,,,,,,,,,,,,,,,,,,,,,,,,,,,,"{""deviceId"":""default"",""inputRms"":0.00033483612540607444,""outputRms"":0.00033483612540607444,""deviceLabel"":""Default"",""audioContextState"":""running""}"
2026-09-05T19:03:54.814601+00:00,2026-09-05T19:03:49.871+00:00,pub_stats,,a,show-5b0cddtl,3177465,8976103,2941757,40,40,0,20,21,38.83,none,f,f+h+q,3,608,1080,608,1080,"SimulcastEncoderAdapter (libvpx, libvpx, libvpx)",4,0,1,0,0,0.011,0.043,0,,,,,,,live:a,"{""qualityLimitationDurations"":{""cpu"":0,""none"":344.905,""other"":0,""bandwidth"":0.134}}"
2026-09-05T19:03:56.818552+00:00,2026-09-05T19:03:51.87+00:00,pub_stats,,a,show-5b0cddtl,3008140,8976103,2973215,40,40,0,20,22,39.65,none,f,f+h+q,3,608,1080,608,1080,"SimulcastEncoderAdapter (libvpx, libvpx, libvpx)",4,0,1,0,0,0.006977,0.029,0,,,,,,,live:a,"{""qualityLimitationDurations"":{""cpu"":0,""none"":346.905,""other"":0,""bandwidth"":0.134}}"
2026-09-05T19:03:58.636497+00:00,2026-09-05T19:03:53.868+00:00,director_heartbeat,,a,show-5b0cddtl,,,,,,,,,,,,,,,,,,,,,,,,,,,,,,,,,,"{""state"":""running""}"
2026-09-05T19:03:58.636497+00:00,2026-09-05T19:03:53.885+00:00,pub_stats,,a,show-5b0cddtl,3170733,8976103,2880547,44,44,0,24,24,39.34,none,f,f+h+q,3,608,1080,608,1080,"SimulcastEncoderAdapter (libvpx, libvpx, libvpx)",4,0,1,0,0,0.012655,0.033,0,,,,,,,live:a,"{""qualityLimitationDurations"":{""cpu"":0,""none"":348.905,""other"":0,""bandwidth"":0.134}}"
2026-09-05T19:03:59.653471+00:00,2026-09-05T19:03:54.365+00:00,track_liveness_snapshot,,a,show-5b0cddtl,,,,,,,,,,,,,,,,,,,,,,,,,,,,,,,,,,"{""entries"":[{""key"":""contestant-a-80080d04:TR_VCaCfgTioZkjJZ"",""frames"":null,""reason"":null,""staleSec"":349,""probation"":false}],""trackCount"":1,""ineligibleCount"":0}"
2026-09-05T19:03:59.653471+00:00,2026-09-05T19:03:54.716+00:00,mic_level_sample,,a,show-5b0cddtl,,,,,,,,,,,,,,,,,,,,,,,,,,,,,,,,,,"{""deviceId"":""default"",""inputRms"":0.00031415716935570814,""outputRms"":0.00031415716935570814,""deviceLabel"":""Default"",""audioContextState"":""running""}"
2026-09-05T19:04:00.693211+00:00,2026-09-05T19:03:55.876+00:00,pub_stats,,a,show-5b0cddtl,3141988,8976103,2775820,46,46,0,24,26,40.43,none,f,f+h+q,3,608,1080,608,1080,"SimulcastEncoderAdapter (libvpx, libvpx, libvpx)",4,0,1,0,0,0.008166,0.03,0,,,,,,,live:a,"{""qualityLimitationDurations"":{""cpu"":0,""none"":350.903,""other"":0,""bandwidth"":0.134}}"
2026-09-05T19:04:02.88188+00:00,2026-09-05T19:03:57.87+00:00,pub_stats,,a,show-5b0cddtl,2864746,8976103,2990605,47,47,0,24,24,42.19,none,f,f+h+q,3,608,1080,608,1080,"SimulcastEncoderAdapter (libvpx, libvpx, libvpx)",4,0,1,0,0,0.010544,0.032,0,,,,,,,live:a,"{""qualityLimitationDurations"":{""cpu"":0,""none"":352.905,""other"":0,""bandwidth"":0.134}}"
2026-09-05T19:04:04.644349+00:00,2026-09-05T19:03:59.373+00:00,track_liveness_snapshot,,a,show-5b0cddtl,,,,,,,,,,,,,,,,,,,,,,,,,,,,,,,,,,"{""entries"":[{""key"":""contestant-a-80080d04:TR_VCaCfgTioZkjJZ"",""frames"":null,""reason"":null,""staleSec"":355,""probation"":false}],""trackCount"":1,""ineligibleCount"":0}"
2026-09-05T19:04:04.644349+00:00,2026-09-05T19:03:59.716+00:00,mic_level_sample,,a,show-5b0cddtl,,,,,,,,,,,,,,,,,,,,,,,,,,,,,,,,,,"{""deviceId"":""default"",""inputRms"":0.00014338137340280733,""outputRms"":0.00014338137340280733,""deviceLabel"":""Default"",""audioContextState"":""running""}"
2026-09-05T19:04:04.644349+00:00,2026-09-05T19:03:59.717+00:00,mic_silent,,a,show-5b0cddtl,,,,,,,,,,,,,,,,,,,,,,,,,,,,,,,,,,"{""inputRms"":0.00014338137340280733,""outputRms"":0.00014338137340280733,""silentSinceMs"":1788635024719,""audioContextState"":""running""}"
2026-09-05T19:04:04.644349+00:00,2026-09-05T19:03:59.875+00:00,pub_stats,,a,show-5b0cddtl,3233552,8976103,2909633,54,54,0,26,26,42.3,none,f,f+h+q,3,608,1080,608,1080,"SimulcastEncoderAdapter (libvpx, libvpx, libvpx)",4,0,1,0,0,0.009666,0.032,0,,,,,,,live:a,"{""qualityLimitationDurations"":{""cpu"":0,""none"":354.908,""other"":0,""bandwidth"":0.134}}"
2026-09-05T19:04:06.666011+00:00,2026-09-05T19:04:01.894+00:00,pub_stats,,a,show-5b0cddtl,2517920,8976103,3000000,44,44,0,23,23,51.66,none,f,f+h+q,3,608,1080,608,1080,"SimulcastEncoderAdapter (libvpx, libvpx, libvpx)",4,0,1,0,0,0.012822,0.047,0,,,,,,,live:a,"{""qualityLimitationDurations"":{""cpu"":0,""none"":356.928,""other"":0,""bandwidth"":0.134}}"
2026-09-05T19:04:08.648482+00:00,2026-09-05T19:04:03.871+00:00,director_heartbeat,,a,show-5b0cddtl,,,,,,,,,,,,,,,,,,,,,,,,,,,,,,,,,,"{""state"":""running""}"
2026-09-05T19:04:08.648482+00:00,2026-09-05T19:04:03.875+00:00,pub_stats,,a,show-5b0cddtl,3041179,8976103,3000000,50,50,0,26,26,55.16,none,f,f+h+q,3,608,1080,608,1080,"SimulcastEncoderAdapter (libvpx, libvpx, libvpx)",4,0,1,0,0,0.010077,0.043,0,,,,,,,live:a,"{""qualityLimitationDurations"":{""cpu"":0,""none"":358.909,""other"":0,""bandwidth"":0.134}}"
2026-09-05T19:04:08.648482+00:00,2026-09-05T19:04:03.983+00:00,deck_loop_suspended,,a,show-5b0cddtl,,,,,,,,,,,,,,,,,,,,,,,,,,,,,,,,,,"{""phaseMs"":60000,""suspended"":false}"
2026-09-05T19:04:08.648482+00:00,2026-09-05T19:04:03.983+00:00,backing_deck_raf,,a,show-5b0cddtl,,,,,,,,,,,,,,,,,,,,,,,,,,,,,interval,,,,,"{""elapsedMs"":83625,""idleFrames"":0,""hasDuration"":true,""activeFrames"":1142,""changedLabel"":1,""changedWidth"":1,""playingFrames"":0}"
2026-09-05T19:04:09.674108+00:00,2026-09-05T19:04:04.374+00:00,track_liveness_snapshot,,a,show-5b0cddtl,,,,,,,,,,,,,,,,,,,,,,,,,,,,,,,,,,"{""entries"":[{""key"":""contestant-a-80080d04:TR_VCaCfgTioZkjJZ"",""frames"":null,""reason"":null,""staleSec"":360,""probation"":false}],""trackCount"":1,""ineligibleCount"":0}"
2026-09-05T19:04:09.674108+00:00,2026-09-05T19:04:04.717+00:00,mic_level_sample,,a,show-5b0cddtl,,,,,,,,,,,,,,,,,,,,,,,,,,,,,,,,,,"{""deviceId"":""default"",""inputRms"":0.0002066240554500487,""outputRms"":0.0002066240554500487,""deviceLabel"":""Default"",""audioContextState"":""running""}"
2026-09-05T19:04:10.842216+00:00,2026-09-05T19:04:05.884+00:00,pub_stats,,a,show-5b0cddtl,2756344,8976103,3000000,45,45,0,23,22,50.96,none,f,f+h+q,3,608,1080,608,1080,"SimulcastEncoderAdapter (libvpx, libvpx, libvpx)",4,0,1,0,0,0.013744,0.03,0,,,,,,,live:a,"{""qualityLimitationDurations"":{""cpu"":0,""none"":360.917,""other"":0,""bandwidth"":0.134}}"
2026-09-05T19:04:12.883689+00:00,2026-09-05T19:04:07.879+00:00,pub_stats,,a,show-5b0cddtl,2812106,8976103,3000000,44,44,0,23,25,46.41,none,f,f+h+q,3,608,1080,608,1080,"SimulcastEncoderAdapter (libvpx, libvpx, libvpx)",4,0,1,0,0,0.013144,0.03,0,,,,,,,live:a,"{""qualityLimitationDurations"":{""cpu"":0,""none"":362.904,""other"":0,""bandwidth"":0.134}}"
2026-09-05T19:04:14.85218+00:00,2026-09-05T19:04:09.718+00:00,mic_level_sample,,a,show-5b0cddtl,,,,,,,,,,,,,,,,,,,,,,,,,,,,,,,,,,"{""deviceId"":""default"",""inputRms"":0.0003395428800404154,""outputRms"":0.0003395428800404154,""deviceLabel"":""Default"",""audioContextState"":""running""}"
2026-09-05T19:04:14.85218+00:00,2026-09-05T19:04:09.866+00:00,track_liveness_snapshot,,a,show-5b0cddtl,,,,,,,,,,,,,,,,,,,,,,,,,,,,,,,,,,"{""entries"":[{""key"":""contestant-a-80080d04:TR_VCaCfgTioZkjJZ"",""frames"":null,""reason"":null,""staleSec"":365,""probation"":false}],""trackCount"":1,""ineligibleCount"":0}"
2026-09-05T19:04:14.85218+00:00,2026-09-05T19:04:09.896+00:00,pub_stats,,a,show-5b0cddtl,2702837,8976103,3000000,42,42,0,20,22,43.57,none,f,f+h+q,3,608,1080,608,1080,"SimulcastEncoderAdapter (libvpx, libvpx, libvpx)",4,1,1,0,0,0.012411,0.03,1145,,,,,,,live:a,"{""qualityLimitationDurations"":{""cpu"":0,""none"":364.905,""other"":0,""bandwidth"":0.134}}"
2026-09-05T19:04:17.408419+00:00,2026-09-05T19:04:11.883+00:00,pub_stats,,a,show-5b0cddtl,3187026,8976103,3000000,47,47,0,25,25,46.34,none,f,f+h+q,3,608,1080,608,1080,"SimulcastEncoderAdapter (libvpx, libvpx, libvpx)",4,1,1,0,0,0.011822,0.029,1145,,,,,,,live:a,"{""qualityLimitationDurations"":{""cpu"":0,""none"":366.911,""other"":0,""bandwidth"":0.134}}"
2026-09-05T19:04:18.657125+00:00,2026-09-05T19:04:13.874+00:00,director_heartbeat,,a,show-5b0cddtl,,,,,,,,,,,,,,,,,,,,,,,,,,,,,,,,,,"{""state"":""running""}"
2026-09-05T19:04:18.657125+00:00,2026-09-05T19:04:13.888+00:00,pub_stats,,a,show-5b0cddtl,2895880,8976103,2915487,47,47,0,23,26,48.06,none,f,f+h+q,3,608,1080,608,1080,"SimulcastEncoderAdapter (libvpx, libvpx, libvpx)",4,1,1,0,0,0.015611,0.037,1145,,,,,,,live:a,"{""qualityLimitationDurations"":{""cpu"":0,""none"":368.92,""other"":0,""bandwidth"":0.134}}"
2026-09-05T19:04:19.677052+00:00,2026-09-05T19:04:14.723+00:00,mic_level_sample,,a,show-5b0cddtl,,,,,,,,,,,,,,,,,,,,,,,,,,,,,,,,,,"{""deviceId"":""default"",""inputRms"":0.0008539353412527676,""outputRms"":0.0008539353412527676,""deviceLabel"":""Default"",""audioContextState"":""running""}"
2026-09-05T19:04:19.677052+00:00,2026-09-05T19:04:14.873+00:00,track_liveness_snapshot,,a,show-5b0cddtl,,,,,,,,,,,,,,,,,,,,,,,,,,,,,,,,,,"{""entries"":[{""key"":""contestant-a-80080d04:TR_VCaCfgTioZkjJZ"",""frames"":null,""reason"":null,""staleSec"":370,""probation"":false}],""trackCount"":1,""ineligibleCount"":0}"
2026-09-05T19:04:20.70445+00:00,2026-09-05T19:04:15.886+00:00,pub_stats,,a,show-5b0cddtl,3073081,8976103,3000000,49,49,0,25,26,48.24,none,f,f+h+q,3,608,1080,608,1080,"SimulcastEncoderAdapter (libvpx, libvpx, libvpx)",4,2,1,0,0,0.014032999999999999,0.037,2269,,,,,,,live:a,"{""qualityLimitationDurations"":{""cpu"":0,""none"":370.917,""other"":0,""bandwidth"":0.134}}"
2026-09-05T19:04:23.146938+00:00,2026-09-05T19:04:17.888+00:00,pub_stats,,a,show-5b0cddtl,2612515,8976103,3000000,47,47,0,22,25,47.62,none,f,f+h+q,3,608,1080,608,1080,"SimulcastEncoderAdapter (libvpx, libvpx, libvpx)",4,2,1,0,0,0.014844,0.033,2269,,,,,,,live:a,"{""qualityLimitationDurations"":{""cpu"":0,""none"":372.911,""other"":0,""bandwidth"":0.134}}"
2026-09-05T19:04:24.659877+00:00,2026-09-05T19:04:19.717+00:00,mic_level_sample,,a,show-5b0cddtl,,,,,,,,,,,,,,,,,,,,,,,,,,,,,,,,,,"{""deviceId"":""default"",""inputRms"":0.00025914684790464464,""outputRms"":0.00025914684790464464,""deviceLabel"":""Default"",""audioContextState"":""running""}"
2026-09-05T19:04:24.659877+00:00,2026-09-05T19:04:19.871+00:00,pub_stats,,a,show-5b0cddtl,2543096,8976103,3000000,43,43,0,21,21,44.05,none,f,f+h+q,3,608,1080,608,1080,"SimulcastEncoderAdapter (libvpx, libvpx, libvpx)",4,2,1,0,0,0.013621999999999999,0.03,2269,,,,,,,live:a,"{""qualityLimitationDurations"":{""cpu"":0,""none"":374.906,""other"":0,""bandwidth"":0.134}}"
2026-09-05T19:04:25.640945+00:00,2026-09-05T19:04:20.387+00:00,track_liveness_snapshot,,a,show-5b0cddtl,,,,,,,,,,,,,,,,,,,,,,,,,,,,,,,,,,"{""entries"":[{""key"":""contestant-a-80080d04:TR_VCaCfgTioZkjJZ"",""frames"":null,""reason"":null,""staleSec"":376,""probation"":false}],""trackCount"":1,""ineligibleCount"":0}"
2026-09-05T19:04:26.644542+00:00,2026-09-05T19:04:21.88+00:00,pub_stats,,a,show-5b0cddtl,3000908,8976103,3000000,48,48,0,25,25,47.67,none,f,f+h+q,3,608,1080,608,1080,"SimulcastEncoderAdapter (libvpx, libvpx, libvpx)",4,2,1,0,0,0.012222,0.032,2269,,,,,,,live:a,"{""qualityLimitationDurations"":{""cpu"":0,""none"":376.904,""other"":0,""bandwidth"":0.134}}"
2026-09-05T19:04:28.646315+00:00,2026-09-05T19:04:23.869+00:00,director_heartbeat,,a,show-5b0cddtl,,,,,,,,,,,,,,,,,,,,,,,,,,,,,,,,,,"{""state"":""running""}"
2026-09-05T19:04:28.646315+00:00,2026-09-05T19:04:23.871+00:00,pub_stats,,a,show-5b0cddtl,2831928,8976103,3000000,43,43,0,20,27,44.95,none,f,f+h+q,3,608,1080,608,1080,"SimulcastEncoderAdapter (libvpx, libvpx, libvpx)",4,2,1,0,0,0.012277,0.032,2269,,,,,,,live:a,"{""qualityLimitationDurations"":{""cpu"":0,""none"":378.905,""other"":0,""bandwidth"":0.134}}"
2026-09-05T19:04:29.639546+00:00,2026-09-05T19:04:24.716+00:00,mic_level_sample,,a,show-5b0cddtl,,,,,,,,,,,,,,,,,,,,,,,,,,,,,,,,,,"{""deviceId"":""default"",""inputRms"":0.0002093179346429948,""outputRms"":0.0002093179346429948,""deviceLabel"":""Default"",""audioContextState"":""running""}"
2026-09-05T19:04:30.764369+00:00,2026-09-05T19:04:25.867+00:00,track_liveness_snapshot,,a,show-5b0cddtl,,,,,,,,,,,,,,,,,,,,,,,,,,,,,,,,,,"{""entries"":[{""key"":""contestant-a-80080d04:TR_VCaCfgTioZkjJZ"",""frames"":null,""reason"":null,""staleSec"":381,""probation"":false}],""trackCount"":1,""ineligibleCount"":0}"
2026-09-05T19:04:30.764369+00:00,2026-09-05T19:04:25.882+00:00,pub_stats,,a,show-5b0cddtl,2806774,8976103,3000000,45,45,0,25,26,45.89,none,f,f+h+q,3,608,1080,608,1080,"SimulcastEncoderAdapter (libvpx, libvpx, libvpx)",4,2,1,0,0,0.016233,0.03,2269,,,,,,,live:a,"{""qualityLimitationDurations"":{""cpu"":0,""none"":380.907,""other"":0,""bandwidth"":0.134}}"
2026-09-05T19:04:33.450518+00:00,2026-09-05T19:04:27.876+00:00,pub_stats,,a,show-5b0cddtl,2765277,8976103,3000000,47,47,0,24,25,47.91,none,f,f+h+q,3,608,1080,608,1080,"SimulcastEncoderAdapter (libvpx, libvpx, libvpx)",5,2,1,0,0,0.013311,0.03,2269,,,,,,,live:a,"{""qualityLimitationDurations"":{""cpu"":0,""none"":382.91,""other"":0,""bandwidth"":0.134}}"
2026-09-05T19:04:34.689675+00:00,2026-09-05T19:04:29.723+00:00,mic_level_sample,,a,show-5b0cddtl,,,,,,,,,,,,,,,,,,,,,,,,,,,,,,,,,,"{""deviceId"":""default"",""inputRms"":0.00024411827223493401,""outputRms"":0.00024411827223493401,""deviceLabel"":""Default"",""audioContextState"":""running""}"
2026-09-05T19:04:34.689675+00:00,2026-09-05T19:04:29.886+00:00,pub_stats,,a,show-5b0cddtl,2922121,8976103,3000000,48,48,0,25,25,43.88,none,f,f+h+q,3,608,1080,608,1080,"SimulcastEncoderAdapter (libvpx, libvpx, libvpx)",5,2,1,0,0,0.012754999999999999,0.027,2269,,,,,,,live:a,"{""qualityLimitationDurations"":{""cpu"":0,""none"":384.91,""other"":0,""bandwidth"":0.134}}"
2026-09-05T19:04:35.678542+00:00,2026-09-05T19:04:30.867+00:00,track_liveness_snapshot,,a,show-5b0cddtl,,,,,,,,,,,,,,,,,,,,,,,,,,,,,,,,,,"{""entries"":[{""key"":""contestant-a-80080d04:TR_VCaCfgTioZkjJZ"",""frames"":null,""reason"":null,""staleSec"":386,""probation"":false}],""trackCount"":1,""ineligibleCount"":0}"
2026-09-05T19:04:36.664965+00:00,2026-09-05T19:04:31.881+00:00,pub_stats,,a,show-5b0cddtl,2225031,8976103,3000000,38,38,0,20,24,43.61,none,f,f+h+q,3,608,1080,608,1080,"SimulcastEncoderAdapter (libvpx, libvpx, libvpx)",5,2,1,0,0,0.016087999999999998,0.027,2269,,,,,,,live:a,"{""qualityLimitationDurations"":{""cpu"":0,""none"":386.909,""other"":0,""bandwidth"":0.134}}"
2026-09-05T19:04:38.766612+00:00,2026-09-05T19:04:33.868+00:00,director_heartbeat,,a,show-5b0cddtl,,,,,,,,,,,,,,,,,,,,,,,,,,,,,,,,,,"{""state"":""running""}"
2026-09-05T19:04:38.766612+00:00,2026-09-05T19:04:33.879+00:00,pub_stats,,a,show-5b0cddtl,2877473,8976103,3000000,44,44,0,24,25,42.05,none,f,f+h+q,3,608,1080,608,1080,"SimulcastEncoderAdapter (libvpx, libvpx, libvpx)",5,2,1,0,0,0.016111,0.03,2269,,,,,,,live:a,"{""qualityLimitationDurations"":{""cpu"":0,""none"":388.906,""other"":0,""bandwidth"":0.134}}"
2026-09-05T19:04:38.766612+00:00,2026-09-05T19:04:33.984+00:00,backing_deck_raf,,a,show-5b0cddtl,,,,,,,,,,,,,,,,,,,,,,,,,,,,,interval,,,,,"{""elapsedMs"":30001,""idleFrames"":0,""hasDuration"":true,""activeFrames"":1481,""changedLabel"":0,""changedWidth"":0,""playingFrames"":0}"
2026-09-05T19:04:39.678913+00:00,2026-09-05T19:04:34.718+00:00,mic_level_sample,,a,show-5b0cddtl,,,,,,,,,,,,,,,,,,,,,,,,,,,,,,,,,,"{""deviceId"":""default"",""inputRms"":0.0002989217564353306,""outputRms"":0.0002989217564353306,""deviceLabel"":""Default"",""audioContextState"":""running""}"
2026-09-05T19:04:40.635448+00:00,2026-09-05T19:04:35.879+00:00,pub_stats,,a,show-5b0cddtl,2973964,8976103,3000000,47,47,0,24,26,40.74,none,f,f+h+q,3,608,1080,608,1080,"SimulcastEncoderAdapter (libvpx, libvpx, libvpx)",5,2,1,0,0,0.020977,0.029,2269,,,,,,,live:a,"{""qualityLimitationDurations"":{""cpu"":0,""none"":390.914,""other"":0,""bandwidth"":0.134}}"
2026-09-05T19:04:41.709973+00:00,2026-09-05T19:04:36.365+00:00,track_liveness_snapshot,,a,show-5b0cddtl,,,,,,,,,,,,,,,,,,,,,,,,,,,,,,,,,,"{""entries"":[{""key"":""contestant-a-80080d04:TR_VCaCfgTioZkjJZ"",""frames"":null,""reason"":null,""staleSec"":391,""probation"":false}],""trackCount"":1,""ineligibleCount"":0}"
2026-09-05T19:04:43.26727+00:00,2026-09-05T19:04:37.873+00:00,pub_stats,,a,show-5b0cddtl,2992433,8976103,2982588,49,49,0,25,26,41.96,none,f,f+h+q,3,608,1080,608,1080,"SimulcastEncoderAdapter (libvpx, libvpx, libvpx)",5,2,1,0,0,0.018810999999999998,0.033,2269,,,,,,,live:a,"{""qualityLimitationDurations"":{""cpu"":0,""none"":392.907,""other"":0,""bandwidth"":0.134}}"
2026-09-05T19:04:44.767372+00:00,2026-09-05T19:04:39.17+00:00,director_shot_emitted,,a,show-5b0cddtl,,,,,,,,,,,,,,,,,,,,,,,,,,,,,,,,,,"{""shot"":""zoomOut"",""slot"":""a"",""sourceRole"":""main"",""decisionSource"":""auto"",""targetIdentity"":""contestant-a-80080d04""}"
2026-09-05T19:04:44.767372+00:00,2026-09-05T19:04:39.171+00:00,shot_publish_success,,a,show-5b0cddtl,,,,,,,,,,,,,,,,,,,,,,,,,,,,,,,,,,"{""shot"":""zoomOut"",""slot"":""a"",""commandId"":""c5aed6c3-4dcd-435c-8001-b12006045593"",""decisionSource"":""auto"",""connectionState"":""connected""}"
2026-09-05T19:04:44.767372+00:00,2026-09-05T19:04:39.718+00:00,mic_level_sample,,a,show-5b0cddtl,,,,,,,,,,,,,,,,,,,,,,,,,,,,,,,,,,"{""deviceId"":""default"",""inputRms"":0.00028353492849931677,""outputRms"":0.00028353492849931677,""deviceLabel"":""Default"",""audioContextState"":""running""}"
2026-09-05T19:04:44.767372+00:00,2026-09-05T19:04:39.932+00:00,pub_stats,,a,show-5b0cddtl,2396604,8976103,3000000,41,41,0,19,22,48.49,none,f,f+h+q,3,608,1080,608,1080,"SimulcastEncoderAdapter (libvpx, libvpx, libvpx)",5,2,1,0,0,0.013722,0.033,2269,,,,,,,live:a,"{""qualityLimitationDurations"":{""cpu"":0,""none"":394.966,""other"":0,""bandwidth"":0.134}}"
2026-09-05T19:04:46.651118+00:00,2026-09-05T19:04:41.366+00:00,track_liveness_snapshot,,a,show-5b0cddtl,,,,,,,,,,,,,,,,,,,,,,,,,,,,,,,,,,"{""entries"":[{""key"":""contestant-a-80080d04:TR_VCaCfgTioZkjJZ"",""frames"":null,""reason"":null,""staleSec"":396,""probation"":false}],""trackCount"":1,""ineligibleCount"":0}"
2026-09-05T19:04:46.651118+00:00,2026-09-05T19:04:41.875+00:00,pub_stats,,a,show-5b0cddtl,2505717,8976103,3000000,40,40,0,21,22,52.17,none,f,f+h+q,3,608,1080,608,1080,"SimulcastEncoderAdapter (libvpx, libvpx, libvpx)",5,2,1,0,0,0.012888,0.033,2269,,,,,,,live:a,"{""qualityLimitationDurations"":{""cpu"":0,""none"":396.907,""other"":0,""bandwidth"":0.134}}"
2026-09-05T19:04:48.656513+00:00,2026-09-05T19:04:43.871+00:00,pub_stats,,a,show-5b0cddtl,2528140,8976103,3000000,40,40,0,20,21,38.33,none,f,f+h+q,3,608,1080,608,1080,"SimulcastEncoderAdapter (libvpx, libvpx, libvpx)",5,2,1,0,0,0.010855,0.031,2269,,,,,,,live:a,"{""qualityLimitationDurations"":{""cpu"":0,""none"":398.905,""other"":0,""bandwidth"":0.134}}"
2026-09-05T19:04:48.656513+00:00,2026-09-05T19:04:43.871+00:00,director_heartbeat,,a,show-5b0cddtl,,,,,,,,,,,,,,,,,,,,,,,,,,,,,,,,,,"{""state"":""running""}"
2026-09-05T19:04:49.651269+00:00,2026-09-05T19:04:44.72+00:00,mic_level_sample,,a,show-5b0cddtl,,,,,,,,,,,,,,,,,,,,,,,,,,,,,,,,,,"{""deviceId"":""default"",""inputRms"":0.00023218003782298987,""outputRms"":0.00023218003782298987,""deviceLabel"":""Default"",""audioContextState"":""running""}"
2026-09-05T19:04:50.691252+00:00,2026-09-05T19:04:45.872+00:00,pub_stats,,a,show-5b0cddtl,3202067,8976103,2988413,44,44,0,22,23,29.05,none,f,f+h+q,3,608,1080,608,1080,"SimulcastEncoderAdapter (libvpx, libvpx, libvpx)",5,2,1,0,0,0.014844,0.027,2269,,,,,,,live:a,"{""qualityLimitationDurations"":{""cpu"":0,""none"":400.907,""other"":0,""bandwidth"":0.134}}"
2026-09-05T19:04:51.659054+00:00,2026-09-05T19:04:46.367+00:00,track_liveness_snapshot,,a,show-5b0cddtl,,,,,,,,,,,,,,,,,,,,,,,,,,,,,,,,,,"{""entries"":[{""key"":""contestant-a-80080d04:TR_VCaCfgTioZkjJZ"",""frames"":null,""reason"":null,""staleSec"":402,""probation"":false}],""trackCount"":1,""ineligibleCount"":0}"
2026-09-05T19:04:52.675493+00:00,2026-09-05T19:04:47.871+00:00,pub_stats,,a,show-5b0cddtl,3035618,8976103,2877607,47,47,0,24,24,35.62,none,f,f+h+q,3,608,1080,608,1080,"SimulcastEncoderAdapter (libvpx, libvpx, libvpx)",5,2,1,0,0,0.009588,0.027,2269,,,,,,,live:a,"{""qualityLimitationDurations"":{""cpu"":0,""none"":402.906,""other"":0,""bandwidth"":0.134}}"
2026-09-05T19:04:54.651724+00:00,2026-09-05T19:04:49.721+00:00,mic_level_sample,,a,show-5b0cddtl,,,,,,,,,,,,,,,,,,,,,,,,,,,,,,,,,,"{""deviceId"":""default"",""inputRms"":0.0003206729002601473,""outputRms"":0.0003206729002601473,""deviceLabel"":""Default"",""audioContextState"":""running""}"
2026-09-05T19:04:54.651724+00:00,2026-09-05T19:04:49.882+00:00,pub_stats,,a,show-5b0cddtl,2679021,8976103,3000000,41,41,0,20,26,44.54,none,f,f+h+q,3,608,1080,608,1080,"SimulcastEncoderAdapter (libvpx, libvpx, libvpx)",5,2,1,0,0,0.013344,0.03,2269,,,,,,,live:a,"{""qualityLimitationDurations"":{""cpu"":0,""none"":404.908,""other"":0,""bandwidth"":0.134}}"
2026-09-05T19:04:56.756882+00:00,2026-09-05T19:04:51.865+00:00,track_liveness_snapshot,,a,show-5b0cddtl,,,,,,,,,,,,,,,,,,,,,,,,,,,,,,,,,,"{""entries"":[{""key"":""contestant-a-80080d04:TR_VCaCfgTioZkjJZ"",""frames"":null,""reason"":null,""staleSec"":407,""probation"":false}],""trackCount"":1,""ineligibleCount"":0}"
2026-09-05T19:04:56.756882+00:00,2026-09-05T19:04:51.882+00:00,pub_stats,,a,show-5b0cddtl,2759008,8976103,3000000,47,47,0,21,23,53.34,none,f,f+h+q,3,608,1080,608,1080,"SimulcastEncoderAdapter (libvpx, libvpx, libvpx)",5,2,1,0,0,0.015087999999999999,0.029,2269,,,,,,,live:a,"{""qualityLimitationDurations"":{""cpu"":0,""none"":406.906,""other"":0,""bandwidth"":0.134}}"
2026-09-05T19:04:58.748671+00:00,2026-09-05T19:04:53.875+00:00,director_heartbeat,,a,show-5b0cddtl,,,,,,,,,,,,,,,,,,,,,,,,,,,,,,,,,,"{""state"":""running""}"
2026-09-05T19:04:58.748671+00:00,2026-09-05T19:04:53.886+00:00,pub_stats,,a,show-5b0cddtl,3058452,8976103,3000000,50,50,0,25,25,42.04,none,f,f+h+q,3,608,1080,608,1080,"SimulcastEncoderAdapter (libvpx, libvpx, libvpx)",5,3,1,0,0,0.012676999999999999,0.03,3424,,,,,,,live:a,"{""qualityLimitationDurations"":{""cpu"":0,""none"":408.916,""other"":0,""bandwidth"":0.134}}"
2026-09-05T19:04:59.644921+00:00,2026-09-05T19:04:54.717+00:00,mic_level_sample,,a,show-5b0cddtl,,,,,,,,,,,,,,,,,,,,,,,,,,,,,,,,,,"{""deviceId"":""default"",""inputRms"":0.00023562897437376027,""outputRms"":0.00023562897437376027,""deviceLabel"":""Default"",""audioContextState"":""running""}"
2026-09-05T19:05:00.720614+00:00,2026-09-05T19:04:55.882+00:00,pub_stats,,a,show-5b0cddtl,2568441,8976103,3000000,41,41,0,20,21,47.73,none,f,f+h+q,3,608,1080,608,1080,"SimulcastEncoderAdapter (libvpx, libvpx, libvpx)",5,3,1,0,0,0.010676999999999999,0.03,3424,,,,,,,live:a,"{""qualityLimitationDurations"":{""cpu"":0,""none"":410.905,""other"":0,""bandwidth"":0.134}}"
2026-09-05T19:05:01.663457+00:00,2026-09-05T19:04:56.865+00:00,track_liveness_snapshot,,a,show-5b0cddtl,,,,,,,,,,,,,,,,,,,,,,,,,,,,,,,,,,"{""entries"":[{""key"":""contestant-a-80080d04:TR_VCaCfgTioZkjJZ"",""frames"":null,""reason"":null,""staleSec"":412,""probation"":false}],""trackCount"":1,""ineligibleCount"":0}"
2026-09-05T19:05:02.713331+00:00,2026-09-05T19:04:57.892+00:00,pub_stats,,a,show-5b0cddtl,2742894,8976103,3000000,42,42,0,22,21,42.67,none,f,f+h+q,3,608,1080,608,1080,"SimulcastEncoderAdapter (libvpx, libvpx, libvpx)",5,3,1,0,0,0.013099999999999999,0.036,3424,,,,,,,live:a,"{""qualityLimitationDurations"":{""cpu"":0,""none"":412.915,""other"":0,""bandwidth"":0.134}}"
2026-09-05T19:05:04.7499+00:00,2026-09-05T19:04:59.723+00:00,mic_level_sample,,a,show-5b0cddtl,,,,,,,,,,,,,,,,,,,,,,,,,,,,,,,,,,"{""deviceId"":""default"",""inputRms"":0.0001917573226572573,""outputRms"":0.0001917573226572573,""deviceLabel"":""Default"",""audioContextState"":""running""}"
2026-09-05T19:05:04.7499+00:00,2026-09-05T19:04:59.873+00:00,pub_stats,,a,show-5b0cddtl,2625369,8976103,3000000,37,37,0,21,24,47,none,f,f+h+q,3,608,1080,608,1080,"SimulcastEncoderAdapter (libvpx, libvpx, libvpx)",5,3,1,0,0,0.013654999999999999,0.031,3424,,,,,,,live:a,"{""qualityLimitationDurations"":{""cpu"":0,""none"":414.908,""other"":0,""bandwidth"":0.134}}"
2026-09-05T19:05:06.685012+00:00,2026-09-05T19:05:01.868+00:00,track_liveness_snapshot,,a,show-5b0cddtl,,,,,,,,,,,,,,,,,,,,,,,,,,,,,,,,,,"{""entries"":[{""key"":""contestant-a-80080d04:TR_VCaCfgTioZkjJZ"",""frames"":null,""reason"":null,""staleSec"":417,""probation"":false}],""trackCount"":1,""ineligibleCount"":0}"
2026-09-05T19:05:06.685012+00:00,2026-09-05T19:05:01.874+00:00,pub_stats,,a,show-5b0cddtl,2944344,8976103,3000000,43,43,0,22,23,46.09,none,f,f+h+q,3,608,1080,608,1080,"SimulcastEncoderAdapter (libvpx, libvpx, libvpx)",5,3,1,0,0,0.013654999999999999,0.03,3424,,,,,,,live:a,"{""qualityLimitationDurations"":{""cpu"":0,""none"":416.908,""other"":0,""bandwidth"":0.134}}"
2026-09-05T19:05:07.688132+00:00,2026-09-05T19:05:02.647+00:00,director_shot_emitted,,a,show-5b0cddtl,,,,,,,,,,,,,,,,,,,,,,,,,,,,,,,,,,"{""shot"":""pan"",""slot"":""a"",""sourceRole"":""main"",""decisionSource"":""auto"",""targetIdentity"":""contestant-a-80080d04""}"
2026-09-05T19:05:07.688132+00:00,2026-09-05T19:05:02.648+00:00,shot_publish_success,,a,show-5b0cddtl,,,,,,,,,,,,,,,,,,,,,,,,,,,,,,,,,,"{""shot"":""pan"",""slot"":""a"",""commandId"":""985773b7-4e83-48cf-8cd1-28f43bb967ce"",""decisionSource"":""auto"",""connectionState"":""connected""}"
2026-09-05T19:05:08.666802+00:00,2026-09-05T19:05:03.868+00:00,director_heartbeat,,a,show-5b0cddtl,,,,,,,,,,,,,,,,,,,,,,,,,,,,,,,,,,"{""state"":""running""}"
2026-09-05T19:05:08.666802+00:00,2026-09-05T19:05:03.87+00:00,pub_stats,,a,show-5b0cddtl,2874870,8976103,3000000,44,44,0,21,24,46.48,none,f,f+h+q,3,608,1080,608,1080,"SimulcastEncoderAdapter (libvpx, libvpx, libvpx)",5,3,1,0,0,0.010355,0.03,3424,,,,,,,live:a,"{""qualityLimitationDurations"":{""cpu"":0,""none"":418.904,""other"":0,""bandwidth"":0.134}}"
2026-09-05T19:05:08.666802+00:00,2026-09-05T19:05:03.986+00:00,deck_loop_suspended,,a,show-5b0cddtl,,,,,,,,,,,,,,,,,,,,,,,,,,,,,,,,,,"{""phaseMs"":60000,""suspended"":true}"
2026-09-05T19:05:08.666802+00:00,2026-09-05T19:05:04.012+00:00,backing_deck_raf,,a,show-5b0cddtl,,,,,,,,,,,,,,,,,,,,,,,,,,,,,interval,,,,,"{""elapsedMs"":30028,""idleFrames"":0,""hasDuration"":true,""activeFrames"":1484,""changedLabel"":0,""changedWidth"":0,""playingFrames"":0}"
2026-09-05T19:05:09.639521+00:00,2026-09-05T19:05:04.717+00:00,mic_level_sample,,a,show-5b0cddtl,,,,,,,,,,,,,,,,,,,,,,,,,,,,,,,,,,"{""deviceId"":""default"",""inputRms"":0.0003811477255791904,""outputRms"":0.0003811477255791904,""deviceLabel"":""Default"",""audioContextState"":""running""}"
2026-09-05T19:05:10.6965+00:00,2026-09-05T19:05:05.884+00:00,pub_stats,,a,show-5b0cddtl,3092453,8976103,3000000,50,50,0,28,27,40.24,none,f,f+h+q,3,608,1080,608,1080,"SimulcastEncoderAdapter (libvpx, libvpx, libvpx)",5,3,1,0,0,0.008421999999999999,0.027,3424,,,,,,,live:a,"{""qualityLimitationDurations"":{""cpu"":0,""none"":420.907,""other"":0,""bandwidth"":0.134}}"
2026-09-05T19:05:11.854276+00:00,2026-09-05T19:05:06.874+00:00,track_liveness_snapshot,,a,show-5b0cddtl,,,,,,,,,,,,,,,,,,,,,,,,,,,,,,,,,,"{""entries"":[{""key"":""contestant-a-80080d04:TR_VCaCfgTioZkjJZ"",""frames"":null,""reason"":null,""staleSec"":422,""probation"":false}],""trackCount"":1,""ineligibleCount"":0}"
2026-09-05T19:05:12.636578+00:00,2026-09-05T19:05:07.879+00:00,pub_stats,,a,show-5b0cddtl,2838300,8976103,2944953,44,44,0,22,21,42.61,none,f,f+h+q,3,608,1080,608,1080,"SimulcastEncoderAdapter (libvpx, libvpx, libvpx)",5,3,1,0,0,0.012211,0.026,3424,,,,,,,live:a,"{""qualityLimitationDurations"":{""cpu"":0,""none"":422.904,""other"":0,""bandwidth"":0.134}}"
2026-09-05T19:05:14.648872+00:00,2026-09-05T19:05:09.718+00:00,mic_level_sample,,a,show-5b0cddtl,,,,,,,,,,,,,,,,,,,,,,,,,,,,,,,,,,"{""deviceId"":""default"",""inputRms"":0.00022182308796723339,""outputRms"":0.00022182308796723339,""deviceLabel"":""Default"",""audioContextState"":""running""}"
2026-09-05T19:05:14.648872+00:00,2026-09-05T19:05:09.87+00:00,pub_stats,,a,show-5b0cddtl,2840920,8976103,3000000,48,48,0,24,23,52.35,none,f,f+h+q,3,608,1080,608,1080,"SimulcastEncoderAdapter (libvpx, libvpx, libvpx)",5,3,1,0,0,0.009233,0.027,3424,,,,,,,live:a,"{""qualityLimitationDurations"":{""cpu"":0,""none"":424.904,""other"":0,""bandwidth"":0.134}}"
2026-09-05T19:05:16.687025+00:00,2026-09-05T19:05:11.875+00:00,pub_stats,,a,show-5b0cddtl,2912180,8976103,3000000,45,45,0,25,26,49.56,none,f,f+h+q,3,608,1080,608,1080,"SimulcastEncoderAdapter (libvpx, libvpx, libvpx)",5,3,1,0,0,0.010676999999999999,0.027,3424,,,,,,,live:a,"{""qualityLimitationDurations"":{""cpu"":0,""none"":426.905,""other"":0,""bandwidth"":0.134}}"
2026-09-05T19:05:17.681036+00:00,2026-09-05T19:05:12.365+00:00,track_liveness_snapshot,,a,show-5b0cddtl,,,,,,,,,,,,,,,,,,,,,,,,,,,,,,,,,,"{""entries"":[{""key"":""contestant-a-80080d04:TR_VCaCfgTioZkjJZ"",""frames"":null,""reason"":null,""staleSec"":427,""probation"":false}],""trackCount"":1,""ineligibleCount"":0}"
2026-09-05T19:05:18.672938+00:00,2026-09-05T19:05:13.871+00:00,director_heartbeat,,a,show-5b0cddtl,,,,,,,,,,,,,,,,,,,,,,,,,,,,,,,,,,"{""state"":""running""}"
2026-09-05T19:05:18.672938+00:00,2026-09-05T19:05:13.879+00:00,pub_stats,,a,show-5b0cddtl,2840255,8976103,2987678,45,45,0,24,25,51.73,none,f,f+h+q,3,608,1080,608,1080,"SimulcastEncoderAdapter (libvpx, libvpx, libvpx)",5,3,1,0,0,0.016755,0.036,3424,,,,,,,live:a,"{""qualityLimitationDurations"":{""cpu"":0,""none"":428.912,""other"":0,""bandwidth"":0.134}}"
2026-09-05T19:05:19.671705+00:00,2026-09-05T19:05:14.721+00:00,mic_level_sample,,a,show-5b0cddtl,,,,,,,,,,,,,,,,,,,,,,,,,,,,,,,,,,"{""deviceId"":""default"",""inputRms"":0.00021018514610675565,""outputRms"":0.00021018514610675565,""deviceLabel"":""Default"",""audioContextState"":""running""}"
2026-09-05T19:05:20.675951+00:00,2026-09-05T19:05:15.891+00:00,pub_stats,,a,show-5b0cddtl,2897917,8976103,3000000,49,49,0,24,24,53.27,none,f,f+h+q,3,608,1080,608,1080,"SimulcastEncoderAdapter (libvpx, libvpx, libvpx)",5,3,1,0,0,0.010355,0.035,3424,,,,,,,live:a,"{""qualityLimitationDurations"":{""cpu"":0,""none"":430.912,""other"":0,""bandwidth"":0.134}}"
2026-09-05T19:05:22.655916+00:00,2026-09-05T19:05:17.367+00:00,track_liveness_snapshot,,a,show-5b0cddtl,,,,,,,,,,,,,,,,,,,,,,,,,,,,,,,,,,"{""entries"":[{""key"":""contestant-a-80080d04:TR_VCaCfgTioZkjJZ"",""frames"":null,""reason"":null,""staleSec"":433,""probation"":false}],""trackCount"":1,""ineligibleCount"":0}"
2026-09-05T19:05:22.655916+00:00,2026-09-05T19:05:17.87+00:00,pub_stats,,a,show-5b0cddtl,2987861,8976103,3000000,52,52,0,28,26,51.79,none,f,f+h+q,3,608,1080,608,1080,"SimulcastEncoderAdapter (libvpx, libvpx, libvpx)",5,3,1,0,0,0.016455,0.047,3424,,,,,,,live:a,"{""qualityLimitationDurations"":{""cpu"":0,""none"":432.905,""other"":0,""bandwidth"":0.134}}"
2026-09-05T19:05:24.661191+00:00,2026-09-05T19:05:19.717+00:00,mic_level_sample,,a,show-5b0cddtl,,,,,,,,,,,,,,,,,,,,,,,,,,,,,,,,,,"{""deviceId"":""default"",""inputRms"":0.0003702492382428712,""outputRms"":0.0003702492382428712,""deviceLabel"":""Default"",""audioContextState"":""running""}"
2026-09-05T19:05:24.661191+00:00,2026-09-05T19:05:19.874+00:00,pub_stats,,a,show-5b0cddtl,3232291,8976103,2849203,55,55,0,29,28,48.78,none,f,f+h+q,3,608,1080,608,1080,"SimulcastEncoderAdapter (libvpx, libvpx, libvpx)",5,3,1,0,0,0.010355,0.047,3424,,,,,,,live:a,"{""qualityLimitationDurations"":{""cpu"":0,""none"":434.904,""other"":0,""bandwidth"":0.134}}"
2026-09-05T19:05:26.644629+00:00,2026-09-05T19:05:21.888+00:00,pub_stats,,a,show-5b0cddtl,2853474,8976103,2933390,54,54,0,26,26,42.09,none,f,f+h+q,3,608,1080,608,1080,"SimulcastEncoderAdapter (libvpx, libvpx, libvpx)",5,3,1,0,0,0.006944,0.03,3424,,,,,,,live:a,"{""qualityLimitationDurations"":{""cpu"":0,""none"":436.905,""other"":0,""bandwidth"":0.134}}"
2026-09-05T19:05:27.772033+00:00,2026-09-05T19:05:22.866+00:00,track_liveness_snapshot,,a,show-5b0cddtl,,,,,,,,,,,,,,,,,,,,,,,,,,,,,,,,,,"{""entries"":[{""key"":""contestant-a-80080d04:TR_VCaCfgTioZkjJZ"",""frames"":null,""reason"":null,""staleSec"":438,""probation"":false}],""trackCount"":1,""ineligibleCount"":0}"
2026-09-05T19:05:29.137365+00:00,2026-09-05T19:05:23.87+00:00,director_heartbeat,,a,show-5b0cddtl,,,,,,,,,,,,,,,,,,,,,,,,,,,,,,,,,,"{""state"":""running""}"
2026-09-05T19:05:29.137365+00:00,2026-09-05T19:05:23.875+00:00,pub_stats,,a,show-5b0cddtl,2877576,8976103,3000000,52,52,0,28,27,40,none,f,f+h+q,3,608,1080,608,1080,"SimulcastEncoderAdapter (libvpx, libvpx, libvpx)",5,5,1,0,0,0.006833,0.029,4545,,,,,,,live:a,"{""qualityLimitationDurations"":{""cpu"":0,""none"":438.905,""other"":0,""bandwidth"":0.134}}"
2026-09-05T19:05:29.663353+00:00,2026-09-05T19:05:24.716+00:00,mic_level_sample,,a,show-5b0cddtl,,,,,,,,,,,,,,,,,,,,,,,,,,,,,,,,,,"{""deviceId"":""default"",""inputRms"":0.0003329593776692726,""outputRms"":0.0003329593776692726,""deviceLabel"":""Default"",""audioContextState"":""running""}"
2026-09-05T19:05:30.63489+00:00,2026-09-05T19:05:25.874+00:00,pub_stats,,a,show-5b0cddtl,2686447,8976103,3000000,47,47,0,23,23,37.68,none,f,f+h+q,3,608,1080,608,1080,"SimulcastEncoderAdapter (libvpx, libvpx, libvpx)",5,5,1,0,0,0.007932999999999999,0.03,4545,,,,,,,live:a,"{""qualityLimitationDurations"":{""cpu"":0,""none"":440.903,""other"":0,""bandwidth"":0.134}}"
2026-09-05T19:05:32.654738+00:00,2026-09-05T19:05:27.877+00:00,pub_stats,,a,show-5b0cddtl,3049254,8976103,3000000,50,50,0,26,26,37.06,none,f,f+h+q,3,608,1080,608,1080,"SimulcastEncoderAdapter (libvpx, libvpx, libvpx)",5,5,1,0,0,0.013588,0.03,4545,,,,,,,live:a,"{""qualityLimitationDurations"":{""cpu"":0,""none"":442.904,""other"":0,""bandwidth"":0.134}}"
2026-09-05T19:05:33.887404+00:00,2026-09-05T19:05:28.374+00:00,track_liveness_snapshot,,a,show-5b0cddtl,,,,,,,,,,,,,,,,,,,,,,,,,,,,,,,,,,"{""entries"":[{""key"":""contestant-a-80080d04:TR_VCaCfgTioZkjJZ"",""frames"":null,""reason"":null,""staleSec"":444,""probation"":false}],""trackCount"":1,""ineligibleCount"":0}"
2026-09-05T19:05:34.654826+00:00,2026-09-05T19:05:29.725+00:00,mic_level_sample,,a,show-5b0cddtl,,,,,,,,,,,,,,,,,,,,,,,,,,,,,,,,,,"{""deviceId"":""default"",""inputRms"":0.0008084807414146479,""outputRms"":0.0008084807414146479,""deviceLabel"":""Default"",""audioContextState"":""running""}"
2026-09-05T19:05:34.654826+00:00,2026-09-05T19:05:29.871+00:00,pub_stats,,a,show-5b0cddtl,3027944,8976103,2901690,56,56,0,27,29,50,none,f,f+h+q,3,608,1080,608,1080,"SimulcastEncoderAdapter (libvpx, libvpx, libvpx)",5,5,1,0,0,0.010744,0.03,4545,,,,,,,live:a,"{""qualityLimitationDurations"":{""cpu"":0,""none"":444.905,""other"":0,""bandwidth"":0.134}}"
2026-09-05T19:05:36.662624+00:00,2026-09-05T19:05:31.874+00:00,pub_stats,,a,show-5b0cddtl,2947155,8976103,3000000,52,52,0,26,26,47.5,none,f,f+h+q,3,608,1080,608,1080,"SimulcastEncoderAdapter (libvpx, libvpx, libvpx)",5,6,1,0,0,0.013711,0.032,5666,,,,,,,live:a,"{""qualityLimitationDurations"":{""cpu"":0,""none"":446.909,""other"":0,""bandwidth"":0.134}}"
2026-09-05T19:05:39.196674+00:00,2026-09-05T19:05:33.867+00:00,track_liveness_snapshot,,a,show-5b0cddtl,,,,,,,,,,,,,,,,,,,,,,,,,,,,,,,,,,"{""entries"":[{""key"":""contestant-a-80080d04:TR_VCaCfgTioZkjJZ"",""frames"":null,""reason"":null,""staleSec"":449,""probation"":false}],""trackCount"":1,""ineligibleCount"":0}"
2026-09-05T19:05:39.196674+00:00,2026-09-05T19:05:33.869+00:00,director_heartbeat,,a,show-5b0cddtl,,,,,,,,,,,,,,,,,,,,,,,,,,,,,,,,,,"{""state"":""running""}"
2026-09-05T19:05:39.196674+00:00,2026-09-05T19:05:33.881+00:00,pub_stats,,a,show-5b0cddtl,2641407,8976103,3000000,50,50,0,24,27,53.86,none,f,f+h+q,3,608,1080,608,1080,"SimulcastEncoderAdapter (libvpx, libvpx, libvpx)",5,7,1,0,0,0.012176999999999999,0.034,6803,,,,,,,live:a,"{""qualityLimitationDurations"":{""cpu"":0,""none"":448.905,""other"":0,""bandwidth"":0.134}}"
2026-09-05T19:05:39.799495+00:00,2026-09-05T19:05:34.72+00:00,mic_level_sample,,a,show-5b0cddtl,,,,,,,,,,,,,,,,,,,,,,,,,,,,,,,,,,"{""deviceId"":""default"",""inputRms"":0.00067721218340178,""outputRms"":0.00067721218340178,""deviceLabel"":""Default"",""audioContextState"":""running""}"
2026-09-05T19:05:40.742224+00:00,2026-09-05T19:05:35.889+00:00,pub_stats,,a,show-5b0cddtl,2848139,8976103,3000000,53,53,0,26,27,54.02,none,f,f+h+q,3,608,1080,608,1080,"SimulcastEncoderAdapter (libvpx, libvpx, libvpx)",5,7,1,0,0,0.013066,0.034,6803,,,,,,,live:a,"{""qualityLimitationDurations"":{""cpu"":0,""none"":450.905,""other"":0,""bandwidth"":0.134}}"
2026-09-05T19:05:42.642871+00:00,2026-09-05T19:05:37.884+00:00,pub_stats,,a,show-5b0cddtl,2855643,8976103,3000000,53,53,0,26,28,52.68,none,f,f+h+q,3,608,1080,608,1080,"SimulcastEncoderAdapter (libvpx, libvpx, libvpx)",5,7,1,0,0,0.009333,0.03,6803,,,,,,,live:a,"{""qualityLimitationDurations"":{""cpu"":0,""none"":452.908,""other"":0,""bandwidth"":0.134}}"
2026-09-05T19:05:44.662906+00:00,2026-09-05T19:05:39.365+00:00,track_liveness_snapshot,,a,show-5b0cddtl,,,,,,,,,,,,,,,,,,,,,,,,,,,,,,,,,,"{""entries"":[{""key"":""contestant-a-80080d04:TR_VCaCfgTioZkjJZ"",""frames"":null,""reason"":null,""staleSec"":454,""probation"":false}],""trackCount"":1,""ineligibleCount"":0}"
2026-09-05T19:05:44.662906+00:00,2026-09-05T19:05:39.718+00:00,mic_level_sample,,a,show-5b0cddtl,,,,,,,,,,,,,,,,,,,,,,,,,,,,,,,,,,"{""deviceId"":""default"",""inputRms"":0.0007016049140501861,""outputRms"":0.0007016049140501861,""deviceLabel"":""Default"",""audioContextState"":""running""}"
2026-09-05T19:05:44.662906+00:00,2026-09-05T19:05:39.883+00:00,pub_stats,,a,show-5b0cddtl,3022852,8976103,3000000,52,52,0,27,27,49.33,none,f,f+h+q,3,608,1080,608,1080,"SimulcastEncoderAdapter (libvpx, libvpx, libvpx)",5,7,1,0,0,0.010855,0.032,6803,,,,,,,live:a,"{""qualityLimitationDurations"":{""cpu"":0,""none"":454.906,""other"":0,""bandwidth"":0.134}}"
2026-09-05T19:05:46.691347+00:00,2026-09-05T19:05:41.877+00:00,pub_stats,,a,show-5b0cddtl,2786865,8976103,3000000,49,49,0,25,25,50.35,none,f,f+h+q,3,608,1080,608,1080,"SimulcastEncoderAdapter (libvpx, libvpx, libvpx)",5,7,1,0,0,0.006032999999999999,0.025,6803,,,,,,,live:a,"{""qualityLimitationDurations"":{""cpu"":0,""none"":456.91,""other"":0,""bandwidth"":0.134}}"
2026-09-05T19:05:49.067331+00:00,2026-09-05T19:05:43.868+00:00,director_heartbeat,,a,show-5b0cddtl,,,,,,,,,,,,,,,,,,,,,,,,,,,,,,,,,,"{""state"":""running""}"
2026-09-05T19:05:49.067331+00:00,2026-09-05T19:05:43.874+00:00,pub_stats,,a,show-5b0cddtl,2540943,8976103,3000000,42,42,0,24,24,51.19,none,f,f+h+q,3,608,1080,608,1080,"SimulcastEncoderAdapter (libvpx, libvpx, libvpx)",5,8,1,0,0,0.007855,0.025,7947,,,,,,,live:a,"{""qualityLimitationDurations"":{""cpu"":0,""none"":458.905,""other"":0,""bandwidth"":0.134}}"
2026-09-05T19:05:49.662667+00:00,2026-09-05T19:05:44.376+00:00,track_liveness_snapshot,,a,show-5b0cddtl,,,,,,,,,,,,,,,,,,,,,,,,,,,,,,,,,,"{""entries"":[{""key"":""contestant-a-80080d04:TR_VCaCfgTioZkjJZ"",""frames"":null,""reason"":null,""staleSec"":460,""probation"":false}],""trackCount"":1,""ineligibleCount"":0}"
2026-09-05T19:05:49.662667+00:00,2026-09-05T19:05:44.735+00:00,mic_level_sample,,a,show-5b0cddtl,,,,,,,,,,,,,,,,,,,,,,,,,,,,,,,,,,"{""deviceId"":""default"",""inputRms"":0.00020776096492397983,""outputRms"":0.00020776096492397983,""deviceLabel"":""Default"",""audioContextState"":""running""}"
2026-09-05T19:05:50.651679+00:00,2026-09-05T19:05:45.871+00:00,pub_stats,,a,show-5b0cddtl,3193462,8976103,2960535,50,50,0,26,25,51.18,none,f,f+h+q,3,608,1080,608,1080,"SimulcastEncoderAdapter (libvpx, libvpx, libvpx)",5,8,1,0,0,0.009522,0.031,7947,,,,,,,live:a,"{""qualityLimitationDurations"":{""cpu"":0,""none"":460.903,""other"":0,""bandwidth"":0.134}}"
2026-09-05T19:05:52.662876+00:00,2026-09-05T19:05:47.884+00:00,pub_stats,,a,show-5b0cddtl,3060384,8976103,2810157,52,52,0,27,28,52.71,none,f,f+h+q,3,608,1080,608,1080,"SimulcastEncoderAdapter (libvpx, libvpx, libvpx)",5,8,1,0,0,0.008633,0.029,7947,,,,,,,live:a,"{""qualityLimitationDurations"":{""cpu"":0,""none"":462.915,""other"":0,""bandwidth"":0.134}}"
2026-09-05T19:05:54.650807+00:00,2026-09-05T19:05:49.38+00:00,track_liveness_snapshot,,a,show-5b0cddtl,,,,,,,,,,,,,,,,,,,,,,,,,,,,,,,,,,"{""entries"":[{""key"":""contestant-a-80080d04:TR_VCaCfgTioZkjJZ"",""frames"":null,""reason"":null,""staleSec"":465,""probation"":false}],""trackCount"":1,""ineligibleCount"":0}"
2026-09-05T19:05:54.650807+00:00,2026-09-05T19:05:49.721+00:00,mic_level_sample,,a,show-5b0cddtl,,,,,,,,,,,,,,,,,,,,,,,,,,,,,,,,,,"{""deviceId"":""default"",""inputRms"":0.00031153490753941637,""outputRms"":0.00031153490753941637,""deviceLabel"":""Default"",""audioContextState"":""running""}"
2026-09-05T19:05:54.650807+00:00,2026-09-05T19:05:49.885+00:00,pub_stats,,a,show-5b0cddtl,2492910,8976103,3000000,45,45,0,21,24,52.16,none,f,f+h+q,3,608,1080,608,1080,"SimulcastEncoderAdapter (libvpx, libvpx, libvpx)",5,8,1,0,0,0.0185,0.037,7947,,,,,,,live:a,"{""qualityLimitationDurations"":{""cpu"":0,""none"":464.907,""other"":0,""bandwidth"":0.134}}"
2026-09-05T19:05:56.651048+00:00,2026-09-05T19:05:51.879+00:00,pub_stats,,a,show-5b0cddtl,2807382,8976103,3000000,47,47,0,22,26,46.34,none,f,f+h+q,3,608,1080,608,1080,"SimulcastEncoderAdapter (libvpx, libvpx, libvpx)",5,8,1,0,0,0.016843999999999998,0.037,7947,,,,,,,live:a,"{""qualityLimitationDurations"":{""cpu"":0,""none"":466.913,""other"":0,""bandwidth"":0.134}}"
2026-09-05T19:05:59.021408+00:00,2026-09-05T19:05:53.868+00:00,director_heartbeat,,a,show-5b0cddtl,,,,,,,,,,,,,,,,,,,,,,,,,,,,,,,,,,"{""state"":""running""}"
2026-09-05T19:05:59.021408+00:00,2026-09-05T19:05:53.873+00:00,pub_stats,,a,show-5b0cddtl,3110267,8976103,3000000,56,56,0,27,26,34.25,none,f,f+h+q,3,608,1080,608,1080,"SimulcastEncoderAdapter (libvpx, libvpx, libvpx)",5,9,1,0,0,0.011222,0.028,9095,,,,,,,live:a,"{""qualityLimitationDurations"":{""cpu"":0,""none"":468.905,""other"":0,""bandwidth"":0.134}}"
2026-09-05T19:05:59.659982+00:00,2026-09-05T19:05:54.717+00:00,mic_level_sample,,a,show-5b0cddtl,,,,,,,,,,,,,,,,,,,,,,,,,,,,,,,,,,"{""deviceId"":""default"",""inputRms"":0.0002737726399279282,""outputRms"":0.00024980078360293547,""deviceLabel"":""Default"",""audioContextState"":""running""}"
2026-09-05T19:05:59.659982+00:00,2026-09-05T19:05:54.866+00:00,track_liveness_snapshot,,a,show-5b0cddtl,,,,,,,,,,,,,,,,,,,,,,,,,,,,,,,,,,"{""entries"":[{""key"":""contestant-a-80080d04:TR_VCaCfgTioZkjJZ"",""frames"":null,""reason"":null,""staleSec"":470,""probation"":false}],""trackCount"":1,""ineligibleCount"":0}"
2026-09-05T19:06:00.823817+00:00,2026-09-05T19:05:55.874+00:00,pub_stats,,a,show-5b0cddtl,2660278,8976103,3000000,46,46,0,22,23,28.59,none,f,f+h+q,3,608,1080,608,1080,"SimulcastEncoderAdapter (libvpx, libvpx, libvpx)",5,9,1,0,0,0.010966,0.035,9095,,,,,,,live:a,"{""qualityLimitationDurations"":{""cpu"":0,""none"":470.907,""other"":0,""bandwidth"":0.134}}"
2026-09-05T19:06:02.750279+00:00,2026-09-05T19:05:57.87+00:00,pub_stats,,a,show-5b0cddtl,2856325,8976103,3000000,48,48,0,24,24,28.58,none,f,f+h+q,3,608,1080,608,1080,"SimulcastEncoderAdapter (libvpx, libvpx, libvpx)",5,9,1,0,0,0.006122,0.029,9095,,,,,,,live:a,"{""qualityLimitationDurations"":{""cpu"":0,""none"":472.904,""other"":0,""bandwidth"":0.134}}"
2026-09-05T19:06:04.67915+00:00,2026-09-05T19:05:59.722+00:00,mic_level_sample,,a,show-5b0cddtl,,,,,,,,,,,,,,,,,,,,,,,,,,,,,,,,,,"{""deviceId"":""default"",""inputRms"":0.004944983877198623,""outputRms"":0.004944983877198623,""deviceLabel"":""Default"",""audioContextState"":""running""}"
2026-09-05T19:06:04.67915+00:00,2026-09-05T19:05:59.722+00:00,mic_recovered,,a,show-5b0cddtl,,,,,,,,,,,,,,,,,,,,,,,,,,,,,,,,,,"{""inputRms"":0.004944983877198623,""outputRms"":0.004944983877198623,""silentDurationMs"":135003,""audioContextState"":""running""}"
2026-09-05T19:06:04.67915+00:00,2026-09-05T19:05:59.867+00:00,track_liveness_snapshot,,a,show-5b0cddtl,,,,,,,,,,,,,,,,,,,,,,,,,,,,,,,,,,"{""entries"":[{""key"":""contestant-a-80080d04:TR_VCaCfgTioZkjJZ"",""frames"":null,""reason"":null,""staleSec"":475,""probation"":false}],""trackCount"":1,""ineligibleCount"":0}"
2026-09-05T19:06:04.67915+00:00,2026-09-05T19:05:59.873+00:00,pub_stats,,a,show-5b0cddtl,2909612,8976103,3000000,47,47,0,24,24,27.13,none,f,f+h+q,3,608,1080,608,1080,"SimulcastEncoderAdapter (libvpx, libvpx, libvpx)",5,9,1,0,0,0.006732999999999999,0.029,9095,,,,,,,live:a,"{""qualityLimitationDurations"":{""cpu"":0,""none"":474.906,""other"":0,""bandwidth"":0.134}}"
2026-09-05T19:06:06.659143+00:00,2026-09-05T19:06:01.876+00:00,pub_stats,,a,show-5b0cddtl,2710822,8976103,3000000,43,43,0,22,22,26.37,none,f,f+h+q,3,608,1080,608,1080,"SimulcastEncoderAdapter (libvpx, libvpx, libvpx)",5,9,1,0,0,0.010022,0.032,9095,,,,,,,live:a,"{""qualityLimitationDurations"":{""cpu"":0,""none"":476.91,""other"":0,""bandwidth"":0.134}}"
2026-09-05T19:06:09.44855+00:00,2026-09-05T19:06:03.868+00:00,director_heartbeat,,a,show-5b0cddtl,,,,,,,,,,,,,,,,,,,,,,,,,,,,,,,,,,"{""state"":""running""}"
2026-09-05T19:06:09.44855+00:00,2026-09-05T19:06:03.875+00:00,pub_stats,,a,show-5b0cddtl,2982463,8976103,3000000,45,45,0,22,23,27.24,none,f,f+h+q,3,608,1080,608,1080,"SimulcastEncoderAdapter (libvpx, libvpx, libvpx)",5,10,1,0,0,0.007166,0.028,10220,,,,,,,live:a,"{""qualityLimitationDurations"":{""cpu"":0,""none"":478.905,""other"":0,""bandwidth"":0.134}}"
2026-09-05T19:06:09.44855+00:00,2026-09-05T19:06:03.983+00:00,backing_deck_raf,,a,show-5b0cddtl,,,,,,,,,,,,,,,,,,,,,,,,,,,,,interval,,,,,"{""elapsedMs"":59972,""idleFrames"":0,""hasDuration"":true,""activeFrames"":1,""changedLabel"":0,""changedWidth"":0,""playingFrames"":0}"
2026-09-05T19:06:09.44855+00:00,2026-09-05T19:06:03.983+00:00,deck_loop_suspended,,a,show-5b0cddtl,,,,,,,,,,,,,,,,,,,,,,,,,,,,,,,,,,"{""phaseMs"":60000,""suspended"":false}"
2026-09-05T19:06:09.680134+00:00,2026-09-05T19:06:04.716+00:00,mic_level_sample,,a,show-5b0cddtl,,,,,,,,,,,,,,,,,,,,,,,,,,,,,,,,,,"{""deviceId"":""default"",""inputRms"":0.016023715043664098,""outputRms"":0.016023715043664098,""deviceLabel"":""Default"",""audioContextState"":""running""}"
2026-09-05T19:06:10.634607+00:00,2026-09-05T19:06:05.365+00:00,track_liveness_snapshot,,a,show-5b0cddtl,,,,,,,,,,,,,,,,,,,,,,,,,,,,,,,,,,"{""entries"":[{""key"":""contestant-a-80080d04:TR_VCaCfgTioZkjJZ"",""frames"":null,""reason"":null,""staleSec"":480,""probation"":false}],""trackCount"":1,""ineligibleCount"":0}"
2026-09-05T19:06:10.634607+00:00,2026-09-05T19:06:05.882+00:00,pub_stats,,a,show-5b0cddtl,2886301,8976103,3000000,42,42,0,21,21,34.55,none,f,f+h+q,3,608,1080,608,1080,"SimulcastEncoderAdapter (libvpx, libvpx, libvpx)",5,10,1,0,0,0.011687999999999999,0.026,10220,,,,,,,live:a,"{""qualityLimitationDurations"":{""cpu"":0,""none"":480.912,""other"":0,""bandwidth"":0.134}}"
2026-09-05T19:06:11.69816+00:00,2026-09-05T19:06:06.662+00:00,director_shot_emitted,,a,show-5b0cddtl,,,,,,,,,,,,,,,,,,,,,,,,,,,,,,,,,,"{""shot"":""pan"",""slot"":""a"",""sourceRole"":""main"",""decisionSource"":""auto"",""targetIdentity"":""contestant-a-80080d04""}"
2026-09-05T19:06:11.69816+00:00,2026-09-05T19:06:06.663+00:00,shot_publish_success,,a,show-5b0cddtl,,,,,,,,,,,,,,,,,,,,,,,,,,,,,,,,,,"{""shot"":""pan"",""slot"":""a"",""commandId"":""f7cff3d5-9e01-488e-982c-241f142d05cc"",""decisionSource"":""auto"",""connectionState"":""connected""}"
2026-09-05T19:06:12.631566+00:00,2026-09-05T19:06:07.887+00:00,pub_stats,,a,show-5b0cddtl,2592375,8976103,3000000,39,39,0,17,20,42.36,none,f,f+h+q,3,608,1080,608,1080,"SimulcastEncoderAdapter (libvpx, libvpx, libvpx)",5,10,1,0,0,0.0169,0.026,10220,,,,,,,live:a,"{""qualityLimitationDurations"":{""cpu"":0,""none"":482.919,""other"":0,""bandwidth"":0.134}}"
2026-09-05T19:06:14.668739+00:00,2026-09-05T19:06:09.717+00:00,mic_level_sample,,a,show-5b0cddtl,,,,,,,,,,,,,,,,,,,,,,,,,,,,,,,,,,"{""deviceId"":""default"",""inputRms"":0.0012742152426638213,""outputRms"":0.0012742152426638213,""deviceLabel"":""Default"",""audioContextState"":""running""}"
2026-09-05T19:06:14.668739+00:00,2026-09-05T19:06:09.879+00:00,pub_stats,,a,show-5b0cddtl,2923072,8976103,3000000,42,42,0,20,24,41.1,none,f,f+h+q,3,608,1080,608,1080,"SimulcastEncoderAdapter (libvpx, libvpx, libvpx)",5,10,1,0,0,0.015311,0.047,10220,,,,,,,live:a,"{""qualityLimitationDurations"":{""cpu"":0,""none"":484.906,""other"":0,""bandwidth"":0.134}}"
2026-09-05T19:06:15.689131+00:00,2026-09-05T19:06:10.367+00:00,track_liveness_snapshot,,a,show-5b0cddtl,,,,,,,,,,,,,,,,,,,,,,,,,,,,,,,,,,"{""entries"":[{""key"":""contestant-a-80080d04:TR_VCaCfgTioZkjJZ"",""frames"":null,""reason"":null,""staleSec"":486,""probation"":false}],""trackCount"":1,""ineligibleCount"":0}"
2026-09-05T19:06:16.654568+00:00,2026-09-05T19:06:11.895+00:00,pub_stats,,a,show-5b0cddtl,2815266,8976103,3000000,42,42,0,22,22,41.48,none,f,f+h+q,3,608,1080,608,1080,"SimulcastEncoderAdapter (libvpx, libvpx, libvpx)",5,10,1,0,0,0.012222,0.033,10220,,,,,,,live:a,"{""qualityLimitationDurations"":{""cpu"":0,""none"":486.919,""other"":0,""bandwidth"":0.134}}"
2026-09-05T19:06:19.683554+00:00,2026-09-05T19:06:13.876+00:00,director_heartbeat,,a,show-5b0cddtl,,,,,,,,,,,,,,,,,,,,,,,,,,,,,,,,,,"{""state"":""running""}"
2026-09-05T19:06:19.683554+00:00,2026-09-05T19:06:13.881+00:00,pub_stats,,a,show-5b0cddtl,2642179,8976103,3000000,39,39,0,19,23,42.56,none,f,f+h+q,3,608,1080,608,1080,"SimulcastEncoderAdapter (libvpx, libvpx, libvpx)",5,10,1,0,0,0.013155,0.027,10220,,,,,,,live:a,"{""qualityLimitationDurations"":{""cpu"":0,""none"":488.914,""other"":0,""bandwidth"":0.134}}"
2026-09-05T19:06:19.683557+00:00,2026-09-05T19:06:14.72+00:00,mic_level_sample,,a,show-5b0cddtl,,,,,,,,,,,,,,,,,,,,,,,,,,,,,,,,,,"{""deviceId"":""default"",""inputRms"":0.0011756286444336108,""outputRms"":0.0011756286444336108,""deviceLabel"":""Default"",""audioContextState"":""running""}"
2026-09-05T19:06:20.685455+00:00,2026-09-05T19:06:15.37+00:00,track_liveness_snapshot,,a,show-5b0cddtl,,,,,,,,,,,,,,,,,,,,,,,,,,,,,,,,,,"{""entries"":[{""key"":""contestant-a-80080d04:TR_VCaCfgTioZkjJZ"",""frames"":null,""reason"":null,""staleSec"":491,""probation"":false}],""trackCount"":1,""ineligibleCount"":0}"
2026-09-05T19:06:20.685455+00:00,2026-09-05T19:06:15.872+00:00,pub_stats,,a,show-5b0cddtl,3207233,8976103,3000000,47,47,0,26,24,33.51,none,f,f+h+q,3,608,1080,608,1080,"SimulcastEncoderAdapter (libvpx, libvpx, libvpx)",5,10,1,0,0,0.012421999999999999,0.027,10220,,,,,,,live:a,"{""qualityLimitationDurations"":{""cpu"":0,""none"":490.906,""other"":0,""bandwidth"":0.134}}"
2026-09-05T19:06:22.686201+00:00,2026-09-05T19:06:17.902+00:00,pub_stats,,a,show-5b0cddtl,2808615,8976103,2889085,44,44,0,23,24,37.32,none,f,f+h+q,3,608,1080,608,1080,"SimulcastEncoderAdapter (libvpx, libvpx, libvpx)",5,10,1,0,0,0.0095,0.029,10220,,,,,,,live:a,"{""qualityLimitationDurations"":{""cpu"":0,""none"":492.926,""other"":0,""bandwidth"":0.134}}"
2026-09-05T19:06:24.649499+00:00,2026-09-05T19:06:19.723+00:00,mic_level_sample,,a,show-5b0cddtl,,,,,,,,,,,,,,,,,,,,,,,,,,,,,,,,,,"{""deviceId"":""default"",""inputRms"":0.00023508410422342513,""outputRms"":0.00023508410422342513,""deviceLabel"":""Default"",""audioContextState"":""running""}"
2026-09-05T19:06:24.649499+00:00,2026-09-05T19:06:19.87+00:00,pub_stats,,a,show-5b0cddtl,2973858,8976103,3000000,45,45,0,23,23,40.4,none,f,f+h+q,3,608,1080,608,1080,"SimulcastEncoderAdapter (libvpx, libvpx, libvpx)",5,10,1,0,0,0.0083,0.032,10220,,,,,,,live:a,"{""qualityLimitationDurations"":{""cpu"":0,""none"":494.904,""other"":0,""bandwidth"":0.134}}"
2026-09-05T19:06:25.67102+00:00,2026-09-05T19:06:20.867+00:00,track_liveness_snapshot,,a,show-5b0cddtl,,,,,,,,,,,,,,,,,,,,,,,,,,,,,,,,,,"{""entries"":[{""key"":""contestant-a-80080d04:TR_VCaCfgTioZkjJZ"",""frames"":null,""reason"":null,""staleSec"":496,""probation"":false}],""trackCount"":1,""ineligibleCount"":0}"
2026-09-05T19:06:26.838335+00:00,2026-09-05T19:06:21.87+00:00,pub_stats,,a,show-5b0cddtl,2299554,8976103,3000000,36,36,0,22,24,45.53,none,f,f+h+q,3,608,1080,608,1080,"SimulcastEncoderAdapter (libvpx, libvpx, libvpx)",5,10,1,0,0,0.019044,0.027,10220,,,,,,,live:a,"{""qualityLimitationDurations"":{""cpu"":0,""none"":496.904,""other"":0,""bandwidth"":0.134}}"
2026-09-05T19:06:28.852003+00:00,2026-09-05T19:06:23.869+00:00,director_heartbeat,,a,show-5b0cddtl,,,,,,,,,,,,,,,,,,,,,,,,,,,,,,,,,,"{""state"":""running""}"
2026-09-05T19:06:28.852003+00:00,2026-09-05T19:06:23.882+00:00,pub_stats,,a,show-5b0cddtl,2904012,8976103,3000000,42,42,0,21,22,43.4,none,f,f+h+q,3,608,1080,608,1080,"SimulcastEncoderAdapter (libvpx, libvpx, libvpx)",5,10,1,0,0,0.0166,0.027,10220,,,,,,,live:a,"{""qualityLimitationDurations"":{""cpu"":0,""none"":498.904,""other"":0,""bandwidth"":0.134}}"
2026-09-05T19:06:29.650795+00:00,2026-09-05T19:06:24.716+00:00,mic_level_sample,,a,show-5b0cddtl,,,,,,,,,,,,,,,,,,,,,,,,,,,,,,,,,,"{""deviceId"":""default"",""inputRms"":0.0008254435479063404,""outputRms"":0.0008254435479063404,""deviceLabel"":""Default"",""audioContextState"":""running""}"
2026-09-05T19:06:30.659053+00:00,2026-09-05T19:06:25.873+00:00,pub_stats,,a,show-5b0cddtl,2727450,8976103,3000000,40,40,0,21,24,44.13,none,f,f+h+q,3,608,1080,608,1080,"SimulcastEncoderAdapter (libvpx, libvpx, libvpx)",5,10,1,0,0,0.013666,0.034,10220,,,,,,,live:a,"{""qualityLimitationDurations"":{""cpu"":0,""none"":500.905,""other"":0,""bandwidth"":0.134}}"
2026-09-05T19:06:31.664918+00:00,2026-09-05T19:06:26.372+00:00,track_liveness_snapshot,,a,show-5b0cddtl,,,,,,,,,,,,,,,,,,,,,,,,,,,,,,,,,,"{""entries"":[{""key"":""contestant-a-80080d04:TR_VCaCfgTioZkjJZ"",""frames"":null,""reason"":null,""staleSec"":502,""probation"":false}],""trackCount"":1,""ineligibleCount"":0}"
2026-09-05T19:06:32.659169+00:00,2026-09-05T19:06:27.873+00:00,pub_stats,,a,show-5b0cddtl,2825736,8976103,3000000,42,42,0,22,24,44,none,f,f+h+q,3,608,1080,608,1080,"SimulcastEncoderAdapter (libvpx, libvpx, libvpx)",5,10,1,0,0,0.0136,0.03,10220,,,,,,,live:a,"{""qualityLimitationDurations"":{""cpu"":0,""none"":502.905,""other"":0,""bandwidth"":0.134}}"
2026-09-05T19:06:34.709611+00:00,2026-09-05T19:06:29.718+00:00,mic_level_sample,,a,show-5b0cddtl,,,,,,,,,,,,,,,,,,,,,,,,,,,,,,,,,,"{""deviceId"":""default"",""inputRms"":0.0008417471172729923,""outputRms"":0.0008417471172729923,""deviceLabel"":""Default"",""audioContextState"":""running""}"
2026-09-05T19:06:34.709611+00:00,2026-09-05T19:06:29.893+00:00,pub_stats,,a,show-5b0cddtl,3115750,8976103,2931120,49,49,0,27,26,47.35,none,f,f+h+q,3,608,1080,608,1080,"SimulcastEncoderAdapter (libvpx, libvpx, libvpx)",5,10,1,0,0,0.011855,0.032,10220,,,,,,,live:a,"{""qualityLimitationDurations"":{""cpu"":0,""none"":504.918,""other"":0,""bandwidth"":0.134}}"
2026-09-05T19:06:36.641832+00:00,2026-09-05T19:06:31.868+00:00,track_liveness_snapshot,,a,show-5b0cddtl,,,,,,,,,,,,,,,,,,,,,,,,,,,,,,,,,,"{""entries"":[{""key"":""contestant-a-80080d04:TR_VCaCfgTioZkjJZ"",""frames"":null,""reason"":null,""staleSec"":507,""probation"":false}],""trackCount"":1,""ineligibleCount"":0}"
2026-09-05T19:06:36.641832+00:00,2026-09-05T19:06:31.874+00:00,pub_stats,,a,show-5b0cddtl,2759253,8976103,3000000,43,43,0,20,25,46.16,none,f,f+h+q,3,608,1080,608,1080,"SimulcastEncoderAdapter (libvpx, libvpx, libvpx)",5,11,1,0,0,0.014655,0.032,12473,,,,,,,live:a,"{""qualityLimitationDurations"":{""cpu"":0,""none"":506.908,""other"":0,""bandwidth"":0.134}}"
2026-09-05T19:06:38.675208+00:00,2026-09-05T19:06:33.871+00:00,director_heartbeat,,a,show-5b0cddtl,,,,,,,,,,,,,,,,,,,,,,,,,,,,,,,,,,"{""state"":""running""}"
2026-09-05T19:06:38.675208+00:00,2026-09-05T19:06:33.877+00:00,pub_stats,,a,show-5b0cddtl,2919613,8976103,3000000,48,48,0,22,25,51.5,none,f,f+h+q,3,608,1080,608,1080,"SimulcastEncoderAdapter (libvpx, libvpx, libvpx)",5,11,1,0,0,0.014476999999999999,0.037,12473,,,,,,,live:a,"{""qualityLimitationDurations"":{""cpu"":0,""none"":508.906,""other"":0,""bandwidth"":0.134}}"
2026-09-05T19:06:38.675208+00:00,2026-09-05T19:06:33.998+00:00,backing_deck_raf,,a,show-5b0cddtl,,,,,,,,,,,,,,,,,,,,,,,,,,,,,interval,,,,,"{""elapsedMs"":30015,""idleFrames"":0,""hasDuration"":true,""activeFrames"":1480,""changedLabel"":0,""changedWidth"":0,""playingFrames"":0}"
2026-09-05T19:06:39.656576+00:00,2026-09-05T19:06:34.718+00:00,mic_silent,,a,show-5b0cddtl,,,,,,,,,,,,,,,,,,,,,,,,,,,,,,,,,,"{""inputRms"":0.0003639689001569195,""outputRms"":0.0003639689001569195,""silentSinceMs"":1788635179723,""audioContextState"":""running""}"
2026-09-05T19:06:39.656576+00:00,2026-09-05T19:06:34.718+00:00,mic_level_sample,,a,show-5b0cddtl,,,,,,,,,,,,,,,,,,,,,,,,,,,,,,,,,,"{""deviceId"":""default"",""inputRms"":0.0003639689001569195,""outputRms"":0.0003639689001569195,""deviceLabel"":""Default"",""audioContextState"":""running""}"
2026-09-05T19:06:40.680451+00:00,2026-09-05T19:06:35.877+00:00,pub_stats,,a,show-5b0cddtl,2635888,8976103,3000000,44,44,0,24,25,52.48,none,f,f+h+q,3,608,1080,608,1080,"SimulcastEncoderAdapter (libvpx, libvpx, libvpx)",5,11,1,0,0,0.012688,0.032,12473,,,,,,,live:a,"{""qualityLimitationDurations"":{""cpu"":0,""none"":510.908,""other"":0,""bandwidth"":0.134}}"
2026-09-05T19:06:42.706745+00:00,2026-09-05T19:06:37.367+00:00,track_liveness_snapshot,,a,show-5b0cddtl,,,,,,,,,,,,,,,,,,,,,,,,,,,,,,,,,,"{""entries"":[{""key"":""contestant-a-80080d04:TR_VCaCfgTioZkjJZ"",""frames"":null,""reason"":null,""staleSec"":513,""probation"":false}],""trackCount"":1,""ineligibleCount"":0}"
2026-09-05T19:06:42.706745+00:00,2026-09-05T19:06:37.873+00:00,pub_stats,,a,show-5b0cddtl,2734285,8976103,3000000,45,45,0,22,23,52.67,none,f,f+h+q,3,608,1080,608,1080,"SimulcastEncoderAdapter (libvpx, libvpx, libvpx)",6,11,1,0,0,0.012444,0.031,12473,,,,,,,live:a,"{""qualityLimitationDurations"":{""cpu"":0,""none"":512.908,""other"":0,""bandwidth"":0.134}}"
2026-09-05T19:06:44.773311+00:00,2026-09-05T19:06:39.716+00:00,mic_level_sample,,a,show-5b0cddtl,,,,,,,,,,,,,,,,,,,,,,,,,,,,,,,,,,"{""deviceId"":""default"",""inputRms"":0.0005145848457074737,""outputRms"":0.0005145848457074737,""deviceLabel"":""Default"",""audioContextState"":""running""}"
2026-09-05T19:06:44.773311+00:00,2026-09-05T19:06:39.881+00:00,pub_stats,,a,show-5b0cddtl,2875733,8976103,3000000,46,46,0,24,25,51.87,none,f,f+h+q,3,608,1080,608,1080,"SimulcastEncoderAdapter (libvpx, libvpx, libvpx)",6,11,1,0,0,0.013188,0.031,12473,,,,,,,live:a,"{""qualityLimitationDurations"":{""cpu"":0,""none"":514.91,""other"":0,""bandwidth"":0.134}}"
2026-09-05T19:06:45.719465+00:00,2026-09-05T19:06:40.697+00:00,director_shot_emitted,,a,show-5b0cddtl,,,,,,,,,,,,,,,,,,,,,,,,,,,,,,,,,,"{""shot"":""zoomIn"",""slot"":""a"",""sourceRole"":""main"",""decisionSource"":""auto"",""targetIdentity"":""contestant-a-80080d04""}"
2026-09-05T19:06:45.719465+00:00,2026-09-05T19:06:40.699+00:00,shot_publish_success,,a,show-5b0cddtl,,,,,,,,,,,,,,,,,,,,,,,,,,,,,,,,,,"{""shot"":""zoomIn"",""slot"":""a"",""commandId"":""b548595f-e973-4731-a216-feddb41b552e"",""decisionSource"":""auto"",""connectionState"":""connected""}"
2026-09-05T19:06:46.721088+00:00,2026-09-05T19:06:41.883+00:00,pub_stats,,a,show-5b0cddtl,2987153,8976103,3000000,47,47,0,25,25,46.26,none,f,f+h+q,3,608,1080,608,1080,"SimulcastEncoderAdapter (libvpx, libvpx, libvpx)",6,11,1,0,0,0.0136,0.029,12473,,,,,,,live:a,"{""qualityLimitationDurations"":{""cpu"":0,""none"":516.913,""other"":0,""bandwidth"":0.134}}"
2026-09-05T19:06:47.704441+00:00,2026-09-05T19:06:42.874+00:00,track_liveness_snapshot,,a,show-5b0cddtl,,,,,,,,,,,,,,,,,,,,,,,,,,,,,,,,,,"{""entries"":[{""key"":""contestant-a-80080d04:TR_VCaCfgTioZkjJZ"",""frames"":null,""reason"":null,""staleSec"":518,""probation"":false}],""trackCount"":1,""ineligibleCount"":0}"
2026-09-05T19:06:48.701621+00:00,2026-09-05T19:06:43.87+00:00,director_heartbeat,,a,show-5b0cddtl,,,,,,,,,,,,,,,,,,,,,,,,,,,,,,,,,,"{""state"":""running""}"
2026-09-05T19:06:48.701621+00:00,2026-09-05T19:06:43.876+00:00,pub_stats,,a,show-5b0cddtl,3051239,8976103,2951525,49,49,0,26,26,46.2,none,f,f+h+q,3,608,1080,608,1080,"SimulcastEncoderAdapter (libvpx, libvpx, libvpx)",6,11,1,0,0,0.015522,0.028,12473,,,,,,,live:a,"{""qualityLimitationDurations"":{""cpu"":0,""none"":518.908,""other"":0,""bandwidth"":0.134}}"
2026-09-05T19:06:49.66975+00:00,2026-09-05T19:06:44.723+00:00,mic_level_sample,,a,show-5b0cddtl,,,,,,,,,,,,,,,,,,,,,,,,,,,,,,,,,,"{""deviceId"":""default"",""inputRms"":0.00042798412814923896,""outputRms"":0.00042798412814923896,""deviceLabel"":""Default"",""audioContextState"":""running""}"
2026-09-05T19:06:50.674942+00:00,2026-09-05T19:06:45.884+00:00,pub_stats,,a,show-5b0cddtl,2900438,8976103,2994513,51,51,0,27,26,50.04,none,f,f+h+q,3,608,1080,608,1080,"SimulcastEncoderAdapter (libvpx, libvpx, libvpx)",6,11,1,0,0,0.015632999999999998,0.03,12473,,,,,,,live:a,"{""qualityLimitationDurations"":{""cpu"":0,""none"":520.911,""other"":0,""bandwidth"":0.134}}"
2026-09-05T19:06:52.706162+00:00,2026-09-05T19:06:47.883+00:00,pub_stats,,a,show-5b0cddtl,3024480,8976103,3000000,55,55,0,29,30,31.36,none,f,f+h+q,3,608,1080,608,1080,"SimulcastEncoderAdapter (libvpx, libvpx, libvpx)",6,12,1,0,0,0.011522,0.028,13513,,,,,,,live:a,"{""qualityLimitationDurations"":{""cpu"":0,""none"":522.909,""other"":0,""bandwidth"":0.134}}"
2026-09-05T19:06:53.677021+00:00,2026-09-05T19:06:48.366+00:00,track_liveness_snapshot,,a,show-5b0cddtl,,,,,,,,,,,,,,,,,,,,,,,,,,,,,,,,,,"{""entries"":[{""key"":""contestant-a-80080d04:TR_VCaCfgTioZkjJZ"",""frames"":null,""reason"":null,""staleSec"":523,""probation"":false}],""trackCount"":1,""ineligibleCount"":0}"
2026-09-05T19:06:54.653889+00:00,2026-09-05T19:06:49.733+00:00,mic_level_sample,,a,show-5b0cddtl,,,,,,,,,,,,,,,,,,,,,,,,,,,,,,,,,,"{""deviceId"":""default"",""inputRms"":0.00045748543230575797,""outputRms"":0.00045748543230575797,""deviceLabel"":""Default"",""audioContextState"":""running""}"
2026-09-05T19:06:54.653889+00:00,2026-09-05T19:06:49.887+00:00,pub_stats,,a,show-5b0cddtl,2986747,8976103,2867688,52,52,0,24,26,27.31,none,f,f+h+q,3,608,1080,608,1080,"SimulcastEncoderAdapter (libvpx, libvpx, libvpx)",6,12,1,0,0,0.010676999999999999,0.028,13513,,,,,,,live:a,"{""qualityLimitationDurations"":{""cpu"":0,""none"":524.917,""other"":0,""bandwidth"":0.134}}"
2026-09-05T19:06:56.646698+00:00,2026-09-05T19:06:51.883+00:00,pub_stats,,a,show-5b0cddtl,2835042,8976103,3000000,53,53,0,25,27,27.83,none,f,f+h+q,3,608,1080,608,1080,"SimulcastEncoderAdapter (libvpx, libvpx, libvpx)",6,12,1,0,0,0.017955,0.032,13513,,,,,,,live:a,"{""qualityLimitationDurations"":{""cpu"":0,""none"":526.905,""other"":0,""bandwidth"":0.134}}"
2026-09-05T19:06:58.651916+00:00,2026-09-05T19:06:53.365+00:00,track_liveness_snapshot,,a,show-5b0cddtl,,,,,,,,,,,,,,,,,,,,,,,,,,,,,,,,,,"{""entries"":[{""key"":""contestant-a-80080d04:TR_VCaCfgTioZkjJZ"",""frames"":null,""reason"":null,""staleSec"":528,""probation"":false}],""trackCount"":1,""ineligibleCount"":0}"
2026-09-05T19:06:58.651916+00:00,2026-09-05T19:06:53.869+00:00,director_heartbeat,,a,show-5b0cddtl,,,,,,,,,,,,,,,,,,,,,,,,,,,,,,,,,,"{""state"":""running""}"
2026-09-05T19:06:58.651916+00:00,2026-09-05T19:06:53.88+00:00,pub_stats,,a,show-5b0cddtl,2826908,8976103,3000000,52,52,0,25,26,27.6,none,f,f+h+q,3,608,1080,608,1080,"SimulcastEncoderAdapter (libvpx, libvpx, libvpx)",6,12,1,0,0,0.013165999999999999,0.026,13513,,,,,,,live:a,"{""qualityLimitationDurations"":{""cpu"":0,""none"":528.909,""other"":0,""bandwidth"":0.134}}"
2026-09-05T19:06:59.707566+00:00,2026-09-05T19:06:54.717+00:00,mic_level_sample,,a,show-5b0cddtl,,,,,,,,,,,,,,,,,,,,,,,,,,,,,,,,,,"{""deviceId"":""default"",""inputRms"":0.0002319566501902519,""outputRms"":0.0002319566501902519,""deviceLabel"":""Default"",""audioContextState"":""running""}"
2026-09-05T19:07:00.648571+00:00,2026-09-05T19:06:55.875+00:00,pub_stats,,a,show-5b0cddtl,2519382,8976103,3000000,44,44,0,19,20,28.95,none,f,f+h+q,3,608,1080,608,1080,"SimulcastEncoderAdapter (libvpx, libvpx, libvpx)",6,12,1,0,0,0.009455,0.031,13513,,,,,,,live:a,"{""qualityLimitationDurations"":{""cpu"":0,""none"":530.906,""other"":0,""bandwidth"":0.134}}"
2026-09-05T19:07:02.668287+00:00,2026-09-05T19:06:57.87+00:00,pub_stats,,a,show-5b0cddtl,2729564,8976103,3000000,44,44,0,22,22,27.68,none,f,f+h+q,3,608,1080,608,1080,"SimulcastEncoderAdapter (libvpx, libvpx, libvpx)",6,12,1,0,0,0.012277,0.031,13513,,,,,,,live:a,"{""qualityLimitationDurations"":{""cpu"":0,""none"":532.904,""other"":0,""bandwidth"":0.134}}"
2026-09-05T19:07:03.666693+00:00,2026-09-05T19:06:58.272+00:00,director_shot_emitted,,a,show-5b0cddtl,,,,,,,,,,,,,,,,,,,,,,,,,,,,,,,,,,"{""shot"":""zoomOut"",""slot"":""a"",""sourceRole"":""main"",""decisionSource"":""auto"",""targetIdentity"":""contestant-a-80080d04""}"
2026-09-05T19:07:03.666693+00:00,2026-09-05T19:06:58.273+00:00,shot_publish_success,,a,show-5b0cddtl,,,,,,,,,,,,,,,,,,,,,,,,,,,,,,,,,,"{""shot"":""zoomOut"",""slot"":""a"",""commandId"":""0f675ae7-dba6-4d0f-ac97-971fd7330928"",""decisionSource"":""auto"",""connectionState"":""connected""}"
2026-09-05T19:07:03.666693+00:00,2026-09-05T19:06:58.367+00:00,track_liveness_snapshot,,a,show-5b0cddtl,,,,,,,,,,,,,,,,,,,,,,,,,,,,,,,,,,"{""entries"":[{""key"":""contestant-a-80080d04:TR_VCaCfgTioZkjJZ"",""frames"":null,""reason"":null,""staleSec"":534,""probation"":false}],""trackCount"":1,""ineligibleCount"":0}"
2026-09-05T19:07:04.713126+00:00,2026-09-05T19:06:59.73+00:00,mic_level_sample,,a,show-5b0cddtl,,,,,,,,,,,,,,,,,,,,,,,,,,,,,,,,,,"{""deviceId"":""default"",""inputRms"":0.00016740176448003008,""outputRms"":0.00016740176448003008,""deviceLabel"":""Default"",""audioContextState"":""running""}"
2026-09-05T19:07:04.713126+00:00,2026-09-05T19:06:59.878+00:00,pub_stats,,a,show-5b0cddtl,2965904,8976103,3000000,46,46,0,22,23,26.67,none,f,f+h+q,3,608,1080,608,1080,"SimulcastEncoderAdapter (libvpx, libvpx, libvpx)",6,12,1,0,0,0.011087999999999999,0.037,13513,,,,,,,live:a,"{""qualityLimitationDurations"":{""cpu"":0,""none"":534.912,""other"":0,""bandwidth"":0.134}}"
2026-09-05T19:07:06.671721+00:00,2026-09-05T19:07:01.894+00:00,pub_stats,,a,show-5b0cddtl,2598675,8976103,3000000,41,41,0,22,22,27.15,none,f,f+h+q,3,608,1080,608,1080,"SimulcastEncoderAdapter (libvpx, libvpx, libvpx)",6,12,1,0,0,0.019322,0.04,13513,,,,,,,live:a,"{""qualityLimitationDurations"":{""cpu"":0,""none"":536.906,""other"":0,""bandwidth"":0.134}}"
2026-09-05T19:07:08.639566+00:00,2026-09-05T19:07:03.371+00:00,track_liveness_snapshot,,a,show-5b0cddtl,,,,,,,,,,,,,,,,,,,,,,,,,,,,,,,,,,"{""entries"":[{""key"":""contestant-a-80080d04:TR_VCaCfgTioZkjJZ"",""frames"":null,""reason"":null,""staleSec"":539,""probation"":false}],""trackCount"":1,""ineligibleCount"":0}"
2026-09-05T19:07:08.639566+00:00,2026-09-05T19:07:03.868+00:00,director_heartbeat,,a,show-5b0cddtl,,,,,,,,,,,,,,,,,,,,,,,,,,,,,,,,,,"{""state"":""running""}"
2026-09-05T19:07:08.639566+00:00,2026-09-05T19:07:03.882+00:00,pub_stats,,a,show-5b0cddtl,3083002,8976103,3000000,45,45,0,22,24,26.22,none,f,f+h+q,3,608,1080,608,1080,"SimulcastEncoderAdapter (libvpx, libvpx, libvpx)",6,12,1,0,0,0.010522,0.037,13513,,,,,,,live:a,"{""qualityLimitationDurations"":{""cpu"":0,""none"":538.907,""other"":0,""bandwidth"":0.134}}"
2026-09-05T19:07:08.639566+00:00,2026-09-05T19:07:03.982+00:00,deck_loop_suspended,,a,show-5b0cddtl,,,,,,,,,,,,,,,,,,,,,,,,,,,,,,,,,,"{""phaseMs"":60000,""suspended"":true}"
2026-09-05T19:07:09.639393+00:00,2026-09-05T19:07:04.717+00:00,mic_level_sample,,a,show-5b0cddtl,,,,,,,,,,,,,,,,,,,,,,,,,,,,,,,,,,"{""deviceId"":""default"",""inputRms"":0.0002283726432357142,""outputRms"":0.0002283726432357142,""deviceLabel"":""Default"",""audioContextState"":""running""}"
2026-09-05T19:07:10.652967+00:00,2026-09-05T19:07:05.871+00:00,pub_stats,,a,show-5b0cddtl,3283018,8976103,2842275,51,51,0,28,27,27.24,none,f,f+h+q,3,608,1080,608,1080,"SimulcastEncoderAdapter (libvpx, libvpx, libvpx)",6,12,1,0,0,0.0065769999999999995,0.037,13513,,,,,,,live:a,"{""qualityLimitationDurations"":{""cpu"":0,""none"":540.903,""other"":0,""bandwidth"":0.134}}"
2026-09-05T19:07:12.697577+00:00,2026-09-05T19:07:07.876+00:00,pub_stats,,a,show-5b0cddtl,3060937,8976103,2708397,52,52,0,24,24,38.6,none,f,f+h+q,3,608,1080,608,1080,"SimulcastEncoderAdapter (libvpx, libvpx, libvpx)",6,12,1,0,0,0.007555,0.029,13513,,,,,,,live:a,"{""qualityLimitationDurations"":{""cpu"":0,""none"":542.903,""other"":0,""bandwidth"":0.134}}"
2026-09-05T19:07:13.66891+00:00,2026-09-05T19:07:08.865+00:00,track_liveness_snapshot,,a,show-5b0cddtl,,,,,,,,,,,,,,,,,,,,,,,,,,,,,,,,,,"{""entries"":[{""key"":""contestant-a-80080d04:TR_VCaCfgTioZkjJZ"",""frames"":null,""reason"":null,""staleSec"":544,""probation"":false}],""trackCount"":1,""ineligibleCount"":0}"
2026-09-05T19:07:15.184376+00:00,2026-09-05T19:07:09.717+00:00,mic_recovered,,a,show-5b0cddtl,,,,,,,,,,,,,,,,,,,,,,,,,,,,,,,,,,"{""inputRms"":0.0039920904849278975,""outputRms"":0.0039920904849278975,""silentDurationMs"":49994,""audioContextState"":""running""}"
2026-09-05T19:07:15.184376+00:00,2026-09-05T19:07:09.717+00:00,mic_level_sample,,a,show-5b0cddtl,,,,,,,,,,,,,,,,,,,,,,,,,,,,,,,,,,"{""deviceId"":""default"",""inputRms"":0.0039920904849278975,""outputRms"":0.0039920904849278975,""deviceLabel"":""Default"",""audioContextState"":""running""}"
2026-09-05T19:07:15.184376+00:00,2026-09-05T19:07:09.874+00:00,pub_stats,,a,show-5b0cddtl,2480128,8976103,3000000,46,46,0,23,27,52.76,none,f,f+h+q,3,608,1080,608,1080,"SimulcastEncoderAdapter (libvpx, libvpx, libvpx)",6,12,1,0,0,0.010922,0.037,13513,,,,,,,live:a,"{""qualityLimitationDurations"":{""cpu"":0,""none"":544.903,""other"":0,""bandwidth"":0.134}}"
2026-09-05T19:07:16.668989+00:00,2026-09-05T19:07:11.411+00:00,director_shot_emitted,,a,show-5b0cddtl,,,,,,,,,,,,,,,,,,,,,,,,,,,,,,,,,,"{""shot"":""pan"",""slot"":""a"",""sourceRole"":""main"",""decisionSource"":""auto"",""targetIdentity"":""contestant-a-80080d04""}"
2026-09-05T19:07:16.668989+00:00,2026-09-05T19:07:11.412+00:00,shot_publish_success,,a,show-5b0cddtl,,,,,,,,,,,,,,,,,,,,,,,,,,,,,,,,,,"{""shot"":""pan"",""slot"":""a"",""commandId"":""a4f485f8-7e9e-4079-b1ff-8bce239b4af2"",""decisionSource"":""auto"",""connectionState"":""connected""}"
2026-09-05T19:07:16.668989+00:00,2026-09-05T19:07:11.883+00:00,pub_stats,,a,show-5b0cddtl,2063865,8976103,3000000,40,40,0,17,19,47.55,none,f,f+h+q,3,608,1080,608,1080,"SimulcastEncoderAdapter (libvpx, libvpx, libvpx)",6,12,1,0,0,0.016510999999999998,0.028,13513,,,,,,,live:a,"{""qualityLimitationDurations"":{""cpu"":0,""none"":546.914,""other"":0,""bandwidth"":0.134}}"
2026-09-05T19:07:18.635216+00:00,2026-09-05T19:07:13.87+00:00,track_liveness_snapshot,,a,show-5b0cddtl,,,,,,,,,,,,,,,,,,,,,,,,,,,,,,,,,,"{""entries"":[{""key"":""contestant-a-80080d04:TR_VCaCfgTioZkjJZ"",""frames"":null,""reason"":null,""staleSec"":549,""probation"":false}],""trackCount"":1,""ineligibleCount"":0}"
2026-09-05T19:07:18.635216+00:00,2026-09-05T19:07:13.871+00:00,director_heartbeat,,a,show-5b0cddtl,,,,,,,,,,,,,,,,,,,,,,,,,,,,,,,,,,"{""state"":""running""}"
2026-09-05T19:07:18.635216+00:00,2026-09-05T19:07:13.873+00:00,pub_stats,,a,show-5b0cddtl,2826668,8976103,3000000,40,40,0,24,24,18.6,none,f,f+h+q,3,608,1080,608,1080,"SimulcastEncoderAdapter (libvpx, libvpx, libvpx)",6,12,1,0,0,0.020888,0.028,13513,,,,,,,live:a,"{""qualityLimitationDurations"":{""cpu"":0,""none"":548.908,""other"":0,""bandwidth"":0.134}}"
2026-09-05T19:07:19.668409+00:00,2026-09-05T19:07:14.719+00:00,mic_level_sample,,a,show-5b0cddtl,,,,,,,,,,,,,,,,,,,,,,,,,,,,,,,,,,"{""deviceId"":""default"",""inputRms"":0.0019422546206148811,""outputRms"":0.0019422546206148811,""deviceLabel"":""Default"",""audioContextState"":""running""}"
2026-09-05T19:07:20.669711+00:00,2026-09-05T19:07:15.875+00:00,pub_stats,,a,show-5b0cddtl,3207992,8976103,2558357,45,45,0,22,23,29.49,none,f,f+h+q,3,608,1080,608,1080,"SimulcastEncoderAdapter (libvpx, libvpx, libvpx)",6,12,1,0,0,0.011177,0.031,13513,,,,,,,live:a,"{""qualityLimitationDurations"":{""cpu"":0,""none"":550.91,""other"":0,""bandwidth"":0.134}}"
2026-09-05T19:07:22.636755+00:00,2026-09-05T19:07:17.882+00:00,pub_stats,,a,show-5b0cddtl,2741995,8976103,3000000,47,47,0,23,23,19.34,none,f,f+h+q,3,608,1080,608,1080,"SimulcastEncoderAdapter (libvpx, libvpx, libvpx)",6,12,1,0,0,0.008477,0.035,13513,,,,,,,live:a,"{""qualityLimitationDurations"":{""cpu"":0,""none"":552.91,""other"":0,""bandwidth"":0.134}}"
2026-09-05T19:07:24.973404+00:00,2026-09-05T19:07:19.365+00:00,track_liveness_snapshot,,a,show-5b0cddtl,,,,,,,,,,,,,,,,,,,,,,,,,,,,,,,,,,"{""entries"":[{""key"":""contestant-a-80080d04:TR_VCaCfgTioZkjJZ"",""frames"":null,""reason"":null,""staleSec"":554,""probation"":false}],""trackCount"":1,""ineligibleCount"":0}"
2026-09-05T19:07:24.973404+00:00,2026-09-05T19:07:19.721+00:00,mic_level_sample,,a,show-5b0cddtl,,,,,,,,,,,,,,,,,,,,,,,,,,,,,,,,,,"{""deviceId"":""default"",""inputRms"":0.008961639239805875,""outputRms"":0.008961639239805875,""deviceLabel"":""Default"",""audioContextState"":""running""}"
2026-09-05T19:07:24.973404+00:00,2026-09-05T19:07:19.903+00:00,pub_stats,,a,show-5b0cddtl,3254175,8976103,2824067,48,48,0,23,23,21.23,none,f,f+h+q,3,608,1080,608,1080,"SimulcastEncoderAdapter (libvpx, libvpx, libvpx)",6,12,1,0,0,0.006233,0.029,13513,,,,,,,live:a,"{""qualityLimitationDurations"":{""cpu"":0,""none"":554.936,""other"":0,""bandwidth"":0.134}}"
2026-09-05T19:07:26.666934+00:00,2026-09-05T19:07:21.877+00:00,pub_stats,,a,show-5b0cddtl,2685791,8976103,3000000,43,43,0,21,22,26.93,none,f,f+h+q,3,608,1080,608,1080,"SimulcastEncoderAdapter (libvpx, libvpx, libvpx)",6,12,1,0,0,0.0075439999999999995,0.029,13513,,,,,,,live:a,"{""qualityLimitationDurations"":{""cpu"":0,""none"":556.904,""other"":0,""bandwidth"":0.134}}"
2026-09-05T19:07:28.667519+00:00,2026-09-05T19:07:23.869+00:00,director_heartbeat,,a,show-5b0cddtl,,,,,,,,,,,,,,,,,,,,,,,,,,,,,,,,,,"{""state"":""running""}"
2026-09-05T19:07:28.667519+00:00,2026-09-05T19:07:23.871+00:00,pub_stats,,a,show-5b0cddtl,3105781,8976103,3000000,46,46,0,23,24,30.57,none,f,f+h+q,3,608,1080,608,1080,"SimulcastEncoderAdapter (libvpx, libvpx, libvpx)",6,12,1,0,0,0.010288,0.027,13513,,,,,,,live:a,"{""qualityLimitationDurations"":{""cpu"":0,""none"":558.906,""other"":0,""bandwidth"":0.134}}"
2026-09-05T19:07:30.082648+00:00,2026-09-05T19:07:24.365+00:00,track_liveness_snapshot,,a,show-5b0cddtl,,,,,,,,,,,,,,,,,,,,,,,,,,,,,,,,,,"{""entries"":[{""key"":""contestant-a-80080d04:TR_VCaCfgTioZkjJZ"",""frames"":null,""reason"":null,""staleSec"":559,""probation"":false}],""trackCount"":1,""ineligibleCount"":0}"
2026-09-05T19:07:30.082648+00:00,2026-09-05T19:07:24.716+00:00,mic_level_sample,,a,show-5b0cddtl,,,,,,,,,,,,,,,,,,,,,,,,,,,,,,,,,,"{""deviceId"":""default"",""inputRms"":0.0003507240217398646,""outputRms"":0.0003507240217398646,""deviceLabel"":""Default"",""audioContextState"":""running""}"
2026-09-05T19:07:30.677927+00:00,2026-09-05T19:07:25.883+00:00,pub_stats,,a,show-5b0cddtl,3219654,8976103,2890027,49,49,0,26,26,40.92,none,f,f+h+q,3,608,1080,608,1080,"SimulcastEncoderAdapter (libvpx, libvpx, libvpx)",6,12,1,0,0,0.010333,0.028,13513,,,,,,,live:a,"{""qualityLimitationDurations"":{""cpu"":0,""none"":560.916,""other"":0,""bandwidth"":0.134}}"
2026-09-05T19:07:32.665278+00:00,2026-09-05T19:07:27.871+00:00,pub_stats,,a,show-5b0cddtl,2404793,8976103,3000000,53,53,0,29,29,27.62,none,f,f+h+q,3,608,1080,608,1080,"SimulcastEncoderAdapter (libvpx, libvpx, libvpx)",6,12,1,0,0,0.008499999999999999,0.029,13513,,,,,,,live:a,"{""qualityLimitationDurations"":{""cpu"":0,""none"":562.904,""other"":0,""bandwidth"":0.134}}"
2026-09-05T19:07:35.530353+00:00,2026-09-05T19:07:29.369+00:00,track_liveness_snapshot,,a,show-5b0cddtl,,,,,,,,,,,,,,,,,,,,,,,,,,,,,,,,,,"{""entries"":[{""key"":""contestant-a-80080d04:TR_VCaCfgTioZkjJZ"",""frames"":null,""reason"":null,""staleSec"":565,""probation"":false}],""trackCount"":1,""ineligibleCount"":0}"
2026-09-05T19:07:35.530353+00:00,2026-09-05T19:07:29.721+00:00,mic_level_sample,,a,show-5b0cddtl,,,,,,,,,,,,,,,,,,,,,,,,,,,,,,,,,,"{""deviceId"":""default"",""inputRms"":0.012421585090308615,""outputRms"":0.012421585090308615,""deviceLabel"":""Default"",""audioContextState"":""running""}"
2026-09-05T19:07:35.530353+00:00,2026-09-05T19:07:29.881+00:00,pub_stats,,a,show-5b0cddtl,3315292,8976103,3000000,54,54,0,29,28,16.83,none,f,f+h+q,3,608,1080,608,1080,"SimulcastEncoderAdapter (libvpx, libvpx, libvpx)",6,12,1,0,0,0.005633,0.029,13513,,,,,,,live:a,"{""qualityLimitationDurations"":{""cpu"":0,""none"":564.908,""other"":0,""bandwidth"":0.134}}"
2026-09-05T19:07:36.692166+00:00,2026-09-05T19:07:31.925+00:00,pub_stats,,a,show-5b0cddtl,2904243,8976103,2926638,52,52,0,24,24,11.63,none,f,f+h+q,3,608,1080,608,1080,"SimulcastEncoderAdapter (libvpx, libvpx, libvpx)",6,12,1,0,0,0.007732999999999999,0.029,13513,,,,,,,live:a,"{""qualityLimitationDurations"":{""cpu"":0,""none"":566.914,""other"":0,""bandwidth"":0.134}}"
2026-09-05T19:07:38.656869+00:00,2026-09-05T19:07:33.868+00:00,director_heartbeat,,a,show-5b0cddtl,,,,,,,,,,,,,,,,,,,,,,,,,,,,,,,,,,"{""state"":""running""}"
2026-09-05T19:07:38.656869+00:00,2026-09-05T19:07:33.875+00:00,pub_stats,,a,show-5b0cddtl,2853370,8976103,3000000,50,50,0,28,30,16.1,none,f,f+h+q,3,608,1080,608,1080,"SimulcastEncoderAdapter (libvpx, libvpx, libvpx)",6,12,1,0,0,0.010355,0.03,13513,,,,,,,live:a,"{""qualityLimitationDurations"":{""cpu"":0,""none"":568.907,""other"":0,""bandwidth"":0.134}}"
2026-09-05T19:07:40.486492+00:00,2026-09-05T19:07:34.717+00:00,mic_level_sample,,a,show-5b0cddtl,,,,,,,,,,,,,,,,,,,,,,,,,,,,,,,,,,"{""deviceId"":""default"",""inputRms"":0.0042441363720706875,""outputRms"":0.0042441363720706875,""deviceLabel"":""Default"",""audioContextState"":""running""}"
2026-09-05T19:07:40.486492+00:00,2026-09-05T19:07:34.866+00:00,track_liveness_snapshot,,a,show-5b0cddtl,,,,,,,,,,,,,,,,,,,,,,,,,,,,,,,,,,"{""entries"":[{""key"":""contestant-a-80080d04:TR_VCaCfgTioZkjJZ"",""frames"":null,""reason"":null,""staleSec"":570,""probation"":false}],""trackCount"":1,""ineligibleCount"":0}"
2026-09-05T19:07:40.658101+00:00,2026-09-05T19:07:35.871+00:00,pub_stats,,a,show-5b0cddtl,3109511,8976103,2879650,52,52,0,27,28,17.21,none,f,f+h+q,3,608,1080,608,1080,"SimulcastEncoderAdapter (libvpx, libvpx, libvpx)",6,12,1,0,0,0.007122,0.032,13513,,,,,,,live:a,"{""qualityLimitationDurations"":{""cpu"":0,""none"":570.904,""other"":0,""bandwidth"":0.134}}"
2026-09-05T19:07:42.656338+00:00,2026-09-05T19:07:37.879+00:00,pub_stats,,a,show-5b0cddtl,2802040,8976103,3000000,54,54,0,26,26,15.22,none,f,f+h+q,3,608,1080,608,1080,"SimulcastEncoderAdapter (libvpx, libvpx, libvpx)",6,12,1,0,0,0.005888,0.032,13513,,,,,,,live:a,"{""qualityLimitationDurations"":{""cpu"":0,""none"":572.911,""other"":0,""bandwidth"":0.134}}"
2026-09-05T19:07:45.552369+00:00,2026-09-05T19:07:39.724+00:00,mic_level_sample,,a,show-5b0cddtl,,,,,,,,,,,,,,,,,,,,,,,,,,,,,,,,,,"{""deviceId"":""default"",""inputRms"":0.028616422904722508,""outputRms"":0.028616422904722508,""deviceLabel"":""Default"",""audioContextState"":""running""}"
2026-09-05T19:07:45.552369+00:00,2026-09-05T19:07:39.866+00:00,track_liveness_snapshot,,a,show-5b0cddtl,,,,,,,,,,,,,,,,,,,,,,,,,,,,,,,,,,"{""entries"":[{""key"":""contestant-a-80080d04:TR_VCaCfgTioZkjJZ"",""frames"":null,""reason"":null,""staleSec"":575,""probation"":false}],""trackCount"":1,""ineligibleCount"":0}"
2026-09-05T19:07:45.552369+00:00,2026-09-05T19:07:39.879+00:00,pub_stats,,a,show-5b0cddtl,2520784,8976103,3000000,34,34,0,15,25,27.32,none,f,f+h+q,3,608,1080,608,1080,"SimulcastEncoderAdapter (libvpx, libvpx, libvpx)",6,12,1,0,0,0.019488,0.046,13513,,,,,,,live:a,"{""qualityLimitationDurations"":{""cpu"":0,""none"":574.913,""other"":0,""bandwidth"":0.134}}"
2026-09-05T19:07:46.686354+00:00,2026-09-05T19:07:41.892+00:00,pub_stats,,a,show-5b0cddtl,2245902,8976103,3000000,43,43,0,22,22,51,none,f,f+h+q,3,608,1080,608,1080,"SimulcastEncoderAdapter (libvpx, libvpx, libvpx)",6,12,1,0,0,0.014721999999999999,0.04,13513,,,,,,,live:a,"{""qualityLimitationDurations"":{""cpu"":0,""none"":576.914,""other"":0,""bandwidth"":0.134}}"
2026-09-05T19:07:48.653471+00:00,2026-09-05T19:07:43.873+00:00,director_heartbeat,,a,show-5b0cddtl,,,,,,,,,,,,,,,,,,,,,,,,,,,,,,,,,,"{""state"":""running""}"
2026-09-05T19:07:48.653471+00:00,2026-09-05T19:07:43.889+00:00,pub_stats,,a,show-5b0cddtl,2288312,8976103,3000000,29,29,0,19,20,30.55,none,f,f+h+q,3,608,1080,608,1080,"SimulcastEncoderAdapter (libvpx, libvpx, libvpx)",6,12,1,0,0,0.016510999999999998,0.062,13513,,,,,,,live:a,"{""qualityLimitationDurations"":{""cpu"":0,""none"":578.917,""other"":0,""bandwidth"":0.134}}"
2026-09-05T19:07:50.345404+00:00,2026-09-05T19:07:44.717+00:00,mic_level_sample,,a,show-5b0cddtl,,,,,,,,,,,,,,,,,,,,,,,,,,,,,,,,,,"{""deviceId"":""default"",""inputRms"":0.03251070776230901,""outputRms"":0.03251070776230901,""deviceLabel"":""Default"",""audioContextState"":""running""}"
2026-09-05T19:07:50.345404+00:00,2026-09-05T19:07:44.871+00:00,track_liveness_snapshot,,a,show-5b0cddtl,,,,,,,,,,,,,,,,,,,,,,,,,,,,,,,,,,"{""entries"":[{""key"":""contestant-a-80080d04:TR_VCaCfgTioZkjJZ"",""frames"":null,""reason"":null,""staleSec"":580,""probation"":false}],""trackCount"":1,""ineligibleCount"":0}"
2026-09-05T19:07:50.85164+00:00,2026-09-05T19:07:45.885+00:00,pub_stats,,a,show-5b0cddtl,3324100,8976103,2749640,47,47,0,24,24,32.17,none,f,f+h+q,3,608,1080,608,1080,"SimulcastEncoderAdapter (libvpx, libvpx, libvpx)",6,12,1,0,0,0.017566,0.062,13513,,,,,,,live:a,"{""qualityLimitationDurations"":{""cpu"":0,""none"":580.916,""other"":0,""bandwidth"":0.134}}"
2026-09-05T19:07:52.634663+00:00,2026-09-05T19:07:47.886+00:00,pub_stats,,a,show-5b0cddtl,3001767,8976103,2937978,43,43,0,24,25,35.19,none,f,f+h+q,3,608,1080,608,1080,"SimulcastEncoderAdapter (libvpx, libvpx, libvpx)",6,12,1,0,0,0.013543999999999999,0.035,13513,,,,,,,live:a,"{""qualityLimitationDurations"":{""cpu"":0,""none"":582.921,""other"":0,""bandwidth"":0.134}}"
2026-09-05T19:07:55.933989+00:00,2026-09-05T19:07:49.719+00:00,mic_level_sample,,a,show-5b0cddtl,,,,,,,,,,,,,,,,,,,,,,,,,,,,,,,,,,"{""deviceId"":""default"",""inputRms"":0.018414851474730758,""outputRms"":0.018414851474730758,""deviceLabel"":""Default"",""audioContextState"":""running""}"
2026-09-05T19:07:55.933989+00:00,2026-09-05T19:07:49.884+00:00,pub_stats,,a,show-5b0cddtl,3365473,8976103,2728445,52,52,0,27,27,48.02,none,f,f+h+q,3,608,1080,608,1080,"SimulcastEncoderAdapter (libvpx, libvpx, libvpx)",6,12,1,0,0,0.011765999999999999,0.044,13513,,,,,,,live:a,"{""qualityLimitationDurations"":{""cpu"":0,""none"":584.909,""other"":0,""bandwidth"":0.134}}"
2026-09-05T19:07:55.890812+00:00,2026-09-05T19:07:50.366+00:00,track_liveness_snapshot,,a,show-5b0cddtl,,,,,,,,,,,,,,,,,,,,,,,,,,,,,,,,,,"{""entries"":[{""key"":""contestant-a-80080d04:TR_VCaCfgTioZkjJZ"",""frames"":null,""reason"":null,""staleSec"":586,""probation"":false}],""trackCount"":1,""ineligibleCount"":0}"
2026-09-05T19:07:56.641974+00:00,2026-09-05T19:07:51.881+00:00,pub_stats,,a,show-5b0cddtl,2718682,8976103,3000000,51,51,0,26,26,71.39,none,f,f+h+q,3,608,1080,608,1080,"SimulcastEncoderAdapter (libvpx, libvpx, libvpx)",6,12,1,0,0,0.013522,0.028,13513,,,,,,,live:a,"{""qualityLimitationDurations"":{""cpu"":0,""none"":586.908,""other"":0,""bandwidth"":0.134}}"
2026-09-05T19:07:58.668087+00:00,2026-09-05T19:07:53.869+00:00,director_heartbeat,,a,show-5b0cddtl,,,,,,,,,,,,,,,,,,,,,,,,,,,,,,,,,,"{""state"":""running""}"
2026-09-05T19:07:58.668087+00:00,2026-09-05T19:07:53.878+00:00,pub_stats,,a,show-5b0cddtl,2266007,8976103,3000000,52,52,0,25,27,46.87,none,f,f+h+q,3,608,1080,608,1080,"SimulcastEncoderAdapter (libvpx, libvpx, libvpx)",6,12,1,0,0,0.008844,0.028,13513,,,,,,,live:a,"{""qualityLimitationDurations"":{""cpu"":0,""none"":588.909,""other"":0,""bandwidth"":0.134}}"
2026-09-05T19:08:00.275028+00:00,2026-09-05T19:07:54.717+00:00,mic_level_sample,,a,show-5b0cddtl,,,,,,,,,,,,,,,,,,,,,,,,,,,,,,,,,,"{""deviceId"":""default"",""inputRms"":0.001506890523897419,""outputRms"":0.001506890523897419,""deviceLabel"":""Default"",""audioContextState"":""running""}"
2026-09-05T19:08:00.658573+00:00,2026-09-05T19:07:55.367+00:00,track_liveness_snapshot,,a,show-5b0cddtl,,,,,,,,,,,,,,,,,,,,,,,,,,,,,,,,,,"{""entries"":[{""key"":""contestant-a-80080d04:TR_VCaCfgTioZkjJZ"",""frames"":null,""reason"":null,""staleSec"":591,""probation"":false}],""trackCount"":1,""ineligibleCount"":0}"
2026-09-05T19:08:00.658573+00:00,2026-09-05T19:07:55.888+00:00,pub_stats,,a,show-5b0cddtl,2856900,8976103,3000000,51,51,0,24,24,12.06,none,f,f+h+q,3,608,1080,608,1080,"SimulcastEncoderAdapter (libvpx, libvpx, libvpx)",6,12,1,0,0,0.0094,0.029,13513,,,,,,,live:a,"{""qualityLimitationDurations"":{""cpu"":0,""none"":590.916,""other"":0,""bandwidth"":0.134}}"
2026-09-05T19:08:02.686324+00:00,2026-09-05T19:07:57.877+00:00,pub_stats,,a,show-5b0cddtl,2760286,8976103,3000000,49,49,0,26,27,15.43,none,f,f+h+q,3,608,1080,608,1080,"SimulcastEncoderAdapter (libvpx, libvpx, libvpx)",6,12,1,0,0,0.006566,0.028,13513,,,,,,,live:a,"{""qualityLimitationDurations"":{""cpu"":0,""none"":592.905,""other"":0,""bandwidth"":0.134}}"
2026-09-05T19:08:05.442111+00:00,2026-09-05T19:07:59.716+00:00,mic_level_sample,,a,show-5b0cddtl,,,,,,,,,,,,,,,,,,,,,,,,,,,,,,,,,,"{""deviceId"":""default"",""inputRms"":0.006768314169653069,""outputRms"":0.006768314169653069,""deviceLabel"":""Default"",""audioContextState"":""running""}"
2026-09-05T19:08:05.442111+00:00,2026-09-05T19:07:59.874+00:00,pub_stats,,a,show-5b0cddtl,2934414,8976103,3000000,45,45,0,23,27,18.4,none,f,f+h+q,3,608,1080,608,1080,"SimulcastEncoderAdapter (libvpx, libvpx, libvpx)",6,12,1,0,0,0.012877,0.035,13513,,,,,,,live:a,"{""qualityLimitationDurations"":{""cpu"":0,""none"":594.907,""other"":0,""bandwidth"":0.134}}"
2026-09-05T19:08:05.644321+00:00,2026-09-05T19:08:00.371+00:00,track_liveness_snapshot,,a,show-5b0cddtl,,,,,,,,,,,,,,,,,,,,,,,,,,,,,,,,,,"{""entries"":[{""key"":""contestant-a-80080d04:TR_VCaCfgTioZkjJZ"",""frames"":null,""reason"":null,""staleSec"":596,""probation"":false}],""trackCount"":1,""ineligibleCount"":0}"
2026-09-05T19:08:06.663801+00:00,2026-09-05T19:08:01.88+00:00,pub_stats,,a,show-5b0cddtl,2896327,8976103,3000000,46,46,0,25,25,19.78,none,f,f+h+q,3,608,1080,608,1080,"SimulcastEncoderAdapter (libvpx, libvpx, libvpx)",6,12,1,0,0,0.009588,0.035,13513,,,,,,,live:a,"{""qualityLimitationDurations"":{""cpu"":0,""none"":596.909,""other"":0,""bandwidth"":0.134}}"
2026-09-05T19:08:08.744597+00:00,2026-09-05T19:08:03.877+00:00,director_heartbeat,,a,show-5b0cddtl,,,,,,,,,,,,,,,,,,,,,,,,,,,,,,,,,,"{""state"":""running""}"
2026-09-05T19:08:08.744597+00:00,2026-09-05T19:08:03.879+00:00,pub_stats,,a,show-5b0cddtl,3344156,8976103,2681043,57,57,0,27,27,25.72,none,f,f+h+q,3,608,1080,608,1080,"SimulcastEncoderAdapter (libvpx, libvpx, libvpx)",6,12,1,0,0,0.012055,0.027,13513,,,,,,,live:a,"{""qualityLimitationDurations"":{""cpu"":0,""none"":598.914,""other"":0,""bandwidth"":0.134}}"
2026-09-05T19:08:08.744597+00:00,2026-09-05T19:08:03.99+00:00,deck_loop_suspended,,a,show-5b0cddtl,,,,,,,,,,,,,,,,,,,,,,,,,,,,,,,,,,"{""phaseMs"":60000,""suspended"":false}"
2026-09-05T19:08:08.744597+00:00,2026-09-05T19:08:03.99+00:00,backing_deck_raf,,a,show-5b0cddtl,,,,,,,,,,,,,,,,,,,,,,,,,,,,,interval,,,,,"{""elapsedMs"":89992,""idleFrames"":0,""hasDuration"":true,""activeFrames"":1479,""changedLabel"":0,""changedWidth"":0,""playingFrames"":0}"
2026-09-05T19:08:09.648789+00:00,2026-09-05T19:08:04.718+00:00,mic_level_sample,,a,show-5b0cddtl,,,,,,,,,,,,,,,,,,,,,,,,,,,,,,,,,,"{""deviceId"":""default"",""inputRms"":0.006233808723835988,""outputRms"":0.006233808723835988,""deviceLabel"":""Default"",""audioContextState"":""running""}"
2026-09-05T19:08:10.826065+00:00,2026-09-05T19:08:05.38+00:00,track_liveness_snapshot,,a,show-5b0cddtl,,,,,,,,,,,,,,,,,,,,,,,,,,,,,,,,,,"{""entries"":[{""key"":""contestant-a-80080d04:TR_VCaCfgTioZkjJZ"",""frames"":null,""reason"":null,""staleSec"":601,""probation"":false}],""trackCount"":1,""ineligibleCount"":0}"
2026-09-05T19:08:10.826065+00:00,2026-09-05T19:08:05.917+00:00,pub_stats,,a,show-5b0cddtl,1398391,8976103,3000000,28,28,0,12,14,26.39,none,f,f+h+q,3,608,1080,608,1080,"SimulcastEncoderAdapter (libvpx, libvpx, libvpx)",6,12,1,0,0,0.024533,0.03,13513,,,,,,,live:a,"{""qualityLimitationDurations"":{""cpu"":0,""none"":600.92,""other"":0,""bandwidth"":0.134}}"
2026-09-05T19:08:12.706034+00:00,2026-09-05T19:08:07.894+00:00,pub_stats,,a,show-5b0cddtl,2417910,8976103,3000000,31,31,0,15,16,25.87,none,f,f+h+q,3,608,1080,608,1080,"SimulcastEncoderAdapter (libvpx, libvpx, libvpx)",6,12,1,0,0,0.030466,0.034,13513,,,,,,,live:a,"{""qualityLimitationDurations"":{""cpu"":0,""none"":602.912,""other"":0,""bandwidth"":0.134}}"
2026-09-05T19:08:14.681045+00:00,2026-09-05T19:08:09.716+00:00,mic_level_sample,,a,show-5b0cddtl,,,,,,,,,,,,,,,,,,,,,,,,,,,,,,,,,,"{""deviceId"":""default"",""inputRms"":0.010182119544620652,""outputRms"":0.010265450812010782,""deviceLabel"":""Default"",""audioContextState"":""running""}"
2026-09-05T19:08:14.681045+00:00,2026-09-05T19:08:09.91+00:00,pub_stats,,a,show-5b0cddtl,2837135,8976103,3000000,28,28,0,14,15,29.46,none,f,f+h+q,3,608,1080,608,1080,"SimulcastEncoderAdapter (libvpx, libvpx, libvpx)",6,12,1,0,0,0.041187999999999995,0.034,13513,,,,,,,live:a,"{""qualityLimitationDurations"":{""cpu"":0,""none"":604.942,""other"":0,""bandwidth"":0.134}}"
2026-09-05T19:08:15.680464+00:00,2026-09-05T19:08:10.384+00:00,track_liveness_snapshot,,a,show-5b0cddtl,,,,,,,,,,,,,,,,,,,,,,,,,,,,,,,,,,"{""entries"":[{""key"":""contestant-a-80080d04:TR_VCaCfgTioZkjJZ"",""frames"":null,""reason"":null,""staleSec"":606,""probation"":false}],""trackCount"":1,""ineligibleCount"":0}"
2026-09-05T19:08:16.682566+00:00,2026-09-05T19:08:11.871+00:00,pub_stats,,a,show-5b0cddtl,2125581,8976103,3000000,23,23,0,8,11,22.61,none,f,f+h+q,3,608,1080,608,1080,"SimulcastEncoderAdapter (libvpx, libvpx, libvpx)",6,12,1,0,0,0.040799999999999996,0.037,13513,,,,,,,live:a,"{""qualityLimitationDurations"":{""cpu"":0,""none"":606.905,""other"":0,""bandwidth"":0.134}}"
2026-09-05T19:08:18.678935+00:00,2026-09-05T19:08:13.869+00:00,director_heartbeat,,a,show-5b0cddtl,,,,,,,,,,,,,,,,,,,,,,,,,,,,,,,,,,"{""state"":""running""}"
2026-09-05T19:08:18.678935+00:00,2026-09-05T19:08:13.872+00:00,pub_stats,,a,show-5b0cddtl,3146655,8976103,3000000,30,30,0,16,17,18.7,none,f,f+h+q,3,608,1080,608,1080,"SimulcastEncoderAdapter (libvpx, libvpx, libvpx)",6,12,1,0,0,0.032366,0.048,13513,,,,,,,live:a,"{""qualityLimitationDurations"":{""cpu"":0,""none"":608.907,""other"":0,""bandwidth"":0.134}}"
2026-09-05T19:08:19.721615+00:00,2026-09-05T19:08:14.717+00:00,mic_level_sample,,a,show-5b0cddtl,,,,,,,,,,,,,,,,,,,,,,,,,,,,,,,,,,"{""deviceId"":""default"",""inputRms"":0.003869825417962116,""outputRms"":0.003869825417962116,""deviceLabel"":""Default"",""audioContextState"":""running""}"
2026-09-05T19:08:20.729216+00:00,2026-09-05T19:08:15.882+00:00,track_liveness_snapshot,,a,show-5b0cddtl,,,,,,,,,,,,,,,,,,,,,,,,,,,,,,,,,,"{""entries"":[{""key"":""contestant-a-80080d04:TR_VCaCfgTioZkjJZ"",""frames"":null,""reason"":null,""staleSec"":611,""probation"":false}],""trackCount"":1,""ineligibleCount"":0}"
2026-09-05T19:08:20.729216+00:00,2026-09-05T19:08:15.905+00:00,pub_stats,,a,show-5b0cddtl,2868435,8976103,2938915,30,30,0,16,18,18.27,none,f,f+h+q,3,608,1080,608,1080,"SimulcastEncoderAdapter (libvpx, libvpx, libvpx)",6,12,1,0,0,0.042411,0.041,13513,,,,,,,live:a,"{""qualityLimitationDurations"":{""cpu"":0,""none"":610.922,""other"":0,""bandwidth"":0.134}}"
2026-09-05T19:08:22.880957+00:00,2026-09-05T19:08:17.892+00:00,pub_stats,,a,show-5b0cddtl,2991368,8976103,2988095,30,30,0,15,15,19.83,none,f,f+h+q,3,608,1080,608,1080,"SimulcastEncoderAdapter (libvpx, libvpx, libvpx)",6,12,1,0,0,0.030133,0.041,13513,,,,,,,live:a,"{""qualityLimitationDurations"":{""cpu"":0,""none"":612.921,""other"":0,""bandwidth"":0.134}}"
2026-09-05T19:08:24.700625+00:00,2026-09-05T19:08:19.718+00:00,mic_level_sample,,a,show-5b0cddtl,,,,,,,,,,,,,,,,,,,,,,,,,,,,,,,,,,"{""deviceId"":""default"",""inputRms"":0.004109804999759256,""outputRms"":0.004109804999759256,""deviceLabel"":""Default"",""audioContextState"":""running""}"
2026-09-05T19:08:24.700625+00:00,2026-09-05T19:08:19.875+00:00,pub_stats,,a,show-5b0cddtl,2384230,8976103,3000000,30,30,0,14,18,19.37,none,f,f+h+q,3,608,1080,608,1080,"SimulcastEncoderAdapter (libvpx, libvpx, libvpx)",6,12,1,0,0,0.033433,0.04,13513,,,,,,,live:a,"{""qualityLimitationDurations"":{""cpu"":0,""none"":614.904,""other"":0,""bandwidth"":0.134}}"
2026-09-05T19:08:26.677735+00:00,2026-09-05T19:08:21.368+00:00,track_liveness_snapshot,,a,show-5b0cddtl,,,,,,,,,,,,,,,,,,,,,,,,,,,,,,,,,,"{""entries"":[{""key"":""contestant-a-80080d04:TR_VCaCfgTioZkjJZ"",""frames"":null,""reason"":null,""staleSec"":617,""probation"":false}],""trackCount"":1,""ineligibleCount"":0}"
2026-09-05T19:08:26.677735+00:00,2026-09-05T19:08:21.902+00:00,pub_stats,,a,show-5b0cddtl,590760,8976103,,6,6,0,,21,14,cpu,f,f+h+q,3,,,608,1080,libvpx,6,12,1,0,0,0.018755,0.033,13513,,,,,,,live:a,"{""qualityLimitationDurations"":{""cpu"":1.671,""none"":615.237,""other"":0,""bandwidth"":0.134}}"
2026-09-05T19:08:26.677735+00:00,2026-09-05T19:08:21.902+00:00,pub_quality_limitation_changed,,a,show-5b0cddtl,,,,,,,,,14,,,,,,,,,,,,,,,,,,none,cpu,,,,,,"{""durations"":{""cpu"":1.671,""none"":615.237,""other"":0,""bandwidth"":0.134}}"
2026-09-05T19:08:28.890395+00:00,2026-09-05T19:08:23.868+00:00,director_heartbeat,,a,show-5b0cddtl,,,,,,,,,,,,,,,,,,,,,,,,,,,,,,,,,,"{""state"":""running""}"
2026-09-05T19:08:28.890395+00:00,2026-09-05T19:08:23.869+00:00,pub_stats,,a,show-5b0cddtl,0,8976103,,0,0,0,,21,,cpu,f,h+q,3,,,608,1080,libvpx,6,12,1,0,0,0.016021999999999998,0.035,13513,,,,,,,live:a,"{""qualityLimitationDurations"":{""cpu"":3.667,""none"":615.237,""other"":0,""bandwidth"":0.134}}"
2026-09-05T19:08:28.890395+00:00,2026-09-05T19:08:23.869+00:00,pub_simulcast_switch,,a,show-5b0cddtl,0,8976103,,,,,,,,,,,,,,,,,,,,,,,,,f+h+q,h+q,cpu,,,,,
2026-09-05T19:08:29.657575+00:00,2026-09-05T19:08:24.717+00:00,mic_level_sample,,a,show-5b0cddtl,,,,,,,,,,,,,,,,,,,,,,,,,,,,,,,,,,"{""deviceId"":""default"",""inputRms"":0.01368356096454327,""outputRms"":0.01368356096454327,""deviceLabel"":""Default"",""audioContextState"":""running""}"
2026-09-05T19:08:30.733933+00:00,2026-09-05T19:08:25.881+00:00,pub_stats,,a,show-5b0cddtl,0,8976103,,0,0,0,,19,,cpu,f,h+q,3,,,608,1080,libvpx,6,12,1,0,0,0.023055,0.035,13513,,,,,,,live:a,"{""qualityLimitationDurations"":{""cpu"":5.675,""none"":615.237,""other"":0,""bandwidth"":0.134}}"
2026-09-05T19:08:31.719833+00:00,2026-09-05T19:08:26.871+00:00,track_liveness_snapshot,,a,show-5b0cddtl,,,,,,,,,,,,,,,,,,,,,,,,,,,,,,,,,,"{""entries"":[{""key"":""contestant-a-80080d04:TR_VCaCfgTioZkjJZ"",""frames"":null,""reason"":null,""staleSec"":622,""probation"":false}],""trackCount"":1,""ineligibleCount"":0}"
2026-09-05T19:08:32.709693+00:00,2026-09-05T19:08:27.886+00:00,pub_stats,,a,show-5b0cddtl,0,8976103,,0,0,0,,22,,cpu,f,h+q,3,,,608,1080,libvpx,6,12,1,0,0,0.024811,0.03,13513,,,,,,,live:a,"{""qualityLimitationDurations"":{""cpu"":7.675,""none"":615.237,""other"":0,""bandwidth"":0.134}}"
2026-09-05T19:08:34.669221+00:00,2026-09-05T19:08:29.717+00:00,mic_level_sample,,a,show-5b0cddtl,,,,,,,,,,,,,,,,,,,,,,,,,,,,,,,,,,"{""deviceId"":""default"",""inputRms"":0.004484948716896931,""outputRms"":0.004484948716896931,""deviceLabel"":""Default"",""audioContextState"":""running""}"
2026-09-05T19:08:34.669221+00:00,2026-09-05T19:08:29.879+00:00,pub_stats,,a,show-5b0cddtl,0,8976103,,0,0,0,,16,,cpu,f,h+q,3,,,608,1080,libvpx,6,12,1,0,0,0.030310999999999998,0.051,13513,,,,,,,live:a,"{""qualityLimitationDurations"":{""cpu"":9.669,""none"":615.237,""other"":0,""bandwidth"":0.134}}"
2026-09-05T19:08:36.653063+00:00,2026-09-05T19:08:31.888+00:00,pub_stats,,a,show-5b0cddtl,0,8976103,,0,0,0,,18,,cpu,f,h+q,3,,,608,1080,libvpx,6,12,1,0,0,0.0321,0.044,13513,,,,,,,live:a,"{""qualityLimitationDurations"":{""cpu"":11.677,""none"":615.237,""other"":0,""bandwidth"":0.134}}"
2026-09-05T19:08:37.66554+00:00,2026-09-05T19:08:32.375+00:00,track_liveness_snapshot,,a,show-5b0cddtl,,,,,,,,,,,,,,,,,,,,,,,,,,,,,,,,,,"{""entries"":[{""key"":""contestant-a-80080d04:TR_VCaCfgTioZkjJZ"",""frames"":null,""reason"":null,""staleSec"":628,""probation"":false}],""trackCount"":1,""ineligibleCount"":0}"
2026-09-05T19:08:38.671873+00:00,2026-09-05T19:08:33.88+00:00,director_heartbeat,,a,show-5b0cddtl,,,,,,,,,,,,,,,,,,,,,,,,,,,,,,,,,,"{""state"":""running""}"
2026-09-05T19:08:38.671873+00:00,2026-09-05T19:08:33.882+00:00,pub_stats,,a,show-5b0cddtl,0,8976103,,0,0,0,,20,,cpu,f,h+q,3,,,608,1080,libvpx,6,12,1,0,0,0.019632999999999998,0.044,13513,,,,,,,live:a,"{""qualityLimitationDurations"":{""cpu"":13.675,""none"":615.237,""other"":0,""bandwidth"":0.134}}"
2026-09-05T19:08:38.671873+00:00,2026-09-05T19:08:34.012+00:00,backing_deck_raf,,a,show-5b0cddtl,,,,,,,,,,,,,,,,,,,,,,,,,,,,,interval,,,,,"{""elapsedMs"":30022,""idleFrames"":0,""hasDuration"":true,""activeFrames"":798,""changedLabel"":0,""changedWidth"":0,""playingFrames"":0}"
2026-09-05T19:08:39.7548+00:00,2026-09-05T19:08:34.719+00:00,mic_level_sample,,a,show-5b0cddtl,,,,,,,,,,,,,,,,,,,,,,,,,,,,,,,,,,"{""deviceId"":""default"",""inputRms"":0.007636864700524864,""outputRms"":0.007636864700524864,""deviceLabel"":""Default"",""audioContextState"":""running""}"
2026-09-05T19:08:40.916391+00:00,2026-09-05T19:08:35.881+00:00,pub_simulcast_switch,,a,show-5b0cddtl,42241,8976103,,,,,,,,,,,,,,,,,,,,,,,,,h+q,f+h+q,none,,,,,
2026-09-05T19:08:40.916391+00:00,2026-09-05T19:08:35.881+00:00,pub_quality_limitation_changed,,a,show-5b0cddtl,,,,,,,,,102.67,,,,,,,,,,,,,,,,,,cpu,none,,,,,,"{""durations"":{""cpu"":15.185,""none"":615.69,""other"":0,""bandwidth"":0.169}}"
2026-09-05T19:08:40.916391+00:00,2026-09-05T19:08:35.881+00:00,pub_stats,,a,show-5b0cddtl,42241,8976103,2500000,3,3,0,3,18,102.67,none,f,f+h+q,3,608,1080,608,1080,"SimulcastEncoderAdapter (libvpx, libvpx, libvpx)",7,12,1,0,0,0.017665999999999998,0.034,13513,,,,,,,live:a,"{""qualityLimitationDurations"":{""cpu"":15.185,""none"":615.69,""other"":0,""bandwidth"":0.169}}"
2026-09-05T19:08:42.68191+00:00,2026-09-05T19:08:37.88+00:00,track_liveness_snapshot,,a,show-5b0cddtl,,,,,,,,,,,,,,,,,,,,,,,,,,,,,,,,,,"{""entries"":[{""key"":""contestant-a-80080d04:TR_VCaCfgTioZkjJZ"",""frames"":null,""reason"":null,""staleSec"":633,""probation"":false}],""trackCount"":1,""ineligibleCount"":0}"
2026-09-05T19:08:42.68191+00:00,2026-09-05T19:08:37.913+00:00,pub_stats,,a,show-5b0cddtl,1675961,8976103,3000000,32,32,0,16,16,55.53,none,f,f+h+q,3,608,1080,608,1080,"SimulcastEncoderAdapter (libvpx, libvpx, libvpx)",7,12,1,0,0,0.031666,0.033,13513,,,,,,,live:a,"{""qualityLimitationDurations"":{""cpu"":15.185,""none"":617.699,""other"":0,""bandwidth"":0.169}}"
2026-09-05T19:08:44.67438+00:00,2026-09-05T19:08:39.729+00:00,mic_level_sample,,a,show-5b0cddtl,,,,,,,,,,,,,,,,,,,,,,,,,,,,,,,,,,"{""deviceId"":""default"",""inputRms"":0.030776869529464616,""outputRms"":0.030776869529464616,""deviceLabel"":""Default"",""audioContextState"":""running""}"
2026-09-05T19:08:44.67438+00:00,2026-09-05T19:08:39.914+00:00,pub_stats,,a,show-5b0cddtl,2614305,8976103,3000000,29,29,0,13,14,23.45,none,f,f+h+q,3,608,1080,608,1080,"SimulcastEncoderAdapter (libvpx, libvpx, libvpx)",7,12,1,0,0,0.028133,0.049,13513,,,,,,,live:a,"{""qualityLimitationDurations"":{""cpu"":15.185,""none"":619.714,""other"":0,""bandwidth"":0.169}}"
2026-09-05T19:08:46.654301+00:00,2026-09-05T19:08:41.884+00:00,pub_stats,,a,show-5b0cddtl,2458413,8976103,3000000,27,27,0,14,16,25.41,none,f,f+h+q,3,608,1080,608,1080,"SimulcastEncoderAdapter (libvpx, libvpx, libvpx)",7,12,1,0,0,0.031588,0.049,13513,,,,,,,live:a,"{""qualityLimitationDurations"":{""cpu"":15.185,""none"":621.691,""other"":0,""bandwidth"":0.169}}"
2026-09-05T19:08:48.746107+00:00,2026-09-05T19:08:43.366+00:00,track_liveness_snapshot,,a,show-5b0cddtl,,,,,,,,,,,,,,,,,,,,,,,,,,,,,,,,,,"{""entries"":[{""key"":""contestant-a-80080d04:TR_VCaCfgTioZkjJZ"",""frames"":null,""reason"":null,""staleSec"":638,""probation"":false}],""trackCount"":1,""ineligibleCount"":0}"
2026-09-05T19:08:48.746107+00:00,2026-09-05T19:08:43.869+00:00,director_heartbeat,,a,show-5b0cddtl,,,,,,,,,,,,,,,,,,,,,,,,,,,,,,,,,,"{""state"":""running""}"
2026-09-05T19:08:48.746107+00:00,2026-09-05T19:08:43.885+00:00,pub_stats,,a,show-5b0cddtl,2603173,8976103,3000000,28,28,0,14,17,39.64,none,f,f+h+q,3,608,1080,608,1080,"SimulcastEncoderAdapter (libvpx, libvpx, libvpx)",7,12,1,0,0,0.0348,0.049,13513,,,,,,,live:a,"{""qualityLimitationDurations"":{""cpu"":15.185,""none"":623.693,""other"":0,""bandwidth"":0.169}}"
2026-09-05T19:08:49.671664+00:00,2026-09-05T19:08:44.717+00:00,mic_level_sample,,a,show-5b0cddtl,,,,,,,,,,,,,,,,,,,,,,,,,,,,,,,,,,"{""deviceId"":""default"",""inputRms"":0.0041077114229540815,""outputRms"":0.0041077114229540815,""deviceLabel"":""Default"",""audioContextState"":""running""}"
2026-09-05T19:08:50.873528+00:00,2026-09-05T19:08:45.885+00:00,pub_stats,,a,show-5b0cddtl,2654244,8976103,3000000,30,30,0,13,16,32.83,none,f,f+h+q,3,608,1080,608,1080,"SimulcastEncoderAdapter (libvpx, libvpx, libvpx)",7,12,1,0,0,0.037732999999999996,0.039,13513,,,,,,,live:a,"{""qualityLimitationDurations"":{""cpu"":15.185,""none"":625.694,""other"":0,""bandwidth"":0.169}}"
2026-09-05T19:08:52.737279+00:00,2026-09-05T19:08:47.896+00:00,pub_stats,,a,show-5b0cddtl,2648640,8976103,3000000,28,28,0,15,16,33.61,none,f,f+h+q,3,608,1080,608,1080,"SimulcastEncoderAdapter (libvpx, libvpx, libvpx)",7,12,1,0,0,0.032444,0.087,13513,,,,,,,live:a,"{""qualityLimitationDurations"":{""cpu"":15.185,""none"":627.692,""other"":0,""bandwidth"":0.169}}"
2026-09-05T19:08:53.661744+00:00,2026-09-05T19:08:48.366+00:00,track_liveness_snapshot,,a,show-5b0cddtl,,,,,,,,,,,,,,,,,,,,,,,,,,,,,,,,,,"{""entries"":[{""key"":""contestant-a-80080d04:TR_VCaCfgTioZkjJZ"",""frames"":null,""reason"":null,""staleSec"":644,""probation"":false}],""trackCount"":1,""ineligibleCount"":0}"
2026-09-05T19:08:54.804765+00:00,2026-09-05T19:08:49.717+00:00,mic_level_sample,,a,show-5b0cddtl,,,,,,,,,,,,,,,,,,,,,,,,,,,,,,,,,,"{""deviceId"":""default"",""inputRms"":0.021936323090899407,""outputRms"":0.021936323090899407,""deviceLabel"":""Default"",""audioContextState"":""running""}"
2026-09-05T19:08:54.804765+00:00,2026-09-05T19:08:49.88+00:00,pub_stats,,a,show-5b0cddtl,1911133,8976103,3000000,22,22,0,7,9,38.09,none,f,f+h+q,3,608,1080,608,1080,"SimulcastEncoderAdapter (libvpx, libvpx, libvpx)",7,12,1,0,0,0.040077,0.087,13513,,,,,,,live:a,"{""qualityLimitationDurations"":{""cpu"":15.185,""none"":629.689,""other"":0,""bandwidth"":0.169}}"
2026-09-05T19:08:56.714293+00:00,2026-09-05T19:08:51.882+00:00,pub_stats,,a,show-5b0cddtl,2083486,8976103,3000000,25,25,0,10,17,23.84,none,f,f+h+q,3,608,1080,608,1080,"SimulcastEncoderAdapter (libvpx, libvpx, libvpx)",7,12,1,0,0,0.0508,0.036,13513,,,,,,,live:a,"{""qualityLimitationDurations"":{""cpu"":15.185,""none"":631.687,""other"":0,""bandwidth"":0.169}}"
2026-09-05T19:08:58.701124+00:00,2026-09-05T19:08:53.382+00:00,track_liveness_snapshot,,a,show-5b0cddtl,,,,,,,,,,,,,,,,,,,,,,,,,,,,,,,,,,"{""entries"":[{""key"":""contestant-a-80080d04:TR_VCaCfgTioZkjJZ"",""frames"":null,""reason"":null,""staleSec"":649,""probation"":false}],""trackCount"":1,""ineligibleCount"":0}"
2026-09-05T19:08:58.701124+00:00,2026-09-05T19:08:53.878+00:00,director_heartbeat,,a,show-5b0cddtl,,,,,,,,,,,,,,,,,,,,,,,,,,,,,,,,,,"{""state"":""running""}"
2026-09-05T19:08:58.701124+00:00,2026-09-05T19:08:53.888+00:00,pub_stats,,a,show-5b0cddtl,2428496,8976103,3000000,21,21,0,15,17,20.9,none,f,f+h+q,3,608,1080,608,1080,"SimulcastEncoderAdapter (libvpx, libvpx, libvpx)",7,12,1,0,0,0.048499999999999995,0.061,13513,,,,,,,live:a,"{""qualityLimitationDurations"":{""cpu"":15.185,""none"":633.697,""other"":0,""bandwidth"":0.169}}"
2026-09-05T19:08:59.675007+00:00,2026-09-05T19:08:54.721+00:00,mic_level_sample,,a,show-5b0cddtl,,,,,,,,,,,,,,,,,,,,,,,,,,,,,,,,,,"{""deviceId"":""default"",""inputRms"":0.00989230587100756,""outputRms"":0.006595037908631419,""deviceLabel"":""Default"",""audioContextState"":""running""}"
2026-09-05T19:09:01.081675+00:00,2026-09-05T19:08:55.879+00:00,pub_stats,,a,show-5b0cddtl,2716826,8976103,,24,24,0,13,16,21.96,cpu,f,f+h+q,3,,,608,1080,libvpx,7,12,1,0,0,0.0326,0.03,13513,,,,,,,live:a,"{""qualityLimitationDurations"":{""cpu"":15.413,""none"":635.462,""other"":0,""bandwidth"":0.169}}"
2026-09-05T19:09:01.081675+00:00,2026-09-05T19:08:55.879+00:00,pub_quality_limitation_changed,,a,show-5b0cddtl,,,,,,,,,21.96,,,,,,,,,,,,,,,,,,none,cpu,,,,,,"{""durations"":{""cpu"":15.413,""none"":635.462,""other"":0,""bandwidth"":0.169}}"
2026-09-05T19:09:02.718396+00:00,2026-09-05T19:08:57.885+00:00,pub_stats,,a,show-5b0cddtl,0,8976103,,0,0,0,,20,,cpu,f,h+q,3,,,608,1080,libvpx,7,12,1,0,0,0.015177,0.03,13513,,,,,,,live:a,"{""qualityLimitationDurations"":{""cpu"":17.407,""none"":635.462,""other"":0,""bandwidth"":0.169}}"
2026-09-05T19:09:02.718396+00:00,2026-09-05T19:08:57.885+00:00,pub_simulcast_switch,,a,show-5b0cddtl,0,8976103,,,,,,,,,,,,,,,,,,,,,,,,,f+h+q,h+q,cpu,,,,,
2026-09-05T19:09:03.699288+00:00,2026-09-05T19:08:58.891+00:00,track_liveness_snapshot,,a,show-5b0cddtl,,,,,,,,,,,,,,,,,,,,,,,,,,,,,,,,,,"{""entries"":[{""key"":""contestant-a-80080d04:TR_VCaCfgTioZkjJZ"",""frames"":null,""reason"":null,""staleSec"":654,""probation"":false}],""trackCount"":1,""ineligibleCount"":0}"
2026-09-05T19:09:04.656967+00:00,2026-09-05T19:08:59.728+00:00,mic_level_sample,,a,show-5b0cddtl,,,,,,,,,,,,,,,,,,,,,,,,,,,,,,,,,,"{""deviceId"":""default"",""inputRms"":0.024945198771721775,""outputRms"":0.024945198771721775,""deviceLabel"":""Default"",""audioContextState"":""running""}"
2026-09-05T19:09:04.656967+00:00,2026-09-05T19:08:59.888+00:00,pub_stats,,a,show-5b0cddtl,0,8976103,,0,0,0,,18,,cpu,f,h+q,3,,,608,1080,libvpx,7,12,1,0,0,0.024676999999999998,0.031,13513,,,,,,,live:a,"{""qualityLimitationDurations"":{""cpu"":19.41,""none"":635.462,""other"":0,""bandwidth"":0.169}}"
2026-09-05T19:09:06.65355+00:00,2026-09-05T19:09:01.888+00:00,pub_stats,,a,show-5b0cddtl,0,8976103,,0,0,0,,21,,cpu,f,h+q,3,,,608,1080,libvpx,7,12,1,0,0,0.033588,0.03,13513,,,,,,,live:a,"{""qualityLimitationDurations"":{""cpu"":21.423,""none"":635.462,""other"":0,""bandwidth"":0.169}}"
2026-09-05T19:09:08.736679+00:00,2026-09-05T19:09:03.889+00:00,director_heartbeat,,a,show-5b0cddtl,,,,,,,,,,,,,,,,,,,,,,,,,,,,,,,,,,"{""state"":""running""}"
2026-09-05T19:09:08.736679+00:00,2026-09-05T19:09:03.906+00:00,pub_stats,,a,show-5b0cddtl,0,8976103,,0,0,0,,21,,cpu,f,h+q,3,,,608,1080,libvpx,7,12,1,0,0,0.024,0.054,13513,,,,,,,live:a,"{""qualityLimitationDurations"":{""cpu"":23.409,""none"":635.462,""other"":0,""bandwidth"":0.169}}"
2026-09-05T19:09:08.736679+00:00,2026-09-05T19:09:03.985+00:00,deck_loop_suspended,,a,show-5b0cddtl,,,,,,,,,,,,,,,,,,,,,,,,,,,,,,,,,,"{""phaseMs"":60000,""suspended"":true}"
2026-09-05T19:09:09.692604+00:00,2026-09-05T19:09:04.365+00:00,track_liveness_snapshot,,a,show-5b0cddtl,,,,,,,,,,,,,,,,,,,,,,,,,,,,,,,,,,"{""entries"":[{""key"":""contestant-a-80080d04:TR_VCaCfgTioZkjJZ"",""frames"":null,""reason"":null,""staleSec"":659,""probation"":false}],""trackCount"":1,""ineligibleCount"":0}"
2026-09-05T19:09:09.692604+00:00,2026-09-05T19:09:04.717+00:00,mic_level_sample,,a,show-5b0cddtl,,,,,,,,,,,,,,,,,,,,,,,,,,,,,,,,,,"{""deviceId"":""default"",""inputRms"":0.029327812133521005,""outputRms"":0.029327812133521005,""deviceLabel"":""Default"",""audioContextState"":""running""}"
2026-09-05T19:09:10.696938+00:00,2026-09-05T19:09:05.888+00:00,pub_stats,,a,show-5b0cddtl,0,8976103,,0,0,0,,15,,cpu,f,h+q,3,,,608,1080,libvpx,7,12,1,0,0,0.022711,0.054,13513,,,,,,,live:a,"{""qualityLimitationDurations"":{""cpu"":25.409,""none"":635.462,""other"":0,""bandwidth"":0.169}}"
2026-09-05T19:09:12.688509+00:00,2026-09-05T19:09:07.888+00:00,pub_stats,,a,show-5b0cddtl,0,8976103,,0,0,0,,20,,cpu,f,h+q,3,,,608,1080,libvpx,7,12,1,0,0,0.026310999999999998,0.032,13513,,,,,,,live:a,"{""qualityLimitationDurations"":{""cpu"":27.414,""none"":635.462,""other"":0,""bandwidth"":0.169}}"
2026-09-05T19:09:14.671508+00:00,2026-09-05T19:09:09.366+00:00,track_liveness_snapshot,,a,show-5b0cddtl,,,,,,,,,,,,,,,,,,,,,,,,,,,,,,,,,,"{""entries"":[{""key"":""contestant-a-80080d04:TR_VCaCfgTioZkjJZ"",""frames"":null,""reason"":null,""staleSec"":665,""probation"":false}],""trackCount"":1,""ineligibleCount"":0}"
2026-09-05T19:09:14.671508+00:00,2026-09-05T19:09:09.717+00:00,mic_level_sample,,a,show-5b0cddtl,,,,,,,,,,,,,,,,,,,,,,,,,,,,,,,,,,"{""deviceId"":""default"",""inputRms"":0.0153092946217382,""outputRms"":0.0153092946217382,""deviceLabel"":""Default"",""audioContextState"":""running""}"
2026-09-05T19:09:14.671508+00:00,2026-09-05T19:09:09.89+00:00,pub_stats,,a,show-5b0cddtl,0,8976103,,0,0,0,,20,,cpu,f,h+q,3,,,608,1080,libvpx,7,12,1,0,0,0.020021999999999998,0.034,13513,,,,,,,live:a,"{""qualityLimitationDurations"":{""cpu"":29.42,""none"":635.462,""other"":0,""bandwidth"":0.169}}"
2026-09-05T19:09:16.643661+00:00,2026-09-05T19:09:11.894+00:00,pub_stats,,a,show-5b0cddtl,0,8976103,,0,0,0,,19,,cpu,f,h+q,3,,,608,1080,libvpx,7,12,1,0,0,0.023021999999999997,0.043,13513,,,,,,,live:a,"{""qualityLimitationDurations"":{""cpu"":31.425,""none"":635.462,""other"":0,""bandwidth"":0.169}}"
2026-09-05T19:09:18.770951+00:00,2026-09-05T19:09:13.879+00:00,director_heartbeat,,a,show-5b0cddtl,,,,,,,,,,,,,,,,,,,,,,,,,,,,,,,,,,"{""state"":""running""}"
2026-09-05T19:09:18.770951+00:00,2026-09-05T19:09:13.896+00:00,pub_stats,,a,show-5b0cddtl,0,8976103,,0,0,0,,22,,cpu,f,h+q,3,,,608,1080,libvpx,7,12,1,0,0,0.017988,0.043,13513,,,,,,,live:a,"{""qualityLimitationDurations"":{""cpu"":33.427,""none"":635.462,""other"":0,""bandwidth"":0.169}}"
2026-09-05T19:09:19.660413+00:00,2026-09-05T19:09:14.376+00:00,track_liveness_snapshot,,a,show-5b0cddtl,,,,,,,,,,,,,,,,,,,,,,,,,,,,,,,,,,"{""entries"":[{""key"":""contestant-a-80080d04:TR_VCaCfgTioZkjJZ"",""frames"":null,""reason"":null,""staleSec"":670,""probation"":false}],""trackCount"":1,""ineligibleCount"":0}"
2026-09-05T19:09:19.660413+00:00,2026-09-05T19:09:14.723+00:00,mic_level_sample,,a,show-5b0cddtl,,,,,,,,,,,,,,,,,,,,,,,,,,,,,,,,,,"{""deviceId"":""default"",""inputRms"":0.03318074555576066,""outputRms"":0.03318074555576066,""deviceLabel"":""Default"",""audioContextState"":""running""}"
2026-09-05T19:09:21.44005+00:00,2026-09-05T19:09:15.889+00:00,pub_stats,,a,show-5b0cddtl,0,8976103,,0,0,0,,23,,cpu,f,h+q,3,,,608,1080,libvpx,7,12,1,0,0,0.021955,0.042,13513,,,,,,,live:a,"{""qualityLimitationDurations"":{""cpu"":35.42,""none"":635.462,""other"":0,""bandwidth"":0.169}}"
2026-09-05T19:09:22.732563+00:00,2026-09-05T19:09:17.898+00:00,pub_stats,,a,show-5b0cddtl,0,8976103,,0,0,0,,22,,cpu,f,h+q,3,,,608,1080,libvpx,7,12,1,0,0,0.018022,0.031,13513,,,,,,,live:a,"{""qualityLimitationDurations"":{""cpu"":37.429,""none"":635.462,""other"":0,""bandwidth"":0.169}}"
2026-09-05T19:09:24.656921+00:00,2026-09-05T19:09:19.717+00:00,mic_level_sample,,a,show-5b0cddtl,,,,,,,,,,,,,,,,,,,,,,,,,,,,,,,,,,"{""deviceId"":""default"",""inputRms"":0.010577222436966202,""outputRms"":0.010577222436966202,""deviceLabel"":""Default"",""audioContextState"":""running""}"
2026-09-05T19:09:24.656921+00:00,2026-09-05T19:09:19.865+00:00,track_liveness_snapshot,,a,show-5b0cddtl,,,,,,,,,,,,,,,,,,,,,,,,,,,,,,,,,,"{""entries"":[{""key"":""contestant-a-80080d04:TR_VCaCfgTioZkjJZ"",""frames"":null,""reason"":null,""staleSec"":675,""probation"":false}],""trackCount"":1,""ineligibleCount"":0}"
2026-09-05T19:09:24.656921+00:00,2026-09-05T19:09:19.897+00:00,pub_stats,,a,show-5b0cddtl,0,8976103,,0,0,0,,22,,cpu,f,h+q,3,,,608,1080,libvpx,7,12,1,0,0,0.020510999999999998,0.036,13513,,,,,,,live:a,"{""qualityLimitationDurations"":{""cpu"":39.428,""none"":635.462,""other"":0,""bandwidth"":0.169}}"
2026-09-05T19:09:26.683712+00:00,2026-09-05T19:09:21.894+00:00,pub_stats,,a,show-5b0cddtl,0,8976103,,0,0,0,,20,,cpu,f,h+q,3,,,608,1080,libvpx,7,12,1,0,0,0.014676999999999999,0.036,13513,,,,,,,live:a,"{""qualityLimitationDurations"":{""cpu"":41.421,""none"":635.462,""other"":0,""bandwidth"":0.169}}"
2026-09-05T19:09:28.654906+00:00,2026-09-05T19:09:23.88+00:00,director_heartbeat,,a,show-5b0cddtl,,,,,,,,,,,,,,,,,,,,,,,,,,,,,,,,,,"{""state"":""running""}"
2026-09-05T19:09:28.654906+00:00,2026-09-05T19:09:23.894+00:00,pub_stats,,a,show-5b0cddtl,0,8976103,,0,0,0,,23,,cpu,f,h+q,3,,,608,1080,libvpx,7,12,1,0,0,0.020277,0.051,13513,,,,,,,live:a,"{""qualityLimitationDurations"":{""cpu"":43.426,""none"":635.462,""other"":0,""bandwidth"":0.169}}"
2026-09-05T19:09:29.691718+00:00,2026-09-05T19:09:24.729+00:00,mic_level_sample,,a,show-5b0cddtl,,,,,,,,,,,,,,,,,,,,,,,,,,,,,,,,,,"{""deviceId"":""default"",""inputRms"":0.0011690242310664152,""outputRms"":0.0011690242310664152,""deviceLabel"":""Default"",""audioContextState"":""running""}"
2026-09-05T19:09:29.691718+00:00,2026-09-05T19:09:24.866+00:00,track_liveness_snapshot,,a,show-5b0cddtl,,,,,,,,,,,,,,,,,,,,,,,,,,,,,,,,,,"{""entries"":[{""key"":""contestant-a-80080d04:TR_VCaCfgTioZkjJZ"",""frames"":null,""reason"":null,""staleSec"":680,""probation"":false}],""trackCount"":1,""ineligibleCount"":0}"
2026-09-05T19:09:31.26228+00:00,2026-09-05T19:09:25.87+00:00,pub_stats,,a,show-5b0cddtl,0,8976103,,0,0,0,,19,,cpu,f,h+q,3,,,608,1080,libvpx,7,12,1,0,0,0.018855,0.033,13513,,,,,,,live:a,"{""qualityLimitationDurations"":{""cpu"":45.406,""none"":635.462,""other"":0,""bandwidth"":0.169}}"
2026-09-05T19:09:32.64935+00:00,2026-09-05T19:09:27.871+00:00,pub_stats,,a,show-5b0cddtl,0,8976103,,0,0,0,,21,,cpu,f,h+q,3,,,608,1080,libvpx,7,12,1,0,0,0.017433,0.029,13513,,,,,,,live:a,"{""qualityLimitationDurations"":{""cpu"":47.408,""none"":635.462,""other"":0,""bandwidth"":0.169}}"
2026-09-05T19:09:34.819621+00:00,2026-09-05T19:09:29.717+00:00,mic_level_sample,,a,show-5b0cddtl,,,,,,,,,,,,,,,,,,,,,,,,,,,,,,,,,,"{""deviceId"":""default"",""inputRms"":0.0016421263749116846,""outputRms"":0.0016421263749116846,""deviceLabel"":""Default"",""audioContextState"":""running""}"
2026-09-05T19:09:34.819621+00:00,2026-09-05T19:09:29.866+00:00,track_liveness_snapshot,,a,show-5b0cddtl,,,,,,,,,,,,,,,,,,,,,,,,,,,,,,,,,,"{""entries"":[{""key"":""contestant-a-80080d04:TR_VCaCfgTioZkjJZ"",""frames"":null,""reason"":null,""staleSec"":685,""probation"":false}],""trackCount"":1,""ineligibleCount"":0}"
2026-09-05T19:09:34.819621+00:00,2026-09-05T19:09:29.876+00:00,pub_stats,,a,show-5b0cddtl,0,8976103,,0,0,0,,17,,cpu,f,h+q,3,,,608,1080,libvpx,7,12,1,0,0,0.023877,0.029,13513,,,,,,,live:a,"{""qualityLimitationDurations"":{""cpu"":49.412,""none"":635.462,""other"":0,""bandwidth"":0.169}}"
2026-09-05T19:09:36.726025+00:00,2026-09-05T19:09:32.112+00:00,pub_stats,,a,show-5b0cddtl,0,8976103,,0,0,0,,16,,cpu,f,h+q,3,,,608,1080,libvpx,7,12,1,0,0,0.025287999999999998,0.032,13513,,,,,,,live:a,"{""qualityLimitationDurations"":{""cpu"":51.51,""none"":635.462,""other"":0,""bandwidth"":0.169}}"
2026-09-05T19:09:38.674224+00:00,2026-09-05T19:09:33.869+00:00,director_heartbeat,,a,show-5b0cddtl,,,,,,,,,,,,,,,,,,,,,,,,,,,,,,,,,,"{""state"":""running""}"
2026-09-05T19:09:38.674224+00:00,2026-09-05T19:09:33.884+00:00,pub_stats,,a,show-5b0cddtl,0,8976103,,0,0,0,,19,,cpu,f,h+q,3,,,608,1080,libvpx,7,12,1,0,0,0.029022,0.049,13513,,,,,,,live:a,"{""qualityLimitationDurations"":{""cpu"":53.411,""none"":635.462,""other"":0,""bandwidth"":0.169}}"
2026-09-05T19:09:39.678069+00:00,2026-09-05T19:09:34.717+00:00,mic_level_sample,,a,show-5b0cddtl,,,,,,,,,,,,,,,,,,,,,,,,,,,,,,,,,,"{""deviceId"":""default"",""inputRms"":0.005338792162332815,""outputRms"":0.005338792162332815,""deviceLabel"":""Default"",""audioContextState"":""running""}"
2026-09-05T19:09:39.678069+00:00,2026-09-05T19:09:34.877+00:00,track_liveness_snapshot,,a,show-5b0cddtl,,,,,,,,,,,,,,,,,,,,,,,,,,,,,,,,,,"{""entries"":[{""key"":""contestant-a-80080d04:TR_VCaCfgTioZkjJZ"",""frames"":null,""reason"":null,""staleSec"":690,""probation"":false}],""trackCount"":1,""ineligibleCount"":0}"
2026-09-05T19:09:41.6056+00:00,2026-09-05T19:09:35.935+00:00,pub_stats,,a,show-5b0cddtl,0,8976103,,0,0,0,,20,,cpu,f,h+q,3,,,608,1080,libvpx,7,12,1,0,0,0.026944,0.061,13513,,,,,,,live:a,"{""qualityLimitationDurations"":{""cpu"":55.443,""none"":635.462,""other"":0,""bandwidth"":0.169}}"
2026-09-05T19:09:42.670821+00:00,2026-09-05T19:09:37.874+00:00,pub_stats,,a,show-5b0cddtl,0,8976103,,0,0,0,,18,,cpu,f,h+q,3,,,608,1080,libvpx,7,12,1,0,0,0.026933,0.061,13513,,,,,,,live:a,"{""qualityLimitationDurations"":{""cpu"":57.411,""none"":635.462,""other"":0,""bandwidth"":0.169}}"
2026-09-05T19:09:44.706476+00:00,2026-09-05T19:09:39.717+00:00,mic_level_sample,,a,show-5b0cddtl,,,,,,,,,,,,,,,,,,,,,,,,,,,,,,,,,,"{""deviceId"":""default"",""inputRms"":0.0004938504634380988,""outputRms"":0.0004938504634380988,""deviceLabel"":""Default"",""audioContextState"":""running""}"
2026-09-05T19:09:44.706476+00:00,2026-09-05T19:09:39.904+00:00,pub_stats,,a,show-5b0cddtl,0,8976103,,0,0,0,,18,,cpu,f,h+q,3,,,608,1080,libvpx,7,12,1,0,0,0.0211,0.03,13513,,,,,,,live:a,"{""qualityLimitationDurations"":{""cpu"":59.414,""none"":635.462,""other"":0,""bandwidth"":0.169}}"
2026-09-05T19:09:46.392414+00:00,2026-09-05T19:09:40.373+00:00,track_liveness_snapshot,,a,show-5b0cddtl,,,,,,,,,,,,,,,,,,,,,,,,,,,,,,,,,,"{""entries"":[{""key"":""contestant-a-80080d04:TR_VCaCfgTioZkjJZ"",""frames"":null,""reason"":null,""staleSec"":696,""probation"":false}],""trackCount"":1,""ineligibleCount"":0}"
2026-09-05T19:09:46.675171+00:00,2026-09-05T19:09:41.901+00:00,pub_stats,,a,show-5b0cddtl,0,8976103,,0,0,0,,15,,cpu,f,h+q,3,,,608,1080,libvpx,7,12,1,0,0,0.026265999999999998,0.05,13513,,,,,,,live:a,"{""qualityLimitationDurations"":{""cpu"":61.423,""none"":635.462,""other"":0,""bandwidth"":0.169}}"
2026-09-05T19:09:48.837723+00:00,2026-09-05T19:09:43.875+00:00,director_heartbeat,,a,show-5b0cddtl,,,,,,,,,,,,,,,,,,,,,,,,,,,,,,,,,,"{""state"":""running""}"
2026-09-05T19:09:48.837723+00:00,2026-09-05T19:09:43.875+00:00,pub_stats,,a,show-5b0cddtl,0,8976103,,0,0,0,,12,,cpu,f,h+q,3,,,608,1080,libvpx,7,12,1,0,0,0.025866,0.035,13513,,,,,,,live:a,"{""qualityLimitationDurations"":{""cpu"":63.407,""none"":635.462,""other"":0,""bandwidth"":0.169}}"
2026-09-05T19:09:49.63966+00:00,2026-09-05T19:09:44.717+00:00,mic_level_sample,,a,show-5b0cddtl,,,,,,,,,,,,,,,,,,,,,,,,,,,,,,,,,,"{""deviceId"":""default"",""inputRms"":0.0009273755797701895,""outputRms"":0.0009273755797701895,""deviceLabel"":""Default"",""audioContextState"":""running""}"
2026-09-05T19:09:50.670055+00:00,2026-09-05T19:09:45.504+00:00,director_shot_emitted,,a,show-5b0cddtl,,,,,,,,,,,,,,,,,,,,,,,,,,,,,,,,,,"{""shot"":""zoomIn"",""slot"":""a"",""sourceRole"":""main"",""decisionSource"":""auto"",""targetIdentity"":""contestant-a-80080d04""}"
2026-09-05T19:09:50.670055+00:00,2026-09-05T19:09:45.505+00:00,shot_publish_success,,a,show-5b0cddtl,,,,,,,,,,,,,,,,,,,,,,,,,,,,,,,,,,"{""shot"":""zoomIn"",""slot"":""a"",""commandId"":""3633a33a-f2c4-4329-924d-bb646b128b53"",""decisionSource"":""auto"",""connectionState"":""connected""}"
2026-09-05T19:09:50.670055+00:00,2026-09-05T19:09:45.866+00:00,track_liveness_snapshot,,a,show-5b0cddtl,,,,,,,,,,,,,,,,,,,,,,,,,,,,,,,,,,"{""entries"":[{""key"":""contestant-a-80080d04:TR_VCaCfgTioZkjJZ"",""frames"":null,""reason"":null,""staleSec"":701,""probation"":false}],""trackCount"":1,""ineligibleCount"":0}"
2026-09-05T19:09:50.670055+00:00,2026-09-05T19:09:45.889+00:00,pub_stats,,a,show-5b0cddtl,0,8976103,,0,0,0,,16,,cpu,f,h+q,3,,,608,1080,libvpx,7,12,1,0,0,0.026733,0.035,13513,,,,,,,live:a,"{""qualityLimitationDurations"":{""cpu"":65.42,""none"":635.462,""other"":0,""bandwidth"":0.169}}"
2026-09-05T19:09:52.729514+00:00,2026-09-05T19:09:47.894+00:00,pub_stats,,a,show-5b0cddtl,0,8976103,,0,0,0,,14,,cpu,f,h+q,3,,,608,1080,libvpx,7,12,1,0,0,0.022255,0.031,13513,,,,,,,live:a,"{""qualityLimitationDurations"":{""cpu"":67.425,""none"":635.462,""other"":0,""bandwidth"":0.169}}"
2026-09-05T19:09:54.759617+00:00,2026-09-05T19:09:49.738+00:00,mic_silent,,a,show-5b0cddtl,,,,,,,,,,,,,,,,,,,,,,,,,,,,,,,,,,"{""inputRms"":0.000517266127167223,""outputRms"":0.000517266127167223,""silentSinceMs"":1788635379717,""audioContextState"":""running""}"
2026-09-05T19:09:54.759617+00:00,2026-09-05T19:09:49.738+00:00,mic_level_sample,,a,show-5b0cddtl,,,,,,,,,,,,,,,,,,,,,,,,,,,,,,,,,,"{""deviceId"":""default"",""inputRms"":0.000517266127167223,""outputRms"":0.000517266127167223,""deviceLabel"":""Default"",""audioContextState"":""running""}"
2026-09-05T19:09:54.759617+00:00,2026-09-05T19:09:49.875+00:00,pub_stats,,a,show-5b0cddtl,0,8976103,,0,0,0,,13,,cpu,f,h+q,3,,,608,1080,libvpx,7,12,1,0,0,0.036532999999999996,0.04,13513,,,,,,,live:a,"{""qualityLimitationDurations"":{""cpu"":69.412,""none"":635.462,""other"":0,""bandwidth"":0.169}}"
2026-09-05T19:09:55.787207+00:00,2026-09-05T19:09:50.866+00:00,track_liveness_snapshot,,a,show-5b0cddtl,,,,,,,,,,,,,,,,,,,,,,,,,,,,,,,,,,"{""entries"":[{""key"":""contestant-a-80080d04:TR_VCaCfgTioZkjJZ"",""frames"":null,""reason"":null,""staleSec"":706,""probation"":false}],""trackCount"":1,""ineligibleCount"":0}"
2026-09-05T19:09:56.935595+00:00,2026-09-05T19:09:51.887+00:00,pub_stats,,a,show-5b0cddtl,0,8976103,,0,0,0,,16,,cpu,f,h+q,3,,,608,1080,libvpx,7,12,1,0,0,0.034443999999999995,0.032,13513,,,,,,,live:a,"{""qualityLimitationDurations"":{""cpu"":71.41,""none"":635.462,""other"":0,""bandwidth"":0.169}}"
2026-09-05T19:09:59.186687+00:00,2026-09-05T19:09:53.869+00:00,director_heartbeat,,a,show-5b0cddtl,,,,,,,,,,,,,,,,,,,,,,,,,,,,,,,,,,"{""state"":""running""}"
2026-09-05T19:09:59.186687+00:00,2026-09-05T19:09:53.916+00:00,pub_stats,,a,show-5b0cddtl,0,8976103,,0,0,0,,12,,cpu,f,h+q,3,,,608,1080,libvpx,7,12,1,0,0,0.032977,0.032,13513,,,,,,,live:a,"{""qualityLimitationDurations"":{""cpu"":73.439,""none"":635.462,""other"":0,""bandwidth"":0.169}}"
2026-09-05T19:09:59.779897+00:00,2026-09-05T19:09:54.718+00:00,mic_level_sample,,a,show-5b0cddtl,,,,,,,,,,,,,,,,,,,,,,,,,,,,,,,,,,"{""deviceId"":""default"",""inputRms"":0.00135455060274583,""outputRms"":0.00135455060274583,""deviceLabel"":""Default"",""audioContextState"":""running""}"
2026-09-05T19:09:59.779897+00:00,2026-09-05T19:09:54.72+00:00,mic_recovered,,a,show-5b0cddtl,,,,,,,,,,,,,,,,,,,,,,,,,,,,,,,,,,"{""inputRms"":0.00135455060274583,""outputRms"":0.00135455060274583,""silentDurationMs"":15003,""audioContextState"":""running""}"
2026-09-05T19:10:01.08507+00:00,2026-09-05T19:09:55.867+00:00,track_liveness_snapshot,,a,show-5b0cddtl,,,,,,,,,,,,,,,,,,,,,,,,,,,,,,,,,,"{""entries"":[{""key"":""contestant-a-80080d04:TR_VCaCfgTioZkjJZ"",""frames"":null,""reason"":null,""staleSec"":711,""probation"":false}],""trackCount"":1,""ineligibleCount"":0}"
2026-09-05T19:10:01.08507+00:00,2026-09-05T19:09:55.896+00:00,pub_quality_limitation_changed,,a,show-5b0cddtl,,,,,,,,,,,,,,,,,,,,,,,,,,,cpu,none,,,,,,"{""durations"":{""cpu"":75.376,""none"":635.509,""other"":0,""bandwidth"":0.169}}"
2026-09-05T19:10:01.08507+00:00,2026-09-05T19:09:55.896+00:00,pub_stats,,a,show-5b0cddtl,0,8976103,,0,0,0,,10,,none,f,h+q,3,,,608,1080,libvpx,7,12,1,0,0,0.049999999999999996,0.067,13513,,,,,,,live:a,"{""qualityLimitationDurations"":{""cpu"":75.376,""none"":635.509,""other"":0,""bandwidth"":0.169}}"
2026-09-05T19:10:01.798919+00:00,2026-09-05T19:09:56.589+00:00,track_local_unpublished,,a,show-5b0cddtl,,,,,,,,,,,,,,,,,,,,,,,,,,,,,,,microphone,,,"{""kind"":""audio"",""trackSid"":""TR_AMcYnJvu4AyRM7"",""participantIdentity"":""contestant-a-80080d04""}"
2026-09-05T19:10:01.798919+00:00,2026-09-05T19:09:56.589+00:00,pub_track_unpublished,,a,show-5b0cddtl,,,,,,,,,,,,,,,,,,,,,,,,,,,,,,,microphone,TR_AMcYnJvu4AyRM7,,
2026-09-05T19:10:01.798919+00:00,2026-09-05T19:09:56.593+00:00,director_loop_stopped,,a,show-5b0cddtl,,,,,,,,,,,,,,,,,,,,,,,,,,,,,show_ended,,,,,
2026-09-05T19:10:03.066299+00:00,2026-09-05T19:09:57.458+00:00,audio_stopped_on_show_end,,a,show-5b0cddtl,,,,,,,,,,,,,,,,,,,,,,,,,,,,,,,,,,"{""hadPublication"":true}"
2026-09-05T19:10:03.066299+00:00,2026-09-05T19:09:57.768+00:00,pub_track_unpublished,,a,show-5b0cddtl,,,,,,,,,,,,,,,,,,,,,,,,,,,,,,,camera,TR_VCaCfgTioZkjJZ,,
2026-09-05T19:10:03.066299+00:00,2026-09-05T19:09:57.769+00:00,track_local_unpublished,,a,show-5b0cddtl,,,,,,,,,,,,,,,,,,,,,,,,,,,,,,,camera,,,"{""kind"":""video"",""trackSid"":""TR_VCaCfgTioZkjJZ"",""participantIdentity"":""contestant-a-80080d04""}"
2026-09-05T19:10:03.066299+00:00,2026-09-05T19:09:58.103+00:00,track_liveness_blacklist_changed,,a,show-5b0cddtl,,,,,,,,,,,,,,,,,,,,,,,,,,,,,,,,,,"{""keys"":[""contestant-a-80080d04:TR_VCaCfgTioZkjJZ""],""count"":1}"
2026-09-05T19:10:03.066299+00:00,2026-09-05T19:09:58.103+00:00,track_liveness_snapshot,,a,show-5b0cddtl,,,,,,,,,,,,,,,,,,,,,,,,,,,,,,,,,,"{""entries"":[{""key"":""contestant-a-80080d04:TR_VCaCfgTioZkjJZ"",""frames"":null,""reason"":""absent"",""staleSec"":713,""probation"":false}],""trackCount"":0,""ineligibleCount"":1}"
2026-09-05T19:10:03.066299+00:00,2026-09-05T19:09:58.103+00:00,track_liveness_impaired,,a,show-5b0cddtl,,,,,,,,,,,,,,,,,,,,,,,,,,,,,absent,,,,,"{""key"":""contestant-a-80080d04:TR_VCaCfgTioZkjJZ"",""identity"":""contestant-a-80080d04""}"
2026-09-05T19:10:03.72357+00:00,2026-09-05T19:09:58.133+00:00,egress_command_ok,,a,show-5b0cddtl,,,,,,,,,,,,,,,,,,,,,,,,,,,,,,,,,,"{""room"":""show-5b0cddtl"",""count"":0,""action"":""stop""}"
2026-09-05T19:10:03.72357+00:00,2026-09-05T19:09:58.339+00:00,audio_host_released,,a,show-5b0cddtl,,,,,,,,,,,,,,,,,,,,,,,,,,,,,show_ended,,,,,
2026-09-05T19:10:03.72357+00:00,2026-09-05T19:09:58.34+00:00,local_devices_released,,a,show-5b0cddtl,,,,,,,,,,,,,,,,,,,,,,,,,,,,,show_ended,,,,,"{""role"":""a"",""hadCamera"":true}"
2026-09-05T19:10:03.72357+00:00,2026-09-05T19:09:58.34+00:00,video_stopped_on_show_end,,a,show-5b0cddtl,,,,,,,,,,,,,,,,,,,,,,,,,,,,,,,,,,"{""hadPublication"":true}"
2026-09-05T19:10:03.72357+00:00,2026-09-05T19:09:58.34+00:00,deck_track_adopted,,a,show-5b0cddtl,,,,,,,,,,,,,,,,,,,,,,,,,,,,,,,host,,,"{""hadPlayer"":false,""trackHash"":null}"
2026-09-05T19:10:03.72357+00:00,2026-09-05T19:09:58.348+00:00,audiocontext_statechange,,a,show-5b0cddtl,,,,,,,,,,,,,,,,,,,,,,,,,,,,,,,,,,"{""state"":""closed""}"
2026-09-05T19:10:03.72357+00:00,2026-09-05T19:09:58.368+00:00,backing_deck_raf,,a,show-5b0cddtl,,,,,,,,,,,,,,,,,,,,,,,,,,,,,teardown,,,,,"{""elapsedMs"":84356,""idleFrames"":0,""hasDuration"":true,""activeFrames"":760,""changedLabel"":0,""changedWidth"":0,""playingFrames"":0}"
2026-09-05T19:10:05.22517+00:00,2026-09-05T19:09:59.721+00:00,mic_level_sample,,a,show-5b0cddtl,,,,,,,,,,,,,,,,,,,,,,,,,,,,,,,,,,"{""deviceId"":null,""inputRms"":0.039478220355773,""outputRms"":0.039478220355773,""deviceLabel"":null,""audioContextState"":null}"
2026-09-05T19:10:08.655466+00:00,2026-09-05T19:10:03.369+00:00,track_liveness_snapshot,,a,show-5b0cddtl,,,,,,,,,,,,,,,,,,,,,,,,,,,,,,,,,,"{""entries"":[{""key"":""contestant-a-80080d04:TR_VCaCfgTioZkjJZ"",""frames"":null,""reason"":""absent"",""staleSec"":719,""probation"":false}],""trackCount"":0,""ineligibleCount"":1}"
2026-09-05T19:10:08.655466+00:00,2026-09-05T19:10:03.868+00:00,director_heartbeat,,a,show-5b0cddtl,,,,,,,,,,,,,,,,,,,,,,,,,,,,,,,,,,"{""state"":""off""}"
2026-09-05T19:10:09.655024+00:00,2026-09-05T19:10:04.722+00:00,mic_level_sample,,a,show-5b0cddtl,,,,,,,,,,,,,,,,,,,,,,,,,,,,,,,,,,"{""deviceId"":null,""inputRms"":0.039478220355773,""outputRms"":0.039478220355773,""deviceLabel"":null,""audioContextState"":null}"
2026-09-05T19:10:13.670752+00:00,2026-09-05T19:10:08.866+00:00,track_liveness_snapshot,,a,show-5b0cddtl,,,,,,,,,,,,,,,,,,,,,,,,,,,,,,,,,,"{""entries"":[{""key"":""contestant-a-80080d04:TR_VCaCfgTioZkjJZ"",""frames"":null,""reason"":""absent"",""staleSec"":724,""probation"":false}],""trackCount"":0,""ineligibleCount"":1}"
2026-09-05T19:10:14.64361+00:00,2026-09-05T19:10:09.717+00:00,mic_level_sample,,a,show-5b0cddtl,,,,,,,,,,,,,,,,,,,,,,,,,,,,,,,,,,"{""deviceId"":null,""inputRms"":0.039478220355773,""outputRms"":0.039478220355773,""deviceLabel"":null,""audioContextState"":null}"
2026-09-05T19:10:18.676633+00:00,2026-09-05T19:10:13.844+00:00,audio_host_released,,a,show-5b0cddtl,,,,,,,,,,,,,,,,,,,,,,,,,,,,,leave,,,,,
2026-09-05T19:10:18.676633+00:00,2026-09-05T19:10:13.844+00:00,local_devices_released,,a,show-5b0cddtl,,,,,,,,,,,,,,,,,,,,,,,,,,,,,leave,,,,,
2026-09-05T19:10:18.676633+00:00,2026-09-05T19:10:13.856+00:00,wake_lock_released,,a,show-5b0cddtl,,,,,,,,,,,,,,,,,,,,,,,,,,,,,,,,,live:a,"{""cause"":""role_ended""}"
2026-09-05T19:10:18.676633+00:00,2026-09-05T19:10:13.856+00:00,wake_lock_released_by_system,,a,show-5b0cddtl,,,,,,,,,,,,,,,,,,,,,,,,,,,,,,,,,live:a,
2026-09-05T19:10:18.676633+00:00,2026-09-05T19:10:13.864+00:00,director_loop_stopped,,a,show-5b0cddtl,,,,,,,,,,,,,,,,,,,,,,,,,,,,,unmount,,,,,
2026-09-05T19:10:18.676633+00:00,2026-09-05T19:10:13.866+00:00,backing_deck_raf,,a,show-5b0cddtl,,,,,,,,,,,,,,,,,,,,,,,,,,,,,teardown,,,,,"{""elapsedMs"":15497,""idleFrames"":889,""hasDuration"":false,""activeFrames"":0,""changedLabel"":0,""changedWidth"":0,""playingFrames"":0}"