created_at,client_ts,event_type,participant_identity,role,show_id,uplinkBps,availableOutgoingBitrate,targetBitrate,framesEncodedDelta,framesSentDelta,framesNotSent,fps,sourceFps,avgQp,qualityLimitationReason,rid,activeLayers,layerCount,width,height,sourceWidth,sourceHeight,encoder,keyFramesEncoded,nackCount,pliCount,firCount,packetsLost,jitter,rttSec,retransmittedBytesSent,from,to,reason,quality,source,sid,label,extra
2026-08-28T19:04:59.955543+00:00,2026-08-28T19:04:58.558+00:00,room_state_at_mount,,a,show-qfstpj50,,,,,,,,,,,,,,,,,,,,,,,,,,,,,,,,,,"{""state"":""disconnected"",""transport"":{""pcState"":""new"",""signalWs"":null,""available"":true,""roomState"":""disconnected"",""hasPcManager"":false,""publisherIce"":null,""subscriberIce"":null,""verifyTransport"":false,""pcTransportState"":null,""publisherPromiseSet"":false,""publisherIceConnected"":null}}"
2026-08-28T19:04:59.955543+00:00,2026-08-28T19:04:58.561+00:00,room_connection_state_changed,,a,show-qfstpj50,,,,,,,,,,,,,,,,,,,,,,,,,,,,,,,,,,"{""state"":""connecting""}"
2026-08-28T19:04:59.955543+00:00,2026-08-28T19:04:58.619+00:00,wake_lock_acquired,,a,show-qfstpj50,,,,,,,,,,,,,,,,,,,,,,,,,,,,,,,,,live:a,
2026-08-28T19:04:59.955543+00:00,2026-08-28T19:04:58.723+00:00,ensure_audio_published,,a,show-qfstpj50,,,,,,,,,,,,,,,,,,,,,,,,,,,,,,,,,,"{""action"":""skipped_no_handle"",""trigger"":""signal_connected"",""transport"":{""pcState"":""new"",""signalWs"":""open"",""available"":true,""roomState"":""connecting"",""hasPcManager"":true,""publisherIce"":""new"",""subscriberIce"":null,""verifyTransport"":false,""pcTransportState"":0,""publisherPromiseSet"":false,""publisherIceConnected"":false}}"
2026-08-28T19:04:59.955543+00:00,2026-08-28T19:04:58.723+00:00,signal_connected,,a,show-qfstpj50,,,,,,,,,,,,,,,,,,,,,,,,,,,,,,,,,,"{""transport"":{""pcState"":""new"",""signalWs"":""open"",""available"":true,""roomState"":""connecting"",""hasPcManager"":true,""publisherIce"":""new"",""subscriberIce"":null,""verifyTransport"":false,""pcTransportState"":0,""publisherPromiseSet"":false,""publisherIceConnected"":false},""occurrence"":1}"
2026-08-28T19:04:59.955543+00:00,2026-08-28T19:04:58.799+00:00,audio_publish_attempt,,a,show-qfstpj50,,,,,,,,,,,,,,,,,,,,,,,,,,,,,,,,,,
2026-08-28T19:04:59.955543+00:00,2026-08-28T19:04:58.8+00:00,audiocontext_statechange,,a,show-qfstpj50,,,,,,,,,,,,,,,,,,,,,,,,,,,,,,,,,,"{""state"":""running""}"
2026-08-28T19:04:59.955543+00:00,2026-08-28T19:04:58.836+00:00,session_state_subscribed,,a,show-qfstpj50,,,,,,,,,,,,,,,,,,,,,,,,,,,,,,,,,,"{""showId"":""0ada2c0a-56dd-419d-97f9-80d3d41f52f9""}"
2026-08-28T19:04:59.955543+00:00,2026-08-28T19:04:58.861+00:00,audio_publish_success,,a,show-qfstpj50,,,,,,,,,,,,,,,,,,,,,,,,,,,,,,,,,,"{""durationMs"":62}"
2026-08-28T19:04:59.955543+00:00,2026-08-28T19:04:58.861+00:00,track_local_published,,a,show-qfstpj50,,,,,,,,,,,,,,,,,,,,,,,,,,,,,,,microphone,,,"{""kind"":""audio"",""trackSid"":""TR_AMjxf4zLXyQAXM"",""participantIdentity"":""contestant-a-bbe185c8""}"
2026-08-28T19:04:59.955543+00:00,2026-08-28T19:04:58.861+00:00,pub_track_published,,a,show-qfstpj50,,,,,,,,,,,,,,,,,,,,,,,,,,,,,,,microphone,TR_AMjxf4zLXyQAXM,,
2026-08-28T19:04:59.955543+00:00,2026-08-28T19:04:58.877+00:00,room_connection_state_changed,,a,show-qfstpj50,,,,,,,,,,,,,,,,,,,,,,,,,,,,,,,,,,"{""state"":""connected""}"
2026-08-28T19:04:59.955543+00:00,2026-08-28T19:04:58.877+00:00,room_connected,,a,show-qfstpj50,,,,,,,,,,,,,,,,,,,,,,,,,,,,,,,,,,"{""state"":""connected"",""transport"":{""pcState"":""connected"",""signalWs"":""open"",""available"":true,""roomState"":""connected"",""hasPcManager"":true,""publisherIce"":""connected"",""subscriberIce"":null,""verifyTransport"":true,""pcTransportState"":2,""publisherPromiseSet"":false,""publisherIceConnected"":true}}"
2026-08-28T19:05:00.87188+00:00,2026-08-28T19:05:00.099+00:00,track_local_published,,a,show-qfstpj50,,,,,,,,,,,,,,,,,,,,,,,,,,,,,,,camera,,,"{""kind"":""video"",""trackSid"":""TR_VCBjGumszuyED2"",""participantIdentity"":""contestant-a-bbe185c8""}"
2026-08-28T19:05:00.87188+00:00,2026-08-28T19:05:00.099+00:00,pub_track_published,,a,show-qfstpj50,,,,,,,,,,,,,,,,,,,,,,,,,,,,,,,camera,TR_VCBjGumszuyED2,,
2026-08-28T19:05:00.87188+00:00,2026-08-28T19:05:00.559+00:00,track_liveness_snapshot,,a,show-qfstpj50,,,,,,,,,,,,,,,,,,,,,,,,,,,,,,,,,,"{""entries"":[{""key"":""contestant-a-bbe185c8:TR_VCBjGumszuyED2"",""frames"":null,""reason"":null,""staleSec"":0,""probation"":false}],""trackCount"":1,""ineligibleCount"":0}"
2026-08-28T19:05:01.934007+00:00,2026-08-28T19:05:00.56+00:00,pub_stats,,a,show-qfstpj50,,1748965,880001,,,,34,32.33256351039261,,none,f,,3,1080,1920,1080,1920,"SimulcastEncoderAdapter (libvpx, libvpx, libvpx)",1,0,0,0,,,0.025,0,,,,,,,live:a,"{""qualityLimitationDurations"":{""cpu"":0,""none"":0.327,""other"":0,""bandwidth"":0.135}}"
2026-08-28T19:05:03.71222+00:00,2026-08-28T19:05:02.56+00:00,pub_stats,,a,show-qfstpj50,1127304,2014706,1260357,59,59,0,29,30,91.53,none,f,f+h+q,3,1080,1920,1080,1920,"SimulcastEncoderAdapter (libvpx, libvpx, libvpx)",3,0,2,0,0,0.0009329999999999999,0.024,0,,,,,,,live:a,"{""qualityLimitationDurations"":{""cpu"":0,""none"":2.327,""other"":0,""bandwidth"":0.135}}"
2026-08-28T19:05:03.71222+00:00,2026-08-28T19:05:02.8+00:00,track_published,,a,show-qfstpj50,,,,,,,,,,,,,,,,,,,,,,,,,,,,,,,camera,,,"{""kind"":""video"",""trackSid"":""TR_VCjpJmtnwwwcDs"",""participantIdentity"":""camfeed-a-side-4e118b7a""}"
2026-08-28T19:05:03.71222+00:00,2026-08-28T19:05:02.878+00:00,track_subscribed,,a,show-qfstpj50,,,,,,,,,,,,,,,,,,,,,,,,,,,,,,,camera,,,"{""kind"":""video"",""trackSid"":""TR_VCjpJmtnwwwcDs"",""participantIdentity"":""camfeed-a-side-4e118b7a""}"
2026-08-28T19:05:03.71222+00:00,2026-08-28T19:05:03.059+00:00,track_liveness_snapshot,,a,show-qfstpj50,,,,,,,,,,,,,,,,,,,,,,,,,,,,,,,,,,"{""entries"":[{""key"":""contestant-a-bbe185c8:TR_VCBjGumszuyED2"",""frames"":null,""reason"":null,""staleSec"":3,""probation"":false},{""key"":""camfeed-a-side-4e118b7a:TR_VCjpJmtnwwwcDs"",""frames"":null,""reason"":null,""staleSec"":0,""probation"":false}],""trackCount"":2,""ineligibleCount"":0}"
2026-08-28T19:05:04.97357+00:00,2026-08-28T19:05:03.719+00:00,pub_connection_quality,,a,show-qfstpj50,,,,,,,,,,,,,,,,,,,,,,,,,,,,,,excellent,,,,
2026-08-28T19:05:04.97357+00:00,2026-08-28T19:05:03.802+00:00,mic_level_sample,,a,show-qfstpj50,,,,,,,,,,,,,,,,,,,,,,,,,,,,,,,,,,"{""deviceId"":""39fae2b7de1ac0ad5463a5ba3dd688ee748a5433d1272fa9afbea3233dae361b"",""inputRms"":0.00016100194650141885,""outputRms"":0.00016100194650141885,""deviceLabel"":""MacBook Air Microphone (Built-in)"",""audioContextState"":""running""}"
2026-08-28T19:05:05.896854+00:00,2026-08-28T19:05:04.559+00:00,pub_stats,,a,show-qfstpj50,1254583,2379438,1552259,60,60,0,30,30,42.12,none,f,f+h+q,3,1080,1920,1080,1920,"SimulcastEncoderAdapter (libvpx, libvpx, libvpx)",4,0,3,0,0,0.008655,0.024,0,,,,,,,live:a,"{""qualityLimitationDurations"":{""cpu"":0,""none"":4.326,""other"":0,""bandwidth"":0.135}}"
2026-08-28T19:05:07.924977+00:00,2026-08-28T19:05:06.56+00:00,pub_stats,,a,show-qfstpj50,1766677,2783911,1855067,60,60,0,29,29,18.27,none,f,f+h+q,3,1080,1920,1080,1920,"SimulcastEncoderAdapter (libvpx, libvpx, libvpx)",4,0,3,0,0,0.0056,0.024,0,,,,,,,live:a,"{""qualityLimitationDurations"":{""cpu"":0,""none"":6.327,""other"":0,""bandwidth"":0.135}}"
2026-08-28T19:05:08.701736+00:00,2026-08-28T19:05:08.059+00:00,track_liveness_snapshot,,a,show-qfstpj50,,,,,,,,,,,,,,,,,,,,,,,,,,,,,,,,,,"{""entries"":[{""key"":""contestant-a-bbe185c8:TR_VCBjGumszuyED2"",""frames"":null,""reason"":null,""staleSec"":8,""probation"":false},{""key"":""camfeed-a-side-4e118b7a:TR_VCjpJmtnwwwcDs"",""frames"":75,""reason"":null,""staleSec"":1,""probation"":false}],""trackCount"":2,""ineligibleCount"":0}"
2026-08-28T19:05:09.905652+00:00,2026-08-28T19:05:08.559+00:00,pub_stats,,a,show-qfstpj50,1987014,3206935,2314509,60,60,0,30,30,14.12,none,f,f+h+q,3,1080,1920,1080,1920,"SimulcastEncoderAdapter (libvpx, libvpx, libvpx)",4,0,3,0,0,0.0025659999999999997,0.025,0,,,,,,,live:a,"{""qualityLimitationDurations"":{""cpu"":0,""none"":8.326,""other"":0,""bandwidth"":0.135}}"
2026-08-28T19:05:09.905652+00:00,2026-08-28T19:05:08.561+00:00,director_heartbeat,,a,show-qfstpj50,,,,,,,,,,,,,,,,,,,,,,,,,,,,,,,,,,"{""state"":""off""}"
2026-08-28T19:05:09.905652+00:00,2026-08-28T19:05:08.803+00:00,mic_level_sample,,a,show-qfstpj50,,,,,,,,,,,,,,,,,,,,,,,,,,,,,,,,,,"{""deviceId"":""39fae2b7de1ac0ad5463a5ba3dd688ee748a5433d1272fa9afbea3233dae361b"",""inputRms"":0.0002209890038375367,""outputRms"":0.0002209890038375367,""deviceLabel"":""MacBook Air Microphone (Built-in)"",""audioContextState"":""running""}"
2026-08-28T19:05:11.732352+00:00,2026-08-28T19:05:10.559+00:00,pub_stats,,a,show-qfstpj50,2452100,3722063,2886579,60,60,0,30,30,12.7,none,f,f+h+q,3,1080,1920,1080,1920,"SimulcastEncoderAdapter (libvpx, libvpx, libvpx)",4,0,3,0,0,0.004876999999999999,0.025,0,,,,,,,live:a,"{""qualityLimitationDurations"":{""cpu"":0,""none"":10.327,""other"":0,""bandwidth"":0.135}}"
2026-08-28T19:05:13.703581+00:00,2026-08-28T19:05:12.56+00:00,pub_stats,,a,show-qfstpj50,2579598,4428669,3000000,60,60,0,30,30,13.87,none,f,f+h+q,3,1080,1920,1080,1920,"SimulcastEncoderAdapter (libvpx, libvpx, libvpx)",4,0,3,0,0,0.003277,0.025,0,,,,,,,live:a,"{""qualityLimitationDurations"":{""cpu"":0,""none"":12.327,""other"":0,""bandwidth"":0.135}}"
2026-08-28T19:05:13.703581+00:00,2026-08-28T19:05:13.059+00:00,track_liveness_snapshot,,a,show-qfstpj50,,,,,,,,,,,,,,,,,,,,,,,,,,,,,,,,,,"{""entries"":[{""key"":""contestant-a-bbe185c8:TR_VCBjGumszuyED2"",""frames"":null,""reason"":null,""staleSec"":13,""probation"":false},{""key"":""camfeed-a-side-4e118b7a:TR_VCjpJmtnwwwcDs"",""frames"":147,""reason"":null,""staleSec"":1,""probation"":false}],""trackCount"":2,""ineligibleCount"":0}"
2026-08-28T19:05:14.739261+00:00,2026-08-28T19:05:13.802+00:00,mic_level_sample,,a,show-qfstpj50,,,,,,,,,,,,,,,,,,,,,,,,,,,,,,,,,,"{""deviceId"":""39fae2b7de1ac0ad5463a5ba3dd688ee748a5433d1272fa9afbea3233dae361b"",""inputRms"":0.001333083798090156,""outputRms"":0.001333083798090156,""deviceLabel"":""MacBook Air Microphone (Built-in)"",""audioContextState"":""running""}"
2026-08-28T19:05:15.894567+00:00,2026-08-28T19:05:14.559+00:00,pub_stats,,a,show-qfstpj50,3175748,5115147,2895847,60,60,0,30,30,11.38,none,f,f+h+q,3,1080,1920,1080,1920,"SimulcastEncoderAdapter (libvpx, libvpx, libvpx)",4,0,3,0,0,0.0025659999999999997,0.025,0,,,,,,,live:a,"{""qualityLimitationDurations"":{""cpu"":0,""none"":14.327,""other"":0,""bandwidth"":0.135}}"
2026-08-28T19:05:15.894567+00:00,2026-08-28T19:05:15.456+00:00,window_blur,,a,show-qfstpj50,,,,,,,,,,,,,,,,,,,,,,,,,,,,,,,,,,
2026-08-28T19:05:17.90856+00:00,2026-08-28T19:05:16.559+00:00,pub_stats,,a,show-qfstpj50,2901812,5584970,2907147,60,60,0,31,30,23.98,none,f,f+h+q,3,1080,1920,1080,1920,"SimulcastEncoderAdapter (libvpx, libvpx, libvpx)",4,0,3,0,0,0.005222,0.024,0,,,,,,,live:a,"{""qualityLimitationDurations"":{""cpu"":0,""none"":16.326,""other"":0,""bandwidth"":0.135}}"
2026-08-28T19:05:18.918819+00:00,2026-08-28T19:05:18.059+00:00,track_liveness_snapshot,,a,show-qfstpj50,,,,,,,,,,,,,,,,,,,,,,,,,,,,,,,,,,"{""entries"":[{""key"":""contestant-a-bbe185c8:TR_VCBjGumszuyED2"",""frames"":null,""reason"":null,""staleSec"":18,""probation"":false},{""key"":""camfeed-a-side-4e118b7a:TR_VCjpJmtnwwwcDs"",""frames"":221,""reason"":null,""staleSec"":1,""probation"":false}],""trackCount"":2,""ineligibleCount"":0}"
2026-08-28T19:05:19.926294+00:00,2026-08-28T19:05:18.559+00:00,pub_stats,,a,show-qfstpj50,2931920,5927653,3000000,60,60,0,30,30,18.95,none,f,f+h+q,3,1080,1920,1080,1920,"SimulcastEncoderAdapter (libvpx, libvpx, libvpx)",4,0,3,0,0,0.0026,0.023,0,,,,,,,live:a,"{""qualityLimitationDurations"":{""cpu"":0,""none"":18.327,""other"":0,""bandwidth"":0.135}}"
2026-08-28T19:05:19.926294+00:00,2026-08-28T19:05:18.561+00:00,director_heartbeat,,a,show-qfstpj50,,,,,,,,,,,,,,,,,,,,,,,,,,,,,,,,,,"{""state"":""off""}"
2026-08-28T19:05:19.926294+00:00,2026-08-28T19:05:18.802+00:00,mic_level_sample,,a,show-qfstpj50,,,,,,,,,,,,,,,,,,,,,,,,,,,,,,,,,,"{""deviceId"":""39fae2b7de1ac0ad5463a5ba3dd688ee748a5433d1272fa9afbea3233dae361b"",""inputRms"":0.00006732619435438464,""outputRms"":0.00006732619435438464,""deviceLabel"":""MacBook Air Microphone (Built-in)"",""audioContextState"":""running""}"
2026-08-28T19:05:21.811864+00:00,2026-08-28T19:05:20.56+00:00,pub_stats,,a,show-qfstpj50,3153679,6469603,2874433,60,60,0,30,30,20.8,none,f,f+h+q,3,1080,1920,1080,1920,"SimulcastEncoderAdapter (libvpx, libvpx, libvpx)",4,0,3,0,0,0.002522,0.023,0,,,,,,,live:a,"{""qualityLimitationDurations"":{""cpu"":0,""none"":20.327,""other"":0,""bandwidth"":0.135}}"
2026-08-28T19:05:23.906775+00:00,2026-08-28T19:05:22.561+00:00,pub_stats,,a,show-qfstpj50,2761731,6469603,3000000,60,60,0,30,30,19.8,none,f,f+h+q,3,1080,1920,1080,1920,"SimulcastEncoderAdapter (libvpx, libvpx, libvpx)",4,0,3,0,0,0.0029549999999999997,0.023,0,,,,,,,live:a,"{""qualityLimitationDurations"":{""cpu"":0,""none"":22.328,""other"":0,""bandwidth"":0.135}}"
2026-08-28T19:05:23.906775+00:00,2026-08-28T19:05:23.059+00:00,track_liveness_snapshot,,a,show-qfstpj50,,,,,,,,,,,,,,,,,,,,,,,,,,,,,,,,,,"{""entries"":[{""key"":""contestant-a-bbe185c8:TR_VCBjGumszuyED2"",""frames"":null,""reason"":null,""staleSec"":23,""probation"":false},{""key"":""camfeed-a-side-4e118b7a:TR_VCjpJmtnwwwcDs"",""frames"":283,""reason"":null,""staleSec"":1,""probation"":false}],""trackCount"":2,""ineligibleCount"":0}"
2026-08-28T19:05:24.963385+00:00,2026-08-28T19:05:23.802+00:00,mic_level_sample,,a,show-qfstpj50,,,,,,,,,,,,,,,,,,,,,,,,,,,,,,,,,,"{""deviceId"":""39fae2b7de1ac0ad5463a5ba3dd688ee748a5433d1272fa9afbea3233dae361b"",""inputRms"":0.0002419305360592065,""outputRms"":0.0002419305360592065,""deviceLabel"":""MacBook Air Microphone (Built-in)"",""audioContextState"":""running""}"
2026-08-28T19:05:25.738209+00:00,2026-08-28T19:05:24.56+00:00,pub_stats,,a,show-qfstpj50,3127664,6560516,2949515,60,60,0,30,30,13.73,none,f,f+h+q,3,1080,1920,1080,1920,"SimulcastEncoderAdapter (libvpx, libvpx, libvpx)",4,0,3,0,0,0.002466,0.025,0,,,,,,,live:a,"{""qualityLimitationDurations"":{""cpu"":0,""none"":24.327,""other"":0,""bandwidth"":0.135}}"
2026-08-28T19:05:27.732187+00:00,2026-08-28T19:05:26.56+00:00,pub_stats,,a,show-qfstpj50,2988876,6598042,2896188,60,60,0,30,30,17.78,none,f,f+h+q,3,1080,1920,1080,1920,"SimulcastEncoderAdapter (libvpx, libvpx, libvpx)",4,0,3,0,0,0.002577,0.029,0,,,,,,,live:a,"{""qualityLimitationDurations"":{""cpu"":0,""none"":26.328,""other"":0,""bandwidth"":0.135}}"
2026-08-28T19:05:27.732187+00:00,2026-08-28T19:05:27.559+00:00,track_liveness_snapshot,,a,show-qfstpj50,,,,,,,,,,,,,,,,,,,,,,,,,,,,,,,,,,"{""entries"":[{""key"":""contestant-a-bbe185c8:TR_VCBjGumszuyED2"",""frames"":null,""reason"":null,""staleSec"":27,""probation"":false},{""key"":""camfeed-a-side-4e118b7a:TR_VCjpJmtnwwwcDs"",""frames"":290,""reason"":""frames_stalled"",""staleSec"":3,""probation"":false}],""trackCount"":2,""ineligibleCount"":1}"
2026-08-28T19:05:27.732187+00:00,2026-08-28T19:05:27.559+00:00,track_liveness_impaired,,a,show-qfstpj50,,,,,,,,,,,,,,,,,,,,,,,,,,,,,frames_stalled,,,,,"{""key"":""camfeed-a-side-4e118b7a:TR_VCjpJmtnwwwcDs"",""identity"":""camfeed-a-side-4e118b7a""}"
2026-08-28T19:05:27.732187+00:00,2026-08-28T19:05:27.559+00:00,track_liveness_blacklist_changed,,a,show-qfstpj50,,,,,,,,,,,,,,,,,,,,,,,,,,,,,,,,,,"{""keys"":[""camfeed-a-side-4e118b7a:TR_VCjpJmtnwwwcDs""],""count"":1}"
2026-08-28T19:05:29.751471+00:00,2026-08-28T19:05:28.56+00:00,pub_stats,,a,show-qfstpj50,2975992,6808122,3000000,60,60,0,30,30,23.25,none,f,f+h+q,3,1080,1920,1080,1920,"SimulcastEncoderAdapter (libvpx, libvpx, libvpx)",4,0,3,0,0,0.0027879999999999997,0.025,0,,,,,,,live:a,"{""qualityLimitationDurations"":{""cpu"":0,""none"":28.327,""other"":0,""bandwidth"":0.135}}"
2026-08-28T19:05:29.751471+00:00,2026-08-28T19:05:28.561+00:00,director_heartbeat,,a,show-qfstpj50,,,,,,,,,,,,,,,,,,,,,,,,,,,,,,,,,,"{""state"":""off""}"
2026-08-28T19:05:29.751471+00:00,2026-08-28T19:05:28.801+00:00,mic_level_sample,,a,show-qfstpj50,,,,,,,,,,,,,,,,,,,,,,,,,,,,,,,,,,"{""deviceId"":""39fae2b7de1ac0ad5463a5ba3dd688ee748a5433d1272fa9afbea3233dae361b"",""inputRms"":0.0013738371479593715,""outputRms"":0.0013738371479593715,""deviceLabel"":""MacBook Air Microphone (Built-in)"",""audioContextState"":""running""}"
2026-08-28T19:05:31.736355+00:00,2026-08-28T19:05:30.559+00:00,pub_stats,,a,show-qfstpj50,2814015,6808122,3000000,60,60,0,30,30,18.88,none,f,f+h+q,3,1080,1920,1080,1920,"SimulcastEncoderAdapter (libvpx, libvpx, libvpx)",4,0,3,0,0,0.0029219999999999997,0.025,0,,,,,,,live:a,"{""qualityLimitationDurations"":{""cpu"":0,""none"":30.327,""other"":0,""bandwidth"":0.135}}"
2026-08-28T19:05:32.952157+00:00,2026-08-28T19:05:32.559+00:00,track_liveness_snapshot,,a,show-qfstpj50,,,,,,,,,,,,,,,,,,,,,,,,,,,,,,,,,,"{""entries"":[{""key"":""contestant-a-bbe185c8:TR_VCBjGumszuyED2"",""frames"":null,""reason"":null,""staleSec"":32,""probation"":false},{""key"":""camfeed-a-side-4e118b7a:TR_VCjpJmtnwwwcDs"",""frames"":290,""reason"":""frames_stalled"",""staleSec"":8,""probation"":false}],""trackCount"":2,""ineligibleCount"":1}"
2026-08-28T19:05:33.894142+00:00,2026-08-28T19:05:32.56+00:00,pub_stats,,a,show-qfstpj50,3162359,6808122,2951345,60,60,0,30,30,18.15,none,f,f+h+q,3,1080,1920,1080,1920,"SimulcastEncoderAdapter (libvpx, libvpx, libvpx)",4,0,3,0,0,0.0024,0.024,0,,,,,,,live:a,"{""qualityLimitationDurations"":{""cpu"":0,""none"":32.327,""other"":0,""bandwidth"":0.135}}"
2026-08-28T19:05:34.93126+00:00,2026-08-28T19:05:33.803+00:00,mic_level_sample,,a,show-qfstpj50,,,,,,,,,,,,,,,,,,,,,,,,,,,,,,,,,,"{""deviceId"":""39fae2b7de1ac0ad5463a5ba3dd688ee748a5433d1272fa9afbea3233dae361b"",""inputRms"":0.012221805969619385,""outputRms"":0.012221805969619385,""deviceLabel"":""MacBook Air Microphone (Built-in)"",""audioContextState"":""running""}"
2026-08-28T19:05:35.713181+00:00,2026-08-28T19:05:34.56+00:00,pub_stats,,a,show-qfstpj50,2849620,6808122,3000000,60,60,0,30,30,16.35,none,f,f+h+q,3,1080,1920,1080,1920,"SimulcastEncoderAdapter (libvpx, libvpx, libvpx)",4,0,3,0,0,0.002266,0.025,0,,,,,,,live:a,"{""qualityLimitationDurations"":{""cpu"":0,""none"":34.327,""other"":0,""bandwidth"":0.135}}"
2026-08-28T19:05:37.697772+00:00,2026-08-28T19:05:36.559+00:00,pub_stats,,a,show-qfstpj50,3044778,6808122,3000000,60,60,0,30,30,14.62,none,f,f+h+q,3,1080,1920,1080,1920,"SimulcastEncoderAdapter (libvpx, libvpx, libvpx)",4,0,3,0,0,0.002777,0.026,0,,,,,,,live:a,"{""qualityLimitationDurations"":{""cpu"":0,""none"":36.327,""other"":0,""bandwidth"":0.135}}"
2026-08-28T19:05:38.717102+00:00,2026-08-28T19:05:38.06+00:00,track_liveness_snapshot,,a,show-qfstpj50,,,,,,,,,,,,,,,,,,,,,,,,,,,,,,,,,,"{""entries"":[{""key"":""contestant-a-bbe185c8:TR_VCBjGumszuyED2"",""frames"":null,""reason"":null,""staleSec"":38,""probation"":false},{""key"":""camfeed-a-side-4e118b7a:TR_VCjpJmtnwwwcDs"",""frames"":290,""reason"":""frames_stalled"",""staleSec"":14,""probation"":false}],""trackCount"":2,""ineligibleCount"":1}"
2026-08-28T19:05:39.797717+00:00,2026-08-28T19:05:38.56+00:00,pub_stats,,a,show-qfstpj50,3002431,6808122,2982760,60,60,0,30,30,15.03,none,f,f+h+q,3,1080,1920,1080,1920,"SimulcastEncoderAdapter (libvpx, libvpx, libvpx)",4,0,3,0,0,0.0020659999999999997,0.026,0,,,,,,,live:a,"{""qualityLimitationDurations"":{""cpu"":0,""none"":38.328,""other"":0,""bandwidth"":0.135}}"
2026-08-28T19:05:39.797717+00:00,2026-08-28T19:05:38.561+00:00,director_heartbeat,,a,show-qfstpj50,,,,,,,,,,,,,,,,,,,,,,,,,,,,,,,,,,"{""state"":""off""}"
2026-08-28T19:05:39.797717+00:00,2026-08-28T19:05:38.802+00:00,mic_level_sample,,a,show-qfstpj50,,,,,,,,,,,,,,,,,,,,,,,,,,,,,,,,,,"{""deviceId"":""39fae2b7de1ac0ad5463a5ba3dd688ee748a5433d1272fa9afbea3233dae361b"",""inputRms"":0.0001433610505522462,""outputRms"":0.0001433610505522462,""deviceLabel"":""MacBook Air Microphone (Built-in)"",""audioContextState"":""running""}"
2026-08-28T19:05:40.706348+00:00,2026-08-28T19:05:39.93+00:00,window_focus,,a,show-qfstpj50,,,,,,,,,,,,,,,,,,,,,,,,,,,,,,,,,,
2026-08-28T19:05:40.706348+00:00,2026-08-28T19:05:40.416+00:00,audio_host_track_loaded,,a,show-qfstpj50,,,,,,,,,,,,,,,,,,,,,,,,,,,,,,,,,,"{""trackHash"":""cb1a5d97f140508b8dcf44f0e214af0ca1f65e29ad9a997c0b6ffeadfbe2cd32"",""trackName"":""YTDown.com_YouTube_SO-FINE-KOREY-OFFICIAL-MUSIC-VIDEO_Media_TbQQHot1YiY_009_128k.mp3""}"
2026-08-28T19:05:41.916696+00:00,2026-08-28T19:05:40.559+00:00,pub_stats,,a,show-qfstpj50,3025029,6808122,3000000,60,60,0,30,30,14.15,none,f,f+h+q,3,1080,1920,1080,1920,"SimulcastEncoderAdapter (libvpx, libvpx, libvpx)",4,0,3,0,0,0.0028,0.024,0,,,,,,,live:a,"{""qualityLimitationDurations"":{""cpu"":0,""none"":40.327,""other"":0,""bandwidth"":0.135}}"
2026-08-28T19:05:43.716669+00:00,2026-08-28T19:05:42.56+00:00,pub_stats,,a,show-qfstpj50,2901353,6808122,3000000,60,60,0,30,30,21.4,none,f,f+h+q,3,1080,1920,1080,1920,"SimulcastEncoderAdapter (libvpx, libvpx, libvpx)",4,0,3,0,0,0.002722,0.026,0,,,,,,,live:a,"{""qualityLimitationDurations"":{""cpu"":0,""none"":42.327,""other"":0,""bandwidth"":0.135}}"
2026-08-28T19:05:43.716669+00:00,2026-08-28T19:05:43.559+00:00,track_liveness_snapshot,,a,show-qfstpj50,,,,,,,,,,,,,,,,,,,,,,,,,,,,,,,,,,"{""entries"":[{""key"":""contestant-a-bbe185c8:TR_VCBjGumszuyED2"",""frames"":null,""reason"":null,""staleSec"":43,""probation"":false},{""key"":""camfeed-a-side-4e118b7a:TR_VCjpJmtnwwwcDs"",""frames"":290,""reason"":""frames_stalled"",""staleSec"":19,""probation"":false}],""trackCount"":2,""ineligibleCount"":1}"
2026-08-28T19:05:44.733394+00:00,2026-08-28T19:05:43.803+00:00,mic_level_sample,,a,show-qfstpj50,,,,,,,,,,,,,,,,,,,,,,,,,,,,,,,,,,"{""deviceId"":""39fae2b7de1ac0ad5463a5ba3dd688ee748a5433d1272fa9afbea3233dae361b"",""inputRms"":0.015475912243860397,""outputRms"":0.015475912243860397,""deviceLabel"":""MacBook Air Microphone (Built-in)"",""audioContextState"":""running""}"
2026-08-28T19:05:45.866596+00:00,2026-08-28T19:05:44.559+00:00,pub_stats,,a,show-qfstpj50,3052786,6808122,3000000,60,60,0,30,30,24.38,none,f,f+h+q,3,1080,1920,1080,1920,"SimulcastEncoderAdapter (libvpx, libvpx, libvpx)",4,0,3,0,0,0.0027329999999999998,0.024,0,,,,,,,live:a,"{""qualityLimitationDurations"":{""cpu"":0,""none"":44.327,""other"":0,""bandwidth"":0.135}}"
2026-08-28T19:05:47.71203+00:00,2026-08-28T19:05:46.559+00:00,pub_stats,,a,show-qfstpj50,2884664,6808122,3000000,59,59,0,29,30,15.68,none,f,f+h+q,3,1080,1920,1080,1920,"SimulcastEncoderAdapter (libvpx, libvpx, libvpx)",4,0,3,0,0,0.0026219999999999998,0.024,0,,,,,,,live:a,"{""qualityLimitationDurations"":{""cpu"":0,""none"":46.327,""other"":0,""bandwidth"":0.135}}"
2026-08-28T19:05:48.887566+00:00,2026-08-28T19:05:48.559+00:00,track_liveness_snapshot,,a,show-qfstpj50,,,,,,,,,,,,,,,,,,,,,,,,,,,,,,,,,,"{""entries"":[{""key"":""contestant-a-bbe185c8:TR_VCBjGumszuyED2"",""frames"":null,""reason"":null,""staleSec"":48,""probation"":false},{""key"":""camfeed-a-side-4e118b7a:TR_VCjpJmtnwwwcDs"",""frames"":290,""reason"":""frames_stalled"",""staleSec"":24,""probation"":false}],""trackCount"":2,""ineligibleCount"":1}"
2026-08-28T19:05:49.762855+00:00,2026-08-28T19:05:48.559+00:00,pub_stats,,a,show-qfstpj50,3180404,6808122,2859747,60,60,0,29,30,15.92,none,f,f+h+q,3,1080,1920,1080,1920,"SimulcastEncoderAdapter (libvpx, libvpx, libvpx)",4,0,3,0,0,0.0025109999999999998,0.026,0,,,,,,,live:a,"{""qualityLimitationDurations"":{""cpu"":0,""none"":48.327,""other"":0,""bandwidth"":0.135}}"
2026-08-28T19:05:49.762855+00:00,2026-08-28T19:05:48.561+00:00,director_heartbeat,,a,show-qfstpj50,,,,,,,,,,,,,,,,,,,,,,,,,,,,,,,,,,"{""state"":""off""}"
2026-08-28T19:05:49.762855+00:00,2026-08-28T19:05:48.803+00:00,mic_level_sample,,a,show-qfstpj50,,,,,,,,,,,,,,,,,,,,,,,,,,,,,,,,,,"{""deviceId"":""39fae2b7de1ac0ad5463a5ba3dd688ee748a5433d1272fa9afbea3233dae361b"",""inputRms"":0.00031715306472387256,""outputRms"":0.00031715306472387256,""deviceLabel"":""MacBook Air Microphone (Built-in)"",""audioContextState"":""running""}"
2026-08-28T19:05:51.709601+00:00,2026-08-28T19:05:50.56+00:00,pub_stats,,a,show-qfstpj50,2792296,6808122,3000000,61,61,0,30,30,27.28,none,f,f+h+q,3,1080,1920,1080,1920,"SimulcastEncoderAdapter (libvpx, libvpx, libvpx)",4,0,3,0,0,0.002722,0.025,0,,,,,,,live:a,"{""qualityLimitationDurations"":{""cpu"":0,""none"":50.328,""other"":0,""bandwidth"":0.135}}"
2026-08-28T19:05:53.697249+00:00,2026-08-28T19:05:52.559+00:00,pub_stats,,a,show-qfstpj50,3121521,6808122,3000000,60,60,0,30,30,17.55,none,f,f+h+q,3,1080,1920,1080,1920,"SimulcastEncoderAdapter (libvpx, libvpx, libvpx)",4,0,3,0,0,0.002555,0.025,0,,,,,,,live:a,"{""qualityLimitationDurations"":{""cpu"":0,""none"":52.327,""other"":0,""bandwidth"":0.135}}"
2026-08-28T19:05:53.697249+00:00,2026-08-28T19:05:53.559+00:00,track_liveness_snapshot,,a,show-qfstpj50,,,,,,,,,,,,,,,,,,,,,,,,,,,,,,,,,,"{""entries"":[{""key"":""contestant-a-bbe185c8:TR_VCBjGumszuyED2"",""frames"":null,""reason"":null,""staleSec"":53,""probation"":false},{""key"":""camfeed-a-side-4e118b7a:TR_VCjpJmtnwwwcDs"",""frames"":290,""reason"":""frames_stalled"",""staleSec"":29,""probation"":false}],""trackCount"":2,""ineligibleCount"":1}"
2026-08-28T19:05:54.718786+00:00,2026-08-28T19:05:53.802+00:00,mic_level_sample,,a,show-qfstpj50,,,,,,,,,,,,,,,,,,,,,,,,,,,,,,,,,,"{""deviceId"":""39fae2b7de1ac0ad5463a5ba3dd688ee748a5433d1272fa9afbea3233dae361b"",""inputRms"":0.0008037296569232751,""outputRms"":0.0008037296569232751,""deviceLabel"":""MacBook Air Microphone (Built-in)"",""audioContextState"":""running""}"
2026-08-28T19:05:55.711878+00:00,2026-08-28T19:05:54.559+00:00,pub_stats,,a,show-qfstpj50,2872052,6859596,2915955,59,59,0,29,30,24.92,none,f,f+h+q,3,1080,1920,1080,1920,"SimulcastEncoderAdapter (libvpx, libvpx, libvpx)",4,0,3,0,0,0.002555,0.025,0,,,,,,,live:a,"{""qualityLimitationDurations"":{""cpu"":0,""none"":54.327,""other"":0,""bandwidth"":0.135}}"
2026-08-28T19:05:57.722111+00:00,2026-08-28T19:05:56.559+00:00,pub_stats,,a,show-qfstpj50,2953396,6859596,3000000,60,60,0,30,30,27.47,none,f,f+h+q,3,1080,1920,1080,1920,"SimulcastEncoderAdapter (libvpx, libvpx, libvpx)",4,0,3,0,0,0.002644,0.024,0,,,,,,,live:a,"{""qualityLimitationDurations"":{""cpu"":0,""none"":56.326,""other"":0,""bandwidth"":0.135}}"
2026-08-28T19:05:59.71704+00:00,2026-08-28T19:05:58.559+00:00,pub_stats,,a,show-qfstpj50,2980872,6859596,3000000,60,60,0,29,30,21.65,none,f,f+h+q,3,1080,1920,1080,1920,"SimulcastEncoderAdapter (libvpx, libvpx, libvpx)",4,0,3,0,0,0.0024549999999999997,0.026,0,,,,,,,live:a,"{""qualityLimitationDurations"":{""cpu"":0,""none"":58.326,""other"":0,""bandwidth"":0.135}}"
2026-08-28T19:05:59.71704+00:00,2026-08-28T19:05:58.561+00:00,director_heartbeat,,a,show-qfstpj50,,,,,,,,,,,,,,,,,,,,,,,,,,,,,,,,,,"{""state"":""off""}"
2026-08-28T19:05:59.71704+00:00,2026-08-28T19:05:58.803+00:00,mic_level_sample,,a,show-qfstpj50,,,,,,,,,,,,,,,,,,,,,,,,,,,,,,,,,,"{""deviceId"":""39fae2b7de1ac0ad5463a5ba3dd688ee748a5433d1272fa9afbea3233dae361b"",""inputRms"":0.006229058592659787,""outputRms"":0.006229058592659787,""deviceLabel"":""MacBook Air Microphone (Built-in)"",""audioContextState"":""running""}"
2026-08-28T19:05:59.71704+00:00,2026-08-28T19:05:59.059+00:00,track_liveness_snapshot,,a,show-qfstpj50,,,,,,,,,,,,,,,,,,,,,,,,,,,,,,,,,,"{""entries"":[{""key"":""contestant-a-bbe185c8:TR_VCBjGumszuyED2"",""frames"":null,""reason"":null,""staleSec"":59,""probation"":false},{""key"":""camfeed-a-side-4e118b7a:TR_VCjpJmtnwwwcDs"",""frames"":290,""reason"":""frames_stalled"",""staleSec"":35,""probation"":false}],""trackCount"":2,""ineligibleCount"":1}"
2026-08-28T19:06:01.73702+00:00,2026-08-28T19:06:00.559+00:00,pub_stats,,a,show-qfstpj50,2985488,6859596,2968972,60,60,0,30,30,19.13,none,f,f+h+q,3,1080,1920,1080,1920,"SimulcastEncoderAdapter (libvpx, libvpx, libvpx)",4,0,3,0,0,0.002355,0.024,0,,,,,,,live:a,"{""qualityLimitationDurations"":{""cpu"":0,""none"":60.326,""other"":0,""bandwidth"":0.135}}"
2026-08-28T19:06:03.707316+00:00,2026-08-28T19:06:02.56+00:00,pub_stats,,a,show-qfstpj50,2960928,6859596,3000000,60,60,0,30,31,20.27,none,f,f+h+q,3,1080,1920,1080,1920,"SimulcastEncoderAdapter (libvpx, libvpx, libvpx)",4,0,3,0,0,0.0025659999999999997,0.023,0,,,,,,,live:a,"{""qualityLimitationDurations"":{""cpu"":0,""none"":62.327,""other"":0,""bandwidth"":0.135}}"
2026-08-28T19:06:04.829664+00:00,2026-08-28T19:06:03.803+00:00,mic_level_sample,,a,show-qfstpj50,,,,,,,,,,,,,,,,,,,,,,,,,,,,,,,,,,"{""deviceId"":""39fae2b7de1ac0ad5463a5ba3dd688ee748a5433d1272fa9afbea3233dae361b"",""inputRms"":0.003581143522848154,""outputRms"":0.003581143522848154,""deviceLabel"":""MacBook Air Microphone (Built-in)"",""audioContextState"":""running""}"
2026-08-28T19:06:04.829664+00:00,2026-08-28T19:06:04.059+00:00,track_liveness_snapshot,,a,show-qfstpj50,,,,,,,,,,,,,,,,,,,,,,,,,,,,,,,,,,"{""entries"":[{""key"":""contestant-a-bbe185c8:TR_VCBjGumszuyED2"",""frames"":null,""reason"":null,""staleSec"":64,""probation"":false},{""key"":""camfeed-a-side-4e118b7a:TR_VCjpJmtnwwwcDs"",""frames"":290,""reason"":""frames_stalled"",""staleSec"":40,""probation"":false}],""trackCount"":2,""ineligibleCount"":1}"
2026-08-28T19:06:05.710783+00:00,2026-08-28T19:06:04.559+00:00,pub_stats,,a,show-qfstpj50,3034657,6859596,3000000,60,60,0,30,30,15.68,none,f,f+h+q,3,1080,1920,1080,1920,"SimulcastEncoderAdapter (libvpx, libvpx, libvpx)",4,0,3,0,0,0.002388,0.023,0,,,,,,,live:a,"{""qualityLimitationDurations"":{""cpu"":0,""none"":64.327,""other"":0,""bandwidth"":0.135}}"
2026-08-28T19:06:07.70454+00:00,2026-08-28T19:06:06.56+00:00,pub_stats,,a,show-qfstpj50,3012630,6859596,2966410,60,60,0,30,30,15.4,none,f,f+h+q,3,1080,1920,1080,1920,"SimulcastEncoderAdapter (libvpx, libvpx, libvpx)",4,0,3,0,0,0.002388,0.024,0,,,,,,,live:a,"{""qualityLimitationDurations"":{""cpu"":0,""none"":66.327,""other"":0,""bandwidth"":0.135}}"
2026-08-28T19:06:09.787031+00:00,2026-08-28T19:06:08.559+00:00,pub_stats,,a,show-qfstpj50,3046075,6859596,2952980,60,60,0,30,30,16.27,none,f,f+h+q,3,1080,1920,1080,1920,"SimulcastEncoderAdapter (libvpx, libvpx, libvpx)",4,0,3,0,0,0.0030329999999999997,0.024,0,,,,,,,live:a,"{""qualityLimitationDurations"":{""cpu"":0,""none"":68.327,""other"":0,""bandwidth"":0.135}}"
2026-08-28T19:06:09.787031+00:00,2026-08-28T19:06:08.561+00:00,director_heartbeat,,a,show-qfstpj50,,,,,,,,,,,,,,,,,,,,,,,,,,,,,,,,,,"{""state"":""off""}"
2026-08-28T19:06:09.787031+00:00,2026-08-28T19:06:08.802+00:00,mic_level_sample,,a,show-qfstpj50,,,,,,,,,,,,,,,,,,,,,,,,,,,,,,,,,,"{""deviceId"":""39fae2b7de1ac0ad5463a5ba3dd688ee748a5433d1272fa9afbea3233dae361b"",""inputRms"":0.05141267495732801,""outputRms"":0.05141267495732801,""deviceLabel"":""MacBook Air Microphone (Built-in)"",""audioContextState"":""running""}"
2026-08-28T19:06:09.787031+00:00,2026-08-28T19:06:09.559+00:00,track_liveness_snapshot,,a,show-qfstpj50,,,,,,,,,,,,,,,,,,,,,,,,,,,,,,,,,,"{""entries"":[{""key"":""contestant-a-bbe185c8:TR_VCBjGumszuyED2"",""frames"":null,""reason"":null,""staleSec"":69,""probation"":false},{""key"":""camfeed-a-side-4e118b7a:TR_VCjpJmtnwwwcDs"",""frames"":290,""reason"":""frames_stalled"",""staleSec"":45,""probation"":false}],""trackCount"":2,""ineligibleCount"":1}"
2026-08-28T19:06:11.747862+00:00,2026-08-28T19:06:10.559+00:00,pub_stats,,a,show-qfstpj50,2906816,6859596,3000000,60,60,0,30,30,19.53,none,f,f+h+q,3,1080,1920,1080,1920,"SimulcastEncoderAdapter (libvpx, libvpx, libvpx)",4,0,3,0,0,0.002288,0.025,0,,,,,,,live:a,"{""qualityLimitationDurations"":{""cpu"":0,""none"":70.327,""other"":0,""bandwidth"":0.135}}"
2026-08-28T19:06:13.705324+00:00,2026-08-28T19:06:12.559+00:00,pub_stats,,a,show-qfstpj50,2926988,6859596,3000000,60,60,0,30,30,17.67,none,f,f+h+q,3,1080,1920,1080,1920,"SimulcastEncoderAdapter (libvpx, libvpx, libvpx)",4,0,3,0,0,0.0021999999999999997,0.025,0,,,,,,,live:a,"{""qualityLimitationDurations"":{""cpu"":0,""none"":72.326,""other"":0,""bandwidth"":0.135}}"
2026-08-28T19:06:14.87841+00:00,2026-08-28T19:06:13.802+00:00,mic_level_sample,,a,show-qfstpj50,,,,,,,,,,,,,,,,,,,,,,,,,,,,,,,,,,"{""deviceId"":""39fae2b7de1ac0ad5463a5ba3dd688ee748a5433d1272fa9afbea3233dae361b"",""inputRms"":0.001029821163309953,""outputRms"":0.001029821163309953,""deviceLabel"":""MacBook Air Microphone (Built-in)"",""audioContextState"":""running""}"
2026-08-28T19:06:15.694907+00:00,2026-08-28T19:06:14.559+00:00,pub_stats,,a,show-qfstpj50,3100660,6859596,2991557,60,60,0,30,30,16.83,none,f,f+h+q,3,1080,1920,1080,1920,"SimulcastEncoderAdapter (libvpx, libvpx, libvpx)",4,0,3,0,0,0.0026,0.024,0,,,,,,,live:a,"{""qualityLimitationDurations"":{""cpu"":0,""none"":74.327,""other"":0,""bandwidth"":0.135}}"
2026-08-28T19:06:15.694907+00:00,2026-08-28T19:06:15.059+00:00,track_liveness_snapshot,,a,show-qfstpj50,,,,,,,,,,,,,,,,,,,,,,,,,,,,,,,,,,"{""entries"":[{""key"":""contestant-a-bbe185c8:TR_VCBjGumszuyED2"",""frames"":null,""reason"":null,""staleSec"":74,""probation"":false},{""key"":""camfeed-a-side-4e118b7a:TR_VCjpJmtnwwwcDs"",""frames"":290,""reason"":""frames_stalled"",""staleSec"":50,""probation"":false}],""trackCount"":2,""ineligibleCount"":1}"
2026-08-28T19:06:17.730395+00:00,2026-08-28T19:06:16.56+00:00,pub_stats,,a,show-qfstpj50,2904428,6859596,2991440,60,60,0,30,30,16.7,none,f,f+h+q,3,1080,1920,1080,1920,"SimulcastEncoderAdapter (libvpx, libvpx, libvpx)",4,0,3,0,0,0.002877,0.024,0,,,,,,,live:a,"{""qualityLimitationDurations"":{""cpu"":0,""none"":76.327,""other"":0,""bandwidth"":0.135}}"
2026-08-28T19:06:19.69499+00:00,2026-08-28T19:06:18.559+00:00,pub_stats,,a,show-qfstpj50,3023156,6859596,2984795,60,60,0,30,30,14.22,none,f,f+h+q,3,1080,1920,1080,1920,"SimulcastEncoderAdapter (libvpx, libvpx, libvpx)",4,0,3,0,0,0.002211,0.025,0,,,,,,,live:a,"{""qualityLimitationDurations"":{""cpu"":0,""none"":78.327,""other"":0,""bandwidth"":0.135}}"
2026-08-28T19:06:19.69499+00:00,2026-08-28T19:06:18.562+00:00,director_heartbeat,,a,show-qfstpj50,,,,,,,,,,,,,,,,,,,,,,,,,,,,,,,,,,"{""state"":""off""}"
2026-08-28T19:06:19.69499+00:00,2026-08-28T19:06:18.802+00:00,mic_level_sample,,a,show-qfstpj50,,,,,,,,,,,,,,,,,,,,,,,,,,,,,,,,,,"{""deviceId"":""39fae2b7de1ac0ad5463a5ba3dd688ee748a5433d1272fa9afbea3233dae361b"",""inputRms"":0.005353702726668116,""outputRms"":0.005353702726668116,""deviceLabel"":""MacBook Air Microphone (Built-in)"",""audioContextState"":""running""}"
2026-08-28T19:06:20.692478+00:00,2026-08-28T19:06:20.059+00:00,track_liveness_snapshot,,a,show-qfstpj50,,,,,,,,,,,,,,,,,,,,,,,,,,,,,,,,,,"{""entries"":[{""key"":""contestant-a-bbe185c8:TR_VCBjGumszuyED2"",""frames"":null,""reason"":null,""staleSec"":80,""probation"":false},{""key"":""camfeed-a-side-4e118b7a:TR_VCjpJmtnwwwcDs"",""frames"":290,""reason"":""frames_stalled"",""staleSec"":56,""probation"":false}],""trackCount"":2,""ineligibleCount"":1}"
2026-08-28T19:06:21.728691+00:00,2026-08-28T19:06:20.559+00:00,pub_stats,,a,show-qfstpj50,3040580,6859596,2953400,60,60,0,30,30,15.33,none,f,f+h+q,3,1080,1920,1080,1920,"SimulcastEncoderAdapter (libvpx, libvpx, libvpx)",4,0,3,0,0,0.002777,0.025,0,,,,,,,live:a,"{""qualityLimitationDurations"":{""cpu"":0,""none"":80.327,""other"":0,""bandwidth"":0.135}}"
2026-08-28T19:06:23.726266+00:00,2026-08-28T19:06:22.559+00:00,pub_stats,,a,show-qfstpj50,2962204,6859596,3000000,60,60,0,30,30,14.9,none,f,f+h+q,3,1080,1920,1080,1920,"SimulcastEncoderAdapter (libvpx, libvpx, libvpx)",4,0,3,0,0,0.002388,0.026,0,,,,,,,live:a,"{""qualityLimitationDurations"":{""cpu"":0,""none"":82.327,""other"":0,""bandwidth"":0.135}}"
2026-08-28T19:06:24.696855+00:00,2026-08-28T19:06:23.803+00:00,mic_level_sample,,a,show-qfstpj50,,,,,,,,,,,,,,,,,,,,,,,,,,,,,,,,,,"{""deviceId"":""39fae2b7de1ac0ad5463a5ba3dd688ee748a5433d1272fa9afbea3233dae361b"",""inputRms"":0.00017835701139242173,""outputRms"":0.00017835701139242173,""deviceLabel"":""MacBook Air Microphone (Built-in)"",""audioContextState"":""running""}"
2026-08-28T19:06:25.695598+00:00,2026-08-28T19:06:24.559+00:00,pub_stats,,a,show-qfstpj50,2949968,6859596,2983950,60,60,0,30,30,18.37,none,f,f+h+q,3,1080,1920,1080,1920,"SimulcastEncoderAdapter (libvpx, libvpx, libvpx)",4,0,3,0,0,0.002544,0.025,0,,,,,,,live:a,"{""qualityLimitationDurations"":{""cpu"":0,""none"":84.326,""other"":0,""bandwidth"":0.135}}"
2026-08-28T19:06:25.695598+00:00,2026-08-28T19:06:25.059+00:00,track_liveness_snapshot,,a,show-qfstpj50,,,,,,,,,,,,,,,,,,,,,,,,,,,,,,,,,,"{""entries"":[{""key"":""contestant-a-bbe185c8:TR_VCBjGumszuyED2"",""frames"":null,""reason"":null,""staleSec"":85,""probation"":false},{""key"":""camfeed-a-side-4e118b7a:TR_VCjpJmtnwwwcDs"",""frames"":290,""reason"":""frames_stalled"",""staleSec"":61,""probation"":false}],""trackCount"":2,""ineligibleCount"":1}"
2026-08-28T19:06:27.69869+00:00,2026-08-28T19:06:26.559+00:00,pub_stats,,a,show-qfstpj50,2958056,6859596,3000000,60,60,0,30,30,12.73,none,f,f+h+q,3,1080,1920,1080,1920,"SimulcastEncoderAdapter (libvpx, libvpx, libvpx)",4,0,3,0,0,0.002388,0.026,0,,,,,,,live:a,"{""qualityLimitationDurations"":{""cpu"":0,""none"":86.327,""other"":0,""bandwidth"":0.135}}"
2026-08-28T19:06:29.707373+00:00,2026-08-28T19:06:28.559+00:00,pub_stats,,a,show-qfstpj50,3034196,6859596,2968682,60,60,0,30,30,14.17,none,f,f+h+q,3,1080,1920,1080,1920,"SimulcastEncoderAdapter (libvpx, libvpx, libvpx)",4,0,3,0,0,0.002688,0.026,0,,,,,,,live:a,"{""qualityLimitationDurations"":{""cpu"":0,""none"":88.326,""other"":0,""bandwidth"":0.135}}"
2026-08-28T19:06:29.707373+00:00,2026-08-28T19:06:28.561+00:00,director_heartbeat,,a,show-qfstpj50,,,,,,,,,,,,,,,,,,,,,,,,,,,,,,,,,,"{""state"":""off""}"
2026-08-28T19:06:29.707373+00:00,2026-08-28T19:06:28.803+00:00,mic_level_sample,,a,show-qfstpj50,,,,,,,,,,,,,,,,,,,,,,,,,,,,,,,,,,"{""deviceId"":""39fae2b7de1ac0ad5463a5ba3dd688ee748a5433d1272fa9afbea3233dae361b"",""inputRms"":0.0028166595414764145,""outputRms"":0.0028166595414764145,""deviceLabel"":""MacBook Air Microphone (Built-in)"",""audioContextState"":""running""}"
2026-08-28T19:06:30.706201+00:00,2026-08-28T19:06:30.059+00:00,track_liveness_snapshot,,a,show-qfstpj50,,,,,,,,,,,,,,,,,,,,,,,,,,,,,,,,,,"{""entries"":[{""key"":""contestant-a-bbe185c8:TR_VCBjGumszuyED2"",""frames"":null,""reason"":null,""staleSec"":90,""probation"":false},{""key"":""camfeed-a-side-4e118b7a:TR_VCjpJmtnwwwcDs"",""frames"":290,""reason"":""frames_stalled"",""staleSec"":66,""probation"":false}],""trackCount"":2,""ineligibleCount"":1}"
2026-08-28T19:06:31.716083+00:00,2026-08-28T19:06:30.559+00:00,pub_stats,,a,show-qfstpj50,2978560,6859596,3000000,60,60,0,30,30,15.17,none,f,f+h+q,3,1080,1920,1080,1920,"SimulcastEncoderAdapter (libvpx, libvpx, libvpx)",4,0,3,0,0,0.002522,0.025,0,,,,,,,live:a,"{""qualityLimitationDurations"":{""cpu"":0,""none"":90.327,""other"":0,""bandwidth"":0.135}}"
2026-08-28T19:06:33.698205+00:00,2026-08-28T19:06:32.56+00:00,pub_stats,,a,show-qfstpj50,3053153,6859596,3000000,60,60,0,30,30,16.83,none,f,f+h+q,3,1080,1920,1080,1920,"SimulcastEncoderAdapter (libvpx, libvpx, libvpx)",5,0,4,0,0,0.002866,0.023,0,,,,,,,live:a,"{""qualityLimitationDurations"":{""cpu"":0,""none"":92.327,""other"":0,""bandwidth"":0.135}}"
2026-08-28T19:06:34.719366+00:00,2026-08-28T19:06:33.802+00:00,mic_level_sample,,a,show-qfstpj50,,,,,,,,,,,,,,,,,,,,,,,,,,,,,,,,,,"{""deviceId"":""39fae2b7de1ac0ad5463a5ba3dd688ee748a5433d1272fa9afbea3233dae361b"",""inputRms"":0.0001503966682136691,""outputRms"":0.0001503966682136691,""deviceLabel"":""MacBook Air Microphone (Built-in)"",""audioContextState"":""running""}"
2026-08-28T19:06:35.692952+00:00,2026-08-28T19:06:34.561+00:00,pub_stats,,a,show-qfstpj50,2856328,6859596,3000000,60,60,0,30,30,15.78,none,f,f+h+q,3,1080,1920,1080,1920,"SimulcastEncoderAdapter (libvpx, libvpx, libvpx)",5,0,4,0,0,0.002911,0.026,0,,,,,,,live:a,"{""qualityLimitationDurations"":{""cpu"":0,""none"":94.328,""other"":0,""bandwidth"":0.135}}"
2026-08-28T19:06:35.692952+00:00,2026-08-28T19:06:35.059+00:00,track_liveness_recovered,,a,show-qfstpj50,,,,,,,,,,,,,,,,,,,,,,,,,,,,,,,,,,"{""key"":""camfeed-a-side-4e118b7a:TR_VCjpJmtnwwwcDs"",""identity"":""camfeed-a-side-4e118b7a"",""probationMs"":750,""previousReason"":""frames_stalled""}"
2026-08-28T19:06:35.692952+00:00,2026-08-28T19:06:35.059+00:00,track_liveness_snapshot,,a,show-qfstpj50,,,,,,,,,,,,,,,,,,,,,,,,,,,,,,,,,,"{""entries"":[{""key"":""contestant-a-bbe185c8:TR_VCBjGumszuyED2"",""frames"":null,""reason"":null,""staleSec"":95,""probation"":false},{""key"":""camfeed-a-side-4e118b7a:TR_VCjpJmtnwwwcDs"",""frames"":323,""reason"":null,""staleSec"":0,""probation"":true}],""trackCount"":2,""ineligibleCount"":1}"
2026-08-28T19:06:36.694188+00:00,2026-08-28T19:06:36.058+00:00,track_liveness_blacklist_changed,,a,show-qfstpj50,,,,,,,,,,,,,,,,,,,,,,,,,,,,,,,,,,"{""keys"":[],""count"":0}"
2026-08-28T19:06:36.694188+00:00,2026-08-28T19:06:36.559+00:00,track_liveness_snapshot,,a,show-qfstpj50,,,,,,,,,,,,,,,,,,,,,,,,,,,,,,,,,,"{""entries"":[{""key"":""contestant-a-bbe185c8:TR_VCBjGumszuyED2"",""frames"":null,""reason"":null,""staleSec"":96,""probation"":false},{""key"":""camfeed-a-side-4e118b7a:TR_VCjpJmtnwwwcDs"",""frames"":348,""reason"":null,""staleSec"":1,""probation"":false}],""trackCount"":2,""ineligibleCount"":0}"
2026-08-28T19:06:37.699439+00:00,2026-08-28T19:06:36.561+00:00,pub_stats,,a,show-qfstpj50,3116176,6970804,2965255,59,59,0,29,30,18.19,none,f,f+h+q,3,1080,1920,1080,1920,"SimulcastEncoderAdapter (libvpx, libvpx, libvpx)",5,0,4,0,0,0.0026769999999999997,0.026,0,,,,,,,live:a,"{""qualityLimitationDurations"":{""cpu"":0,""none"":96.327,""other"":0,""bandwidth"":0.135}}"
2026-08-28T19:06:39.699133+00:00,2026-08-28T19:06:38.559+00:00,pub_stats,,a,show-qfstpj50,2811347,6970804,2974487,61,61,0,30,30,30.39,none,f,f+h+q,3,1080,1920,1080,1920,"SimulcastEncoderAdapter (libvpx, libvpx, libvpx)",7,0,5,0,0,0.0032879999999999997,0.024,0,,,,,,,live:a,"{""qualityLimitationDurations"":{""cpu"":0,""none"":98.327,""other"":0,""bandwidth"":0.135}}"
2026-08-28T19:06:39.699133+00:00,2026-08-28T19:06:38.561+00:00,director_heartbeat,,a,show-qfstpj50,,,,,,,,,,,,,,,,,,,,,,,,,,,,,,,,,,"{""state"":""off""}"
2026-08-28T19:06:39.699133+00:00,2026-08-28T19:06:38.802+00:00,mic_level_sample,,a,show-qfstpj50,,,,,,,,,,,,,,,,,,,,,,,,,,,,,,,,,,"{""deviceId"":""39fae2b7de1ac0ad5463a5ba3dd688ee748a5433d1272fa9afbea3233dae361b"",""inputRms"":0.00014719617797111697,""outputRms"":0.00014719617797111697,""deviceLabel"":""MacBook Air Microphone (Built-in)"",""audioContextState"":""running""}"
2026-08-28T19:06:41.694183+00:00,2026-08-28T19:06:40.559+00:00,pub_stats,,a,show-qfstpj50,3045916,6970804,3000000,60,60,0,30,30,15.47,none,f,f+h+q,3,1080,1920,1080,1920,"SimulcastEncoderAdapter (libvpx, libvpx, libvpx)",7,0,5,0,0,0.0033659999999999996,0.024,0,,,,,,,live:a,"{""qualityLimitationDurations"":{""cpu"":0,""none"":100.327,""other"":0,""bandwidth"":0.135}}"
2026-08-28T19:06:41.694183+00:00,2026-08-28T19:06:41.559+00:00,track_liveness_snapshot,,a,show-qfstpj50,,,,,,,,,,,,,,,,,,,,,,,,,,,,,,,,,,"{""entries"":[{""key"":""contestant-a-bbe185c8:TR_VCBjGumszuyED2"",""frames"":null,""reason"":null,""staleSec"":101,""probation"":false},{""key"":""camfeed-a-side-4e118b7a:TR_VCjpJmtnwwwcDs"",""frames"":441,""reason"":null,""staleSec"":1,""probation"":false}],""trackCount"":2,""ineligibleCount"":0}"
2026-08-28T19:06:43.705452+00:00,2026-08-28T19:06:42.559+00:00,pub_stats,,a,show-qfstpj50,2961356,6970804,2907138,59,59,0,29,30,13.71,none,f,f+h+q,3,1080,1920,1080,1920,"SimulcastEncoderAdapter (libvpx, libvpx, libvpx)",7,0,5,0,0,0.003944,0.026,0,,,,,,,live:a,"{""qualityLimitationDurations"":{""cpu"":0,""none"":102.327,""other"":0,""bandwidth"":0.135}}"
2026-08-28T19:06:44.706222+00:00,2026-08-28T19:06:43.802+00:00,mic_level_sample,,a,show-qfstpj50,,,,,,,,,,,,,,,,,,,,,,,,,,,,,,,,,,"{""deviceId"":""39fae2b7de1ac0ad5463a5ba3dd688ee748a5433d1272fa9afbea3233dae361b"",""inputRms"":0.011240417458109555,""outputRms"":0.011240417458109555,""deviceLabel"":""MacBook Air Microphone (Built-in)"",""audioContextState"":""running""}"
2026-08-28T19:06:45.703624+00:00,2026-08-28T19:06:44.559+00:00,pub_stats,,a,show-qfstpj50,3022812,6970804,2903707,60,60,0,29,30,20.63,none,f,f+h+q,3,1080,1920,1080,1920,"SimulcastEncoderAdapter (libvpx, libvpx, libvpx)",7,0,5,0,0,0.003055,0.026,0,,,,,,,live:a,"{""qualityLimitationDurations"":{""cpu"":0,""none"":104.327,""other"":0,""bandwidth"":0.135}}"
2026-08-28T19:06:46.70397+00:00,2026-08-28T19:06:46.559+00:00,track_liveness_snapshot,,a,show-qfstpj50,,,,,,,,,,,,,,,,,,,,,,,,,,,,,,,,,,"{""entries"":[{""key"":""contestant-a-bbe185c8:TR_VCBjGumszuyED2"",""frames"":null,""reason"":null,""staleSec"":106,""probation"":false},{""key"":""camfeed-a-side-4e118b7a:TR_VCjpJmtnwwwcDs"",""frames"":518,""reason"":null,""staleSec"":1,""probation"":false}],""trackCount"":2,""ineligibleCount"":0}"
2026-08-28T19:06:47.893071+00:00,2026-08-28T19:06:46.56+00:00,pub_stats,,a,show-qfstpj50,3012478,6970804,3000000,60,60,0,29,30,21.3,none,f,f+h+q,3,1080,1920,1080,1920,"SimulcastEncoderAdapter (libvpx, libvpx, libvpx)",7,0,5,0,0,0.003377,0.025,0,,,,,,,live:a,"{""qualityLimitationDurations"":{""cpu"":0,""none"":106.328,""other"":0,""bandwidth"":0.135}}"
2026-08-28T19:06:49.69933+00:00,2026-08-28T19:06:48.56+00:00,pub_stats,,a,show-qfstpj50,2804000,6970804,3000000,60,60,0,29,30,22.43,none,f,f+h+q,3,1080,1920,1080,1920,"SimulcastEncoderAdapter (libvpx, libvpx, libvpx)",7,0,5,0,0,0.0031439999999999997,0.024,0,,,,,,,live:a,"{""qualityLimitationDurations"":{""cpu"":0,""none"":108.327,""other"":0,""bandwidth"":0.135}}"
2026-08-28T19:06:49.69933+00:00,2026-08-28T19:06:48.561+00:00,director_heartbeat,,a,show-qfstpj50,,,,,,,,,,,,,,,,,,,,,,,,,,,,,,,,,,"{""state"":""off""}"
2026-08-28T19:06:49.69933+00:00,2026-08-28T19:06:48.803+00:00,mic_level_sample,,a,show-qfstpj50,,,,,,,,,,,,,,,,,,,,,,,,,,,,,,,,,,"{""deviceId"":""39fae2b7de1ac0ad5463a5ba3dd688ee748a5433d1272fa9afbea3233dae361b"",""inputRms"":0.00020462842494542964,""outputRms"":0.00020462842494542964,""deviceLabel"":""MacBook Air Microphone (Built-in)"",""audioContextState"":""running""}"
2026-08-28T19:06:51.707144+00:00,2026-08-28T19:06:50.559+00:00,pub_stats,,a,show-qfstpj50,3162777,6970804,2977073,60,60,0,29,30,14,none,f,f+h+q,3,1080,1920,1080,1920,"SimulcastEncoderAdapter (libvpx, libvpx, libvpx)",7,0,5,0,0,0.0029,0.025,0,,,,,,,live:a,"{""qualityLimitationDurations"":{""cpu"":0,""none"":110.327,""other"":0,""bandwidth"":0.135}}"
2026-08-28T19:06:52.694577+00:00,2026-08-28T19:06:52.058+00:00,track_liveness_snapshot,,a,show-qfstpj50,,,,,,,,,,,,,,,,,,,,,,,,,,,,,,,,,,"{""entries"":[{""key"":""contestant-a-bbe185c8:TR_VCBjGumszuyED2"",""frames"":null,""reason"":null,""staleSec"":111,""probation"":false},{""key"":""camfeed-a-side-4e118b7a:TR_VCjpJmtnwwwcDs"",""frames"":636,""reason"":null,""staleSec"":1,""probation"":false}],""trackCount"":2,""ineligibleCount"":0}"
2026-08-28T19:06:53.696274+00:00,2026-08-28T19:06:52.559+00:00,pub_stats,,a,show-qfstpj50,3024484,6970804,2923462,60,60,0,29,30,18.33,none,f,f+h+q,3,1080,1920,1080,1920,"SimulcastEncoderAdapter (libvpx, libvpx, libvpx)",7,0,5,0,0,0.0026769999999999997,0.025,0,,,,,,,live:a,"{""qualityLimitationDurations"":{""cpu"":0,""none"":112.327,""other"":0,""bandwidth"":0.135}}"
2026-08-28T19:06:54.752116+00:00,2026-08-28T19:06:53.802+00:00,mic_level_sample,,a,show-qfstpj50,,,,,,,,,,,,,,,,,,,,,,,,,,,,,,,,,,"{""deviceId"":""39fae2b7de1ac0ad5463a5ba3dd688ee748a5433d1272fa9afbea3233dae361b"",""inputRms"":0.00013242819977054966,""outputRms"":0.00013242819977054966,""deviceLabel"":""MacBook Air Microphone (Built-in)"",""audioContextState"":""running""}"
2026-08-28T19:06:55.870608+00:00,2026-08-28T19:06:54.559+00:00,pub_stats,,a,show-qfstpj50,2929004,6970804,3000000,60,60,0,29,30,25.52,none,f,f+h+q,3,1080,1920,1080,1920,"SimulcastEncoderAdapter (libvpx, libvpx, libvpx)",7,0,5,0,0,0.0029219999999999997,0.024,0,,,,,,,live:a,"{""qualityLimitationDurations"":{""cpu"":0,""none"":114.327,""other"":0,""bandwidth"":0.135}}"
2026-08-28T19:06:57.699591+00:00,2026-08-28T19:06:56.559+00:00,pub_stats,,a,show-qfstpj50,2882664,6970804,3000000,60,60,0,29,29,19.12,none,f,f+h+q,3,1080,1920,1080,1920,"SimulcastEncoderAdapter (libvpx, libvpx, libvpx)",7,0,5,0,0,0.0023439999999999997,0.026,0,,,,,,,live:a,"{""qualityLimitationDurations"":{""cpu"":0,""none"":116.326,""other"":0,""bandwidth"":0.135}}"
2026-08-28T19:06:57.699591+00:00,2026-08-28T19:06:57.058+00:00,track_liveness_snapshot,,a,show-qfstpj50,,,,,,,,,,,,,,,,,,,,,,,,,,,,,,,,,,"{""entries"":[{""key"":""contestant-a-bbe185c8:TR_VCBjGumszuyED2"",""frames"":null,""reason"":null,""staleSec"":116,""probation"":false},{""key"":""camfeed-a-side-4e118b7a:TR_VCjpJmtnwwwcDs"",""frames"":767,""reason"":null,""staleSec"":1,""probation"":false}],""trackCount"":2,""ineligibleCount"":0}"
2026-08-28T19:06:59.701679+00:00,2026-08-28T19:06:58.559+00:00,pub_stats,,a,show-qfstpj50,3010552,6970804,3000000,60,60,0,29,29,13.55,none,f,f+h+q,3,1080,1920,1080,1920,"SimulcastEncoderAdapter (libvpx, libvpx, libvpx)",7,0,5,0,0,0.0026219999999999998,0.025,0,,,,,,,live:a,"{""qualityLimitationDurations"":{""cpu"":0,""none"":118.327,""other"":0,""bandwidth"":0.135}}"
2026-08-28T19:06:59.701679+00:00,2026-08-28T19:06:58.561+00:00,director_heartbeat,,a,show-qfstpj50,,,,,,,,,,,,,,,,,,,,,,,,,,,,,,,,,,"{""state"":""off""}"
2026-08-28T19:06:59.701679+00:00,2026-08-28T19:06:58.803+00:00,mic_silent,,a,show-qfstpj50,,,,,,,,,,,,,,,,,,,,,,,,,,,,,,,,,,"{""inputRms"":0.0000630268942554833,""outputRms"":0.0000630268942554833,""silentSinceMs"":1787944008803,""audioContextState"":""running""}"
2026-08-28T19:06:59.701679+00:00,2026-08-28T19:06:58.803+00:00,mic_level_sample,,a,show-qfstpj50,,,,,,,,,,,,,,,,,,,,,,,,,,,,,,,,,,"{""deviceId"":""39fae2b7de1ac0ad5463a5ba3dd688ee748a5433d1272fa9afbea3233dae361b"",""inputRms"":0.0000630268942554833,""outputRms"":0.0000630268942554833,""deviceLabel"":""MacBook Air Microphone (Built-in)"",""audioContextState"":""running""}"
2026-08-28T19:07:01.703619+00:00,2026-08-28T19:07:00.559+00:00,pub_stats,,a,show-qfstpj50,3033484,6970804,2967007,60,60,0,30,30,12.3,none,f,f+h+q,3,1080,1920,1080,1920,"SimulcastEncoderAdapter (libvpx, libvpx, libvpx)",7,0,5,0,0,0.0019219999999999999,0.025,0,,,,,,,live:a,"{""qualityLimitationDurations"":{""cpu"":0,""none"":120.326,""other"":0,""bandwidth"":0.135}}"
2026-08-28T19:07:02.697844+00:00,2026-08-28T19:07:02.059+00:00,track_liveness_snapshot,,a,show-qfstpj50,,,,,,,,,,,,,,,,,,,,,,,,,,,,,,,,,,"{""entries"":[{""key"":""contestant-a-bbe185c8:TR_VCBjGumszuyED2"",""frames"":null,""reason"":null,""staleSec"":122,""probation"":false},{""key"":""camfeed-a-side-4e118b7a:TR_VCjpJmtnwwwcDs"",""frames"":917,""reason"":null,""staleSec"":1,""probation"":false}],""trackCount"":2,""ineligibleCount"":0}"
2026-08-28T19:07:03.692069+00:00,2026-08-28T19:07:02.559+00:00,pub_stats,,a,show-qfstpj50,2999900,6970804,2935540,60,60,0,30,29,17.23,none,f,f+h+q,3,1080,1920,1080,1920,"SimulcastEncoderAdapter (libvpx, libvpx, libvpx)",7,0,5,0,0,0.002155,0.024,0,,,,,,,live:a,"{""qualityLimitationDurations"":{""cpu"":0,""none"":122.327,""other"":0,""bandwidth"":0.135}}"
2026-08-28T19:07:04.87643+00:00,2026-08-28T19:07:03.802+00:00,mic_recovered,,a,show-qfstpj50,,,,,,,,,,,,,,,,,,,,,,,,,,,,,,,,,,"{""inputRms"":0.00018318545626983668,""outputRms"":0.11497109653201336,""silentDurationMs"":14999,""audioContextState"":""running""}"
2026-08-28T19:07:04.87643+00:00,2026-08-28T19:07:03.802+00:00,mic_level_sample,,a,show-qfstpj50,,,,,,,,,,,,,,,,,,,,,,,,,,,,,,,,,,"{""deviceId"":""39fae2b7de1ac0ad5463a5ba3dd688ee748a5433d1272fa9afbea3233dae361b"",""inputRms"":0.00018318545626983668,""outputRms"":0.11497109653201336,""deviceLabel"":""MacBook Air Microphone (Built-in)"",""audioContextState"":""running""}"
2026-08-28T19:07:05.724044+00:00,2026-08-28T19:07:04.559+00:00,pub_stats,,a,show-qfstpj50,2880184,6970804,3000000,60,60,0,30,30,14.15,none,f,f+h+q,3,1080,1920,1080,1920,"SimulcastEncoderAdapter (libvpx, libvpx, libvpx)",7,0,5,0,0,0.0021,0.024,0,,,,,,,live:a,"{""qualityLimitationDurations"":{""cpu"":0,""none"":124.326,""other"":0,""bandwidth"":0.135}}"
2026-08-28T19:07:08.104033+00:00,2026-08-28T19:07:06.558+00:00,pub_stats,,a,show-qfstpj50,3172346,6970804,2922348,60,60,0,30,30,12.77,none,f,f+h+q,3,1080,1920,1080,1920,"SimulcastEncoderAdapter (libvpx, libvpx, libvpx)",7,0,5,0,0,0.002211,0.024,0,,,,,,,live:a,"{""qualityLimitationDurations"":{""cpu"":0,""none"":126.326,""other"":0,""bandwidth"":0.135}}"
2026-08-28T19:07:08.104033+00:00,2026-08-28T19:07:07.059+00:00,track_liveness_snapshot,,a,show-qfstpj50,,,,,,,,,,,,,,,,,,,,,,,,,,,,,,,,,,"{""entries"":[{""key"":""contestant-a-bbe185c8:TR_VCBjGumszuyED2"",""frames"":null,""reason"":null,""staleSec"":127,""probation"":false},{""key"":""camfeed-a-side-4e118b7a:TR_VCjpJmtnwwwcDs"",""frames"":1066,""reason"":null,""staleSec"":1,""probation"":false}],""trackCount"":2,""ineligibleCount"":0}"
2026-08-28T19:07:08.740715+00:00,2026-08-28T19:07:07.919+00:00,window_blur,,a,show-qfstpj50,,,,,,,,,,,,,,,,,,,,,,,,,,,,,,,,,,
2026-08-28T19:07:08.740715+00:00,2026-08-28T19:07:07.92+00:00,visibility_hidden,,a,show-qfstpj50,,,,,,,,,,,,,,,,,,,,,,,,,,,,,,,,,,"{""audioContextState"":""running""}"
2026-08-28T19:07:08.740715+00:00,2026-08-28T19:07:07.92+00:00,wake_lock_released_by_system,,a,show-qfstpj50,,,,,,,,,,,,,,,,,,,,,,,,,,,,,,,,,live:a,
2026-08-28T19:07:09.77832+00:00,2026-08-28T19:07:08.559+00:00,pub_stats,,a,show-qfstpj50,2873796,6970804,2972167,60,60,0,30,30,20.58,none,f,f+h+q,3,1080,1920,1080,1920,"SimulcastEncoderAdapter (libvpx, libvpx, libvpx)",7,0,5,0,0,0.0017109999999999998,0.024,0,,,,,,,live:a,"{""qualityLimitationDurations"":{""cpu"":0,""none"":128.326,""other"":0,""bandwidth"":0.135}}"
2026-08-28T19:07:09.77832+00:00,2026-08-28T19:07:08.561+00:00,director_heartbeat,,a,show-qfstpj50,,,,,,,,,,,,,,,,,,,,,,,,,,,,,,,,,,"{""state"":""off""}"
2026-08-28T19:07:09.77832+00:00,2026-08-28T19:07:08.802+00:00,mic_level_sample,,a,show-qfstpj50,,,,,,,,,,,,,,,,,,,,,,,,,,,,,,,,,,"{""deviceId"":""39fae2b7de1ac0ad5463a5ba3dd688ee748a5433d1272fa9afbea3233dae361b"",""inputRms"":0.0003527959443792945,""outputRms"":0.058368668883598714,""deviceLabel"":""MacBook Air Microphone (Built-in)"",""audioContextState"":""running""}"
2026-08-28T19:07:11.698069+00:00,2026-08-28T19:07:10.56+00:00,pub_stats,,a,show-qfstpj50,2869151,6970804,3000000,60,60,0,30,30,16.67,none,f,f+h+q,3,1080,1920,1080,1920,"SimulcastEncoderAdapter (libvpx, libvpx, libvpx)",7,0,5,0,0,0.0025,0.026,0,,,,,,,live:a,"{""qualityLimitationDurations"":{""cpu"":0,""none"":130.327,""other"":0,""bandwidth"":0.135}}"
2026-08-28T19:07:12.848141+00:00,2026-08-28T19:07:12.059+00:00,track_liveness_snapshot,,a,show-qfstpj50,,,,,,,,,,,,,,,,,,,,,,,,,,,,,,,,,,"{""entries"":[{""key"":""contestant-a-bbe185c8:TR_VCBjGumszuyED2"",""frames"":null,""reason"":null,""staleSec"":132,""probation"":false},{""key"":""camfeed-a-side-4e118b7a:TR_VCjpJmtnwwwcDs"",""frames"":1216,""reason"":null,""staleSec"":0,""probation"":false}],""trackCount"":2,""ineligibleCount"":0}"
2026-08-28T19:07:13.706216+00:00,2026-08-28T19:07:12.56+00:00,pub_stats,,a,show-qfstpj50,3153176,6970804,2977740,60,60,0,30,30,12.32,none,f,f+h+q,3,1080,1920,1080,1920,"SimulcastEncoderAdapter (libvpx, libvpx, libvpx)",7,0,5,0,0,0.002666,0.025,0,,,,,,,live:a,"{""qualityLimitationDurations"":{""cpu"":0,""none"":132.327,""other"":0,""bandwidth"":0.135}}"
2026-08-28T19:07:13.706216+00:00,2026-08-28T19:07:12.705+00:00,window_focus,,a,show-qfstpj50,,,,,,,,,,,,,,,,,,,,,,,,,,,,,,,,,,
2026-08-28T19:07:13.706216+00:00,2026-08-28T19:07:12.711+00:00,visibility_visible,,a,show-qfstpj50,,,,,,,,,,,,,,,,,,,,,,,,,,,,,,,,,,"{""audioContextState"":""running""}"
2026-08-28T19:07:13.706216+00:00,2026-08-28T19:07:12.716+00:00,wake_lock_acquired,,a,show-qfstpj50,,,,,,,,,,,,,,,,,,,,,,,,,,,,,,,,,live:a,
2026-08-28T19:07:14.707025+00:00,2026-08-28T19:07:13.802+00:00,mic_level_sample,,a,show-qfstpj50,,,,,,,,,,,,,,,,,,,,,,,,,,,,,,,,,,"{""deviceId"":""39fae2b7de1ac0ad5463a5ba3dd688ee748a5433d1272fa9afbea3233dae361b"",""inputRms"":0.00027503219656488815,""outputRms"":0.09355231167035778,""deviceLabel"":""MacBook Air Microphone (Built-in)"",""audioContextState"":""running""}"
2026-08-28T19:07:15.913649+00:00,2026-08-28T19:07:14.56+00:00,pub_stats,,a,show-qfstpj50,2827320,6970804,3000000,60,60,0,30,30,17.08,none,f,f+h+q,3,1080,1920,1080,1920,"SimulcastEncoderAdapter (libvpx, libvpx, libvpx)",7,0,5,0,0,0.001633,0.023,0,,,,,,,live:a,"{""qualityLimitationDurations"":{""cpu"":0,""none"":134.327,""other"":0,""bandwidth"":0.135}}"
2026-08-28T19:07:17.88228+00:00,2026-08-28T19:07:16.56+00:00,pub_stats,,a,show-qfstpj50,3061180,6970804,3000000,60,60,0,30,30,15.57,none,f,f+h+q,3,1080,1920,1080,1920,"SimulcastEncoderAdapter (libvpx, libvpx, libvpx)",7,0,5,0,0,0.002644,0.023,0,,,,,,,live:a,"{""qualityLimitationDurations"":{""cpu"":0,""none"":136.327,""other"":0,""bandwidth"":0.135}}"
2026-08-28T19:07:17.88228+00:00,2026-08-28T19:07:16.764+00:00,window_blur,,a,show-qfstpj50,,,,,,,,,,,,,,,,,,,,,,,,,,,,,,,,,,
2026-08-28T19:07:17.88228+00:00,2026-08-28T19:07:16.764+00:00,wake_lock_released_by_system,,a,show-qfstpj50,,,,,,,,,,,,,,,,,,,,,,,,,,,,,,,,,live:a,
2026-08-28T19:07:17.88228+00:00,2026-08-28T19:07:16.764+00:00,visibility_hidden,,a,show-qfstpj50,,,,,,,,,,,,,,,,,,,,,,,,,,,,,,,,,,"{""audioContextState"":""running""}"
2026-08-28T19:07:17.88228+00:00,2026-08-28T19:07:17.059+00:00,track_liveness_snapshot,,a,show-qfstpj50,,,,,,,,,,,,,,,,,,,,,,,,,,,,,,,,,,"{""entries"":[{""key"":""contestant-a-bbe185c8:TR_VCBjGumszuyED2"",""frames"":null,""reason"":null,""staleSec"":137,""probation"":false},{""key"":""camfeed-a-side-4e118b7a:TR_VCjpJmtnwwwcDs"",""frames"":1366,""reason"":null,""staleSec"":1,""probation"":false}],""trackCount"":2,""ineligibleCount"":0}"
2026-08-28T19:07:19.717025+00:00,2026-08-28T19:07:18.56+00:00,pub_stats,,a,show-qfstpj50,3121108,6970804,3000000,60,60,0,30,30,23.7,none,f,f+h+q,3,1080,1920,1080,1920,"SimulcastEncoderAdapter (libvpx, libvpx, libvpx)",7,0,5,0,0,0.002522,0.024,0,,,,,,,live:a,"{""qualityLimitationDurations"":{""cpu"":0,""none"":138.327,""other"":0,""bandwidth"":0.135}}"
2026-08-28T19:07:19.717025+00:00,2026-08-28T19:07:18.561+00:00,director_heartbeat,,a,show-qfstpj50,,,,,,,,,,,,,,,,,,,,,,,,,,,,,,,,,,"{""state"":""off""}"
2026-08-28T19:07:19.717025+00:00,2026-08-28T19:07:18.802+00:00,mic_level_sample,,a,show-qfstpj50,,,,,,,,,,,,,,,,,,,,,,,,,,,,,,,,,,"{""deviceId"":""39fae2b7de1ac0ad5463a5ba3dd688ee748a5433d1272fa9afbea3233dae361b"",""inputRms"":0.0003889007273733125,""outputRms"":0.07022600724671009,""deviceLabel"":""MacBook Air Microphone (Built-in)"",""audioContextState"":""running""}"
2026-08-28T19:07:21.744251+00:00,2026-08-28T19:07:20.56+00:00,pub_stats,,a,show-qfstpj50,2815912,6970804,3000000,60,60,0,30,30,23.63,none,f,f+h+q,3,1080,1920,1080,1920,"SimulcastEncoderAdapter (libvpx, libvpx, libvpx)",7,0,5,0,0,0.002555,0.023,0,,,,,,,live:a,"{""qualityLimitationDurations"":{""cpu"":0,""none"":140.327,""other"":0,""bandwidth"":0.135}}"
2026-08-28T19:07:22.770297+00:00,2026-08-28T19:07:22.059+00:00,track_liveness_snapshot,,a,show-qfstpj50,,,,,,,,,,,,,,,,,,,,,,,,,,,,,,,,,,"{""entries"":[{""key"":""contestant-a-bbe185c8:TR_VCBjGumszuyED2"",""frames"":null,""reason"":null,""staleSec"":142,""probation"":false},{""key"":""camfeed-a-side-4e118b7a:TR_VCjpJmtnwwwcDs"",""frames"":1516,""reason"":null,""staleSec"":1,""probation"":false}],""trackCount"":2,""ineligibleCount"":0}"
2026-08-28T19:07:23.700714+00:00,2026-08-28T19:07:22.56+00:00,pub_stats,,a,show-qfstpj50,2992356,6970804,3000000,60,60,0,30,30,16.52,none,f,f+h+q,3,1080,1920,1080,1920,"SimulcastEncoderAdapter (libvpx, libvpx, libvpx)",7,0,5,0,0,0.002522,0.024,0,,,,,,,live:a,"{""qualityLimitationDurations"":{""cpu"":0,""none"":142.327,""other"":0,""bandwidth"":0.135}}"
2026-08-28T19:07:24.717894+00:00,2026-08-28T19:07:23.803+00:00,mic_level_sample,,a,show-qfstpj50,,,,,,,,,,,,,,,,,,,,,,,,,,,,,,,,,,"{""deviceId"":""39fae2b7de1ac0ad5463a5ba3dd688ee748a5433d1272fa9afbea3233dae361b"",""inputRms"":0.0005896358088870597,""outputRms"":0.4120953102336395,""deviceLabel"":""MacBook Air Microphone (Built-in)"",""audioContextState"":""running""}"
2026-08-28T19:07:25.706134+00:00,2026-08-28T19:07:24.558+00:00,pub_stats,,a,show-qfstpj50,3060793,6970804,2974563,60,60,0,30,30,16.5,none,f,f+h+q,3,1080,1920,1080,1920,"SimulcastEncoderAdapter (libvpx, libvpx, libvpx)",7,0,5,0,0,0.002155,0.024,0,,,,,,,live:a,"{""qualityLimitationDurations"":{""cpu"":0,""none"":144.326,""other"":0,""bandwidth"":0.135}}"
2026-08-28T19:07:27.839253+00:00,2026-08-28T19:07:26.56+00:00,pub_stats,,a,show-qfstpj50,2952260,6970804,2997218,60,60,0,30,30,16.6,none,f,f+h+q,3,1080,1920,1080,1920,"SimulcastEncoderAdapter (libvpx, libvpx, libvpx)",7,0,5,0,0,0.0037549999999999997,0.025,0,,,,,,,live:a,"{""qualityLimitationDurations"":{""cpu"":0,""none"":146.328,""other"":0,""bandwidth"":0.135}}"
2026-08-28T19:07:27.839253+00:00,2026-08-28T19:07:27.059+00:00,track_liveness_snapshot,,a,show-qfstpj50,,,,,,,,,,,,,,,,,,,,,,,,,,,,,,,,,,"{""entries"":[{""key"":""contestant-a-bbe185c8:TR_VCBjGumszuyED2"",""frames"":null,""reason"":null,""staleSec"":147,""probation"":false},{""key"":""camfeed-a-side-4e118b7a:TR_VCjpJmtnwwwcDs"",""frames"":1664,""reason"":null,""staleSec"":1,""probation"":false}],""trackCount"":2,""ineligibleCount"":0}"
2026-08-28T19:07:29.705045+00:00,2026-08-28T19:07:28.559+00:00,pub_stats,,a,show-qfstpj50,2979946,6970804,3000000,60,60,0,30,30,14.53,none,f,f+h+q,3,1080,1920,1080,1920,"SimulcastEncoderAdapter (libvpx, libvpx, libvpx)",7,0,5,0,0,0.002133,0.026,0,,,,,,,live:a,"{""qualityLimitationDurations"":{""cpu"":0,""none"":148.327,""other"":0,""bandwidth"":0.135}}"
2026-08-28T19:07:29.705045+00:00,2026-08-28T19:07:28.562+00:00,director_heartbeat,,a,show-qfstpj50,,,,,,,,,,,,,,,,,,,,,,,,,,,,,,,,,,"{""state"":""off""}"
2026-08-28T19:07:29.705045+00:00,2026-08-28T19:07:28.802+00:00,mic_level_sample,,a,show-qfstpj50,,,,,,,,,,,,,,,,,,,,,,,,,,,,,,,,,,"{""deviceId"":""39fae2b7de1ac0ad5463a5ba3dd688ee748a5433d1272fa9afbea3233dae361b"",""inputRms"":0.001967271570276456,""outputRms"":0.09794785950803347,""deviceLabel"":""MacBook Air Microphone (Built-in)"",""audioContextState"":""running""}"
2026-08-28T19:07:30.695467+00:00,2026-08-28T19:07:30.497+00:00,visibility_visible,,a,show-qfstpj50,,,,,,,,,,,,,,,,,,,,,,,,,,,,,,,,,,"{""audioContextState"":""running""}"
2026-08-28T19:07:30.695467+00:00,2026-08-28T19:07:30.498+00:00,window_focus,,a,show-qfstpj50,,,,,,,,,,,,,,,,,,,,,,,,,,,,,,,,,,
2026-08-28T19:07:30.695467+00:00,2026-08-28T19:07:30.505+00:00,wake_lock_acquired,,a,show-qfstpj50,,,,,,,,,,,,,,,,,,,,,,,,,,,,,,,,,live:a,
2026-08-28T19:07:31.709422+00:00,2026-08-28T19:07:30.559+00:00,pub_stats,,a,show-qfstpj50,2920484,6970804,3000000,60,60,0,30,30,20.9,none,f,f+h+q,3,1080,1920,1080,1920,"SimulcastEncoderAdapter (libvpx, libvpx, libvpx)",7,0,5,0,0,0.0019329999999999998,0.024,0,,,,,,,live:a,"{""qualityLimitationDurations"":{""cpu"":0,""none"":150.326,""other"":0,""bandwidth"":0.135}}"
2026-08-28T19:07:33.691589+00:00,2026-08-28T19:07:32.559+00:00,pub_stats,,a,show-qfstpj50,3061776,6970804,3000000,60,60,0,30,30,23.2,none,f,f+h+q,3,1080,1920,1080,1920,"SimulcastEncoderAdapter (libvpx, libvpx, libvpx)",7,0,5,0,0,0.0020109999999999998,0.024,0,,,,,,,live:a,"{""qualityLimitationDurations"":{""cpu"":0,""none"":152.327,""other"":0,""bandwidth"":0.135}}"
2026-08-28T19:07:32.710279+00:00,2026-08-28T19:07:32.559+00:00,track_liveness_snapshot,,a,show-qfstpj50,,,,,,,,,,,,,,,,,,,,,,,,,,,,,,,,,,"{""entries"":[{""key"":""contestant-a-bbe185c8:TR_VCBjGumszuyED2"",""frames"":null,""reason"":null,""staleSec"":152,""probation"":false},{""key"":""camfeed-a-side-4e118b7a:TR_VCjpJmtnwwwcDs"",""frames"":1815,""reason"":null,""staleSec"":1,""probation"":false}],""trackCount"":2,""ineligibleCount"":0}"
2026-08-28T19:07:34.697941+00:00,2026-08-28T19:07:33.801+00:00,mic_level_sample,,a,show-qfstpj50,,,,,,,,,,,,,,,,,,,,,,,,,,,,,,,,,,"{""deviceId"":""39fae2b7de1ac0ad5463a5ba3dd688ee748a5433d1272fa9afbea3233dae361b"",""inputRms"":0.0014143714780355998,""outputRms"":0.12980294779545212,""deviceLabel"":""MacBook Air Microphone (Built-in)"",""audioContextState"":""running""}"
2026-08-28T19:07:35.697043+00:00,2026-08-28T19:07:34.559+00:00,pub_stats,,a,show-qfstpj50,2928624,6970804,3000000,60,60,0,30,30,20.6,none,f,f+h+q,3,1080,1920,1080,1920,"SimulcastEncoderAdapter (libvpx, libvpx, libvpx)",7,0,5,0,0,0.001766,0.025,0,,,,,,,live:a,"{""qualityLimitationDurations"":{""cpu"":0,""none"":154.326,""other"":0,""bandwidth"":0.135}}"
2026-08-28T19:07:37.698577+00:00,2026-08-28T19:07:36.559+00:00,pub_stats,,a,show-qfstpj50,3076672,6970804,2976408,60,60,0,30,30,16.73,none,f,f+h+q,3,1080,1920,1080,1920,"SimulcastEncoderAdapter (libvpx, libvpx, libvpx)",7,0,5,0,0,0.0019879999999999997,0.025,0,,,,,,,live:a,"{""qualityLimitationDurations"":{""cpu"":0,""none"":156.327,""other"":0,""bandwidth"":0.135}}"
2026-08-28T19:07:37.698577+00:00,2026-08-28T19:07:37.559+00:00,track_liveness_snapshot,,a,show-qfstpj50,,,,,,,,,,,,,,,,,,,,,,,,,,,,,,,,,,"{""entries"":[{""key"":""contestant-a-bbe185c8:TR_VCBjGumszuyED2"",""frames"":null,""reason"":null,""staleSec"":157,""probation"":false},{""key"":""camfeed-a-side-4e118b7a:TR_VCjpJmtnwwwcDs"",""frames"":1964,""reason"":null,""staleSec"":1,""probation"":false}],""trackCount"":2,""ineligibleCount"":0}"
2026-08-28T19:07:39.716599+00:00,2026-08-28T19:07:38.559+00:00,pub_stats,,a,show-qfstpj50,2922832,6970804,3000000,60,60,0,30,30,15.33,none,f,f+h+q,3,1080,1920,1080,1920,"SimulcastEncoderAdapter (libvpx, libvpx, libvpx)",7,0,5,0,0,0.001766,0.025,0,,,,,,,live:a,"{""qualityLimitationDurations"":{""cpu"":0,""none"":158.326,""other"":0,""bandwidth"":0.135}}"
2026-08-28T19:07:39.716599+00:00,2026-08-28T19:07:38.561+00:00,director_heartbeat,,a,show-qfstpj50,,,,,,,,,,,,,,,,,,,,,,,,,,,,,,,,,,"{""state"":""off""}"
2026-08-28T19:07:39.716599+00:00,2026-08-28T19:07:38.801+00:00,mic_level_sample,,a,show-qfstpj50,,,,,,,,,,,,,,,,,,,,,,,,,,,,,,,,,,"{""deviceId"":""39fae2b7de1ac0ad5463a5ba3dd688ee748a5433d1272fa9afbea3233dae361b"",""inputRms"":0.0003084702773716346,""outputRms"":0.21949280449704617,""deviceLabel"":""MacBook Air Microphone (Built-in)"",""audioContextState"":""running""}"
2026-08-28T19:07:41.708428+00:00,2026-08-28T19:07:40.559+00:00,pub_stats,,a,show-qfstpj50,3064856,6970804,2967635,60,60,0,30,30,15.05,none,f,f+h+q,3,1080,1920,1080,1920,"SimulcastEncoderAdapter (libvpx, libvpx, libvpx)",7,0,5,0,0,0.0019329999999999998,0.025,0,,,,,,,live:a,"{""qualityLimitationDurations"":{""cpu"":0,""none"":160.326,""other"":0,""bandwidth"":0.135}}"
2026-08-28T19:07:42.686338+00:00,2026-08-28T19:07:41.614+00:00,wake_lock_released,,a,show-qfstpj50,,,,,,,,,,,,,,,,,,,,,,,,,,,,,,,,,live:a,"{""cause"":""role_ended""}"
2026-08-28T19:07:42.686338+00:00,2026-08-28T19:07:41.614+00:00,wake_lock_released_by_system,,a,show-qfstpj50,,,,,,,,,,,,,,,,,,,,,,,,,,,,,,,,,live:a,
2026-08-28T19:07:42.686338+00:00,2026-08-28T19:07:41.615+00:00,director_loop_stopped,,a,show-qfstpj50,,,,,,,,,,,,,,,,,,,,,,,,,,,,,unmount,,,,,
2026-08-28T19:09:04.605188+00:00,2026-08-28T19:09:03.386+00:00,room_state_at_mount,,a,show-qfstpj50,,,,,,,,,,,,,,,,,,,,,,,,,,,,,,,,,,"{""state"":""disconnected"",""transport"":{""pcState"":""new"",""signalWs"":null,""available"":true,""roomState"":""disconnected"",""hasPcManager"":false,""publisherIce"":null,""subscriberIce"":null,""verifyTransport"":false,""pcTransportState"":null,""publisherPromiseSet"":false,""publisherIceConnected"":null}}"
2026-08-28T19:09:04.605188+00:00,2026-08-28T19:09:03.388+00:00,room_connection_state_changed,,a,show-qfstpj50,,,,,,,,,,,,,,,,,,,,,,,,,,,,,,,,,,"{""state"":""connecting""}"
2026-08-28T19:09:04.605188+00:00,2026-08-28T19:09:03.45+00:00,wake_lock_acquired,,a,show-qfstpj50,,,,,,,,,,,,,,,,,,,,,,,,,,,,,,,,,live:a,
2026-08-28T19:09:04.605188+00:00,2026-08-28T19:09:03.521+00:00,session_state_subscribed,,a,show-qfstpj50,,,,,,,,,,,,,,,,,,,,,,,,,,,,,,,,,,"{""showId"":""0ada2c0a-56dd-419d-97f9-80d3d41f52f9""}"
2026-08-28T19:09:04.605188+00:00,2026-08-28T19:09:03.559+00:00,signal_connected,,a,show-qfstpj50,,,,,,,,,,,,,,,,,,,,,,,,,,,,,,,,,,"{""transport"":{""pcState"":""new"",""signalWs"":""open"",""available"":true,""roomState"":""connecting"",""hasPcManager"":true,""publisherIce"":""new"",""subscriberIce"":null,""verifyTransport"":false,""pcTransportState"":0,""publisherPromiseSet"":false,""publisherIceConnected"":false},""occurrence"":1}"
2026-08-28T19:09:04.605188+00:00,2026-08-28T19:09:03.559+00:00,ensure_audio_published,,a,show-qfstpj50,,,,,,,,,,,,,,,,,,,,,,,,,,,,,,,,,,"{""action"":""skipped_no_handle"",""trigger"":""signal_connected"",""transport"":{""pcState"":""new"",""signalWs"":""open"",""available"":true,""roomState"":""connecting"",""hasPcManager"":true,""publisherIce"":""new"",""subscriberIce"":null,""verifyTransport"":false,""pcTransportState"":0,""publisherPromiseSet"":false,""publisherIceConnected"":false}}"
2026-08-28T19:09:04.605188+00:00,2026-08-28T19:09:03.652+00:00,audio_publish_attempt,,a,show-qfstpj50,,,,,,,,,,,,,,,,,,,,,,,,,,,,,,,,,,
2026-08-28T19:09:04.605188+00:00,2026-08-28T19:09:03.653+00:00,audiocontext_statechange,,a,show-qfstpj50,,,,,,,,,,,,,,,,,,,,,,,,,,,,,,,,,,"{""state"":""running""}"
2026-08-28T19:09:04.605188+00:00,2026-08-28T19:09:03.712+00:00,room_connection_state_changed,,a,show-qfstpj50,,,,,,,,,,,,,,,,,,,,,,,,,,,,,,,,,,"{""state"":""connected""}"
2026-08-28T19:09:04.605188+00:00,2026-08-28T19:09:03.712+00:00,room_connected,,a,show-qfstpj50,,,,,,,,,,,,,,,,,,,,,,,,,,,,,,,,,,"{""state"":""connected"",""transport"":{""pcState"":""connected"",""signalWs"":""open"",""available"":true,""roomState"":""connected"",""hasPcManager"":true,""publisherIce"":""connected"",""subscriberIce"":null,""verifyTransport"":true,""pcTransportState"":2,""publisherPromiseSet"":false,""publisherIceConnected"":true}}"
2026-08-28T19:09:04.605188+00:00,2026-08-28T19:09:03.713+00:00,start_preflight_begin,,a,show-qfstpj50,,,,,,,,,,,,,,,,,,,,,,,,,,,,,,,,,,"{""waited"":false,""timedOut"":false,""transport"":{""pcState"":""connected"",""signalWs"":""open"",""available"":true,""roomState"":""connected"",""hasPcManager"":true,""publisherIce"":""connected"",""subscriberIce"":null,""verifyTransport"":true,""pcTransportState"":2,""publisherPromiseSet"":false,""publisherIceConnected"":true}}"
2026-08-28T19:09:04.605188+00:00,2026-08-28T19:09:03.714+00:00,track_local_published,,a,show-qfstpj50,,,,,,,,,,,,,,,,,,,,,,,,,,,,,,,microphone,,,"{""kind"":""audio"",""trackSid"":""TR_AMXUGbWUcUtwiA"",""participantIdentity"":""contestant-a-297a1aba""}"
2026-08-28T19:09:04.605188+00:00,2026-08-28T19:09:03.714+00:00,audio_publish_success,,a,show-qfstpj50,,,,,,,,,,,,,,,,,,,,,,,,,,,,,,,,,,"{""durationMs"":62}"
2026-08-28T19:09:04.605188+00:00,2026-08-28T19:09:03.714+00:00,pub_track_published,,a,show-qfstpj50,,,,,,,,,,,,,,,,,,,,,,,,,,,,,,,microphone,TR_AMXUGbWUcUtwiA,,
2026-08-28T19:09:04.605188+00:00,2026-08-28T19:09:03.765+00:00,health_probe_publish_success,,a,show-qfstpj50,,,,,,,,,,,,,,,,,,,,,,,,,,,,,,,,,,"{""connectionState"":""connected""}"
2026-08-28T19:09:04.605188+00:00,2026-08-28T19:09:03.765+00:00,director_loop_started,,a,show-qfstpj50,,,,,,,,,,,,,,,,,,,,,,,,,,,,,transition,,,,,"{""preflight"":""clean"",""transport"":{""pcState"":""connected"",""signalWs"":""open"",""available"":true,""roomState"":""connected"",""hasPcManager"":true,""publisherIce"":""connected"",""subscriberIce"":null,""verifyTransport"":true,""pcTransportState"":2,""publisherPromiseSet"":true,""publisherIceConnected"":true}}"
2026-08-28T19:09:04.605188+00:00,2026-08-28T19:09:03.765+00:00,start_preflight_outcome,,a,show-qfstpj50,,,,,,,,,,,,,,,,,,,,,,,,,,,,,,,,,,"{""outcome"":""clean"",""recovered"":false,""transport"":{""pcState"":""connected"",""signalWs"":""open"",""available"":true,""roomState"":""connected"",""hasPcManager"":true,""publisherIce"":""connected"",""subscriberIce"":null,""verifyTransport"":true,""pcTransportState"":2,""publisherPromiseSet"":true,""publisherIceConnected"":true}}"
2026-08-28T19:09:04.605188+00:00,2026-08-28T19:09:03.765+00:00,mode_changed,,a,show-qfstpj50,,,,,,,,,,,,,,,,,,,,,,,,,,,,,,,,,,"{""mode"":""auto""}"
2026-08-28T19:09:04.605188+00:00,2026-08-28T19:09:04.37+00:00,egress_command_failed,,a,show-qfstpj50,,,,,,,,,,,,,,,,,,,,,,,,,,,,,,,,,,"{""room"":""show-qfstpj50"",""stage"":""refused (500)"",""action"":""start"",""detail"":""Server missing egress environment variables""}"
2026-08-28T19:09:05.704969+00:00,2026-08-28T19:09:04.98+00:00,pub_track_published,,a,show-qfstpj50,,,,,,,,,,,,,,,,,,,,,,,,,,,,,,,camera,TR_VCiazSiwiK3Qco,,
2026-08-28T19:09:05.704969+00:00,2026-08-28T19:09:04.98+00:00,track_local_published,,a,show-qfstpj50,,,,,,,,,,,,,,,,,,,,,,,,,,,,,,,camera,,,"{""kind"":""video"",""trackSid"":""TR_VCiazSiwiK3Qco"",""participantIdentity"":""contestant-a-297a1aba""}"
2026-08-28T19:09:05.704969+00:00,2026-08-28T19:09:05.387+00:00,track_liveness_snapshot,,a,show-qfstpj50,,,,,,,,,,,,,,,,,,,,,,,,,,,,,,,,,,"{""entries"":[{""key"":""contestant-a-297a1aba:TR_VCiazSiwiK3Qco"",""frames"":null,""reason"":null,""staleSec"":0,""probation"":false}],""trackCount"":1,""ineligibleCount"":0}"
2026-08-28T19:09:06.532285+00:00,2026-08-28T19:09:05.388+00:00,pub_stats,,a,show-qfstpj50,,1624470,375000,,,,21,31.83023872679045,,bandwidth,h,,3,360,640,1080,1920,"SimulcastEncoderAdapter (libvpx, libvpx)",1,0,1,0,,,0.022,0,,,,,,,live:a,"{""qualityLimitationDurations"":{""cpu"":0,""none"":0.039,""other"":0,""bandwidth"":0.37}}"
2026-08-28T19:09:06.532285+00:00,2026-08-28T19:09:06.26+00:00,track_published,,a,show-qfstpj50,,,,,,,,,,,,,,,,,,,,,,,,,,,,,,,camera,,,"{""kind"":""video"",""trackSid"":""TR_VCWZJdniVCue9P"",""participantIdentity"":""camfeed-a-side-53133905""}"
2026-08-28T19:09:06.532285+00:00,2026-08-28T19:09:06.335+00:00,track_subscribed,,a,show-qfstpj50,,,,,,,,,,,,,,,,,,,,,,,,,,,,,,,camera,,,"{""kind"":""video"",""trackSid"":""TR_VCWZJdniVCue9P"",""participantIdentity"":""camfeed-a-side-53133905""}"
2026-08-28T19:09:06.532285+00:00,2026-08-28T19:09:06.386+00:00,track_liveness_snapshot,,a,show-qfstpj50,,,,,,,,,,,,,,,,,,,,,,,,,,,,,,,,,,"{""entries"":[{""key"":""contestant-a-297a1aba:TR_VCiazSiwiK3Qco"",""frames"":null,""reason"":null,""staleSec"":1,""probation"":false},{""key"":""camfeed-a-side-53133905:TR_VCWZJdniVCue9P"",""frames"":null,""reason"":null,""staleSec"":0,""probation"":false}],""trackCount"":2,""ineligibleCount"":0}"
2026-08-28T19:09:08.546817+00:00,2026-08-28T19:09:07.388+00:00,pub_quality_limitation_changed,,a,show-qfstpj50,,,,,,,,,102.09,,,,,,,,,,,,,,,,,,bandwidth,none,,,,,,"{""durations"":{""cpu"":0,""none"":1.737,""other"":0,""bandwidth"":0.673}}"
2026-08-28T19:09:08.546817+00:00,2026-08-28T19:09:07.388+00:00,pub_stats,,a,show-qfstpj50,765916,1861995,1059073,43,43,0,30,30,102.09,none,f,f+h+q,3,1080,1920,1080,1920,"SimulcastEncoderAdapter (libvpx, libvpx, libvpx)",3,0,2,0,0,0.0045,0.023,0,,,,,,,live:a,"{""qualityLimitationDurations"":{""cpu"":0,""none"":1.737,""other"":0,""bandwidth"":0.673}}"
2026-08-28T19:09:08.546817+00:00,2026-08-28T19:09:07.768+00:00,shot_publish_success,,a,show-qfstpj50,,,,,,,,,,,,,,,,,,,,,,,,,,,,,,,,,,"{""shot"":""wide"",""slot"":""a"",""commandId"":""a93bc2f0-7c0b-4e92-962f-e7b41776d2e4"",""decisionSource"":""auto"",""connectionState"":""connected""}"
2026-08-28T19:09:08.546817+00:00,2026-08-28T19:09:07.768+00:00,director_shot_emitted,,a,show-qfstpj50,,,,,,,,,,,,,,,,,,,,,,,,,,,,,,,,,,"{""shot"":""wide"",""slot"":""a"",""sourceRole"":""main"",""decisionSource"":""auto"",""targetIdentity"":""contestant-a-297a1aba""}"
2026-08-28T19:09:09.525729+00:00,2026-08-28T19:09:08.556+00:00,pub_connection_quality,,a,show-qfstpj50,,,,,,,,,,,,,,,,,,,,,,,,,,,,,,excellent,,,,
2026-08-28T19:09:09.525729+00:00,2026-08-28T19:09:08.656+00:00,mic_level_sample,,a,show-qfstpj50,,,,,,,,,,,,,,,,,,,,,,,,,,,,,,,,,,"{""deviceId"":""39fae2b7de1ac0ad5463a5ba3dd688ee748a5433d1272fa9afbea3233dae361b"",""inputRms"":0.000541004321610624,""outputRms"":0.000541004321610624,""deviceLabel"":""MacBook Air Microphone (Built-in)"",""audioContextState"":""running""}"
2026-08-28T19:09:10.526485+00:00,2026-08-28T19:09:09.39+00:00,pub_stats,,a,show-qfstpj50,1166733,2155260,1406111,60,60,0,30,30,54.3,none,f,f+h+q,3,1080,1920,1080,1920,"SimulcastEncoderAdapter (libvpx, libvpx, libvpx)",3,0,2,0,0,0.0009,0.022,0,,,,,,,live:a,"{""qualityLimitationDurations"":{""cpu"":0,""none"":3.738,""other"":0,""bandwidth"":0.673}}"
2026-08-28T19:09:11.542801+00:00,2026-08-28T19:09:11.387+00:00,track_liveness_snapshot,,a,show-qfstpj50,,,,,,,,,,,,,,,,,,,,,,,,,,,,,,,,,,"{""entries"":[{""key"":""contestant-a-297a1aba:TR_VCiazSiwiK3Qco"",""frames"":null,""reason"":null,""staleSec"":6,""probation"":false},{""key"":""camfeed-a-side-53133905:TR_VCWZJdniVCue9P"",""frames"":56,""reason"":null,""staleSec"":1,""probation"":false}],""trackCount"":2,""ineligibleCount"":0}"
2026-08-28T19:09:12.541451+00:00,2026-08-28T19:09:11.387+00:00,pub_stats,,a,show-qfstpj50,1618199,2512491,1683965,60,60,0,30,30,27.13,none,f,f+h+q,3,1080,1920,1080,1920,"SimulcastEncoderAdapter (libvpx, libvpx, libvpx)",3,0,2,0,0,0.002911,0.022,0,,,,,,,live:a,"{""qualityLimitationDurations"":{""cpu"":0,""none"":5.736,""other"":0,""bandwidth"":0.673}}"
2026-08-28T19:09:14.526187+00:00,2026-08-28T19:09:13.386+00:00,pub_stats,,a,show-qfstpj50,1800988,2962515,2113429,60,60,0,30,30,25.7,none,f,f+h+q,3,1080,1920,1080,1920,"SimulcastEncoderAdapter (libvpx, libvpx, libvpx)",3,0,2,0,0,0.0013,0.021,0,,,,,,,live:a,"{""qualityLimitationDurations"":{""cpu"":0,""none"":7.735,""other"":0,""bandwidth"":0.673}}"
2026-08-28T19:09:14.526187+00:00,2026-08-28T19:09:13.389+00:00,director_heartbeat,,a,show-qfstpj50,,,,,,,,,,,,,,,,,,,,,,,,,,,,,,,,,,"{""state"":""running""}"
2026-08-28T19:09:14.526187+00:00,2026-08-28T19:09:13.656+00:00,mic_level_sample,,a,show-qfstpj50,,,,,,,,,,,,,,,,,,,,,,,,,,,,,,,,,,"{""deviceId"":""39fae2b7de1ac0ad5463a5ba3dd688ee748a5433d1272fa9afbea3233dae361b"",""inputRms"":0.0003372742386679584,""outputRms"":0.0003372742386679584,""deviceLabel"":""MacBook Air Microphone (Built-in)"",""audioContextState"":""running""}"
2026-08-28T19:09:16.533311+00:00,2026-08-28T19:09:15.388+00:00,pub_stats,,a,show-qfstpj50,2246438,3482975,2650748,60,60,0,30,30,18.62,none,f,f+h+q,3,1080,1920,1080,1920,"SimulcastEncoderAdapter (libvpx, libvpx, libvpx)",3,0,2,0,0,0.0005769999999999999,0.021,0,,,,,,,live:a,"{""qualityLimitationDurations"":{""cpu"":0,""none"":9.736,""other"":0,""bandwidth"":0.673}}"
2026-08-28T19:09:16.533311+00:00,2026-08-28T19:09:16.387+00:00,track_liveness_snapshot,,a,show-qfstpj50,,,,,,,,,,,,,,,,,,,,,,,,,,,,,,,,,,"{""entries"":[{""key"":""contestant-a-297a1aba:TR_VCiazSiwiK3Qco"",""frames"":null,""reason"":null,""staleSec"":11,""probation"":false},{""key"":""camfeed-a-side-53133905:TR_VCWZJdniVCue9P"",""frames"":115,""reason"":null,""staleSec"":1,""probation"":false}],""trackCount"":2,""ineligibleCount"":0}"
2026-08-28T19:09:18.523459+00:00,2026-08-28T19:09:17.387+00:00,pub_stats,,a,show-qfstpj50,2506749,4052852,3000000,60,60,0,31,31,19.38,none,f,f+h+q,3,1080,1920,1080,1920,"SimulcastEncoderAdapter (libvpx, libvpx, libvpx)",3,0,2,0,0,0.0046879999999999995,0.023,0,,,,,,,live:a,"{""qualityLimitationDurations"":{""cpu"":0,""none"":11.736,""other"":0,""bandwidth"":0.673}}"
2026-08-28T19:09:19.527555+00:00,2026-08-28T19:09:18.655+00:00,mic_level_sample,,a,show-qfstpj50,,,,,,,,,,,,,,,,,,,,,,,,,,,,,,,,,,"{""deviceId"":""39fae2b7de1ac0ad5463a5ba3dd688ee748a5433d1272fa9afbea3233dae361b"",""inputRms"":0.00015001111836820293,""outputRms"":0.00015001111836820293,""deviceLabel"":""MacBook Air Microphone (Built-in)"",""audioContextState"":""running""}"
2026-08-28T19:09:20.528813+00:00,2026-08-28T19:09:19.387+00:00,pub_stats,,a,show-qfstpj50,2991872,4702977,3000000,60,60,0,31,31,21.43,none,f,f+h+q,3,1080,1920,1080,1920,"SimulcastEncoderAdapter (libvpx, libvpx, libvpx)",3,0,2,0,0,0.003466,0.023,0,,,,,,,live:a,"{""qualityLimitationDurations"":{""cpu"":0,""none"":13.736,""other"":0,""bandwidth"":0.673}}"
2026-08-28T19:09:22.544177+00:00,2026-08-28T19:09:21.387+00:00,pub_stats,,a,show-qfstpj50,3112296,5541511,2985758,60,60,0,31,31,17.63,none,f,f+h+q,3,1080,1920,1080,1920,"SimulcastEncoderAdapter (libvpx, libvpx, libvpx)",3,0,2,0,0,0.0007999999999999999,0.023,0,,,,,,,live:a,"{""qualityLimitationDurations"":{""cpu"":0,""none"":15.735,""other"":0,""bandwidth"":0.673}}"
2026-08-28T19:09:22.544177+00:00,2026-08-28T19:09:21.887+00:00,track_liveness_snapshot,,a,show-qfstpj50,,,,,,,,,,,,,,,,,,,,,,,,,,,,,,,,,,"{""entries"":[{""key"":""contestant-a-297a1aba:TR_VCiazSiwiK3Qco"",""frames"":null,""reason"":null,""staleSec"":17,""probation"":false},{""key"":""camfeed-a-side-53133905:TR_VCWZJdniVCue9P"",""frames"":212,""reason"":null,""staleSec"":1,""probation"":false}],""trackCount"":2,""ineligibleCount"":0}"
2026-08-28T19:09:24.524109+00:00,2026-08-28T19:09:23.387+00:00,pub_stats,,a,show-qfstpj50,2793228,5867029,3000000,59,59,0,30,31,16.64,none,f,f+h+q,3,1080,1920,1080,1920,"SimulcastEncoderAdapter (libvpx, libvpx, libvpx)",3,0,2,0,0,0.0005549999999999999,0.022,0,,,,,,,live:a,"{""qualityLimitationDurations"":{""cpu"":0,""none"":17.736,""other"":0,""bandwidth"":0.673}}"
2026-08-28T19:09:24.524109+00:00,2026-08-28T19:09:23.388+00:00,director_heartbeat,,a,show-qfstpj50,,,,,,,,,,,,,,,,,,,,,,,,,,,,,,,,,,"{""state"":""running""}"
2026-08-28T19:09:24.524109+00:00,2026-08-28T19:09:23.656+00:00,mic_silent,,a,show-qfstpj50,,,,,,,,,,,,,,,,,,,,,,,,,,,,,,,,,,"{""inputRms"":0.00008625290407825199,""outputRms"":0.00008625290407825199,""silentSinceMs"":1787944148656,""audioContextState"":""running""}"
2026-08-28T19:09:24.524109+00:00,2026-08-28T19:09:23.656+00:00,mic_level_sample,,a,show-qfstpj50,,,,,,,,,,,,,,,,,,,,,,,,,,,,,,,,,,"{""deviceId"":""39fae2b7de1ac0ad5463a5ba3dd688ee748a5433d1272fa9afbea3233dae361b"",""inputRms"":0.00008625290407825199,""outputRms"":0.00008625290407825199,""deviceLabel"":""MacBook Air Microphone (Built-in)"",""audioContextState"":""running""}"
2026-08-28T19:09:25.536809+00:00,2026-08-28T19:09:24.95+00:00,director_shot_emitted,,a,show-qfstpj50,,,,,,,,,,,,,,,,,,,,,,,,,,,,,,,,,,"{""shot"":""bRoll"",""slot"":""a"",""sourceRole"":""side"",""decisionSource"":""auto"",""targetIdentity"":""camfeed-a-side-53133905""}"
2026-08-28T19:09:25.536809+00:00,2026-08-28T19:09:24.951+00:00,shot_publish_success,,a,show-qfstpj50,,,,,,,,,,,,,,,,,,,,,,,,,,,,,,,,,,"{""shot"":""bRoll"",""slot"":""a"",""commandId"":""97ba08c4-9b17-40b9-938d-c05af9feca31"",""decisionSource"":""auto"",""connectionState"":""connected""}"
2026-08-28T19:09:26.530708+00:00,2026-08-28T19:09:25.387+00:00,pub_stats,,a,show-qfstpj50,3148760,6236875,2940000,60,60,0,30,31,13.58,none,f,f+h+q,3,1080,1920,1080,1920,"SimulcastEncoderAdapter (libvpx, libvpx, libvpx)",3,0,2,0,0,0.000466,0.023,0,,,,,,,live:a,"{""qualityLimitationDurations"":{""cpu"":0,""none"":19.736,""other"":0,""bandwidth"":0.673}}"
2026-08-28T19:09:27.53417+00:00,2026-08-28T19:09:27.386+00:00,track_liveness_snapshot,,a,show-qfstpj50,,,,,,,,,,,,,,,,,,,,,,,,,,,,,,,,,,"{""entries"":[{""key"":""contestant-a-297a1aba:TR_VCiazSiwiK3Qco"",""frames"":null,""reason"":null,""staleSec"":22,""probation"":false},{""key"":""camfeed-a-side-53133905:TR_VCWZJdniVCue9P"",""frames"":269,""reason"":null,""staleSec"":1,""probation"":false}],""trackCount"":2,""ineligibleCount"":0}"
2026-08-28T19:09:28.539112+00:00,2026-08-28T19:09:27.387+00:00,pub_stats,,a,show-qfstpj50,2809844,6433339,3000000,60,60,0,30,31,15.05,none,f,f+h+q,3,1080,1920,1080,1920,"SimulcastEncoderAdapter (libvpx, libvpx, libvpx)",3,0,2,0,0,0.0005549999999999999,0.023,0,,,,,,,live:a,"{""qualityLimitationDurations"":{""cpu"":0,""none"":21.735,""other"":0,""bandwidth"":0.673}}"
2026-08-28T19:09:29.534124+00:00,2026-08-28T19:09:28.656+00:00,mic_level_sample,,a,show-qfstpj50,,,,,,,,,,,,,,,,,,,,,,,,,,,,,,,,,,"{""deviceId"":""39fae2b7de1ac0ad5463a5ba3dd688ee748a5433d1272fa9afbea3233dae361b"",""inputRms"":0.0002695154548384246,""outputRms"":0.0002695154548384246,""deviceLabel"":""MacBook Air Microphone (Built-in)"",""audioContextState"":""running""}"
2026-08-28T19:09:30.532907+00:00,2026-08-28T19:09:29.387+00:00,pub_stats,,a,show-qfstpj50,2993696,6433339,3000000,60,60,0,30,31,11.87,none,f,f+h+q,3,1080,1920,1080,1920,"SimulcastEncoderAdapter (libvpx, libvpx, libvpx)",3,0,2,0,0,0.000355,0.023,0,,,,,,,live:a,"{""qualityLimitationDurations"":{""cpu"":0,""none"":23.736,""other"":0,""bandwidth"":0.673}}"
2026-08-28T19:09:32.552687+00:00,2026-08-28T19:09:31.387+00:00,pub_stats,,a,show-qfstpj50,3167464,6705703,2956320,60,60,0,30,30,15.43,none,f,f+h+q,3,1080,1920,1080,1920,"SimulcastEncoderAdapter (libvpx, libvpx, libvpx)",3,0,2,0,0,0.00042199999999999996,0.021,0,,,,,,,live:a,"{""qualityLimitationDurations"":{""cpu"":0,""none"":25.735,""other"":0,""bandwidth"":0.673}}"
2026-08-28T19:09:32.552687+00:00,2026-08-28T19:09:32.386+00:00,track_liveness_snapshot,,a,show-qfstpj50,,,,,,,,,,,,,,,,,,,,,,,,,,,,,,,,,,"{""entries"":[{""key"":""contestant-a-297a1aba:TR_VCiazSiwiK3Qco"",""frames"":null,""reason"":null,""staleSec"":27,""probation"":false},{""key"":""camfeed-a-side-53133905:TR_VCWZJdniVCue9P"",""frames"":328,""reason"":null,""staleSec"":1,""probation"":false}],""trackCount"":2,""ineligibleCount"":0}"
2026-08-28T19:09:34.542812+00:00,2026-08-28T19:09:33.387+00:00,pub_stats,,a,show-qfstpj50,3029252,6705703,2999085,60,60,0,30,30,18.57,none,f,f+h+q,3,1080,1920,1080,1920,"SimulcastEncoderAdapter (libvpx, libvpx, libvpx)",3,0,2,0,0,0.0005329999999999999,0.023,0,,,,,,,live:a,"{""qualityLimitationDurations"":{""cpu"":0,""none"":27.736,""other"":0,""bandwidth"":0.673}}"
2026-08-28T19:09:34.542812+00:00,2026-08-28T19:09:33.389+00:00,director_heartbeat,,a,show-qfstpj50,,,,,,,,,,,,,,,,,,,,,,,,,,,,,,,,,,"{""state"":""running""}"
2026-08-28T19:09:34.542812+00:00,2026-08-28T19:09:33.655+00:00,mic_level_sample,,a,show-qfstpj50,,,,,,,,,,,,,,,,,,,,,,,,,,,,,,,,,,"{""deviceId"":""39fae2b7de1ac0ad5463a5ba3dd688ee748a5433d1272fa9afbea3233dae361b"",""inputRms"":0.0006171437011966349,""outputRms"":0.0006171437011966349,""deviceLabel"":""MacBook Air Microphone (Built-in)"",""audioContextState"":""running""}"
2026-08-28T19:09:36.529897+00:00,2026-08-28T19:09:35.386+00:00,pub_stats,,a,show-qfstpj50,2937449,6705703,2979142,60,60,0,30,30,21.25,none,f,f+h+q,3,1080,1920,1080,1920,"SimulcastEncoderAdapter (libvpx, libvpx, libvpx)",3,0,2,0,0,0.00043299999999999995,0.023,0,,,,,,,live:a,"{""qualityLimitationDurations"":{""cpu"":0,""none"":29.735,""other"":0,""bandwidth"":0.673}}"
2026-08-28T19:09:36.529897+00:00,2026-08-28T19:09:35.678+00:00,director_shot_emitted,,a,show-qfstpj50,,,,,,,,,,,,,,,,,,,,,,,,,,,,,,,,,,"{""shot"":""mediumCU"",""slot"":""a"",""sourceRole"":""main"",""decisionSource"":""auto"",""targetIdentity"":""contestant-a-297a1aba""}"
2026-08-28T19:09:36.529897+00:00,2026-08-28T19:09:35.678+00:00,shot_publish_success,,a,show-qfstpj50,,,,,,,,,,,,,,,,,,,,,,,,,,,,,,,,,,"{""shot"":""mediumCU"",""slot"":""a"",""commandId"":""c2b4473a-5cf4-4c77-bcf2-08e887e70c22"",""decisionSource"":""auto"",""connectionState"":""connected""}"
2026-08-28T19:09:37.540318+00:00,2026-08-28T19:09:37.386+00:00,track_liveness_snapshot,,a,show-qfstpj50,,,,,,,,,,,,,,,,,,,,,,,,,,,,,,,,,,"{""entries"":[{""key"":""contestant-a-297a1aba:TR_VCiazSiwiK3Qco"",""frames"":null,""reason"":null,""staleSec"":32,""probation"":false},{""key"":""camfeed-a-side-53133905:TR_VCWZJdniVCue9P"",""frames"":393,""reason"":null,""staleSec"":1,""probation"":false}],""trackCount"":2,""ineligibleCount"":0}"
2026-08-28T19:09:38.545331+00:00,2026-08-28T19:09:37.387+00:00,pub_stats,,a,show-qfstpj50,2840936,6705703,3000000,60,60,0,30,30,17.65,none,f,f+h+q,3,1080,1920,1080,1920,"SimulcastEncoderAdapter (libvpx, libvpx, libvpx)",3,0,2,0,0,0.000455,0.022,0,,,,,,,live:a,"{""qualityLimitationDurations"":{""cpu"":0,""none"":31.735,""other"":0,""bandwidth"":0.673}}"
2026-08-28T19:09:39.53294+00:00,2026-08-28T19:09:38.655+00:00,mic_recovered,,a,show-qfstpj50,,,,,,,,,,,,,,,,,,,,,,,,,,,,,,,,,,"{""inputRms"":0.002929996943051276,""outputRms"":0.002929996943051276,""silentDurationMs"":29999,""audioContextState"":""running""}"
2026-08-28T19:09:39.53294+00:00,2026-08-28T19:09:38.655+00:00,mic_level_sample,,a,show-qfstpj50,,,,,,,,,,,,,,,,,,,,,,,,,,,,,,,,,,"{""deviceId"":""39fae2b7de1ac0ad5463a5ba3dd688ee748a5433d1272fa9afbea3233dae361b"",""inputRms"":0.002929996943051276,""outputRms"":0.002929996943051276,""deviceLabel"":""MacBook Air Microphone (Built-in)"",""audioContextState"":""running""}"
2026-08-28T19:09:40.559275+00:00,2026-08-28T19:09:39.387+00:00,pub_stats,,a,show-qfstpj50,3131400,6808796,2931268,60,60,0,30,30,21.7,none,f,f+h+q,3,1080,1920,1080,1920,"SimulcastEncoderAdapter (libvpx, libvpx, libvpx)",3,0,2,0,0,0.000288,0.023,0,,,,,,,live:a,"{""qualityLimitationDurations"":{""cpu"":0,""none"":33.736,""other"":0,""bandwidth"":0.673}}"
2026-08-28T19:09:42.616127+00:00,2026-08-28T19:09:41.387+00:00,pub_stats,,a,show-qfstpj50,2926592,6808796,3000000,60,60,0,30,30,18.47,none,f,f+h+q,3,1080,1920,1080,1920,"SimulcastEncoderAdapter (libvpx, libvpx, libvpx)",3,0,2,0,0,0.0006,0.022,0,,,,,,,live:a,"{""qualityLimitationDurations"":{""cpu"":0,""none"":35.736,""other"":0,""bandwidth"":0.673}}"
2026-08-28T19:09:42.616127+00:00,2026-08-28T19:09:42.387+00:00,track_liveness_snapshot,,a,show-qfstpj50,,,,,,,,,,,,,,,,,,,,,,,,,,,,,,,,,,"{""entries"":[{""key"":""contestant-a-297a1aba:TR_VCiazSiwiK3Qco"",""frames"":null,""reason"":null,""staleSec"":37,""probation"":false},{""key"":""camfeed-a-side-53133905:TR_VCWZJdniVCue9P"",""frames"":495,""reason"":null,""staleSec"":1,""probation"":false}],""trackCount"":2,""ineligibleCount"":0}"
2026-08-28T19:09:44.530861+00:00,2026-08-28T19:09:43.388+00:00,pub_stats,,a,show-qfstpj50,3016196,6808796,2959122,60,60,0,30,30,17.85,none,f,f+h+q,3,1080,1920,1080,1920,"SimulcastEncoderAdapter (libvpx, libvpx, libvpx)",3,0,2,0,0,0.000466,0.022,0,,,,,,,live:a,"{""qualityLimitationDurations"":{""cpu"":0,""none"":37.736,""other"":0,""bandwidth"":0.673}}"
2026-08-28T19:09:44.530861+00:00,2026-08-28T19:09:43.388+00:00,director_heartbeat,,a,show-qfstpj50,,,,,,,,,,,,,,,,,,,,,,,,,,,,,,,,,,"{""state"":""running""}"
2026-08-28T19:09:44.530861+00:00,2026-08-28T19:09:43.655+00:00,mic_level_sample,,a,show-qfstpj50,,,,,,,,,,,,,,,,,,,,,,,,,,,,,,,,,,"{""deviceId"":""39fae2b7de1ac0ad5463a5ba3dd688ee748a5433d1272fa9afbea3233dae361b"",""inputRms"":0.0005285704666256769,""outputRms"":0.0005285704666256769,""deviceLabel"":""MacBook Air Microphone (Built-in)"",""audioContextState"":""running""}"
2026-08-28T19:09:45.551339+00:00,2026-08-28T19:09:44.939+00:00,shot_publish_success,,a,show-qfstpj50,,,,,,,,,,,,,,,,,,,,,,,,,,,,,,,,,,"{""shot"":""bRoll"",""slot"":""a"",""commandId"":""84709274-9281-495d-a4c7-129410c60cd8"",""decisionSource"":""auto"",""connectionState"":""connected""}"
2026-08-28T19:09:45.551339+00:00,2026-08-28T19:09:44.939+00:00,director_shot_emitted,,a,show-qfstpj50,,,,,,,,,,,,,,,,,,,,,,,,,,,,,,,,,,"{""shot"":""bRoll"",""slot"":""a"",""sourceRole"":""side"",""decisionSource"":""auto"",""targetIdentity"":""camfeed-a-side-53133905""}"
2026-08-28T19:09:46.529814+00:00,2026-08-28T19:09:45.387+00:00,pub_stats,,a,show-qfstpj50,2838403,6808796,3000000,60,60,0,30,30,13.78,none,f,f+h+q,3,1080,1920,1080,1920,"SimulcastEncoderAdapter (libvpx, libvpx, libvpx)",3,0,2,0,0,0.0006,0.022,0,,,,,,,live:a,"{""qualityLimitationDurations"":{""cpu"":0,""none"":39.736,""other"":0,""bandwidth"":0.673}}"
2026-08-28T19:09:48.544155+00:00,2026-08-28T19:09:47.387+00:00,pub_stats,,a,show-qfstpj50,3027188,6808796,3000000,60,60,0,30,30,11.25,none,f,f+h+q,3,1080,1920,1080,1920,"SimulcastEncoderAdapter (libvpx, libvpx, libvpx)",3,0,2,0,0,0.0005769999999999999,0.022,0,,,,,,,live:a,"{""qualityLimitationDurations"":{""cpu"":0,""none"":41.736,""other"":0,""bandwidth"":0.673}}"
2026-08-28T19:09:48.544155+00:00,2026-08-28T19:09:47.886+00:00,track_liveness_snapshot,,a,show-qfstpj50,,,,,,,,,,,,,,,,,,,,,,,,,,,,,,,,,,"{""entries"":[{""key"":""contestant-a-297a1aba:TR_VCiazSiwiK3Qco"",""frames"":null,""reason"":null,""staleSec"":43,""probation"":false},{""key"":""camfeed-a-side-53133905:TR_VCWZJdniVCue9P"",""frames"":575,""reason"":null,""staleSec"":1,""probation"":false}],""trackCount"":2,""ineligibleCount"":0}"
2026-08-28T19:09:49.551905+00:00,2026-08-28T19:09:48.655+00:00,mic_level_sample,,a,show-qfstpj50,,,,,,,,,,,,,,,,,,,,,,,,,,,,,,,,,,"{""deviceId"":""39fae2b7de1ac0ad5463a5ba3dd688ee748a5433d1272fa9afbea3233dae361b"",""inputRms"":0.00010700054052796886,""outputRms"":0.00010700054052796886,""deviceLabel"":""MacBook Air Microphone (Built-in)"",""audioContextState"":""running""}"
2026-08-28T19:09:50.536514+00:00,2026-08-28T19:09:49.387+00:00,pub_stats,,a,show-qfstpj50,2960656,6808796,3000000,60,60,0,30,30,11.17,none,f,f+h+q,3,1080,1920,1080,1920,"SimulcastEncoderAdapter (libvpx, libvpx, libvpx)",3,0,2,0,0,0.000488,0.024,0,,,,,,,live:a,"{""qualityLimitationDurations"":{""cpu"":0,""none"":43.736,""other"":0,""bandwidth"":0.673}}"
2026-08-28T19:09:52.542564+00:00,2026-08-28T19:09:51.387+00:00,pub_stats,,a,show-qfstpj50,3002520,6808796,3000000,60,60,0,30,30,10.58,none,f,f+h+q,3,1080,1920,1080,1920,"SimulcastEncoderAdapter (libvpx, libvpx, libvpx)",3,0,2,0,0,0.000544,0.024,0,,,,,,,live:a,"{""qualityLimitationDurations"":{""cpu"":0,""none"":45.736,""other"":0,""bandwidth"":0.673}}"
2026-08-28T19:09:53.527742+00:00,2026-08-28T19:09:52.886+00:00,track_liveness_snapshot,,a,show-qfstpj50,,,,,,,,,,,,,,,,,,,,,,,,,,,,,,,,,,"{""entries"":[{""key"":""contestant-a-297a1aba:TR_VCiazSiwiK3Qco"",""frames"":null,""reason"":null,""staleSec"":48,""probation"":false},{""key"":""camfeed-a-side-53133905:TR_VCWZJdniVCue9P"",""frames"":727,""reason"":null,""staleSec"":1,""probation"":false}],""trackCount"":2,""ineligibleCount"":0}"
2026-08-28T19:09:54.552453+00:00,2026-08-28T19:09:53.387+00:00,pub_stats,,a,show-qfstpj50,3006680,6808796,2993465,60,60,0,30,30,10.42,none,f,f+h+q,3,1080,1920,1080,1920,"SimulcastEncoderAdapter (libvpx, libvpx, libvpx)",3,0,2,0,0,0.000544,0.023,0,,,,,,,live:a,"{""qualityLimitationDurations"":{""cpu"":0,""none"":47.736,""other"":0,""bandwidth"":0.673}}"
2026-08-28T19:09:54.552453+00:00,2026-08-28T19:09:53.388+00:00,director_heartbeat,,a,show-qfstpj50,,,,,,,,,,,,,,,,,,,,,,,,,,,,,,,,,,"{""state"":""running""}"
2026-08-28T19:09:54.552453+00:00,2026-08-28T19:09:53.656+00:00,mic_silent,,a,show-qfstpj50,,,,,,,,,,,,,,,,,,,,,,,,,,,,,,,,,,"{""inputRms"":0.0006186253670401153,""outputRms"":0.0006186253670401153,""silentSinceMs"":1787944183656,""audioContextState"":""running""}"
2026-08-28T19:09:54.552453+00:00,2026-08-28T19:09:53.656+00:00,mic_level_sample,,a,show-qfstpj50,,,,,,,,,,,,,,,,,,,,,,,,,,,,,,,,,,"{""deviceId"":""39fae2b7de1ac0ad5463a5ba3dd688ee748a5433d1272fa9afbea3233dae361b"",""inputRms"":0.0006186253670401153,""outputRms"":0.0006186253670401153,""deviceLabel"":""MacBook Air Microphone (Built-in)"",""audioContextState"":""running""}"
2026-08-28T19:09:56.537326+00:00,2026-08-28T19:09:55.387+00:00,pub_stats,,a,show-qfstpj50,3119636,6808796,2916407,60,60,0,30,30,13.08,none,f,f+h+q,3,1080,1920,1080,1920,"SimulcastEncoderAdapter (libvpx, libvpx, libvpx)",3,0,2,0,0,0.00043299999999999995,0.022,0,,,,,,,live:a,"{""qualityLimitationDurations"":{""cpu"":0,""none"":49.736,""other"":0,""bandwidth"":0.673}}"
2026-08-28T19:09:56.537326+00:00,2026-08-28T19:09:56.225+00:00,director_shot_emitted,,a,show-qfstpj50,,,,,,,,,,,,,,,,,,,,,,,,,,,,,,,,,,"{""shot"":""mediumCU"",""slot"":""a"",""sourceRole"":""main"",""decisionSource"":""auto"",""targetIdentity"":""contestant-a-297a1aba""}"
2026-08-28T19:09:56.537326+00:00,2026-08-28T19:09:56.225+00:00,shot_publish_success,,a,show-qfstpj50,,,,,,,,,,,,,,,,,,,,,,,,,,,,,,,,,,"{""shot"":""mediumCU"",""slot"":""a"",""commandId"":""7a6d02a3-de27-4306-a14d-269ed84e3fb0"",""decisionSource"":""auto"",""connectionState"":""connected""}"
2026-08-28T19:09:58.879945+00:00,2026-08-28T19:09:57.387+00:00,pub_stats,,a,show-qfstpj50,2930516,6808796,3000000,60,60,0,30,30,13.38,none,f,f+h+q,3,1080,1920,1080,1920,"SimulcastEncoderAdapter (libvpx, libvpx, libvpx)",3,0,2,0,0,0.0007329999999999999,0.021,0,,,,,,,live:a,"{""qualityLimitationDurations"":{""cpu"":0,""none"":51.736,""other"":0,""bandwidth"":0.673}}"
2026-08-28T19:09:58.879945+00:00,2026-08-28T19:09:57.46+00:00,wake_lock_released_by_system,,a,show-qfstpj50,,,,,,,,,,,,,,,,,,,,,,,,,,,,,,,,,live:a,
2026-08-28T19:09:58.879945+00:00,2026-08-28T19:09:57.46+00:00,visibility_hidden,,a,show-qfstpj50,,,,,,,,,,,,,,,,,,,,,,,,,,,,,,,,,,"{""audioContextState"":""running""}"
2026-08-28T19:09:58.879945+00:00,2026-08-28T19:09:57.46+00:00,window_blur,,a,show-qfstpj50,,,,,,,,,,,,,,,,,,,,,,,,,,,,,,,,,,
2026-08-28T19:09:58.879945+00:00,2026-08-28T19:09:58.708+00:00,track_liveness_snapshot,,a,show-qfstpj50,,,,,,,,,,,,,,,,,,,,,,,,,,,,,,,,,,"{""entries"":[{""key"":""contestant-a-297a1aba:TR_VCiazSiwiK3Qco"",""frames"":null,""reason"":null,""staleSec"":53,""probation"":false},{""key"":""camfeed-a-side-53133905:TR_VCWZJdniVCue9P"",""frames"":878,""reason"":null,""staleSec"":1,""probation"":false}],""trackCount"":2,""ineligibleCount"":0}"
2026-08-28T19:09:59.860293+00:00,2026-08-28T19:09:58.709+00:00,mic_recovered,,a,show-qfstpj50,,,,,,,,,,,,,,,,,,,,,,,,,,,,,,,,,,"{""inputRms"":0.007492413027261665,""outputRms"":0.007492413027261665,""silentDurationMs"":15053,""audioContextState"":""running""}"
2026-08-28T19:09:59.860293+00:00,2026-08-28T19:09:58.709+00:00,mic_level_sample,,a,show-qfstpj50,,,,,,,,,,,,,,,,,,,,,,,,,,,,,,,,,,"{""deviceId"":""39fae2b7de1ac0ad5463a5ba3dd688ee748a5433d1272fa9afbea3233dae361b"",""inputRms"":0.007492413027261665,""outputRms"":0.007492413027261665,""deviceLabel"":""MacBook Air Microphone (Built-in)"",""audioContextState"":""running""}"
2026-08-28T19:10:01.02847+00:00,2026-08-28T19:09:59.71+00:00,pub_stats,,a,show-qfstpj50,2964226,6840963,3000000,69,69,0,29,30,31.3,none,f,f+h+q,3,1080,1920,1080,1920,"SimulcastEncoderAdapter (libvpx, libvpx, libvpx)",3,0,2,0,0,0.002211,0.022,0,,,,,,,live:a,"{""qualityLimitationDurations"":{""cpu"":0,""none"":54.057,""other"":0,""bandwidth"":0.673}}"
2026-08-28T19:10:02.897306+00:00,2026-08-28T19:10:01.71+00:00,pub_stats,,a,show-qfstpj50,3039400,6840963,3000000,60,60,0,29,30,38.13,none,f,f+h+q,3,1080,1920,1080,1920,"SimulcastEncoderAdapter (libvpx, libvpx, libvpx)",3,0,2,0,0,0.000611,0.022,0,,,,,,,live:a,"{""qualityLimitationDurations"":{""cpu"":0,""none"":56.057,""other"":0,""bandwidth"":0.673}}"
2026-08-28T19:10:04.877947+00:00,2026-08-28T19:10:03.708+00:00,director_heartbeat,,a,show-qfstpj50,,,,,,,,,,,,,,,,,,,,,,,,,,,,,,,,,,"{""state"":""running""}"
2026-08-28T19:10:04.00473+00:00,2026-08-28T19:10:03.708+00:00,track_liveness_snapshot,,a,show-qfstpj50,,,,,,,,,,,,,,,,,,,,,,,,,,,,,,,,,,"{""entries"":[{""key"":""contestant-a-297a1aba:TR_VCiazSiwiK3Qco"",""frames"":null,""reason"":null,""staleSec"":58,""probation"":false},{""key"":""camfeed-a-side-53133905:TR_VCWZJdniVCue9P"",""frames"":1028,""reason"":null,""staleSec"":1,""probation"":false}],""trackCount"":2,""ineligibleCount"":0}"
2026-08-28T19:10:04.877947+00:00,2026-08-28T19:10:03.709+00:00,mic_level_sample,,a,show-qfstpj50,,,,,,,,,,,,,,,,,,,,,,,,,,,,,,,,,,"{""deviceId"":""39fae2b7de1ac0ad5463a5ba3dd688ee748a5433d1272fa9afbea3233dae361b"",""inputRms"":0.0003915057375150735,""outputRms"":0.0003915057375150735,""deviceLabel"":""MacBook Air Microphone (Built-in)"",""audioContextState"":""running""}"
2026-08-28T19:10:04.877947+00:00,2026-08-28T19:10:03.71+00:00,pub_stats,,a,show-qfstpj50,2790108,6840963,3000000,60,60,0,29,30,29.37,none,f,f+h+q,3,1080,1920,1080,1920,"SimulcastEncoderAdapter (libvpx, libvpx, libvpx)",3,0,2,0,0,0.000466,0.022,0,,,,,,,live:a,"{""qualityLimitationDurations"":{""cpu"":0,""none"":58.058,""other"":0,""bandwidth"":0.673}}"
2026-08-28T19:10:06.859262+00:00,2026-08-28T19:10:05.708+00:00,director_shot_emitted,,a,show-qfstpj50,,,,,,,,,,,,,,,,,,,,,,,,,,,,,,,,,,"{""shot"":""bRoll"",""slot"":""a"",""sourceRole"":""side"",""decisionSource"":""auto"",""targetIdentity"":""camfeed-a-side-53133905""}"
2026-08-28T19:10:06.859262+00:00,2026-08-28T19:10:05.709+00:00,shot_publish_success,,a,show-qfstpj50,,,,,,,,,,,,,,,,,,,,,,,,,,,,,,,,,,"{""shot"":""bRoll"",""slot"":""a"",""commandId"":""8f5074dc-fb1f-49bd-a3b0-8deb5cc3f5d8"",""decisionSource"":""auto"",""connectionState"":""connected""}"
2026-08-28T19:10:06.859262+00:00,2026-08-28T19:10:05.711+00:00,pub_stats,,a,show-qfstpj50,2986523,6840963,3000000,60,60,0,29,30,15.78,none,f,f+h+q,3,1080,1920,1080,1920,"SimulcastEncoderAdapter (libvpx, libvpx, libvpx)",3,0,2,0,0,0.0005549999999999999,0.023,0,,,,,,,live:a,"{""qualityLimitationDurations"":{""cpu"":0,""none"":60.058,""other"":0,""bandwidth"":0.673}}"
2026-08-28T19:10:08.866098+00:00,2026-08-28T19:10:07.71+00:00,pub_stats,,a,show-qfstpj50,3062711,6840963,2965715,60,60,0,29,30,12.03,none,f,f+h+q,3,1080,1920,1080,1920,"SimulcastEncoderAdapter (libvpx, libvpx, libvpx)",3,0,2,0,0,0.000566,0.023,0,,,,,,,live:a,"{""qualityLimitationDurations"":{""cpu"":0,""none"":62.058,""other"":0,""bandwidth"":0.673}}"
2026-08-28T19:10:08.866098+00:00,2026-08-28T19:10:08.708+00:00,track_liveness_snapshot,,a,show-qfstpj50,,,,,,,,,,,,,,,,,,,,,,,,,,,,,,,,,,"{""entries"":[{""key"":""contestant-a-297a1aba:TR_VCiazSiwiK3Qco"",""frames"":null,""reason"":null,""staleSec"":63,""probation"":false},{""key"":""camfeed-a-side-53133905:TR_VCWZJdniVCue9P"",""frames"":1170,""reason"":null,""staleSec"":1,""probation"":false}],""trackCount"":2,""ineligibleCount"":0}"
2026-08-28T19:10:09.855821+00:00,2026-08-28T19:10:08.709+00:00,mic_level_sample,,a,show-qfstpj50,,,,,,,,,,,,,,,,,,,,,,,,,,,,,,,,,,"{""deviceId"":""39fae2b7de1ac0ad5463a5ba3dd688ee748a5433d1272fa9afbea3233dae361b"",""inputRms"":0.00010837482593599473,""outputRms"":0.00010837482593599473,""deviceLabel"":""MacBook Air Microphone (Built-in)"",""audioContextState"":""running""}"
2026-08-28T19:10:10.855808+00:00,2026-08-28T19:10:09.71+00:00,pub_stats,,a,show-qfstpj50,2924804,6840963,3000000,60,60,0,30,30,11.7,none,f,f+h+q,3,1080,1920,1080,1920,"SimulcastEncoderAdapter (libvpx, libvpx, libvpx)",3,0,2,0,0,0.000466,0.023,0,,,,,,,live:a,"{""qualityLimitationDurations"":{""cpu"":0,""none"":64.058,""other"":0,""bandwidth"":0.673}}"
2026-08-28T19:10:12.842966+00:00,2026-08-28T19:10:11.71+00:00,pub_stats,,a,show-qfstpj50,3040252,6840963,3000000,60,60,0,30,30,10.67,none,f,f+h+q,3,1080,1920,1080,1920,"SimulcastEncoderAdapter (libvpx, libvpx, libvpx)",3,0,2,0,0,0.000633,0.024,0,,,,,,,live:a,"{""qualityLimitationDurations"":{""cpu"":0,""none"":66.058,""other"":0,""bandwidth"":0.673}}"
2026-08-28T19:10:15.068257+00:00,2026-08-28T19:10:13.708+00:00,mic_level_sample,,a,show-qfstpj50,,,,,,,,,,,,,,,,,,,,,,,,,,,,,,,,,,"{""deviceId"":""39fae2b7de1ac0ad5463a5ba3dd688ee748a5433d1272fa9afbea3233dae361b"",""inputRms"":0.0004824296880889371,""outputRms"":0.0004824296880889371,""deviceLabel"":""MacBook Air Microphone (Built-in)"",""audioContextState"":""running""}"
2026-08-28T19:10:13.855694+00:00,2026-08-28T19:10:13.708+00:00,track_liveness_snapshot,,a,show-qfstpj50,,,,,,,,,,,,,,,,,,,,,,,,,,,,,,,,,,"{""entries"":[{""key"":""contestant-a-297a1aba:TR_VCiazSiwiK3Qco"",""frames"":null,""reason"":null,""staleSec"":68,""probation"":false},{""key"":""camfeed-a-side-53133905:TR_VCWZJdniVCue9P"",""frames"":1310,""reason"":null,""staleSec"":1,""probation"":false}],""trackCount"":2,""ineligibleCount"":0}"
2026-08-28T19:10:15.068257+00:00,2026-08-28T19:10:13.708+00:00,director_heartbeat,,a,show-qfstpj50,,,,,,,,,,,,,,,,,,,,,,,,,,,,,,,,,,"{""state"":""running""}"
2026-08-28T19:10:15.068257+00:00,2026-08-28T19:10:13.71+00:00,pub_stats,,a,show-qfstpj50,2936700,6840963,3000000,60,60,0,30,30,11.23,none,f,f+h+q,3,1080,1920,1080,1920,"SimulcastEncoderAdapter (libvpx, libvpx, libvpx)",3,0,2,0,0,0.000655,0.024,0,,,,,,,live:a,"{""qualityLimitationDurations"":{""cpu"":0,""none"":68.058,""other"":0,""bandwidth"":0.673}}"
2026-08-28T19:10:16.863867+00:00,2026-08-28T19:10:15.71+00:00,pub_stats,,a,show-qfstpj50,3087488,6840963,2965730,60,60,0,30,30,10.85,none,f,f+h+q,3,1080,1920,1080,1920,"SimulcastEncoderAdapter (libvpx, libvpx, libvpx)",3,0,2,0,0,0.000833,0.023,0,,,,,,,live:a,"{""qualityLimitationDurations"":{""cpu"":0,""none"":70.058,""other"":0,""bandwidth"":0.673}}"
2026-08-28T19:10:18.85492+00:00,2026-08-28T19:10:17.709+00:00,pub_stats,,a,show-qfstpj50,3062263,6840963,2913437,60,60,0,30,30,14.02,none,f,f+h+q,3,1080,1920,1080,1920,"SimulcastEncoderAdapter (libvpx, libvpx, libvpx)",3,0,2,0,0,0.0005,0.023,0,,,,,,,live:a,"{""qualityLimitationDurations"":{""cpu"":0,""none"":72.058,""other"":0,""bandwidth"":0.673}}"
2026-08-28T19:10:19.866662+00:00,2026-08-28T19:10:18.709+00:00,mic_level_sample,,a,show-qfstpj50,,,,,,,,,,,,,,,,,,,,,,,,,,,,,,,,,,"{""deviceId"":""39fae2b7de1ac0ad5463a5ba3dd688ee748a5433d1272fa9afbea3233dae361b"",""inputRms"":0.0028023975511672593,""outputRms"":0.0028023975511672593,""deviceLabel"":""MacBook Air Microphone (Built-in)"",""audioContextState"":""running""}"
2026-08-28T19:10:19.866662+00:00,2026-08-28T19:10:18.709+00:00,shot_publish_success,,a,show-qfstpj50,,,,,,,,,,,,,,,,,,,,,,,,,,,,,,,,,,"{""shot"":""pan"",""slot"":""a"",""commandId"":""9e7483c3-aa71-489b-9c42-febce9e59577"",""decisionSource"":""auto"",""connectionState"":""connected""}"
2026-08-28T19:10:19.866662+00:00,2026-08-28T19:10:18.709+00:00,director_shot_emitted,,a,show-qfstpj50,,,,,,,,,,,,,,,,,,,,,,,,,,,,,,,,,,"{""shot"":""pan"",""slot"":""a"",""sourceRole"":""main"",""decisionSource"":""auto"",""targetIdentity"":""contestant-a-297a1aba""}"
2026-08-28T19:10:19.866662+00:00,2026-08-28T19:10:19.708+00:00,track_liveness_snapshot,,a,show-qfstpj50,,,,,,,,,,,,,,,,,,,,,,,,,,,,,,,,,,"{""entries"":[{""key"":""contestant-a-297a1aba:TR_VCiazSiwiK3Qco"",""frames"":null,""reason"":null,""staleSec"":74,""probation"":false},{""key"":""camfeed-a-side-53133905:TR_VCWZJdniVCue9P"",""frames"":1487,""reason"":null,""staleSec"":1,""probation"":false}],""trackCount"":2,""ineligibleCount"":0}"
2026-08-28T19:10:20.879639+00:00,2026-08-28T19:10:19.709+00:00,pub_stats,,a,show-qfstpj50,2855464,6840963,3000000,60,60,0,30,30,17.55,none,f,f+h+q,3,1080,1920,1080,1920,"SimulcastEncoderAdapter (libvpx, libvpx, libvpx)",3,0,2,0,0,0.000388,0.023,0,,,,,,,live:a,"{""qualityLimitationDurations"":{""cpu"":0,""none"":74.058,""other"":0,""bandwidth"":0.673}}"
2026-08-28T19:10:22.905271+00:00,2026-08-28T19:10:21.711+00:00,pub_stats,,a,show-qfstpj50,3073738,6840963,3000000,60,60,0,30,30,12.7,none,f,f+h+q,3,1080,1920,1080,1920,"SimulcastEncoderAdapter (libvpx, libvpx, libvpx)",3,0,2,0,0,0.000522,0.024,0,,,,,,,live:a,"{""qualityLimitationDurations"":{""cpu"":0,""none"":76.058,""other"":0,""bandwidth"":0.673}}"
2026-08-28T19:10:24.891435+00:00,2026-08-28T19:10:23.709+00:00,mic_level_sample,,a,show-qfstpj50,,,,,,,,,,,,,,,,,,,,,,,,,,,,,,,,,,"{""deviceId"":""39fae2b7de1ac0ad5463a5ba3dd688ee748a5433d1272fa9afbea3233dae361b"",""inputRms"":0.00015361938944941618,""outputRms"":0.00015361938944941618,""deviceLabel"":""MacBook Air Microphone (Built-in)"",""audioContextState"":""running""}"
2026-08-28T19:10:24.891435+00:00,2026-08-28T19:10:23.709+00:00,director_heartbeat,,a,show-qfstpj50,,,,,,,,,,,,,,,,,,,,,,,,,,,,,,,,,,"{""state"":""running""}"
2026-08-28T19:10:24.891435+00:00,2026-08-28T19:10:23.71+00:00,pub_stats,,a,show-qfstpj50,2924462,6840963,2990075,60,60,0,30,30,13.58,none,f,f+h+q,3,1080,1920,1080,1920,"SimulcastEncoderAdapter (libvpx, libvpx, libvpx)",3,0,2,0,0,0.000588,0.024,0,,,,,,,live:a,"{""qualityLimitationDurations"":{""cpu"":0,""none"":78.059,""other"":0,""bandwidth"":0.673}}"
2026-08-28T19:10:24.891435+00:00,2026-08-28T19:10:24.708+00:00,track_liveness_snapshot,,a,show-qfstpj50,,,,,,,,,,,,,,,,,,,,,,,,,,,,,,,,,,"{""entries"":[{""key"":""contestant-a-297a1aba:TR_VCiazSiwiK3Qco"",""frames"":null,""reason"":null,""staleSec"":79,""probation"":false},{""key"":""camfeed-a-side-53133905:TR_VCWZJdniVCue9P"",""frames"":1638,""reason"":null,""staleSec"":1,""probation"":false}],""trackCount"":2,""ineligibleCount"":0}"
2026-08-28T19:10:26.852312+00:00,2026-08-28T19:10:25.71+00:00,pub_stats,,a,show-qfstpj50,2956968,6840963,3000000,60,60,0,30,30,11.27,none,f,f+h+q,3,1080,1920,1080,1920,"SimulcastEncoderAdapter (libvpx, libvpx, libvpx)",3,0,2,0,0,0.00039999999999999996,0.024,0,,,,,,,live:a,"{""qualityLimitationDurations"":{""cpu"":0,""none"":80.058,""other"":0,""bandwidth"":0.673}}"
2026-08-28T19:10:27.881187+00:00,2026-08-28T19:10:26.709+00:00,director_shot_emitted,,a,show-qfstpj50,,,,,,,,,,,,,,,,,,,,,,,,,,,,,,,,,,"{""shot"":""bRoll"",""slot"":""a"",""sourceRole"":""side"",""decisionSource"":""auto"",""targetIdentity"":""camfeed-a-side-53133905""}"
2026-08-28T19:10:27.881187+00:00,2026-08-28T19:10:26.71+00:00,shot_publish_success,,a,show-qfstpj50,,,,,,,,,,,,,,,,,,,,,,,,,,,,,,,,,,"{""shot"":""bRoll"",""slot"":""a"",""commandId"":""e756ed91-6f17-4a3d-9979-9b24d8585c88"",""decisionSource"":""auto"",""connectionState"":""connected""}"
2026-08-28T19:10:28.861808+00:00,2026-08-28T19:10:27.709+00:00,pub_stats,,a,show-qfstpj50,3071992,6840963,2975467,60,60,0,30,30,13.1,none,f,f+h+q,3,1080,1920,1080,1920,"SimulcastEncoderAdapter (libvpx, libvpx, libvpx)",3,0,2,0,0,0.000566,0.021,0,,,,,,,live:a,"{""qualityLimitationDurations"":{""cpu"":0,""none"":82.057,""other"":0,""bandwidth"":0.673}}"
2026-08-28T19:10:29.865289+00:00,2026-08-28T19:10:28.709+00:00,mic_level_sample,,a,show-qfstpj50,,,,,,,,,,,,,,,,,,,,,,,,,,,,,,,,,,"{""deviceId"":""39fae2b7de1ac0ad5463a5ba3dd688ee748a5433d1272fa9afbea3233dae361b"",""inputRms"":0.0001208864526619603,""outputRms"":0.0001208864526619603,""deviceLabel"":""MacBook Air Microphone (Built-in)"",""audioContextState"":""running""}"
2026-08-28T19:10:29.865289+00:00,2026-08-28T19:10:29.708+00:00,track_liveness_snapshot,,a,show-qfstpj50,,,,,,,,,,,,,,,,,,,,,,,,,,,,,,,,,,"{""entries"":[{""key"":""contestant-a-297a1aba:TR_VCiazSiwiK3Qco"",""frames"":null,""reason"":null,""staleSec"":84,""probation"":false},{""key"":""camfeed-a-side-53133905:TR_VCWZJdniVCue9P"",""frames"":1788,""reason"":null,""staleSec"":1,""probation"":false}],""trackCount"":2,""ineligibleCount"":0}"
2026-08-28T19:10:30.873979+00:00,2026-08-28T19:10:29.709+00:00,pub_stats,,a,show-qfstpj50,2954752,6840963,3000000,60,60,0,30,30,12.78,none,f,f+h+q,3,1080,1920,1080,1920,"SimulcastEncoderAdapter (libvpx, libvpx, libvpx)",3,0,2,0,0,0.000511,0.023,0,,,,,,,live:a,"{""qualityLimitationDurations"":{""cpu"":0,""none"":84.058,""other"":0,""bandwidth"":0.673}}"
2026-08-28T19:10:32.87913+00:00,2026-08-28T19:10:31.709+00:00,pub_stats,,a,show-qfstpj50,3078032,6840963,2961425,60,60,0,30,30,16.18,none,f,f+h+q,3,1080,1920,1080,1920,"SimulcastEncoderAdapter (libvpx, libvpx, libvpx)",3,0,2,0,0,0.000477,0.024,0,,,,,,,live:a,"{""qualityLimitationDurations"":{""cpu"":0,""none"":86.058,""other"":0,""bandwidth"":0.673}}"
2026-08-28T19:10:34.848221+00:00,2026-08-28T19:10:33.708+00:00,director_heartbeat,,a,show-qfstpj50,,,,,,,,,,,,,,,,,,,,,,,,,,,,,,,,,,"{""state"":""running""}"
2026-08-28T19:10:34.848221+00:00,2026-08-28T19:10:33.709+00:00,mic_silent,,a,show-qfstpj50,,,,,,,,,,,,,,,,,,,,,,,,,,,,,,,,,,"{""inputRms"":0.00019474882480428375,""outputRms"":0.00019474882480428375,""silentSinceMs"":1787944223709,""audioContextState"":""running""}"
2026-08-28T19:10:34.848221+00:00,2026-08-28T19:10:33.709+00:00,mic_level_sample,,a,show-qfstpj50,,,,,,,,,,,,,,,,,,,,,,,,,,,,,,,,,,"{""deviceId"":""39fae2b7de1ac0ad5463a5ba3dd688ee748a5433d1272fa9afbea3233dae361b"",""inputRms"":0.00019474882480428375,""outputRms"":0.00019474882480428375,""deviceLabel"":""MacBook Air Microphone (Built-in)"",""audioContextState"":""running""}"
2026-08-28T19:10:34.848221+00:00,2026-08-28T19:10:33.71+00:00,pub_stats,,a,show-qfstpj50,2881227,6840963,3000000,60,60,0,30,30,14.03,none,f,f+h+q,3,1080,1920,1080,1920,"SimulcastEncoderAdapter (libvpx, libvpx, libvpx)",3,0,2,0,0,0.0007,0.024,0,,,,,,,live:a,"{""qualityLimitationDurations"":{""cpu"":0,""none"":88.058,""other"":0,""bandwidth"":0.673}}"
2026-08-28T19:10:34.848221+00:00,2026-08-28T19:10:34.708+00:00,track_liveness_snapshot,,a,show-qfstpj50,,,,,,,,,,,,,,,,,,,,,,,,,,,,,,,,,,"{""entries"":[{""key"":""contestant-a-297a1aba:TR_VCiazSiwiK3Qco"",""frames"":null,""reason"":null,""staleSec"":89,""probation"":false},{""key"":""camfeed-a-side-53133905:TR_VCWZJdniVCue9P"",""frames"":1939,""reason"":null,""staleSec"":1,""probation"":false}],""trackCount"":2,""ineligibleCount"":0}"
2026-08-28T19:10:36.884181+00:00,2026-08-28T19:10:35.709+00:00,pub_stats,,a,show-qfstpj50,3033141,6840963,2995872,60,60,0,30,30,11.73,none,f,f+h+q,3,1080,1920,1080,1920,"SimulcastEncoderAdapter (libvpx, libvpx, libvpx)",3,0,2,0,0,0.001144,0.022,0,,,,,,,live:a,"{""qualityLimitationDurations"":{""cpu"":0,""none"":90.058,""other"":0,""bandwidth"":0.673}}"
2026-08-28T19:10:38.93426+00:00,2026-08-28T19:10:37.71+00:00,pub_stats,,a,show-qfstpj50,2973549,6840963,3000000,60,60,0,30,30,12.42,none,f,f+h+q,3,1080,1920,1080,1920,"SimulcastEncoderAdapter (libvpx, libvpx, libvpx)",3,0,2,0,0,0.00039999999999999996,0.023,0,,,,,,,live:a,"{""qualityLimitationDurations"":{""cpu"":0,""none"":92.058,""other"":0,""bandwidth"":0.673}}"
2026-08-28T19:10:38.93426+00:00,2026-08-28T19:10:38.708+00:00,shot_publish_success,,a,show-qfstpj50,,,,,,,,,,,,,,,,,,,,,,,,,,,,,,,,,,"{""shot"":""mediumCU"",""slot"":""a"",""commandId"":""a41535d9-0530-41b8-abe4-5a946736207e"",""decisionSource"":""auto"",""connectionState"":""connected""}"
2026-08-28T19:10:38.93426+00:00,2026-08-28T19:10:38.708+00:00,director_shot_emitted,,a,show-qfstpj50,,,,,,,,,,,,,,,,,,,,,,,,,,,,,,,,,,"{""shot"":""mediumCU"",""slot"":""a"",""sourceRole"":""main"",""decisionSource"":""auto"",""targetIdentity"":""contestant-a-297a1aba""}"
2026-08-28T19:10:39.899794+00:00,2026-08-28T19:10:38.71+00:00,mic_level_sample,,a,show-qfstpj50,,,,,,,,,,,,,,,,,,,,,,,,,,,,,,,,,,"{""deviceId"":""39fae2b7de1ac0ad5463a5ba3dd688ee748a5433d1272fa9afbea3233dae361b"",""inputRms"":0.00014119129754246632,""outputRms"":0.00014119129754246632,""deviceLabel"":""MacBook Air Microphone (Built-in)"",""audioContextState"":""running""}"
2026-08-28T19:10:40.970062+00:00,2026-08-28T19:10:39.709+00:00,pub_stats,,a,show-qfstpj50,2969677,6840963,3000000,60,60,0,30,30,16.2,none,f,f+h+q,3,1080,1920,1080,1920,"SimulcastEncoderAdapter (libvpx, libvpx, libvpx)",3,0,2,0,0,0.000522,0.024,0,,,,,,,live:a,"{""qualityLimitationDurations"":{""cpu"":0,""none"":94.057,""other"":0,""bandwidth"":0.673}}"
2026-08-28T19:10:40.970062+00:00,2026-08-28T19:10:40.709+00:00,track_liveness_snapshot,,a,show-qfstpj50,,,,,,,,,,,,,,,,,,,,,,,,,,,,,,,,,,"{""entries"":[{""key"":""contestant-a-297a1aba:TR_VCiazSiwiK3Qco"",""frames"":null,""reason"":null,""staleSec"":95,""probation"":false},{""key"":""camfeed-a-side-53133905:TR_VCWZJdniVCue9P"",""frames"":2120,""reason"":null,""staleSec"":1,""probation"":false}],""trackCount"":2,""ineligibleCount"":0}"
2026-08-28T19:10:42.873151+00:00,2026-08-28T19:10:41.71+00:00,pub_stats,,a,show-qfstpj50,3068074,6840963,3000000,60,60,0,30,30,14.65,none,f,f+h+q,3,1080,1920,1080,1920,"SimulcastEncoderAdapter (libvpx, libvpx, libvpx)",3,0,2,0,0,0.000511,0.024,0,,,,,,,live:a,"{""qualityLimitationDurations"":{""cpu"":0,""none"":96.058,""other"":0,""bandwidth"":0.673}}"
2026-08-28T19:10:44.855394+00:00,2026-08-28T19:10:43.708+00:00,director_heartbeat,,a,show-qfstpj50,,,,,,,,,,,,,,,,,,,,,,,,,,,,,,,,,,"{""state"":""running""}"
2026-08-28T19:10:44.855394+00:00,2026-08-28T19:10:43.708+00:00,mic_level_sample,,a,show-qfstpj50,,,,,,,,,,,,,,,,,,,,,,,,,,,,,,,,,,"{""deviceId"":""39fae2b7de1ac0ad5463a5ba3dd688ee748a5433d1272fa9afbea3233dae361b"",""inputRms"":0.00016508424283613571,""outputRms"":0.00016508424283613571,""deviceLabel"":""MacBook Air Microphone (Built-in)"",""audioContextState"":""running""}"
2026-08-28T19:10:44.855394+00:00,2026-08-28T19:10:43.709+00:00,pub_stats,,a,show-qfstpj50,2930937,6840963,3000000,60,60,0,30,30,13.53,none,f,f+h+q,3,1080,1920,1080,1920,"SimulcastEncoderAdapter (libvpx, libvpx, libvpx)",3,0,2,0,0,0.000566,0.023,0,,,,,,,live:a,"{""qualityLimitationDurations"":{""cpu"":0,""none"":98.057,""other"":0,""bandwidth"":0.673}}"
2026-08-28T19:10:46.862805+00:00,2026-08-28T19:10:45.709+00:00,pub_stats,,a,show-qfstpj50,3055360,6840963,2984190,60,60,0,30,30,11.83,none,f,f+h+q,3,1080,1920,1080,1920,"SimulcastEncoderAdapter (libvpx, libvpx, libvpx)",3,0,2,0,0,0.001588,0.022,0,,,,,,,live:a,"{""qualityLimitationDurations"":{""cpu"":0,""none"":100.058,""other"":0,""bandwidth"":0.673}}"
2026-08-28T19:10:46.862805+00:00,2026-08-28T19:10:46.708+00:00,track_liveness_snapshot,,a,show-qfstpj50,,,,,,,,,,,,,,,,,,,,,,,,,,,,,,,,,,"{""entries"":[{""key"":""contestant-a-297a1aba:TR_VCiazSiwiK3Qco"",""frames"":null,""reason"":null,""staleSec"":101,""probation"":false},{""key"":""camfeed-a-side-53133905:TR_VCWZJdniVCue9P"",""frames"":2300,""reason"":null,""staleSec"":1,""probation"":false}],""trackCount"":2,""ineligibleCount"":0}"
2026-08-28T19:10:49.088269+00:00,2026-08-28T19:10:47.709+00:00,pub_stats,,a,show-qfstpj50,2867596,6840963,3000000,60,60,0,30,30,22.12,none,f,f+h+q,3,1080,1920,1080,1920,"SimulcastEncoderAdapter (libvpx, libvpx, libvpx)",4,0,2,0,0,0.000633,0.023,0,,,,,,,live:a,"{""qualityLimitationDurations"":{""cpu"":0,""none"":102.057,""other"":0,""bandwidth"":0.673}}"
2026-08-28T19:10:49.874543+00:00,2026-08-28T19:10:48.709+00:00,mic_recovered,,a,show-qfstpj50,,,,,,,,,,,,,,,,,,,,,,,,,,,,,,,,,,"{""inputRms"":0.003653005892232763,""outputRms"":0.003653005892232763,""silentDurationMs"":25000,""audioContextState"":""running""}"
2026-08-28T19:10:49.874543+00:00,2026-08-28T19:10:48.709+00:00,mic_level_sample,,a,show-qfstpj50,,,,,,,,,,,,,,,,,,,,,,,,,,,,,,,,,,"{""deviceId"":""39fae2b7de1ac0ad5463a5ba3dd688ee748a5433d1272fa9afbea3233dae361b"",""inputRms"":0.003653005892232763,""outputRms"":0.003653005892232763,""deviceLabel"":""MacBook Air Microphone (Built-in)"",""audioContextState"":""running""}"
2026-08-28T19:10:50.883302+00:00,2026-08-28T19:10:49.71+00:00,pub_stats,,a,show-qfstpj50,3066611,6840963,3000000,60,60,0,30,30,20.15,none,f,f+h+q,3,1080,1920,1080,1920,"SimulcastEncoderAdapter (libvpx, libvpx, libvpx)",4,0,2,0,0,0.000766,0.023,0,,,,,,,live:a,"{""qualityLimitationDurations"":{""cpu"":0,""none"":104.058,""other"":0,""bandwidth"":0.673}}"
2026-08-28T19:10:51.912078+00:00,2026-08-28T19:10:51.708+00:00,track_liveness_snapshot,,a,show-qfstpj50,,,,,,,,,,,,,,,,,,,,,,,,,,,,,,,,,,"{""entries"":[{""key"":""contestant-a-297a1aba:TR_VCiazSiwiK3Qco"",""frames"":null,""reason"":null,""staleSec"":106,""probation"":false},{""key"":""camfeed-a-side-53133905:TR_VCWZJdniVCue9P"",""frames"":2450,""reason"":null,""staleSec"":1,""probation"":false}],""trackCount"":2,""ineligibleCount"":0}"
2026-08-28T19:10:52.974803+00:00,2026-08-28T19:10:51.71+00:00,pub_stats,,a,show-qfstpj50,2928024,6840963,3000000,60,60,0,30,30,15.28,none,f,f+h+q,3,1080,1920,1080,1920,"SimulcastEncoderAdapter (libvpx, libvpx, libvpx)",4,0,2,0,0,0.000566,0.023,0,,,,,,,live:a,"{""qualityLimitationDurations"":{""cpu"":0,""none"":106.058,""other"":0,""bandwidth"":0.673}}"
2026-08-28T19:10:52.974803+00:00,2026-08-28T19:10:52.709+00:00,shot_publish_success,,a,show-qfstpj50,,,,,,,,,,,,,,,,,,,,,,,,,,,,,,,,,,"{""shot"":""bRoll"",""slot"":""a"",""commandId"":""39be1ccc-7062-4777-8661-971e891fec0f"",""decisionSource"":""auto"",""connectionState"":""connected""}"
2026-08-28T19:10:52.974803+00:00,2026-08-28T19:10:52.709+00:00,director_shot_emitted,,a,show-qfstpj50,,,,,,,,,,,,,,,,,,,,,,,,,,,,,,,,,,"{""shot"":""bRoll"",""slot"":""a"",""sourceRole"":""side"",""decisionSource"":""auto"",""targetIdentity"":""camfeed-a-side-53133905""}"
2026-08-28T19:10:54.849167+00:00,2026-08-28T19:10:53.708+00:00,mic_level_sample,,a,show-qfstpj50,,,,,,,,,,,,,,,,,,,,,,,,,,,,,,,,,,"{""deviceId"":""39fae2b7de1ac0ad5463a5ba3dd688ee748a5433d1272fa9afbea3233dae361b"",""inputRms"":0.0009923753795083932,""outputRms"":0.0009923753795083932,""deviceLabel"":""MacBook Air Microphone (Built-in)"",""audioContextState"":""running""}"
2026-08-28T19:10:54.849167+00:00,2026-08-28T19:10:53.708+00:00,director_heartbeat,,a,show-qfstpj50,,,,,,,,,,,,,,,,,,,,,,,,,,,,,,,,,,"{""state"":""running""}"
2026-08-28T19:10:54.849167+00:00,2026-08-28T19:10:53.71+00:00,pub_stats,,a,show-qfstpj50,3122976,6840963,2938070,60,60,0,30,30,12.42,none,f,f+h+q,3,1080,1920,1080,1920,"SimulcastEncoderAdapter (libvpx, libvpx, libvpx)",4,0,2,0,0,0.0005,0.024,0,,,,,,,live:a,"{""qualityLimitationDurations"":{""cpu"":0,""none"":108.058,""other"":0,""bandwidth"":0.673}}"
2026-08-28T19:10:56.895129+00:00,2026-08-28T19:10:55.709+00:00,pub_stats,,a,show-qfstpj50,2924386,6840963,2981022,59,59,0,29,30,13.24,none,f,f+h+q,3,1080,1920,1080,1920,"SimulcastEncoderAdapter (libvpx, libvpx, libvpx)",4,0,2,0,0,0.000944,0.024,0,,,,,,,live:a,"{""qualityLimitationDurations"":{""cpu"":0,""none"":110.057,""other"":0,""bandwidth"":0.673}}"
2026-08-28T19:10:56.895129+00:00,2026-08-28T19:10:56.708+00:00,track_liveness_snapshot,,a,show-qfstpj50,,,,,,,,,,,,,,,,,,,,,,,,,,,,,,,,,,"{""entries"":[{""key"":""contestant-a-297a1aba:TR_VCiazSiwiK3Qco"",""frames"":null,""reason"":null,""staleSec"":111,""probation"":false},{""key"":""camfeed-a-side-53133905:TR_VCWZJdniVCue9P"",""frames"":2601,""reason"":null,""staleSec"":1,""probation"":false}],""trackCount"":2,""ineligibleCount"":0}"
2026-08-28T19:10:58.86307+00:00,2026-08-28T19:10:57.709+00:00,pub_stats,,a,show-qfstpj50,2946984,6840963,2982888,60,60,0,29,30,15.7,none,f,f+h+q,3,1080,1920,1080,1920,"SimulcastEncoderAdapter (libvpx, libvpx, libvpx)",4,0,2,0,0,0.000377,0.024,0,,,,,,,live:a,"{""qualityLimitationDurations"":{""cpu"":0,""none"":112.058,""other"":0,""bandwidth"":0.673}}"
2026-08-28T19:10:59.877119+00:00,2026-08-28T19:10:58.708+00:00,mic_level_sample,,a,show-qfstpj50,,,,,,,,,,,,,,,,,,,,,,,,,,,,,,,,,,"{""deviceId"":""39fae2b7de1ac0ad5463a5ba3dd688ee748a5433d1272fa9afbea3233dae361b"",""inputRms"":0.0008992825897847835,""outputRms"":0.0008992825897847835,""deviceLabel"":""MacBook Air Microphone (Built-in)"",""audioContextState"":""running""}"
2026-08-28T19:11:00.889068+00:00,2026-08-28T19:10:59.709+00:00,pub_stats,,a,show-qfstpj50,2951224,6840963,3000000,60,60,0,29,30,13.17,none,f,f+h+q,3,1080,1920,1080,1920,"SimulcastEncoderAdapter (libvpx, libvpx, libvpx)",4,0,2,0,0,0.000633,0.021,0,,,,,,,live:a,"{""qualityLimitationDurations"":{""cpu"":0,""none"":114.057,""other"":0,""bandwidth"":0.673}}"
2026-08-28T19:11:02.8822+00:00,2026-08-28T19:11:01.709+00:00,pub_stats,,a,show-qfstpj50,3020324,6866932,2954780,60,60,0,29,30,19.2,none,f,f+h+q,3,1080,1920,1080,1920,"SimulcastEncoderAdapter (libvpx, libvpx, libvpx)",4,0,2,0,0,0.0005,0.023,0,,,,,,,live:a,"{""qualityLimitationDurations"":{""cpu"":0,""none"":116.057,""other"":0,""bandwidth"":0.673}}"
2026-08-28T19:11:02.8822+00:00,2026-08-28T19:11:02.708+00:00,track_liveness_snapshot,,a,show-qfstpj50,,,,,,,,,,,,,,,,,,,,,,,,,,,,,,,,,,"{""entries"":[{""key"":""contestant-a-297a1aba:TR_VCiazSiwiK3Qco"",""frames"":null,""reason"":null,""staleSec"":117,""probation"":false},{""key"":""camfeed-a-side-53133905:TR_VCWZJdniVCue9P"",""frames"":2779,""reason"":null,""staleSec"":1,""probation"":false}],""trackCount"":2,""ineligibleCount"":0}"
2026-08-28T19:11:03.895059+00:00,2026-08-28T19:11:03.708+00:00,shot_publish_success,,a,show-qfstpj50,,,,,,,,,,,,,,,,,,,,,,,,,,,,,,,,,,"{""shot"":""zoomOut"",""slot"":""a"",""commandId"":""d100be33-e611-400f-bc63-5a012e8d51d0"",""decisionSource"":""auto"",""connectionState"":""connected""}"
2026-08-28T19:11:03.895059+00:00,2026-08-28T19:11:03.708+00:00,director_shot_emitted,,a,show-qfstpj50,,,,,,,,,,,,,,,,,,,,,,,,,,,,,,,,,,"{""shot"":""zoomOut"",""slot"":""a"",""sourceRole"":""main"",""decisionSource"":""auto"",""targetIdentity"":""contestant-a-297a1aba""}"
2026-08-28T19:11:04.891876+00:00,2026-08-28T19:11:03.709+00:00,director_heartbeat,,a,show-qfstpj50,,,,,,,,,,,,,,,,,,,,,,,,,,,,,,,,,,"{""state"":""running""}"
2026-08-28T19:11:04.891876+00:00,2026-08-28T19:11:03.711+00:00,mic_silent,,a,show-qfstpj50,,,,,,,,,,,,,,,,,,,,,,,,,,,,,,,,,,"{""inputRms"":0.0002467018972133331,""outputRms"":0.0002467018972133331,""silentSinceMs"":1787944253708,""audioContextState"":""running""}"
2026-08-28T19:11:04.891876+00:00,2026-08-28T19:11:03.711+00:00,pub_stats,,a,show-qfstpj50,2958386,6866932,3000000,60,60,0,29,30,21.67,none,f,f+h+q,3,1080,1920,1080,1920,"SimulcastEncoderAdapter (libvpx, libvpx, libvpx)",4,0,2,0,0,0.0005549999999999999,0.024,0,,,,,,,live:a,"{""qualityLimitationDurations"":{""cpu"":0,""none"":118.059,""other"":0,""bandwidth"":0.673}}"
2026-08-28T19:11:04.891876+00:00,2026-08-28T19:11:03.711+00:00,mic_level_sample,,a,show-qfstpj50,,,,,,,,,,,,,,,,,,,,,,,,,,,,,,,,,,"{""deviceId"":""39fae2b7de1ac0ad5463a5ba3dd688ee748a5433d1272fa9afbea3233dae361b"",""inputRms"":0.0002467018972133331,""outputRms"":0.0002467018972133331,""deviceLabel"":""MacBook Air Microphone (Built-in)"",""audioContextState"":""running""}"
2026-08-28T19:11:06.918365+00:00,2026-08-28T19:11:05.711+00:00,pub_stats,,a,show-qfstpj50,2893152,6866932,3000000,60,60,0,29,30,18.43,none,f,f+h+q,3,1080,1920,1080,1920,"SimulcastEncoderAdapter (libvpx, libvpx, libvpx)",4,0,2,0,0,0.0006879999999999999,0.024,0,,,,,,,live:a,"{""qualityLimitationDurations"":{""cpu"":0,""none"":120.058,""other"":0,""bandwidth"":0.673}}"
2026-08-28T19:11:07.896456+00:00,2026-08-28T19:11:07.708+00:00,track_liveness_snapshot,,a,show-qfstpj50,,,,,,,,,,,,,,,,,,,,,,,,,,,,,,,,,,"{""entries"":[{""key"":""contestant-a-297a1aba:TR_VCiazSiwiK3Qco"",""frames"":null,""reason"":null,""staleSec"":122,""probation"":false},{""key"":""camfeed-a-side-53133905:TR_VCWZJdniVCue9P"",""frames"":2928,""reason"":null,""staleSec"":1,""probation"":false}],""trackCount"":2,""ineligibleCount"":0}"
2026-08-28T19:11:08.930398+00:00,2026-08-28T19:11:07.71+00:00,pub_stats,,a,show-qfstpj50,3042617,6866932,3000000,60,60,0,29,30,12.23,none,f,f+h+q,3,1080,1920,1080,1920,"SimulcastEncoderAdapter (libvpx, libvpx, libvpx)",4,0,2,0,0,0.0005329999999999999,0.021,0,,,,,,,live:a,"{""qualityLimitationDurations"":{""cpu"":0,""none"":122.058,""other"":0,""bandwidth"":0.673}}"
2026-08-28T19:11:09.891359+00:00,2026-08-28T19:11:08.709+00:00,mic_level_sample,,a,show-qfstpj50,,,,,,,,,,,,,,,,,,,,,,,,,,,,,,,,,,"{""deviceId"":""39fae2b7de1ac0ad5463a5ba3dd688ee748a5433d1272fa9afbea3233dae361b"",""inputRms"":0.0005045842451914737,""outputRms"":0.0005045842451914737,""deviceLabel"":""MacBook Air Microphone (Built-in)"",""audioContextState"":""running""}"
2026-08-28T19:11:10.865298+00:00,2026-08-28T19:11:09.711+00:00,pub_stats,,a,show-qfstpj50,3038665,6866932,2956608,60,60,0,30,30,12.18,none,f,f+h+q,3,1080,1920,1080,1920,"SimulcastEncoderAdapter (libvpx, libvpx, libvpx)",4,0,2,0,0,0.000488,0.023,0,,,,,,,live:a,"{""qualityLimitationDurations"":{""cpu"":0,""none"":124.059,""other"":0,""bandwidth"":0.673}}"
2026-08-28T19:11:12.880316+00:00,2026-08-28T19:11:11.71+00:00,pub_stats,,a,show-qfstpj50,2952104,6866932,3000000,60,60,0,30,30,12.53,none,f,f+h+q,3,1080,1920,1080,1920,"SimulcastEncoderAdapter (libvpx, libvpx, libvpx)",4,0,2,0,0,0.000455,0.021,0,,,,,,,live:a,"{""qualityLimitationDurations"":{""cpu"":0,""none"":126.058,""other"":0,""bandwidth"":0.673}}"
2026-08-28T19:11:12.880316+00:00,2026-08-28T19:11:12.708+00:00,track_liveness_snapshot,,a,show-qfstpj50,,,,,,,,,,,,,,,,,,,,,,,,,,,,,,,,,,"{""entries"":[{""key"":""contestant-a-297a1aba:TR_VCiazSiwiK3Qco"",""frames"":null,""reason"":null,""staleSec"":127,""probation"":false},{""key"":""camfeed-a-side-53133905:TR_VCWZJdniVCue9P"",""frames"":3068,""reason"":null,""staleSec"":1,""probation"":false}],""trackCount"":2,""ineligibleCount"":0}"
2026-08-28T19:11:14.856564+00:00,2026-08-28T19:11:13.708+00:00,mic_level_sample,,a,show-qfstpj50,,,,,,,,,,,,,,,,,,,,,,,,,,,,,,,,,,"{""deviceId"":""39fae2b7de1ac0ad5463a5ba3dd688ee748a5433d1272fa9afbea3233dae361b"",""inputRms"":0.0001409068584762412,""outputRms"":0.0001409068584762412,""deviceLabel"":""MacBook Air Microphone (Built-in)"",""audioContextState"":""running""}"
2026-08-28T19:11:14.856564+00:00,2026-08-28T19:11:13.708+00:00,director_heartbeat,,a,show-qfstpj50,,,,,,,,,,,,,,,,,,,,,,,,,,,,,,,,,,"{""state"":""running""}"
2026-08-28T19:11:14.856564+00:00,2026-08-28T19:11:13.71+00:00,pub_stats,,a,show-qfstpj50,2987664,6866932,3000000,60,60,0,30,30,11.43,none,f,f+h+q,3,1080,1920,1080,1920,"SimulcastEncoderAdapter (libvpx, libvpx, libvpx)",4,0,2,0,0,0.0005,0.021,0,,,,,,,live:a,"{""qualityLimitationDurations"":{""cpu"":0,""none"":128.058,""other"":0,""bandwidth"":0.673}}"
2026-08-28T19:11:16.885972+00:00,2026-08-28T19:11:15.708+00:00,director_shot_emitted,,a,show-qfstpj50,,,,,,,,,,,,,,,,,,,,,,,,,,,,,,,,,,"{""shot"":""bRoll"",""slot"":""a"",""sourceRole"":""side"",""decisionSource"":""auto"",""targetIdentity"":""camfeed-a-side-53133905""}"
2026-08-28T19:11:16.885972+00:00,2026-08-28T19:11:15.708+00:00,shot_publish_success,,a,show-qfstpj50,,,,,,,,,,,,,,,,,,,,,,,,,,,,,,,,,,"{""shot"":""bRoll"",""slot"":""a"",""commandId"":""42e658c7-1a0b-410a-aca7-055285f1672c"",""decisionSource"":""auto"",""connectionState"":""connected""}"
2026-08-28T19:11:16.885972+00:00,2026-08-28T19:11:15.71+00:00,pub_stats,,a,show-qfstpj50,2968208,6866932,3000000,60,60,0,30,30,11.52,none,f,f+h+q,3,1080,1920,1080,1920,"SimulcastEncoderAdapter (libvpx, libvpx, libvpx)",4,0,2,0,0,0.000611,0.023,0,,,,,,,live:a,"{""qualityLimitationDurations"":{""cpu"":0,""none"":130.058,""other"":0,""bandwidth"":0.673}}"
2026-08-28T19:11:17.870377+00:00,2026-08-28T19:11:17.709+00:00,track_liveness_snapshot,,a,show-qfstpj50,,,,,,,,,,,,,,,,,,,,,,,,,,,,,,,,,,"{""entries"":[{""key"":""contestant-a-297a1aba:TR_VCiazSiwiK3Qco"",""frames"":null,""reason"":null,""staleSec"":132,""probation"":false},{""key"":""camfeed-a-side-53133905:TR_VCWZJdniVCue9P"",""frames"":3182,""reason"":null,""staleSec"":1,""probation"":false}],""trackCount"":2,""ineligibleCount"":0}"
2026-08-28T19:11:18.85622+00:00,2026-08-28T19:11:17.711+00:00,pub_stats,,a,show-qfstpj50,3015728,6866932,3000000,60,60,0,30,30,10.95,none,f,f+h+q,3,1080,1920,1080,1920,"SimulcastEncoderAdapter (libvpx, libvpx, libvpx)",4,0,2,0,0,0.0006219999999999999,0.023,0,,,,,,,live:a,"{""qualityLimitationDurations"":{""cpu"":0,""none"":132.059,""other"":0,""bandwidth"":0.673}}"
2026-08-28T19:11:19.893841+00:00,2026-08-28T19:11:18.709+00:00,mic_level_sample,,a,show-qfstpj50,,,,,,,,,,,,,,,,,,,,,,,,,,,,,,,,,,"{""deviceId"":""39fae2b7de1ac0ad5463a5ba3dd688ee748a5433d1272fa9afbea3233dae361b"",""inputRms"":0.00027511764529190586,""outputRms"":0.00027511764529190586,""deviceLabel"":""MacBook Air Microphone (Built-in)"",""audioContextState"":""running""}"
2026-08-28T19:11:20.878786+00:00,2026-08-28T19:11:19.71+00:00,pub_stats,,a,show-qfstpj50,2991188,6866932,3000000,60,60,0,30,30,11,none,f,f+h+q,3,1080,1920,1080,1920,"SimulcastEncoderAdapter (libvpx, libvpx, libvpx)",4,0,2,0,0,0.00039999999999999996,0.023,0,,,,,,,live:a,"{""qualityLimitationDurations"":{""cpu"":0,""none"":134.058,""other"":0,""bandwidth"":0.673}}"
2026-08-28T19:11:22.898554+00:00,2026-08-28T19:11:21.71+00:00,pub_stats,,a,show-qfstpj50,3003808,6866932,3000000,60,60,0,30,30,10.37,none,f,f+h+q,3,1080,1920,1080,1920,"SimulcastEncoderAdapter (libvpx, libvpx, libvpx)",4,0,2,0,0,0.0006439999999999999,0.023,0,,,,,,,live:a,"{""qualityLimitationDurations"":{""cpu"":0,""none"":136.058,""other"":0,""bandwidth"":0.673}}"
2026-08-28T19:11:24.924086+00:00,2026-08-28T19:11:23.708+00:00,director_heartbeat,,a,show-qfstpj50,,,,,,,,,,,,,,,,,,,,,,,,,,,,,,,,,,"{""state"":""running""}"
2026-08-28T19:11:23.86709+00:00,2026-08-28T19:11:23.708+00:00,track_liveness_snapshot,,a,show-qfstpj50,,,,,,,,,,,,,,,,,,,,,,,,,,,,,,,,,,"{""entries"":[{""key"":""contestant-a-297a1aba:TR_VCiazSiwiK3Qco"",""frames"":null,""reason"":null,""staleSec"":138,""probation"":false},{""key"":""camfeed-a-side-53133905:TR_VCWZJdniVCue9P"",""frames"":3363,""reason"":null,""staleSec"":1,""probation"":false}],""trackCount"":2,""ineligibleCount"":0}"
2026-08-28T19:11:24.924086+00:00,2026-08-28T19:11:23.709+00:00,mic_level_sample,,a,show-qfstpj50,,,,,,,,,,,,,,,,,,,,,,,,,,,,,,,,,,"{""deviceId"":""39fae2b7de1ac0ad5463a5ba3dd688ee748a5433d1272fa9afbea3233dae361b"",""inputRms"":0.0008290464752516725,""outputRms"":0.0008290464752516725,""deviceLabel"":""MacBook Air Microphone (Built-in)"",""audioContextState"":""running""}"
2026-08-28T19:11:24.924086+00:00,2026-08-28T19:11:23.71+00:00,pub_stats,,a,show-qfstpj50,3038688,6866932,3000000,60,60,0,30,30,10.93,none,f,f+h+q,3,1080,1920,1080,1920,"SimulcastEncoderAdapter (libvpx, libvpx, libvpx)",4,0,2,0,0,0.000588,0.023,0,,,,,,,live:a,"{""qualityLimitationDurations"":{""cpu"":0,""none"":138.058,""other"":0,""bandwidth"":0.673}}"
2026-08-28T19:11:25.883134+00:00,2026-08-28T19:11:24.708+00:00,director_shot_emitted,,a,show-qfstpj50,,,,,,,,,,,,,,,,,,,,,,,,,,,,,,,,,,"{""shot"":""mediumCU"",""slot"":""a"",""sourceRole"":""main"",""decisionSource"":""auto"",""targetIdentity"":""contestant-a-297a1aba""}"
2026-08-28T19:11:25.883134+00:00,2026-08-28T19:11:24.708+00:00,shot_publish_success,,a,show-qfstpj50,,,,,,,,,,,,,,,,,,,,,,,,,,,,,,,,,,"{""shot"":""mediumCU"",""slot"":""a"",""commandId"":""f72014e4-7a28-4942-a863-d7689cda064d"",""decisionSource"":""auto"",""connectionState"":""connected""}"
2026-08-28T19:11:26.874339+00:00,2026-08-28T19:11:25.71+00:00,pub_stats,,a,show-qfstpj50,2954828,6866932,3000000,60,60,0,30,30,10.97,none,f,f+h+q,3,1080,1920,1080,1920,"SimulcastEncoderAdapter (libvpx, libvpx, libvpx)",4,0,2,0,0,0.0006219999999999999,0.023,0,,,,,,,live:a,"{""qualityLimitationDurations"":{""cpu"":0,""none"":140.058,""other"":0,""bandwidth"":0.673}}"
2026-08-28T19:11:28.86698+00:00,2026-08-28T19:11:27.709+00:00,pub_stats,,a,show-qfstpj50,2995998,6866932,3000000,60,60,0,30,30,10.62,none,f,f+h+q,3,1080,1920,1080,1920,"SimulcastEncoderAdapter (libvpx, libvpx, libvpx)",4,0,2,0,0,0.000444,0.022,0,,,,,,,live:a,"{""qualityLimitationDurations"":{""cpu"":0,""none"":142.057,""other"":0,""bandwidth"":0.673}}"
2026-08-28T19:11:28.86698+00:00,2026-08-28T19:11:28.708+00:00,track_liveness_snapshot,,a,show-qfstpj50,,,,,,,,,,,,,,,,,,,,,,,,,,,,,,,,,,"{""entries"":[{""key"":""contestant-a-297a1aba:TR_VCiazSiwiK3Qco"",""frames"":null,""reason"":null,""staleSec"":143,""probation"":false},{""key"":""camfeed-a-side-53133905:TR_VCWZJdniVCue9P"",""frames"":3513,""reason"":null,""staleSec"":1,""probation"":false}],""trackCount"":2,""ineligibleCount"":0}"
2026-08-28T19:11:29.863084+00:00,2026-08-28T19:11:28.709+00:00,mic_level_sample,,a,show-qfstpj50,,,,,,,,,,,,,,,,,,,,,,,,,,,,,,,,,,"{""deviceId"":""39fae2b7de1ac0ad5463a5ba3dd688ee748a5433d1272fa9afbea3233dae361b"",""inputRms"":0.00010325979709547602,""outputRms"":0.00010325979709547602,""deviceLabel"":""MacBook Air Microphone (Built-in)"",""audioContextState"":""running""}"
2026-08-28T19:11:30.879019+00:00,2026-08-28T19:11:29.71+00:00,pub_stats,,a,show-qfstpj50,3108514,6866932,2946765,60,60,0,30,30,11.5,none,f,f+h+q,3,1080,1920,1080,1920,"SimulcastEncoderAdapter (libvpx, libvpx, libvpx)",4,0,2,0,0,0.000677,0.022,0,,,,,,,live:a,"{""qualityLimitationDurations"":{""cpu"":0,""none"":144.058,""other"":0,""bandwidth"":0.673}}"
2026-08-28T19:11:32.864518+00:00,2026-08-28T19:11:31.709+00:00,pub_stats,,a,show-qfstpj50,2936176,6866932,2937662,60,60,0,30,30,17.13,none,f,f+h+q,3,1080,1920,1080,1920,"SimulcastEncoderAdapter (libvpx, libvpx, libvpx)",4,0,2,0,0,0.000466,0.023,0,,,,,,,live:a,"{""qualityLimitationDurations"":{""cpu"":0,""none"":146.058,""other"":0,""bandwidth"":0.673}}"
2026-08-28T19:11:34.860254+00:00,2026-08-28T19:11:33.707+00:00,director_heartbeat,,a,show-qfstpj50,,,,,,,,,,,,,,,,,,,,,,,,,,,,,,,,,,"{""state"":""running""}"
2026-08-28T19:11:34.860254+00:00,2026-08-28T19:11:33.708+00:00,mic_level_sample,,a,show-qfstpj50,,,,,,,,,,,,,,,,,,,,,,,,,,,,,,,,,,"{""deviceId"":""39fae2b7de1ac0ad5463a5ba3dd688ee748a5433d1272fa9afbea3233dae361b"",""inputRms"":0.0004214177078427334,""outputRms"":0.0004214177078427334,""deviceLabel"":""MacBook Air Microphone (Built-in)"",""audioContextState"":""running""}"
2026-08-28T19:11:34.860254+00:00,2026-08-28T19:11:33.709+00:00,pub_stats,,a,show-qfstpj50,2960324,6866932,3000000,60,60,0,30,30,17.97,none,f,f+h+q,3,1080,1920,1080,1920,"SimulcastEncoderAdapter (libvpx, libvpx, libvpx)",4,0,2,0,0,0.00043299999999999995,0.025,0,,,,,,,live:a,"{""qualityLimitationDurations"":{""cpu"":0,""none"":148.057,""other"":0,""bandwidth"":0.673}}"
2026-08-28T19:11:34.860254+00:00,2026-08-28T19:11:34.708+00:00,track_liveness_snapshot,,a,show-qfstpj50,,,,,,,,,,,,,,,,,,,,,,,,,,,,,,,,,,"{""entries"":[{""key"":""contestant-a-297a1aba:TR_VCiazSiwiK3Qco"",""frames"":null,""reason"":null,""staleSec"":149,""probation"":false},{""key"":""camfeed-a-side-53133905:TR_VCWZJdniVCue9P"",""frames"":3692,""reason"":null,""staleSec"":1,""probation"":false}],""trackCount"":2,""ineligibleCount"":0}"
2026-08-28T19:11:36.858623+00:00,2026-08-28T19:11:35.71+00:00,pub_stats,,a,show-qfstpj50,2935908,6866932,3000000,60,60,0,30,30,15,none,f,f+h+q,3,1080,1920,1080,1920,"SimulcastEncoderAdapter (libvpx, libvpx, libvpx)",4,0,2,0,0,0.000944,0.023,0,,,,,,,live:a,"{""qualityLimitationDurations"":{""cpu"":0,""none"":150.058,""other"":0,""bandwidth"":0.673}}"
2026-08-28T19:11:36.858623+00:00,2026-08-28T19:11:36.709+00:00,director_shot_emitted,,a,show-qfstpj50,,,,,,,,,,,,,,,,,,,,,,,,,,,,,,,,,,"{""shot"":""zoomOut"",""slot"":""a"",""sourceRole"":""side"",""decisionSource"":""auto"",""targetIdentity"":""camfeed-a-side-53133905""}"
2026-08-28T19:11:36.858623+00:00,2026-08-28T19:11:36.709+00:00,shot_publish_success,,a,show-qfstpj50,,,,,,,,,,,,,,,,,,,,,,,,,,,,,,,,,,"{""shot"":""zoomOut"",""slot"":""a"",""commandId"":""fe7ec362-84b9-4010-bd1b-edc3aeb54d31"",""decisionSource"":""auto"",""connectionState"":""connected""}"
2026-08-28T19:11:38.857817+00:00,2026-08-28T19:11:37.71+00:00,pub_stats,,a,show-qfstpj50,3049552,6866932,2973205,60,60,0,30,30,13.67,none,f,f+h+q,3,1080,1920,1080,1920,"SimulcastEncoderAdapter (libvpx, libvpx, libvpx)",4,0,2,0,0,0.0006659999999999999,0.022,0,,,,,,,live:a,"{""qualityLimitationDurations"":{""cpu"":0,""none"":152.057,""other"":0,""bandwidth"":0.673}}"
2026-08-28T19:11:39.85092+00:00,2026-08-28T19:11:38.709+00:00,mic_recovered,,a,show-qfstpj50,,,,,,,,,,,,,,,,,,,,,,,,,,,,,,,,,,"{""inputRms"":0.002010449678313653,""outputRms"":0.002010449678313653,""silentDurationMs"":45001,""audioContextState"":""running""}"
2026-08-28T19:11:39.85092+00:00,2026-08-28T19:11:38.709+00:00,mic_level_sample,,a,show-qfstpj50,,,,,,,,,,,,,,,,,,,,,,,,,,,,,,,,,,"{""deviceId"":""39fae2b7de1ac0ad5463a5ba3dd688ee748a5433d1272fa9afbea3233dae361b"",""inputRms"":0.002010449678313653,""outputRms"":0.002010449678313653,""deviceLabel"":""MacBook Air Microphone (Built-in)"",""audioContextState"":""running""}"
2026-08-28T19:11:39.85092+00:00,2026-08-28T19:11:39.708+00:00,track_liveness_snapshot,,a,show-qfstpj50,,,,,,,,,,,,,,,,,,,,,,,,,,,,,,,,,,"{""entries"":[{""key"":""contestant-a-297a1aba:TR_VCiazSiwiK3Qco"",""frames"":null,""reason"":null,""staleSec"":154,""probation"":false},{""key"":""camfeed-a-side-53133905:TR_VCWZJdniVCue9P"",""frames"":3841,""reason"":null,""staleSec"":1,""probation"":false}],""trackCount"":2,""ineligibleCount"":0}"
2026-08-28T19:11:40.864626+00:00,2026-08-28T19:11:39.711+00:00,pub_stats,,a,show-qfstpj50,2962867,6866932,3000000,60,60,0,30,30,13.78,none,f,f+h+q,3,1080,1920,1080,1920,"SimulcastEncoderAdapter (libvpx, libvpx, libvpx)",4,0,2,0,0,0.0005329999999999999,0.022,0,,,,,,,live:a,"{""qualityLimitationDurations"":{""cpu"":0,""none"":154.058,""other"":0,""bandwidth"":0.673}}"
2026-08-28T19:11:42.886022+00:00,2026-08-28T19:11:41.709+00:00,pub_stats,,a,show-qfstpj50,3068609,6866932,2960125,60,60,0,30,30,13.25,none,f,f+h+q,3,1080,1920,1080,1920,"SimulcastEncoderAdapter (libvpx, libvpx, libvpx)",4,0,2,0,0,0.00042199999999999996,0.024,0,,,,,,,live:a,"{""qualityLimitationDurations"":{""cpu"":0,""none"":156.058,""other"":0,""bandwidth"":0.673}}"
2026-08-28T19:11:44.873188+00:00,2026-08-28T19:11:43.708+00:00,director_heartbeat,,a,show-qfstpj50,,,,,,,,,,,,,,,,,,,,,,,,,,,,,,,,,,"{""state"":""running""}"
2026-08-28T19:11:44.873188+00:00,2026-08-28T19:11:43.708+00:00,mic_level_sample,,a,show-qfstpj50,,,,,,,,,,,,,,,,,,,,,,,,,,,,,,,,,,"{""deviceId"":""39fae2b7de1ac0ad5463a5ba3dd688ee748a5433d1272fa9afbea3233dae361b"",""inputRms"":0.0012939156594654545,""outputRms"":0.0012939156594654545,""deviceLabel"":""MacBook Air Microphone (Built-in)"",""audioContextState"":""running""}"
2026-08-28T19:11:44.873188+00:00,2026-08-28T19:11:43.709+00:00,pub_stats,,a,show-qfstpj50,2944748,6866932,3000000,60,60,0,30,30,14.43,none,f,f+h+q,3,1080,1920,1080,1920,"SimulcastEncoderAdapter (libvpx, libvpx, libvpx)",4,0,2,0,0,0.00041099999999999996,0.022,0,,,,,,,live:a,"{""qualityLimitationDurations"":{""cpu"":0,""none"":158.057,""other"":0,""bandwidth"":0.673}}"
2026-08-28T19:11:44.873188+00:00,2026-08-28T19:11:44.709+00:00,track_liveness_snapshot,,a,show-qfstpj50,,,,,,,,,,,,,,,,,,,,,,,,,,,,,,,,,,"{""entries"":[{""key"":""contestant-a-297a1aba:TR_VCiazSiwiK3Qco"",""frames"":null,""reason"":null,""staleSec"":159,""probation"":false},{""key"":""camfeed-a-side-53133905:TR_VCWZJdniVCue9P"",""frames"":3991,""reason"":null,""staleSec"":1,""probation"":false}],""trackCount"":2,""ineligibleCount"":0}"
2026-08-28T19:11:46.866801+00:00,2026-08-28T19:11:45.709+00:00,pub_stats,,a,show-qfstpj50,2983052,6866932,2993737,60,60,0,30,30,14.37,none,f,f+h+q,3,1080,1920,1080,1920,"SimulcastEncoderAdapter (libvpx, libvpx, libvpx)",4,0,2,0,0,0.0005549999999999999,0.021,0,,,,,,,live:a,"{""qualityLimitationDurations"":{""cpu"":0,""none"":160.058,""other"":0,""bandwidth"":0.673}}"
2026-08-28T19:11:48.890053+00:00,2026-08-28T19:11:47.709+00:00,pub_stats,,a,show-qfstpj50,3005244,6866932,3000000,60,60,0,30,30,13.5,none,f,f+h+q,3,1080,1920,1080,1920,"SimulcastEncoderAdapter (libvpx, libvpx, libvpx)",4,0,2,0,0,0.0006,0.021,0,,,,,,,live:a,"{""qualityLimitationDurations"":{""cpu"":0,""none"":162.058,""other"":0,""bandwidth"":0.673}}"
2026-08-28T19:11:49.862256+00:00,2026-08-28T19:11:48.708+00:00,mic_level_sample,,a,show-qfstpj50,,,,,,,,,,,,,,,,,,,,,,,,,,,,,,,,,,"{""deviceId"":""39fae2b7de1ac0ad5463a5ba3dd688ee748a5433d1272fa9afbea3233dae361b"",""inputRms"":0.006697936768593796,""outputRms"":0.006697936768593796,""deviceLabel"":""MacBook Air Microphone (Built-in)"",""audioContextState"":""running""}"
2026-08-28T19:11:49.862256+00:00,2026-08-28T19:11:49.708+00:00,shot_publish_success,,a,show-qfstpj50,,,,,,,,,,,,,,,,,,,,,,,,,,,,,,,,,,"{""shot"":""mediumCU"",""slot"":""a"",""commandId"":""24d9213d-4b33-45d4-9e11-2c78732d4f9d"",""decisionSource"":""auto"",""connectionState"":""connected""}"
2026-08-28T19:11:49.862256+00:00,2026-08-28T19:11:49.708+00:00,director_shot_emitted,,a,show-qfstpj50,,,,,,,,,,,,,,,,,,,,,,,,,,,,,,,,,,"{""shot"":""mediumCU"",""slot"":""a"",""sourceRole"":""main"",""decisionSource"":""auto"",""targetIdentity"":""contestant-a-297a1aba""}"
2026-08-28T19:11:50.886452+00:00,2026-08-28T19:11:49.71+00:00,pub_stats,,a,show-qfstpj50,2985711,6866932,2939090,59,59,0,29,30,13.95,none,f,f+h+q,3,1080,1920,1080,1920,"SimulcastEncoderAdapter (libvpx, libvpx, libvpx)",4,0,2,0,0,0.00039999999999999996,0.022,0,,,,,,,live:a,"{""qualityLimitationDurations"":{""cpu"":0,""none"":164.057,""other"":0,""bandwidth"":0.673}}"
2026-08-28T19:11:50.886452+00:00,2026-08-28T19:11:50.707+00:00,track_liveness_snapshot,,a,show-qfstpj50,,,,,,,,,,,,,,,,,,,,,,,,,,,,,,,,,,"{""entries"":[{""key"":""contestant-a-297a1aba:TR_VCiazSiwiK3Qco"",""frames"":null,""reason"":null,""staleSec"":165,""probation"":false},{""key"":""camfeed-a-side-53133905:TR_VCWZJdniVCue9P"",""frames"":4169,""reason"":null,""staleSec"":1,""probation"":false}],""trackCount"":2,""ineligibleCount"":0}"
2026-08-28T19:11:52.877027+00:00,2026-08-28T19:11:51.71+00:00,pub_stats,,a,show-qfstpj50,3000160,6866932,2952912,60,60,0,29,30,13.52,none,f,f+h+q,3,1080,1920,1080,1920,"SimulcastEncoderAdapter (libvpx, libvpx, libvpx)",4,0,2,0,0,0.00041099999999999996,0.024,0,,,,,,,live:a,"{""qualityLimitationDurations"":{""cpu"":0,""none"":166.058,""other"":0,""bandwidth"":0.673}}"
2026-08-28T19:11:54.867209+00:00,2026-08-28T19:11:53.708+00:00,director_heartbeat,,a,show-qfstpj50,,,,,,,,,,,,,,,,,,,,,,,,,,,,,,,,,,"{""state"":""running""}"
2026-08-28T19:11:54.867209+00:00,2026-08-28T19:11:53.708+00:00,mic_level_sample,,a,show-qfstpj50,,,,,,,,,,,,,,,,,,,,,,,,,,,,,,,,,,"{""deviceId"":""39fae2b7de1ac0ad5463a5ba3dd688ee748a5433d1272fa9afbea3233dae361b"",""inputRms"":0.0002929085213593461,""outputRms"":0.0002929085213593461,""deviceLabel"":""MacBook Air Microphone (Built-in)"",""audioContextState"":""running""}"
2026-08-28T19:11:54.867209+00:00,2026-08-28T19:11:53.71+00:00,pub_stats,,a,show-qfstpj50,2980772,6866932,2992157,60,60,0,29,30,13.35,none,f,f+h+q,3,1080,1920,1080,1920,"SimulcastEncoderAdapter (libvpx, libvpx, libvpx)",4,0,2,0,0,0.00042199999999999996,0.023,0,,,,,,,live:a,"{""qualityLimitationDurations"":{""cpu"":0,""none"":168.058,""other"":0,""bandwidth"":0.673}}"
2026-08-28T19:11:55.854819+00:00,2026-08-28T19:11:55.708+00:00,track_liveness_snapshot,,a,show-qfstpj50,,,,,,,,,,,,,,,,,,,,,,,,,,,,,,,,,,"{""entries"":[{""key"":""contestant-a-297a1aba:TR_VCiazSiwiK3Qco"",""frames"":null,""reason"":null,""staleSec"":170,""probation"":false},{""key"":""camfeed-a-side-53133905:TR_VCWZJdniVCue9P"",""frames"":4320,""reason"":null,""staleSec"":1,""probation"":false}],""trackCount"":2,""ineligibleCount"":0}"
2026-08-28T19:11:56.947043+00:00,2026-08-28T19:11:55.709+00:00,pub_stats,,a,show-qfstpj50,2963210,6866932,2994035,60,60,0,29,30,12.58,none,f,f+h+q,3,1080,1920,1080,1920,"SimulcastEncoderAdapter (libvpx, libvpx, libvpx)",4,0,2,0,0,0.0005769999999999999,0.023,0,,,,,,,live:a,"{""qualityLimitationDurations"":{""cpu"":0,""none"":170.057,""other"":0,""bandwidth"":0.673}}"
2026-08-28T19:11:58.847224+00:00,2026-08-28T19:11:57.708+00:00,pub_stats,,a,show-qfstpj50,3028322,6866932,2976808,60,60,0,29,29,12.88,none,f,f+h+q,3,1080,1920,1080,1920,"SimulcastEncoderAdapter (libvpx, libvpx, libvpx)",4,0,2,0,0,0.000511,0.023,0,,,,,,,live:a,"{""qualityLimitationDurations"":{""cpu"":0,""none"":172.057,""other"":0,""bandwidth"":0.673}}"
2026-08-28T19:11:59.870571+00:00,2026-08-28T19:11:58.708+00:00,mic_level_sample,,a,show-qfstpj50,,,,,,,,,,,,,,,,,,,,,,,,,,,,,,,,,,"{""deviceId"":""39fae2b7de1ac0ad5463a5ba3dd688ee748a5433d1272fa9afbea3233dae361b"",""inputRms"":0.0010331334626616218,""outputRms"":0.0010331334626616218,""deviceLabel"":""MacBook Air Microphone (Built-in)"",""audioContextState"":""running""}"
2026-08-28T19:12:00.971567+00:00,2026-08-28T19:11:59.709+00:00,pub_stats,,a,show-qfstpj50,2990277,6866932,3000000,60,60,0,29,29,14.07,none,f,f+h+q,3,1080,1920,1080,1920,"SimulcastEncoderAdapter (libvpx, libvpx, libvpx)",4,0,2,0,0,0.0005549999999999999,0.022,0,,,,,,,live:a,"{""qualityLimitationDurations"":{""cpu"":0,""none"":174.057,""other"":0,""bandwidth"":0.673}}"
2026-08-28T19:12:00.971567+00:00,2026-08-28T19:12:00.707+00:00,track_liveness_snapshot,,a,show-qfstpj50,,,,,,,,,,,,,,,,,,,,,,,,,,,,,,,,,,"{""entries"":[{""key"":""contestant-a-297a1aba:TR_VCiazSiwiK3Qco"",""frames"":null,""reason"":null,""staleSec"":175,""probation"":false},{""key"":""camfeed-a-side-53133905:TR_VCWZJdniVCue9P"",""frames"":4470,""reason"":null,""staleSec"":1,""probation"":false}],""trackCount"":2,""ineligibleCount"":0}"
2026-08-28T19:12:01.872226+00:00,2026-08-28T19:12:01.708+00:00,director_shot_emitted,,a,show-qfstpj50,,,,,,,,,,,,,,,,,,,,,,,,,,,,,,,,,,"{""shot"":""bRoll"",""slot"":""a"",""sourceRole"":""side"",""decisionSource"":""auto"",""targetIdentity"":""camfeed-a-side-53133905""}"
2026-08-28T19:12:01.872226+00:00,2026-08-28T19:12:01.708+00:00,shot_publish_success,,a,show-qfstpj50,,,,,,,,,,,,,,,,,,,,,,,,,,,,,,,,,,"{""shot"":""bRoll"",""slot"":""a"",""commandId"":""fffc12e2-2650-4e8b-8893-f1172ffef427"",""decisionSource"":""auto"",""connectionState"":""connected""}"
2026-08-28T19:12:02.851545+00:00,2026-08-28T19:12:01.71+00:00,pub_stats,,a,show-qfstpj50,3003302,6866932,3000000,60,60,0,30,30,13,none,f,f+h+q,3,1080,1920,1080,1920,"SimulcastEncoderAdapter (libvpx, libvpx, libvpx)",4,0,2,0,0,0.0005769999999999999,0.023,0,,,,,,,live:a,"{""qualityLimitationDurations"":{""cpu"":0,""none"":176.058,""other"":0,""bandwidth"":0.673}}"
2026-08-28T19:12:04.88052+00:00,2026-08-28T19:12:03.708+00:00,director_heartbeat,,a,show-qfstpj50,,,,,,,,,,,,,,,,,,,,,,,,,,,,,,,,,,"{""state"":""running""}"
2026-08-28T19:12:04.88052+00:00,2026-08-28T19:12:03.708+00:00,mic_level_sample,,a,show-qfstpj50,,,,,,,,,,,,,,,,,,,,,,,,,,,,,,,,,,"{""deviceId"":""39fae2b7de1ac0ad5463a5ba3dd688ee748a5433d1272fa9afbea3233dae361b"",""inputRms"":0.0017127197783888288,""outputRms"":0.0017127197783888288,""deviceLabel"":""MacBook Air Microphone (Built-in)"",""audioContextState"":""running""}"
2026-08-28T19:12:04.88052+00:00,2026-08-28T19:12:03.709+00:00,pub_stats,,a,show-qfstpj50,3031788,6866932,2981422,60,60,0,30,30,13.43,none,f,f+h+q,3,1080,1920,1080,1920,"SimulcastEncoderAdapter (libvpx, libvpx, libvpx)",4,0,2,0,0,0.0007,0.023,0,,,,,,,live:a,"{""qualityLimitationDurations"":{""cpu"":0,""none"":178.058,""other"":0,""bandwidth"":0.673}}"
2026-08-28T19:12:05.851112+00:00,2026-08-28T19:12:05.709+00:00,track_liveness_snapshot,,a,show-qfstpj50,,,,,,,,,,,,,,,,,,,,,,,,,,,,,,,,,,"{""entries"":[{""key"":""contestant-a-297a1aba:TR_VCiazSiwiK3Qco"",""frames"":null,""reason"":null,""staleSec"":180,""probation"":false},{""key"":""camfeed-a-side-53133905:TR_VCWZJdniVCue9P"",""frames"":4618,""reason"":null,""staleSec"":1,""probation"":false}],""trackCount"":2,""ineligibleCount"":0}"
2026-08-28T19:12:06.864347+00:00,2026-08-28T19:12:05.71+00:00,pub_stats,,a,show-qfstpj50,2951276,6866932,3000000,60,60,0,30,30,14.27,none,f,f+h+q,3,1080,1920,1080,1920,"SimulcastEncoderAdapter (libvpx, libvpx, libvpx)",4,0,2,0,0,0.000566,0.024,0,,,,,,,live:a,"{""qualityLimitationDurations"":{""cpu"":0,""none"":180.059,""other"":0,""bandwidth"":0.673}}"
2026-08-28T19:12:08.869222+00:00,2026-08-28T19:12:07.709+00:00,pub_stats,,a,show-qfstpj50,2983608,6866932,3000000,60,60,0,30,30,12.42,none,f,f+h+q,3,1080,1920,1080,1920,"SimulcastEncoderAdapter (libvpx, libvpx, libvpx)",4,0,2,0,0,0.00043299999999999995,0.023,0,,,,,,,live:a,"{""qualityLimitationDurations"":{""cpu"":0,""none"":182.058,""other"":0,""bandwidth"":0.673}}"
2026-08-28T19:12:09.849081+00:00,2026-08-28T19:12:08.708+00:00,mic_level_sample,,a,show-qfstpj50,,,,,,,,,,,,,,,,,,,,,,,,,,,,,,,,,,"{""deviceId"":""39fae2b7de1ac0ad5463a5ba3dd688ee748a5433d1272fa9afbea3233dae361b"",""inputRms"":0.0039540070505618705,""outputRms"":0.0039540070505618705,""deviceLabel"":""MacBook Air Microphone (Built-in)"",""audioContextState"":""running""}"
2026-08-28T19:12:10.863744+00:00,2026-08-28T19:12:09.71+00:00,pub_stats,,a,show-qfstpj50,3035926,6866932,3000000,60,60,0,30,30,12.37,none,f,f+h+q,3,1080,1920,1080,1920,"SimulcastEncoderAdapter (libvpx, libvpx, libvpx)",4,0,2,0,0,0.0005,0.023,0,,,,,,,live:a,"{""qualityLimitationDurations"":{""cpu"":0,""none"":184.058,""other"":0,""bandwidth"":0.673}}"
2026-08-28T19:12:11.837689+00:00,2026-08-28T19:12:10.708+00:00,shot_publish_success,,a,show-qfstpj50,,,,,,,,,,,,,,,,,,,,,,,,,,,,,,,,,,"{""shot"":""mediumCU"",""slot"":""a"",""commandId"":""f4e4c697-6c92-4b59-9755-c6e6cbb61cf1"",""decisionSource"":""auto"",""connectionState"":""connected""}"
2026-08-28T19:12:11.837689+00:00,2026-08-28T19:12:10.708+00:00,director_shot_emitted,,a,show-qfstpj50,,,,,,,,,,,,,,,,,,,,,,,,,,,,,,,,,,"{""shot"":""mediumCU"",""slot"":""a"",""sourceRole"":""main"",""decisionSource"":""auto"",""targetIdentity"":""contestant-a-297a1aba""}"
2026-08-28T19:12:11.837689+00:00,2026-08-28T19:12:11.708+00:00,track_liveness_snapshot,,a,show-qfstpj50,,,,,,,,,,,,,,,,,,,,,,,,,,,,,,,,,,"{""entries"":[{""key"":""contestant-a-297a1aba:TR_VCiazSiwiK3Qco"",""frames"":null,""reason"":null,""staleSec"":186,""probation"":false},{""key"":""camfeed-a-side-53133905:TR_VCWZJdniVCue9P"",""frames"":4794,""reason"":null,""staleSec"":1,""probation"":false}],""trackCount"":2,""ineligibleCount"":0}"
2026-08-28T19:12:12.852287+00:00,2026-08-28T19:12:11.711+00:00,pub_stats,,a,show-qfstpj50,2920804,6866932,3000000,60,60,0,30,30,14.13,none,f,f+h+q,3,1080,1920,1080,1920,"SimulcastEncoderAdapter (libvpx, libvpx, libvpx)",4,0,2,0,0,0.000566,0.023,0,,,,,,,live:a,"{""qualityLimitationDurations"":{""cpu"":0,""none"":186.058,""other"":0,""bandwidth"":0.673}}"
2026-08-28T19:12:14.873603+00:00,2026-08-28T19:12:13.707+00:00,director_heartbeat,,a,show-qfstpj50,,,,,,,,,,,,,,,,,,,,,,,,,,,,,,,,,,"{""state"":""running""}"
2026-08-28T19:12:14.873603+00:00,2026-08-28T19:12:13.708+00:00,mic_level_sample,,a,show-qfstpj50,,,,,,,,,,,,,,,,,,,,,,,,,,,,,,,,,,"{""deviceId"":""39fae2b7de1ac0ad5463a5ba3dd688ee748a5433d1272fa9afbea3233dae361b"",""inputRms"":0.004058712766719379,""outputRms"":0.004058712766719379,""deviceLabel"":""MacBook Air Microphone (Built-in)"",""audioContextState"":""running""}"
2026-08-28T19:12:14.873603+00:00,2026-08-28T19:12:13.709+00:00,pub_stats,,a,show-qfstpj50,3072821,6866932,3000000,60,60,0,30,30,14.47,none,f,f+h+q,3,1080,1920,1080,1920,"SimulcastEncoderAdapter (libvpx, libvpx, libvpx)",4,0,2,0,0,0.00042199999999999996,0.022,0,,,,,,,live:a,"{""qualityLimitationDurations"":{""cpu"":0,""none"":188.057,""other"":0,""bandwidth"":0.673}}"
2026-08-28T19:12:16.849503+00:00,2026-08-28T19:12:15.71+00:00,pub_stats,,a,show-qfstpj50,2936612,6866932,3000000,60,60,0,30,30,18.13,none,f,f+h+q,3,1080,1920,1080,1920,"SimulcastEncoderAdapter (libvpx, libvpx, libvpx)",4,0,2,0,0,0.0005329999999999999,0.021,0,,,,,,,live:a,"{""qualityLimitationDurations"":{""cpu"":0,""none"":190.058,""other"":0,""bandwidth"":0.673}}"
2026-08-28T19:12:16.849503+00:00,2026-08-28T19:12:16.709+00:00,track_liveness_snapshot,,a,show-qfstpj50,,,,,,,,,,,,,,,,,,,,,,,,,,,,,,,,,,"{""entries"":[{""key"":""contestant-a-297a1aba:TR_VCiazSiwiK3Qco"",""frames"":null,""reason"":null,""staleSec"":191,""probation"":false},{""key"":""camfeed-a-side-53133905:TR_VCWZJdniVCue9P"",""frames"":4908,""reason"":null,""staleSec"":1,""probation"":false}],""trackCount"":2,""ineligibleCount"":0}"
2026-08-28T19:12:18.891404+00:00,2026-08-28T19:12:17.709+00:00,pub_stats,,a,show-qfstpj50,2997807,6866932,3000000,60,60,0,30,30,15.92,none,f,f+h+q,3,1080,1920,1080,1920,"SimulcastEncoderAdapter (libvpx, libvpx, libvpx)",4,0,2,0,0,0.000366,0.024,0,,,,,,,live:a,"{""qualityLimitationDurations"":{""cpu"":0,""none"":192.057,""other"":0,""bandwidth"":0.673}}"
2026-08-28T19:12:19.854867+00:00,2026-08-28T19:12:18.709+00:00,mic_level_sample,,a,show-qfstpj50,,,,,,,,,,,,,,,,,,,,,,,,,,,,,,,,,,"{""deviceId"":""39fae2b7de1ac0ad5463a5ba3dd688ee748a5433d1272fa9afbea3233dae361b"",""inputRms"":0.001343732692719232,""outputRms"":0.001343732692719232,""deviceLabel"":""MacBook Air Microphone (Built-in)"",""audioContextState"":""running""}"
2026-08-28T19:12:20.865492+00:00,2026-08-28T19:12:19.709+00:00,pub_stats,,a,show-qfstpj50,2961496,6866932,3000000,60,60,0,30,30,13.38,none,f,f+h+q,3,1080,1920,1080,1920,"SimulcastEncoderAdapter (libvpx, libvpx, libvpx)",4,0,2,0,0,0.000544,0.024,0,,,,,,,live:a,"{""qualityLimitationDurations"":{""cpu"":0,""none"":194.058,""other"":0,""bandwidth"":0.673}}"
2026-08-28T19:12:22.856864+00:00,2026-08-28T19:12:21.709+00:00,pub_stats,,a,show-qfstpj50,3017288,6866932,2943305,60,60,0,30,30,11.98,none,f,f+h+q,3,1080,1920,1080,1920,"SimulcastEncoderAdapter (libvpx, libvpx, libvpx)",4,0,2,0,0,0.000655,0.023,0,,,,,,,live:a,"{""qualityLimitationDurations"":{""cpu"":0,""none"":196.058,""other"":0,""bandwidth"":0.673}}"
2026-08-28T19:12:22.856864+00:00,2026-08-28T19:12:22.708+00:00,track_liveness_snapshot,,a,show-qfstpj50,,,,,,,,,,,,,,,,,,,,,,,,,,,,,,,,,,"{""entries"":[{""key"":""contestant-a-297a1aba:TR_VCiazSiwiK3Qco"",""frames"":null,""reason"":null,""staleSec"":197,""probation"":false},{""key"":""camfeed-a-side-53133905:TR_VCWZJdniVCue9P"",""frames"":5084,""reason"":null,""staleSec"":1,""probation"":false}],""trackCount"":2,""ineligibleCount"":0}"
2026-08-28T19:12:24.935556+00:00,2026-08-28T19:12:23.709+00:00,mic_level_sample,,a,show-qfstpj50,,,,,,,,,,,,,,,,,,,,,,,,,,,,,,,,,,"{""deviceId"":""39fae2b7de1ac0ad5463a5ba3dd688ee748a5433d1272fa9afbea3233dae361b"",""inputRms"":0.0025385763103831743,""outputRms"":0.0025385763103831743,""deviceLabel"":""MacBook Air Microphone (Built-in)"",""audioContextState"":""running""}"
2026-08-28T19:12:24.935556+00:00,2026-08-28T19:12:23.709+00:00,director_heartbeat,,a,show-qfstpj50,,,,,,,,,,,,,,,,,,,,,,,,,,,,,,,,,,"{""state"":""running""}"
2026-08-28T19:12:24.935556+00:00,2026-08-28T19:12:23.71+00:00,pub_stats,,a,show-qfstpj50,2965817,6866932,3000000,60,60,0,30,30,10.93,none,f,f+h+q,3,1080,1920,1080,1920,"SimulcastEncoderAdapter (libvpx, libvpx, libvpx)",4,0,2,0,0,0.0006659999999999999,0.023,0,,,,,,,live:a,"{""qualityLimitationDurations"":{""cpu"":0,""none"":198.059,""other"":0,""bandwidth"":0.673}}"
2026-08-28T19:12:24.935556+00:00,2026-08-28T19:12:24.708+00:00,director_shot_emitted,,a,show-qfstpj50,,,,,,,,,,,,,,,,,,,,,,,,,,,,,,,,,,"{""shot"":""bRoll"",""slot"":""a"",""sourceRole"":""side"",""decisionSource"":""auto"",""targetIdentity"":""camfeed-a-side-53133905""}"
2026-08-28T19:12:24.935556+00:00,2026-08-28T19:12:24.708+00:00,shot_publish_success,,a,show-qfstpj50,,,,,,,,,,,,,,,,,,,,,,,,,,,,,,,,,,"{""shot"":""bRoll"",""slot"":""a"",""commandId"":""9b3dc9c9-032e-4380-b508-8adb1ca66a6a"",""decisionSource"":""auto"",""connectionState"":""connected""}"
2026-08-28T19:12:26.858021+00:00,2026-08-28T19:12:25.708+00:00,pub_stats,,a,show-qfstpj50,3071015,6866932,2970772,60,60,0,30,30,10.65,none,f,f+h+q,3,1080,1920,1080,1920,"SimulcastEncoderAdapter (libvpx, libvpx, libvpx)",4,0,2,0,0,0.0005329999999999999,0.022,0,,,,,,,live:a,"{""qualityLimitationDurations"":{""cpu"":0,""none"":200.057,""other"":0,""bandwidth"":0.673}}"
2026-08-28T19:12:27.871387+00:00,2026-08-28T19:12:27.708+00:00,track_liveness_snapshot,,a,show-qfstpj50,,,,,,,,,,,,,,,,,,,,,,,,,,,,,,,,,,"{""entries"":[{""key"":""contestant-a-297a1aba:TR_VCiazSiwiK3Qco"",""frames"":null,""reason"":null,""staleSec"":202,""probation"":false},{""key"":""camfeed-a-side-53133905:TR_VCWZJdniVCue9P"",""frames"":5232,""reason"":null,""staleSec"":1,""probation"":false}],""trackCount"":2,""ineligibleCount"":0}"
2026-08-28T19:12:28.847062+00:00,2026-08-28T19:12:27.709+00:00,pub_stats,,a,show-qfstpj50,2869001,6866932,3000000,60,60,0,30,30,18.23,none,f,f+h+q,3,1080,1920,1080,1920,"SimulcastEncoderAdapter (libvpx, libvpx, libvpx)",5,0,2,0,0,0.0006659999999999999,0.022,0,,,,,,,live:a,"{""qualityLimitationDurations"":{""cpu"":0,""none"":202.058,""other"":0,""bandwidth"":0.673}}"
2026-08-28T19:12:29.869381+00:00,2026-08-28T19:12:28.709+00:00,mic_level_sample,,a,show-qfstpj50,,,,,,,,,,,,,,,,,,,,,,,,,,,,,,,,,,"{""deviceId"":""39fae2b7de1ac0ad5463a5ba3dd688ee748a5433d1272fa9afbea3233dae361b"",""inputRms"":0.006094295760765494,""outputRms"":0.006094295760765494,""deviceLabel"":""MacBook Air Microphone (Built-in)"",""audioContextState"":""running""}"
2026-08-28T19:12:30.896366+00:00,2026-08-28T19:12:29.71+00:00,pub_stats,,a,show-qfstpj50,3051394,6866932,3000000,60,60,0,30,30,9.62,none,f,f+h+q,3,1080,1920,1080,1920,"SimulcastEncoderAdapter (libvpx, libvpx, libvpx)",5,0,2,0,0,0.0007769999999999999,0.021,0,,,,,,,live:a,"{""qualityLimitationDurations"":{""cpu"":0,""none"":204.058,""other"":0,""bandwidth"":0.673}}"
2026-08-28T19:12:32.87267+00:00,2026-08-28T19:12:31.71+00:00,pub_stats,,a,show-qfstpj50,3028872,6866932,2916455,60,60,0,30,30,11.67,none,f,f+h+q,3,1080,1920,1080,1920,"SimulcastEncoderAdapter (libvpx, libvpx, libvpx)",5,0,2,0,0,0.0006879999999999999,0.024,0,,,,,,,live:a,"{""qualityLimitationDurations"":{""cpu"":0,""none"":206.058,""other"":0,""bandwidth"":0.673}}"
2026-08-28T19:12:32.87267+00:00,2026-08-28T19:12:32.708+00:00,track_liveness_snapshot,,a,show-qfstpj50,,,,,,,,,,,,,,,,,,,,,,,,,,,,,,,,,,"{""entries"":[{""key"":""contestant-a-297a1aba:TR_VCiazSiwiK3Qco"",""frames"":null,""reason"":null,""staleSec"":207,""probation"":false},{""key"":""camfeed-a-side-53133905:TR_VCWZJdniVCue9P"",""frames"":5380,""reason"":null,""staleSec"":1,""probation"":false}],""trackCount"":2,""ineligibleCount"":0}"
2026-08-28T19:12:34.941474+00:00,2026-08-28T19:12:33.707+00:00,director_heartbeat,,a,show-qfstpj50,,,,,,,,,,,,,,,,,,,,,,,,,,,,,,,,,,"{""state"":""running""}"
2026-08-28T19:12:34.941474+00:00,2026-08-28T19:12:33.708+00:00,mic_level_sample,,a,show-qfstpj50,,,,,,,,,,,,,,,,,,,,,,,,,,,,,,,,,,"{""deviceId"":""39fae2b7de1ac0ad5463a5ba3dd688ee748a5433d1272fa9afbea3233dae361b"",""inputRms"":0.012655814632448838,""outputRms"":0.012655814632448838,""deviceLabel"":""MacBook Air Microphone (Built-in)"",""audioContextState"":""running""}"
2026-08-28T19:12:34.941474+00:00,2026-08-28T19:12:33.709+00:00,pub_stats,,a,show-qfstpj50,2926223,6866932,3000000,60,60,0,30,30,12.03,none,f,f+h+q,3,1080,1920,1080,1920,"SimulcastEncoderAdapter (libvpx, libvpx, libvpx)",5,0,2,0,0,0.000455,0.022,0,,,,,,,live:a,"{""qualityLimitationDurations"":{""cpu"":0,""none"":208.057,""other"":0,""bandwidth"":0.673}}"
2026-08-28T19:12:34.941474+00:00,2026-08-28T19:12:34.708+00:00,director_shot_emitted,,a,show-qfstpj50,,,,,,,,,,,,,,,,,,,,,,,,,,,,,,,,,,"{""shot"":""zoomOut"",""slot"":""a"",""sourceRole"":""main"",""decisionSource"":""auto"",""targetIdentity"":""contestant-a-297a1aba""}"
2026-08-28T19:12:34.941474+00:00,2026-08-28T19:12:34.708+00:00,shot_publish_success,,a,show-qfstpj50,,,,,,,,,,,,,,,,,,,,,,,,,,,,,,,,,,"{""shot"":""zoomOut"",""slot"":""a"",""commandId"":""a98ec15f-ce22-4009-acc6-6b5f0e2b03c9"",""decisionSource"":""auto"",""connectionState"":""connected""}"
2026-08-28T19:12:36.908619+00:00,2026-08-28T19:12:35.71+00:00,pub_stats,,a,show-qfstpj50,3092674,6866932,2956428,60,60,0,30,30,10.97,none,f,f+h+q,3,1080,1920,1080,1920,"SimulcastEncoderAdapter (libvpx, libvpx, libvpx)",5,0,2,0,0,0.00041099999999999996,0.022,0,,,,,,,live:a,"{""qualityLimitationDurations"":{""cpu"":0,""none"":210.059,""other"":0,""bandwidth"":0.673}}"
2026-08-28T19:12:38.863661+00:00,2026-08-28T19:12:37.709+00:00,pub_stats,,a,show-qfstpj50,2817817,6866932,3000000,59,59,0,29,30,14.58,none,f,f+h+q,3,1080,1920,1080,1920,"SimulcastEncoderAdapter (libvpx, libvpx, libvpx)",5,0,2,0,0,0.000455,0.023,0,,,,,,,live:a,"{""qualityLimitationDurations"":{""cpu"":0,""none"":212.057,""other"":0,""bandwidth"":0.673}}"
2026-08-28T19:12:38.863661+00:00,2026-08-28T19:12:38.708+00:00,track_liveness_snapshot,,a,show-qfstpj50,,,,,,,,,,,,,,,,,,,,,,,,,,,,,,,,,,"{""entries"":[{""key"":""contestant-a-297a1aba:TR_VCiazSiwiK3Qco"",""frames"":null,""reason"":null,""staleSec"":213,""probation"":false},{""key"":""camfeed-a-side-53133905:TR_VCWZJdniVCue9P"",""frames"":5560,""reason"":null,""staleSec"":1,""probation"":false}],""trackCount"":2,""ineligibleCount"":0}"
2026-08-28T19:12:39.870005+00:00,2026-08-28T19:12:38.709+00:00,mic_level_sample,,a,show-qfstpj50,,,,,,,,,,,,,,,,,,,,,,,,,,,,,,,,,,"{""deviceId"":""39fae2b7de1ac0ad5463a5ba3dd688ee748a5433d1272fa9afbea3233dae361b"",""inputRms"":0.004054701231453128,""outputRms"":0.004054701231453128,""deviceLabel"":""MacBook Air Microphone (Built-in)"",""audioContextState"":""running""}"
2026-08-28T19:12:40.86145+00:00,2026-08-28T19:12:39.71+00:00,pub_stats,,a,show-qfstpj50,3017159,6866932,3000000,60,60,0,29,30,11.92,none,f,f+h+q,3,1080,1920,1080,1920,"SimulcastEncoderAdapter (libvpx, libvpx, libvpx)",5,0,2,0,0,0.000588,0.024,0,,,,,,,live:a,"{""qualityLimitationDurations"":{""cpu"":0,""none"":214.058,""other"":0,""bandwidth"":0.673}}"
2026-08-28T19:12:42.876226+00:00,2026-08-28T19:12:41.709+00:00,pub_stats,,a,show-qfstpj50,2996570,6866932,2965077,60,60,0,29,30,15.5,none,f,f+h+q,3,1080,1920,1080,1920,"SimulcastEncoderAdapter (libvpx, libvpx, libvpx)",5,0,2,0,0,0.0005769999999999999,0.023,0,,,,,,,live:a,"{""qualityLimitationDurations"":{""cpu"":0,""none"":216.057,""other"":0,""bandwidth"":0.673}}"
2026-08-28T19:12:44.927328+00:00,2026-08-28T19:12:43.707+00:00,director_heartbeat,,a,show-qfstpj50,,,,,,,,,,,,,,,,,,,,,,,,,,,,,,,,,,"{""state"":""running""}"
2026-08-28T19:12:44.927328+00:00,2026-08-28T19:12:43.707+00:00,mic_level_sample,,a,show-qfstpj50,,,,,,,,,,,,,,,,,,,,,,,,,,,,,,,,,,"{""deviceId"":""39fae2b7de1ac0ad5463a5ba3dd688ee748a5433d1272fa9afbea3233dae361b"",""inputRms"":0.0008575695360410573,""outputRms"":0.0008575695360410573,""deviceLabel"":""MacBook Air Microphone (Built-in)"",""audioContextState"":""running""}"
2026-08-28T19:12:44.927328+00:00,2026-08-28T19:12:43.709+00:00,pub_stats,,a,show-qfstpj50,2903752,6866932,3000000,60,60,0,29,30,14.8,none,f,f+h+q,3,1080,1920,1080,1920,"SimulcastEncoderAdapter (libvpx, libvpx, libvpx)",5,0,2,0,0,0.0005549999999999999,0.023,0,,,,,,,live:a,"{""qualityLimitationDurations"":{""cpu"":0,""none"":218.057,""other"":0,""bandwidth"":0.673}}"
2026-08-28T19:12:44.927328+00:00,2026-08-28T19:12:44.708+00:00,track_liveness_snapshot,,a,show-qfstpj50,,,,,,,,,,,,,,,,,,,,,,,,,,,,,,,,,,"{""entries"":[{""key"":""contestant-a-297a1aba:TR_VCiazSiwiK3Qco"",""frames"":null,""reason"":null,""staleSec"":219,""probation"":false},{""key"":""camfeed-a-side-53133905:TR_VCWZJdniVCue9P"",""frames"":5740,""reason"":null,""staleSec"":1,""probation"":false}],""trackCount"":2,""ineligibleCount"":0}"
2026-08-28T19:12:46.856466+00:00,2026-08-28T19:12:45.708+00:00,pub_stats,,a,show-qfstpj50,2991256,6866932,3000000,60,60,0,29,30,11.05,none,f,f+h+q,3,1080,1920,1080,1920,"SimulcastEncoderAdapter (libvpx, libvpx, libvpx)",5,0,2,0,0,0.0005329999999999999,0.023,0,,,,,,,live:a,"{""qualityLimitationDurations"":{""cpu"":0,""none"":220.057,""other"":0,""bandwidth"":0.673}}"
2026-08-28T19:12:48.881274+00:00,2026-08-28T19:12:47.709+00:00,pub_stats,,a,show-qfstpj50,3087956,6866932,2993785,60,60,0,29,30,12.02,none,f,f+h+q,3,1080,1920,1080,1920,"SimulcastEncoderAdapter (libvpx, libvpx, libvpx)",5,0,2,0,0,0.0005769999999999999,0.024,0,,,,,,,live:a,"{""qualityLimitationDurations"":{""cpu"":0,""none"":222.058,""other"":0,""bandwidth"":0.673}}"
2026-08-28T19:12:48.881274+00:00,2026-08-28T19:12:48.708+00:00,shot_publish_success,,a,show-qfstpj50,,,,,,,,,,,,,,,,,,,,,,,,,,,,,,,,,,"{""shot"":""bRoll"",""slot"":""a"",""commandId"":""30e14986-18be-4191-830a-f13e0ce100a6"",""decisionSource"":""auto"",""connectionState"":""connected""}"
2026-08-28T19:12:48.881274+00:00,2026-08-28T19:12:48.708+00:00,director_shot_emitted,,a,show-qfstpj50,,,,,,,,,,,,,,,,,,,,,,,,,,,,,,,,,,"{""shot"":""bRoll"",""slot"":""a"",""sourceRole"":""side"",""decisionSource"":""auto"",""targetIdentity"":""camfeed-a-side-53133905""}"
2026-08-28T19:12:49.872273+00:00,2026-08-28T19:12:48.711+00:00,mic_level_sample,,a,show-qfstpj50,,,,,,,,,,,,,,,,,,,,,,,,,,,,,,,,,,"{""deviceId"":""39fae2b7de1ac0ad5463a5ba3dd688ee748a5433d1272fa9afbea3233dae361b"",""inputRms"":0.004180658710104577,""outputRms"":0.004180658710104577,""deviceLabel"":""MacBook Air Microphone (Built-in)"",""audioContextState"":""running""}"
2026-08-28T19:12:51.744671+00:00,2026-08-28T19:12:49.709+00:00,pub_stats,,a,show-qfstpj50,2935824,6866932,3000000,60,60,0,29,30,19.37,none,f,f+h+q,3,1080,1920,1080,1920,"SimulcastEncoderAdapter (libvpx, libvpx, libvpx)",5,0,2,0,0,0.000511,0.022,0,,,,,,,live:a,"{""qualityLimitationDurations"":{""cpu"":0,""none"":224.057,""other"":0,""bandwidth"":0.673}}"
2026-08-28T19:12:51.744671+00:00,2026-08-28T19:12:50.707+00:00,track_liveness_snapshot,,a,show-qfstpj50,,,,,,,,,,,,,,,,,,,,,,,,,,,,,,,,,,"{""entries"":[{""key"":""contestant-a-297a1aba:TR_VCiazSiwiK3Qco"",""frames"":null,""reason"":null,""staleSec"":225,""probation"":false},{""key"":""camfeed-a-side-53133905:TR_VCWZJdniVCue9P"",""frames"":5919,""reason"":null,""staleSec"":1,""probation"":false}],""trackCount"":2,""ineligibleCount"":0}"
2026-08-28T19:12:52.936187+00:00,2026-08-28T19:12:51.709+00:00,pub_stats,,a,show-qfstpj50,2846944,6866932,3000000,60,60,0,29,30,17.32,none,f,f+h+q,3,1080,1920,1080,1920,"SimulcastEncoderAdapter (libvpx, libvpx, libvpx)",5,0,2,0,0,0.0006439999999999999,0.022,0,,,,,,,live:a,"{""qualityLimitationDurations"":{""cpu"":0,""none"":226.057,""other"":0,""bandwidth"":0.673}}"
2026-08-28T19:12:54.847662+00:00,2026-08-28T19:12:53.707+00:00,director_heartbeat,,a,show-qfstpj50,,,,,,,,,,,,,,,,,,,,,,,,,,,,,,,,,,"{""state"":""running""}"
2026-08-28T19:12:54.847662+00:00,2026-08-28T19:12:53.707+00:00,mic_level_sample,,a,show-qfstpj50,,,,,,,,,,,,,,,,,,,,,,,,,,,,,,,,,,"{""deviceId"":""39fae2b7de1ac0ad5463a5ba3dd688ee748a5433d1272fa9afbea3233dae361b"",""inputRms"":0.002230641929084192,""outputRms"":0.002230641929084192,""deviceLabel"":""MacBook Air Microphone (Built-in)"",""audioContextState"":""running""}"
2026-08-28T19:12:54.847662+00:00,2026-08-28T19:12:53.709+00:00,pub_stats,,a,show-qfstpj50,3092384,6866932,3000000,60,60,0,29,30,9.75,none,f,f+h+q,3,1080,1920,1080,1920,"SimulcastEncoderAdapter (libvpx, libvpx, libvpx)",5,0,2,0,0,0.000444,0.024,0,,,,,,,live:a,"{""qualityLimitationDurations"":{""cpu"":0,""none"":228.057,""other"":0,""bandwidth"":0.673}}"
2026-08-28T19:12:56.050208+00:00,2026-08-28T19:12:55.708+00:00,track_liveness_snapshot,,a,show-qfstpj50,,,,,,,,,,,,,,,,,,,,,,,,,,,,,,,,,,"{""entries"":[{""key"":""contestant-a-297a1aba:TR_VCiazSiwiK3Qco"",""frames"":null,""reason"":null,""staleSec"":230,""probation"":false},{""key"":""camfeed-a-side-53133905:TR_VCWZJdniVCue9P"",""frames"":6040,""reason"":null,""staleSec"":1,""probation"":false}],""trackCount"":2,""ineligibleCount"":0}"
2026-08-28T19:12:56.881875+00:00,2026-08-28T19:12:55.71+00:00,pub_stats,,a,show-qfstpj50,2953727,6866932,2964668,60,60,0,29,30,8.97,none,f,f+h+q,3,1080,1920,1080,1920,"SimulcastEncoderAdapter (libvpx, libvpx, libvpx)",5,0,2,0,0,0.000511,0.021,0,,,,,,,live:a,"{""qualityLimitationDurations"":{""cpu"":0,""none"":230.058,""other"":0,""bandwidth"":0.673}}"
2026-08-28T19:12:58.931395+00:00,2026-08-28T19:12:57.709+00:00,pub_stats,,a,show-qfstpj50,2995378,6866932,3000000,60,60,0,29,29,8.5,none,f,f+h+q,3,1080,1920,1080,1920,"SimulcastEncoderAdapter (libvpx, libvpx, libvpx)",5,0,2,0,0,0.0005329999999999999,0.022,0,,,,,,,live:a,"{""qualityLimitationDurations"":{""cpu"":0,""none"":232.058,""other"":0,""bandwidth"":0.673}}"
2026-08-28T19:12:58.931395+00:00,2026-08-28T19:12:58.708+00:00,director_shot_emitted,,a,show-qfstpj50,,,,,,,,,,,,,,,,,,,,,,,,,,,,,,,,,,"{""shot"":""mediumCU"",""slot"":""a"",""sourceRole"":""main"",""decisionSource"":""auto"",""targetIdentity"":""contestant-a-297a1aba""}"
2026-08-28T19:12:58.931395+00:00,2026-08-28T19:12:58.708+00:00,shot_publish_success,,a,show-qfstpj50,,,,,,,,,,,,,,,,,,,,,,,,,,,,,,,,,,"{""shot"":""mediumCU"",""slot"":""a"",""commandId"":""9514bcc1-3e95-45ac-80c9-977bce9308f2"",""decisionSource"":""auto"",""connectionState"":""connected""}"
2026-08-28T19:12:59.859585+00:00,2026-08-28T19:12:58.71+00:00,mic_level_sample,,a,show-qfstpj50,,,,,,,,,,,,,,,,,,,,,,,,,,,,,,,,,,"{""deviceId"":""39fae2b7de1ac0ad5463a5ba3dd688ee748a5433d1272fa9afbea3233dae361b"",""inputRms"":0.005902554246869016,""outputRms"":0.005902554246869016,""deviceLabel"":""MacBook Air Microphone (Built-in)"",""audioContextState"":""running""}"
2026-08-28T19:13:00.885624+00:00,2026-08-28T19:12:59.709+00:00,pub_stats,,a,show-qfstpj50,3075212,6873292,2924187,60,60,0,29,30,18.03,none,f,f+h+q,3,1080,1920,1080,1920,"SimulcastEncoderAdapter (libvpx, libvpx, libvpx)",5,0,2,0,0,0.000444,0.022,0,,,,,,,live:a,"{""qualityLimitationDurations"":{""cpu"":0,""none"":234.057,""other"":0,""bandwidth"":0.673}}"
2026-08-28T19:13:00.885624+00:00,2026-08-28T19:13:00.709+00:00,track_liveness_snapshot,,a,show-qfstpj50,,,,,,,,,,,,,,,,,,,,,,,,,,,,,,,,,,"{""entries"":[{""key"":""contestant-a-297a1aba:TR_VCiazSiwiK3Qco"",""frames"":null,""reason"":null,""staleSec"":235,""probation"":false},{""key"":""camfeed-a-side-53133905:TR_VCWZJdniVCue9P"",""frames"":6190,""reason"":null,""staleSec"":1,""probation"":false}],""trackCount"":2,""ineligibleCount"":0}"
2026-08-28T19:13:02.847898+00:00,2026-08-28T19:13:01.71+00:00,pub_stats,,a,show-qfstpj50,2920780,6873292,3000000,60,60,0,29,30,15.8,none,f,f+h+q,3,1080,1920,1080,1920,"SimulcastEncoderAdapter (libvpx, libvpx, libvpx)",5,0,2,0,0,0.0006659999999999999,0.023,0,,,,,,,live:a,"{""qualityLimitationDurations"":{""cpu"":0,""none"":236.058,""other"":0,""bandwidth"":0.673}}"
2026-08-28T19:13:05.006737+00:00,2026-08-28T19:13:03.707+00:00,director_heartbeat,,a,show-qfstpj50,,,,,,,,,,,,,,,,,,,,,,,,,,,,,,,,,,"{""state"":""running""}"
2026-08-28T19:13:05.006737+00:00,2026-08-28T19:13:03.708+00:00,mic_level_sample,,a,show-qfstpj50,,,,,,,,,,,,,,,,,,,,,,,,,,,,,,,,,,"{""deviceId"":""39fae2b7de1ac0ad5463a5ba3dd688ee748a5433d1272fa9afbea3233dae361b"",""inputRms"":0.0007394877030857104,""outputRms"":0.0007394877030857104,""deviceLabel"":""MacBook Air Microphone (Built-in)"",""audioContextState"":""running""}"
2026-08-28T19:13:05.006737+00:00,2026-08-28T19:13:03.709+00:00,pub_stats,,a,show-qfstpj50,2942403,6873292,3000000,60,60,0,30,30,17.1,none,f,f+h+q,3,1080,1920,1080,1920,"SimulcastEncoderAdapter (libvpx, libvpx, libvpx)",5,0,2,0,0,0.0007,0.025,0,,,,,,,live:a,"{""qualityLimitationDurations"":{""cpu"":0,""none"":238.057,""other"":0,""bandwidth"":0.673}}"
2026-08-28T19:13:06.858702+00:00,2026-08-28T19:13:05.71+00:00,pub_stats,,a,show-qfstpj50,2987646,6873292,3000000,60,60,0,30,30,12.78,none,f,f+h+q,3,1080,1920,1080,1920,"SimulcastEncoderAdapter (libvpx, libvpx, libvpx)",5,0,2,0,0,0.0005549999999999999,0.024,0,,,,,,,live:a,"{""qualityLimitationDurations"":{""cpu"":0,""none"":240.058,""other"":0,""bandwidth"":0.673}}"
2026-08-28T19:13:06.858702+00:00,2026-08-28T19:13:06.708+00:00,track_liveness_snapshot,,a,show-qfstpj50,,,,,,,,,,,,,,,,,,,,,,,,,,,,,,,,,,"{""entries"":[{""key"":""contestant-a-297a1aba:TR_VCiazSiwiK3Qco"",""frames"":null,""reason"":null,""staleSec"":241,""probation"":false},{""key"":""camfeed-a-side-53133905:TR_VCWZJdniVCue9P"",""frames"":6369,""reason"":null,""staleSec"":1,""probation"":false}],""trackCount"":2,""ineligibleCount"":0}"
2026-08-28T19:13:08.845954+00:00,2026-08-28T19:13:07.71+00:00,pub_stats,,a,show-qfstpj50,3044636,6909429,2981533,60,60,0,30,30,16.12,none,f,f+h+q,3,1080,1920,1080,1920,"SimulcastEncoderAdapter (libvpx, libvpx, libvpx)",5,0,2,0,0,0.0005329999999999999,0.024,0,,,,,,,live:a,"{""qualityLimitationDurations"":{""cpu"":0,""none"":242.058,""other"":0,""bandwidth"":0.673}}"
2026-08-28T19:13:09.860538+00:00,2026-08-28T19:13:08.708+00:00,mic_level_sample,,a,show-qfstpj50,,,,,,,,,,,,,,,,,,,,,,,,,,,,,,,,,,"{""deviceId"":""39fae2b7de1ac0ad5463a5ba3dd688ee748a5433d1272fa9afbea3233dae361b"",""inputRms"":0.008389563267919788,""outputRms"":0.008389563267919788,""deviceLabel"":""MacBook Air Microphone (Built-in)"",""audioContextState"":""running""}"
2026-08-28T19:13:10.86251+00:00,2026-08-28T19:13:09.709+00:00,pub_stats,,a,show-qfstpj50,2901887,6909429,3000000,60,60,0,30,30,12.88,none,f,f+h+q,3,1080,1920,1080,1920,"SimulcastEncoderAdapter (libvpx, libvpx, libvpx)",5,0,2,0,0,0.000722,0.024,0,,,,,,,live:a,"{""qualityLimitationDurations"":{""cpu"":0,""none"":244.057,""other"":0,""bandwidth"":0.673}}"
2026-08-28T19:13:10.86251+00:00,2026-08-28T19:13:10.708+00:00,shot_publish_success,,a,show-qfstpj50,,,,,,,,,,,,,,,,,,,,,,,,,,,,,,,,,,"{""shot"":""pan"",""slot"":""a"",""commandId"":""82fad940-f503-4a94-909d-38dcc11b783f"",""decisionSource"":""auto"",""connectionState"":""connected""}"
2026-08-28T19:13:10.86251+00:00,2026-08-28T19:13:10.708+00:00,director_shot_emitted,,a,show-qfstpj50,,,,,,,,,,,,,,,,,,,,,,,,,,,,,,,,,,"{""shot"":""pan"",""slot"":""a"",""sourceRole"":""side"",""decisionSource"":""auto"",""targetIdentity"":""camfeed-a-side-53133905""}"
2026-08-28T19:13:11.894707+00:00,2026-08-28T19:13:11.708+00:00,track_liveness_snapshot,,a,show-qfstpj50,,,,,,,,,,,,,,,,,,,,,,,,,,,,,,,,,,"{""entries"":[{""key"":""contestant-a-297a1aba:TR_VCiazSiwiK3Qco"",""frames"":null,""reason"":null,""staleSec"":246,""probation"":false},{""key"":""camfeed-a-side-53133905:TR_VCWZJdniVCue9P"",""frames"":6458,""reason"":null,""staleSec"":1,""probation"":false}],""trackCount"":2,""ineligibleCount"":0}"
2026-08-28T19:13:12.850815+00:00,2026-08-28T19:13:11.71+00:00,pub_stats,,a,show-qfstpj50,3085337,6909429,2973925,60,60,0,30,30,11.83,none,f,f+h+q,3,1080,1920,1080,1920,"SimulcastEncoderAdapter (libvpx, libvpx, libvpx)",5,0,2,0,0,0.000522,0.022,0,,,,,,,live:a,"{""qualityLimitationDurations"":{""cpu"":0,""none"":246.058,""other"":0,""bandwidth"":0.673}}"
2026-08-28T19:13:14.88304+00:00,2026-08-28T19:13:13.708+00:00,director_heartbeat,,a,show-qfstpj50,,,,,,,,,,,,,,,,,,,,,,,,,,,,,,,,,,"{""state"":""running""}"
2026-08-28T19:13:14.88304+00:00,2026-08-28T19:13:13.708+00:00,mic_level_sample,,a,show-qfstpj50,,,,,,,,,,,,,,,,,,,,,,,,,,,,,,,,,,"{""deviceId"":""39fae2b7de1ac0ad5463a5ba3dd688ee748a5433d1272fa9afbea3233dae361b"",""inputRms"":0.010962480244558842,""outputRms"":0.010962480244558842,""deviceLabel"":""MacBook Air Microphone (Built-in)"",""audioContextState"":""running""}"
2026-08-28T19:13:14.88304+00:00,2026-08-28T19:13:13.709+00:00,pub_stats,,a,show-qfstpj50,2972834,6909429,3000000,60,60,0,30,30,10.78,none,f,f+h+q,3,1080,1920,1080,1920,"SimulcastEncoderAdapter (libvpx, libvpx, libvpx)",5,0,2,0,0,0.0006,0.023,0,,,,,,,live:a,"{""qualityLimitationDurations"":{""cpu"":0,""none"":248.058,""other"":0,""bandwidth"":0.673}}"
2026-08-28T19:13:16.856543+00:00,2026-08-28T19:13:15.708+00:00,pub_stats,,a,show-qfstpj50,2959676,6909429,3000000,60,60,0,30,30,10.53,none,f,f+h+q,3,1080,1920,1080,1920,"SimulcastEncoderAdapter (libvpx, libvpx, libvpx)",5,0,2,0,0,0.000488,0.023,0,,,,,,,live:a,"{""qualityLimitationDurations"":{""cpu"":0,""none"":250.057,""other"":0,""bandwidth"":0.673}}"
2026-08-28T19:13:16.856543+00:00,2026-08-28T19:13:16.708+00:00,track_liveness_snapshot,,a,show-qfstpj50,,,,,,,,,,,,,,,,,,,,,,,,,,,,,,,,,,"{""entries"":[{""key"":""contestant-a-297a1aba:TR_VCiazSiwiK3Qco"",""frames"":null,""reason"":null,""staleSec"":251,""probation"":false},{""key"":""camfeed-a-side-53133905:TR_VCWZJdniVCue9P"",""frames"":6558,""reason"":null,""staleSec"":1,""probation"":false}],""trackCount"":2,""ineligibleCount"":0}"
2026-08-28T19:13:18.847873+00:00,2026-08-28T19:13:17.709+00:00,pub_stats,,a,show-qfstpj50,3020834,6909429,3000000,60,60,0,30,30,9.53,none,f,f+h+q,3,1080,1920,1080,1920,"SimulcastEncoderAdapter (libvpx, libvpx, libvpx)",5,0,2,0,0,0.000566,0.023,0,,,,,,,live:a,"{""qualityLimitationDurations"":{""cpu"":0,""none"":252.058,""other"":0,""bandwidth"":0.673}}"
2026-08-28T19:13:19.849042+00:00,2026-08-28T19:13:18.708+00:00,mic_level_sample,,a,show-qfstpj50,,,,,,,,,,,,,,,,,,,,,,,,,,,,,,,,,,"{""deviceId"":""39fae2b7de1ac0ad5463a5ba3dd688ee748a5433d1272fa9afbea3233dae361b"",""inputRms"":0.0057761095083244144,""outputRms"":0.0057761095083244144,""deviceLabel"":""MacBook Air Microphone (Built-in)"",""audioContextState"":""running""}"
2026-08-28T19:13:19.849042+00:00,2026-08-28T19:13:18.709+00:00,shot_publish_success,,a,show-qfstpj50,,,,,,,,,,,,,,,,,,,,,,,,,,,,,,,,,,"{""shot"":""mediumCU"",""slot"":""a"",""commandId"":""d3927d56-e928-4cac-8a96-33c41e93138a"",""decisionSource"":""auto"",""connectionState"":""connected""}"
2026-08-28T19:13:19.849042+00:00,2026-08-28T19:13:18.709+00:00,director_shot_emitted,,a,show-qfstpj50,,,,,,,,,,,,,,,,,,,,,,,,,,,,,,,,,,"{""shot"":""mediumCU"",""slot"":""a"",""sourceRole"":""main"",""decisionSource"":""auto"",""targetIdentity"":""contestant-a-297a1aba""}"
2026-08-28T19:13:20.844451+00:00,2026-08-28T19:13:19.71+00:00,pub_stats,,a,show-qfstpj50,2997461,6909429,3000000,60,60,0,30,30,9.32,none,f,f+h+q,3,1080,1920,1080,1920,"SimulcastEncoderAdapter (libvpx, libvpx, libvpx)",5,0,2,0,0,0.000511,0.022,0,,,,,,,live:a,"{""qualityLimitationDurations"":{""cpu"":0,""none"":254.058,""other"":0,""bandwidth"":0.673}}"
2026-08-28T19:13:23.029378+00:00,2026-08-28T19:13:21.709+00:00,pub_stats,,a,show-qfstpj50,2991660,6909429,2994010,60,60,0,30,30,10.18,none,f,f+h+q,3,1080,1920,1080,1920,"SimulcastEncoderAdapter (libvpx, libvpx, libvpx)",5,0,2,0,0,0.0005329999999999999,0.023,0,,,,,,,live:a,"{""qualityLimitationDurations"":{""cpu"":0,""none"":256.057,""other"":0,""bandwidth"":0.673}}"
2026-08-28T19:13:23.029378+00:00,2026-08-28T19:13:22.708+00:00,track_liveness_snapshot,,a,show-qfstpj50,,,,,,,,,,,,,,,,,,,,,,,,,,,,,,,,,,"{""entries"":[{""key"":""contestant-a-297a1aba:TR_VCiazSiwiK3Qco"",""frames"":null,""reason"":null,""staleSec"":257,""probation"":false},{""key"":""camfeed-a-side-53133905:TR_VCWZJdniVCue9P"",""frames"":6690,""reason"":null,""staleSec"":1,""probation"":false}],""trackCount"":2,""ineligibleCount"":0}"
2026-08-28T19:13:24.856036+00:00,2026-08-28T19:13:23.708+00:00,director_heartbeat,,a,show-qfstpj50,,,,,,,,,,,,,,,,,,,,,,,,,,,,,,,,,,"{""state"":""running""}"
2026-08-28T19:13:24.856036+00:00,2026-08-28T19:13:23.708+00:00,mic_level_sample,,a,show-qfstpj50,,,,,,,,,,,,,,,,,,,,,,,,,,,,,,,,,,"{""deviceId"":""39fae2b7de1ac0ad5463a5ba3dd688ee748a5433d1272fa9afbea3233dae361b"",""inputRms"":0.0005457917843865069,""outputRms"":0.0005457917843865069,""deviceLabel"":""MacBook Air Microphone (Built-in)"",""audioContextState"":""running""}"
2026-08-28T19:13:24.856036+00:00,2026-08-28T19:13:23.71+00:00,pub_stats,,a,show-qfstpj50,3016196,6909429,3000000,60,60,0,30,30,9.48,none,f,f+h+q,3,1080,1920,1080,1920,"SimulcastEncoderAdapter (libvpx, libvpx, libvpx)",5,0,2,0,0,0.0005,0.023,0,,,,,,,live:a,"{""qualityLimitationDurations"":{""cpu"":0,""none"":258.058,""other"":0,""bandwidth"":0.673}}"
2026-08-28T19:13:26.868451+00:00,2026-08-28T19:13:25.709+00:00,pub_stats,,a,show-qfstpj50,3014443,6909429,2960833,60,60,0,30,30,12.62,none,f,f+h+q,3,1080,1920,1080,1920,"SimulcastEncoderAdapter (libvpx, libvpx, libvpx)",5,0,2,0,0,0.00042199999999999996,0.023,0,,,,,,,live:a,"{""qualityLimitationDurations"":{""cpu"":0,""none"":260.058,""other"":0,""bandwidth"":0.673}}"
2026-08-28T19:13:28.849512+00:00,2026-08-28T19:13:27.708+00:00,pub_stats,,a,show-qfstpj50,2961165,6909429,3000000,60,60,0,30,30,10.85,none,f,f+h+q,3,1080,1920,1080,1920,"SimulcastEncoderAdapter (libvpx, libvpx, libvpx)",5,0,2,0,0,0.0005549999999999999,0.023,0,,,,,,,live:a,"{""qualityLimitationDurations"":{""cpu"":0,""none"":262.057,""other"":0,""bandwidth"":0.673}}"
2026-08-28T19:13:28.849512+00:00,2026-08-28T19:13:28.708+00:00,track_liveness_snapshot,,a,show-qfstpj50,,,,,,,,,,,,,,,,,,,,,,,,,,,,,,,,,,"{""entries"":[{""key"":""contestant-a-297a1aba:TR_VCiazSiwiK3Qco"",""frames"":null,""reason"":null,""staleSec"":263,""probation"":false},{""key"":""camfeed-a-side-53133905:TR_VCWZJdniVCue9P"",""frames"":6839,""reason"":null,""staleSec"":1,""probation"":false}],""trackCount"":2,""ineligibleCount"":0}"
2026-08-28T19:13:29.85585+00:00,2026-08-28T19:13:28.708+00:00,mic_level_sample,,a,show-qfstpj50,,,,,,,,,,,,,,,,,,,,,,,,,,,,,,,,,,"{""deviceId"":""39fae2b7de1ac0ad5463a5ba3dd688ee748a5433d1272fa9afbea3233dae361b"",""inputRms"":0.0009946397677649827,""outputRms"":0.0009946397677649827,""deviceLabel"":""MacBook Air Microphone (Built-in)"",""audioContextState"":""running""}"
2026-08-28T19:13:30.845652+00:00,2026-08-28T19:13:29.71+00:00,pub_stats,,a,show-qfstpj50,3029387,6909429,2936988,60,60,0,30,30,13.58,none,f,f+h+q,3,1080,1920,1080,1920,"SimulcastEncoderAdapter (libvpx, libvpx, libvpx)",5,0,2,0,0,0.0006659999999999999,0.022,0,,,,,,,live:a,"{""qualityLimitationDurations"":{""cpu"":0,""none"":264.058,""other"":0,""bandwidth"":0.673}}"
2026-08-28T19:13:32.857975+00:00,2026-08-28T19:13:31.709+00:00,pub_stats,,a,show-qfstpj50,3006439,6909429,3000000,60,60,0,30,30,13.03,none,f,f+h+q,3,1080,1920,1080,1920,"SimulcastEncoderAdapter (libvpx, libvpx, libvpx)",5,0,2,0,0,0.000522,0.022,0,,,,,,,live:a,"{""qualityLimitationDurations"":{""cpu"":0,""none"":266.058,""other"":0,""bandwidth"":0.673}}"
2026-08-28T19:13:32.857975+00:00,2026-08-28T19:13:32.708+00:00,director_shot_emitted,,a,show-qfstpj50,,,,,,,,,,,,,,,,,,,,,,,,,,,,,,,,,,"{""shot"":""bRoll"",""slot"":""a"",""sourceRole"":""side"",""decisionSource"":""auto"",""targetIdentity"":""camfeed-a-side-53133905""}"
2026-08-28T19:13:32.857975+00:00,2026-08-28T19:13:32.709+00:00,shot_publish_success,,a,show-qfstpj50,,,,,,,,,,,,,,,,,,,,,,,,,,,,,,,,,,"{""shot"":""bRoll"",""slot"":""a"",""commandId"":""9c72d063-78e7-43ca-9092-dba0ce2c9631"",""decisionSource"":""auto"",""connectionState"":""connected""}"
2026-08-28T19:13:33.854959+00:00,2026-08-28T19:13:33.707+00:00,track_liveness_snapshot,,a,show-qfstpj50,,,,,,,,,,,,,,,,,,,,,,,,,,,,,,,,,,"{""entries"":[{""key"":""contestant-a-297a1aba:TR_VCiazSiwiK3Qco"",""frames"":null,""reason"":null,""staleSec"":268,""probation"":false},{""key"":""camfeed-a-side-53133905:TR_VCWZJdniVCue9P"",""frames"":6981,""reason"":null,""staleSec"":1,""probation"":false}],""trackCount"":2,""ineligibleCount"":0}"
2026-08-28T19:13:34.990912+00:00,2026-08-28T19:13:33.707+00:00,mic_level_sample,,a,show-qfstpj50,,,,,,,,,,,,,,,,,,,,,,,,,,,,,,,,,,"{""deviceId"":""39fae2b7de1ac0ad5463a5ba3dd688ee748a5433d1272fa9afbea3233dae361b"",""inputRms"":0.0045160409087291855,""outputRms"":0.0045160409087291855,""deviceLabel"":""MacBook Air Microphone (Built-in)"",""audioContextState"":""running""}"
2026-08-28T19:13:34.990912+00:00,2026-08-28T19:13:33.707+00:00,director_heartbeat,,a,show-qfstpj50,,,,,,,,,,,,,,,,,,,,,,,,,,,,,,,,,,"{""state"":""running""}"
2026-08-28T19:13:34.990912+00:00,2026-08-28T19:13:33.708+00:00,pub_stats,,a,show-qfstpj50,2964598,6909429,3000000,60,60,0,30,30,16.1,none,f,f+h+q,3,1080,1920,1080,1920,"SimulcastEncoderAdapter (libvpx, libvpx, libvpx)",5,0,2,0,0,0.000511,0.022,0,,,,,,,live:a,"{""qualityLimitationDurations"":{""cpu"":0,""none"":268.057,""other"":0,""bandwidth"":0.673}}"
2026-08-28T19:13:36.861027+00:00,2026-08-28T19:13:35.709+00:00,pub_stats,,a,show-qfstpj50,2945127,6909429,3000000,60,60,0,30,30,14.35,none,f,f+h+q,3,1080,1920,1080,1920,"SimulcastEncoderAdapter (libvpx, libvpx, libvpx)",5,0,2,0,0,0.00043299999999999995,0.022,0,,,,,,,live:a,"{""qualityLimitationDurations"":{""cpu"":0,""none"":270.057,""other"":0,""bandwidth"":0.673}}"
2026-08-28T19:13:39.362481+00:00,2026-08-28T19:13:37.708+00:00,pub_stats,,a,show-qfstpj50,2981171,6909429,3000000,59,59,0,29,30,12.05,none,f,f+h+q,3,1080,1920,1080,1920,"SimulcastEncoderAdapter (libvpx, libvpx, libvpx)",5,0,2,0,0,0.0005769999999999999,0.022,0,,,,,,,live:a,"{""qualityLimitationDurations"":{""cpu"":0,""none"":272.057,""other"":0,""bandwidth"":0.673}}"
2026-08-28T19:13:39.362481+00:00,2026-08-28T19:13:38.708+00:00,track_liveness_snapshot,,a,show-qfstpj50,,,,,,,,,,,,,,,,,,,,,,,,,,,,,,,,,,"{""entries"":[{""key"":""contestant-a-297a1aba:TR_VCiazSiwiK3Qco"",""frames"":null,""reason"":null,""staleSec"":273,""probation"":false},{""key"":""camfeed-a-side-53133905:TR_VCWZJdniVCue9P"",""frames"":7127,""reason"":null,""staleSec"":1,""probation"":false}],""trackCount"":2,""ineligibleCount"":0}"
2026-08-28T19:13:39.856439+00:00,2026-08-28T19:13:38.708+00:00,mic_level_sample,,a,show-qfstpj50,,,,,,,,,,,,,,,,,,,,,,,,,,,,,,,,,,"{""deviceId"":""39fae2b7de1ac0ad5463a5ba3dd688ee748a5433d1272fa9afbea3233dae361b"",""inputRms"":0.00019930309706717338,""outputRms"":0.00019930309706717338,""deviceLabel"":""MacBook Air Microphone (Built-in)"",""audioContextState"":""running""}"
2026-08-28T19:13:40.845175+00:00,2026-08-28T19:13:39.709+00:00,pub_stats,,a,show-qfstpj50,2929799,6909429,2970650,60,60,0,29,30,16.4,none,f,f+h+q,3,1080,1920,1080,1920,"SimulcastEncoderAdapter (libvpx, libvpx, libvpx)",5,0,2,0,0,0.000633,0.022,0,,,,,,,live:a,"{""qualityLimitationDurations"":{""cpu"":0,""none"":274.057,""other"":0,""bandwidth"":0.673}}"
2026-08-28T19:13:42.856623+00:00,2026-08-28T19:13:41.709+00:00,pub_stats,,a,show-qfstpj50,3010276,6909429,3000000,60,60,0,29,30,12.53,none,f,f+h+q,3,1080,1920,1080,1920,"SimulcastEncoderAdapter (libvpx, libvpx, libvpx)",5,0,2,0,0,0.000455,0.024,0,,,,,,,live:a,"{""qualityLimitationDurations"":{""cpu"":0,""none"":276.058,""other"":0,""bandwidth"":0.673}}"
2026-08-28T19:13:44.849654+00:00,2026-08-28T19:13:43.707+00:00,mic_level_sample,,a,show-qfstpj50,,,,,,,,,,,,,,,,,,,,,,,,,,,,,,,,,,"{""deviceId"":""39fae2b7de1ac0ad5463a5ba3dd688ee748a5433d1272fa9afbea3233dae361b"",""inputRms"":0.0001905770562760868,""outputRms"":0.0001905770562760868,""deviceLabel"":""MacBook Air Microphone (Built-in)"",""audioContextState"":""running""}"
2026-08-28T19:13:44.849654+00:00,2026-08-28T19:13:43.707+00:00,director_heartbeat,,a,show-qfstpj50,,,,,,,,,,,,,,,,,,,,,,,,,,,,,,,,,,"{""state"":""running""}"
2026-08-28T19:13:44.849654+00:00,2026-08-28T19:13:43.708+00:00,shot_publish_success,,a,show-qfstpj50,,,,,,,,,,,,,,,,,,,,,,,,,,,,,,,,,,"{""shot"":""mediumCU"",""slot"":""a"",""commandId"":""e26f259b-76bd-4196-89b0-2618b1ba06d3"",""decisionSource"":""auto"",""connectionState"":""connected""}"
2026-08-28T19:13:44.849654+00:00,2026-08-28T19:13:43.708+00:00,director_shot_emitted,,a,show-qfstpj50,,,,,,,,,,,,,,,,,,,,,,,,,,,,,,,,,,"{""shot"":""mediumCU"",""slot"":""a"",""sourceRole"":""main"",""decisionSource"":""auto"",""targetIdentity"":""contestant-a-297a1aba""}"
2026-08-28T19:13:44.849654+00:00,2026-08-28T19:13:43.71+00:00,pub_stats,,a,show-qfstpj50,3064440,6909429,2962158,60,60,0,29,30,13.5,none,f,f+h+q,3,1080,1920,1080,1920,"SimulcastEncoderAdapter (libvpx, libvpx, libvpx)",5,0,2,0,0,0.000466,0.022,0,,,,,,,live:a,"{""qualityLimitationDurations"":{""cpu"":0,""none"":278.057,""other"":0,""bandwidth"":0.673}}"
2026-08-28T19:13:44.849654+00:00,2026-08-28T19:13:44.707+00:00,track_liveness_snapshot,,a,show-qfstpj50,,,,,,,,,,,,,,,,,,,,,,,,,,,,,,,,,,"{""entries"":[{""key"":""contestant-a-297a1aba:TR_VCiazSiwiK3Qco"",""frames"":null,""reason"":null,""staleSec"":279,""probation"":false},{""key"":""camfeed-a-side-53133905:TR_VCWZJdniVCue9P"",""frames"":7212,""reason"":null,""staleSec"":1,""probation"":false}],""trackCount"":2,""ineligibleCount"":0}"
2026-08-28T19:13:46.867278+00:00,2026-08-28T19:13:45.71+00:00,pub_stats,,a,show-qfstpj50,2884312,6909429,3000000,60,60,0,29,30,13.02,none,f,f+h+q,3,1080,1920,1080,1920,"SimulcastEncoderAdapter (libvpx, libvpx, libvpx)",5,0,2,0,0,0.000444,0.023,0,,,,,,,live:a,"{""qualityLimitationDurations"":{""cpu"":0,""none"":280.057,""other"":0,""bandwidth"":0.673}}"
2026-08-28T19:13:48.862256+00:00,2026-08-28T19:13:47.71+00:00,pub_stats,,a,show-qfstpj50,3128356,6909429,2993238,60,60,0,29,30,14.52,none,f,f+h+q,3,1080,1920,1080,1920,"SimulcastEncoderAdapter (libvpx, libvpx, libvpx)",5,0,2,0,0,0.000611,0.023,0,,,,,,,live:a,"{""qualityLimitationDurations"":{""cpu"":0,""none"":282.058,""other"":0,""bandwidth"":0.673}}"
2026-08-28T19:13:49.869463+00:00,2026-08-28T19:13:48.708+00:00,mic_level_sample,,a,show-qfstpj50,,,,,,,,,,,,,,,,,,,,,,,,,,,,,,,,,,"{""deviceId"":""39fae2b7de1ac0ad5463a5ba3dd688ee748a5433d1272fa9afbea3233dae361b"",""inputRms"":0.00015365742459552472,""outputRms"":0.00015365742459552472,""deviceLabel"":""MacBook Air Microphone (Built-in)"",""audioContextState"":""running""}"
2026-08-28T19:13:49.869463+00:00,2026-08-28T19:13:48.708+00:00,mic_silent,,a,show-qfstpj50,,,,,,,,,,,,,,,,,,,,,,,,,,,,,,,,,,"{""inputRms"":0.00015365742459552472,""outputRms"":0.00015365742459552472,""silentSinceMs"":1787944418708,""audioContextState"":""running""}"
2026-08-28T19:13:49.869463+00:00,2026-08-28T19:13:49.708+00:00,track_liveness_snapshot,,a,show-qfstpj50,,,,,,,,,,,,,,,,,,,,,,,,,,,,,,,,,,"{""entries"":[{""key"":""contestant-a-297a1aba:TR_VCiazSiwiK3Qco"",""frames"":null,""reason"":null,""staleSec"":284,""probation"":false},{""key"":""camfeed-a-side-53133905:TR_VCWZJdniVCue9P"",""frames"":7312,""reason"":null,""staleSec"":1,""probation"":false}],""trackCount"":2,""ineligibleCount"":0}"
2026-08-28T19:13:50.849466+00:00,2026-08-28T19:13:49.711+00:00,pub_stats,,a,show-qfstpj50,2904587,6909429,3000000,60,60,0,30,30,13.65,none,f,f+h+q,3,1080,1920,1080,1920,"SimulcastEncoderAdapter (libvpx, libvpx, libvpx)",5,0,2,0,0,0.000633,0.024,0,,,,,,,live:a,"{""qualityLimitationDurations"":{""cpu"":0,""none"":284.059,""other"":0,""bandwidth"":0.673}}"
2026-08-28T19:13:52.989186+00:00,2026-08-28T19:13:51.71+00:00,pub_stats,,a,show-qfstpj50,2971054,6909429,2982288,60,60,0,30,30,11.95,none,f,f+h+q,3,1080,1920,1080,1920,"SimulcastEncoderAdapter (libvpx, libvpx, libvpx)",5,0,2,0,0,0.000633,0.023,0,,,,,,,live:a,"{""qualityLimitationDurations"":{""cpu"":0,""none"":286.058,""other"":0,""bandwidth"":0.673}}"
2026-08-28T19:13:53.866349+00:00,2026-08-28T19:13:53.708+00:00,shot_publish_success,,a,show-qfstpj50,,,,,,,,,,,,,,,,,,,,,,,,,,,,,,,,,,"{""shot"":""zoomOut"",""slot"":""a"",""commandId"":""5b3323e8-83ee-4828-8df1-6431feaa2e69"",""decisionSource"":""auto"",""connectionState"":""connected""}"
2026-08-28T19:13:53.866349+00:00,2026-08-28T19:13:53.708+00:00,director_shot_emitted,,a,show-qfstpj50,,,,,,,,,,,,,,,,,,,,,,,,,,,,,,,,,,"{""shot"":""zoomOut"",""slot"":""a"",""sourceRole"":""side"",""decisionSource"":""auto"",""targetIdentity"":""camfeed-a-side-53133905""}"
2026-08-28T19:13:54.863411+00:00,2026-08-28T19:13:53.71+00:00,director_heartbeat,,a,show-qfstpj50,,,,,,,,,,,,,,,,,,,,,,,,,,,,,,,,,,"{""state"":""running""}"
2026-08-28T19:13:54.863411+00:00,2026-08-28T19:13:53.71+00:00,pub_stats,,a,show-qfstpj50,3105672,6909429,2961285,60,60,0,30,30,11.1,none,f,f+h+q,3,1080,1920,1080,1920,"SimulcastEncoderAdapter (libvpx, libvpx, libvpx)",5,0,2,0,0,0.0006219999999999999,0.022,0,,,,,,,live:a,"{""qualityLimitationDurations"":{""cpu"":0,""none"":288.058,""other"":0,""bandwidth"":0.673}}"
2026-08-28T19:13:54.863411+00:00,2026-08-28T19:13:53.71+00:00,mic_level_sample,,a,show-qfstpj50,,,,,,,,,,,,,,,,,,,,,,,,,,,,,,,,,,"{""deviceId"":""39fae2b7de1ac0ad5463a5ba3dd688ee748a5433d1272fa9afbea3233dae361b"",""inputRms"":0.00027493387042470155,""outputRms"":0.00027493387042470155,""deviceLabel"":""MacBook Air Microphone (Built-in)"",""audioContextState"":""running""}"
2026-08-28T19:13:55.845152+00:00,2026-08-28T19:13:55.708+00:00,track_liveness_snapshot,,a,show-qfstpj50,,,,,,,,,,,,,,,,,,,,,,,,,,,,,,,,,,"{""entries"":[{""key"":""contestant-a-297a1aba:TR_VCiazSiwiK3Qco"",""frames"":null,""reason"":null,""staleSec"":290,""probation"":false},{""key"":""camfeed-a-side-53133905:TR_VCWZJdniVCue9P"",""frames"":7405,""reason"":null,""staleSec"":1,""probation"":false}],""trackCount"":2,""ineligibleCount"":0}"
2026-08-28T19:13:56.855647+00:00,2026-08-28T19:13:55.709+00:00,pub_stats,,a,show-qfstpj50,3009749,6909429,3000000,60,60,0,30,30,17.67,none,f,f+h+q,3,1080,1920,1080,1920,"SimulcastEncoderAdapter (libvpx, libvpx, libvpx)",5,0,2,0,0,0.00042199999999999996,0.022,0,,,,,,,live:a,"{""qualityLimitationDurations"":{""cpu"":0,""none"":290.058,""other"":0,""bandwidth"":0.673}}"
2026-08-28T19:13:58.865904+00:00,2026-08-28T19:13:57.71+00:00,pub_stats,,a,show-qfstpj50,2842007,6909429,3000000,60,60,0,30,30,16.33,none,f,f+h+q,3,1080,1920,1080,1920,"SimulcastEncoderAdapter (libvpx, libvpx, libvpx)",5,0,2,0,0,0.000655,0.024,0,,,,,,,live:a,"{""qualityLimitationDurations"":{""cpu"":0,""none"":292.058,""other"":0,""bandwidth"":0.673}}"
2026-08-28T19:13:59.877468+00:00,2026-08-28T19:13:58.709+00:00,mic_level_sample,,a,show-qfstpj50,,,,,,,,,,,,,,,,,,,,,,,,,,,,,,,,,,"{""deviceId"":""39fae2b7de1ac0ad5463a5ba3dd688ee748a5433d1272fa9afbea3233dae361b"",""inputRms"":0.00007896502190036209,""outputRms"":0.00007896502190036209,""deviceLabel"":""MacBook Air Microphone (Built-in)"",""audioContextState"":""running""}"
2026-08-28T19:14:00.884998+00:00,2026-08-28T19:13:59.71+00:00,pub_stats,,a,show-qfstpj50,2967264,6909429,3000000,60,60,0,30,30,12.88,none,f,f+h+q,3,1080,1920,1080,1920,"SimulcastEncoderAdapter (libvpx, libvpx, libvpx)",5,0,2,0,0,0.000455,0.022,0,,,,,,,live:a,"{""qualityLimitationDurations"":{""cpu"":0,""none"":294.059,""other"":0,""bandwidth"":0.673}}"
2026-08-28T19:14:01.851527+00:00,2026-08-28T19:14:01.708+00:00,track_liveness_snapshot,,a,show-qfstpj50,,,,,,,,,,,,,,,,,,,,,,,,,,,,,,,,,,"{""entries"":[{""key"":""contestant-a-297a1aba:TR_VCiazSiwiK3Qco"",""frames"":null,""reason"":null,""staleSec"":296,""probation"":false},{""key"":""camfeed-a-side-53133905:TR_VCWZJdniVCue9P"",""frames"":7493,""reason"":null,""staleSec"":1,""probation"":false}],""trackCount"":2,""ineligibleCount"":0}"
2026-08-28T19:14:02.845636+00:00,2026-08-28T19:14:01.71+00:00,pub_stats,,a,show-qfstpj50,3008744,6909429,3000000,60,60,0,30,30,10.9,none,f,f+h+q,3,1080,1920,1080,1920,"SimulcastEncoderAdapter (libvpx, libvpx, libvpx)",5,0,2,0,0,0.000611,0.023,0,,,,,,,live:a,"{""qualityLimitationDurations"":{""cpu"":0,""none"":296.058,""other"":0,""bandwidth"":0.673}}"
2026-08-28T19:14:04.860602+00:00,2026-08-28T19:14:03.708+00:00,mic_level_sample,,a,show-qfstpj50,,,,,,,,,,,,,,,,,,,,,,,,,,,,,,,,,,"{""deviceId"":""39fae2b7de1ac0ad5463a5ba3dd688ee748a5433d1272fa9afbea3233dae361b"",""inputRms"":0.00031738120555244593,""outputRms"":0.00031738120555244593,""deviceLabel"":""MacBook Air Microphone (Built-in)"",""audioContextState"":""running""}"
2026-08-28T19:14:04.860602+00:00,2026-08-28T19:14:03.708+00:00,director_heartbeat,,a,show-qfstpj50,,,,,,,,,,,,,,,,,,,,,,,,,,,,,,,,,,"{""state"":""running""}"
2026-08-28T19:14:04.860602+00:00,2026-08-28T19:14:03.71+00:00,pub_stats,,a,show-qfstpj50,3027812,6909429,2971037,60,60,0,30,30,9.85,none,f,f+h+q,3,1080,1920,1080,1920,"SimulcastEncoderAdapter (libvpx, libvpx, libvpx)",5,0,2,0,0,0.0006219999999999999,0.023,0,,,,,,,live:a,"{""qualityLimitationDurations"":{""cpu"":0,""none"":298.058,""other"":0,""bandwidth"":0.673}}"
2026-08-28T19:14:05.879792+00:00,2026-08-28T19:14:05.708+00:00,shot_publish_success,,a,show-qfstpj50,,,,,,,,,,,,,,,,,,,,,,,,,,,,,,,,,,"{""shot"":""mediumCU"",""slot"":""a"",""commandId"":""1b346aa9-178a-489f-bc6e-b9c6bce7028c"",""decisionSource"":""auto"",""connectionState"":""connected""}"
2026-08-28T19:14:05.879792+00:00,2026-08-28T19:14:05.708+00:00,director_shot_emitted,,a,show-qfstpj50,,,,,,,,,,,,,,,,,,,,,,,,,,,,,,,,,,"{""shot"":""mediumCU"",""slot"":""a"",""sourceRole"":""main"",""decisionSource"":""auto"",""targetIdentity"":""contestant-a-297a1aba""}"
2026-08-28T19:14:06.84978+00:00,2026-08-28T19:14:05.71+00:00,pub_stats,,a,show-qfstpj50,2985624,6909429,3000000,60,60,0,30,30,10.5,none,f,f+h+q,3,1080,1920,1080,1920,"SimulcastEncoderAdapter (libvpx, libvpx, libvpx)",5,0,2,0,0,0.000677,0.023,0,,,,,,,live:a,"{""qualityLimitationDurations"":{""cpu"":0,""none"":300.058,""other"":0,""bandwidth"":0.673}}"
2026-08-28T19:14:06.84978+00:00,2026-08-28T19:14:06.708+00:00,track_liveness_snapshot,,a,show-qfstpj50,,,,,,,,,,,,,,,,,,,,,,,,,,,,,,,,,,"{""entries"":[{""key"":""contestant-a-297a1aba:TR_VCiazSiwiK3Qco"",""frames"":null,""reason"":null,""staleSec"":301,""probation"":false},{""key"":""camfeed-a-side-53133905:TR_VCWZJdniVCue9P"",""frames"":7532,""reason"":null,""staleSec"":1,""probation"":false}],""trackCount"":2,""ineligibleCount"":0}"
2026-08-28T19:14:08.854222+00:00,2026-08-28T19:14:07.711+00:00,pub_stats,,a,show-qfstpj50,3004434,6909429,3000000,60,60,0,30,30,16.55,none,f,f+h+q,3,1080,1920,1080,1920,"SimulcastEncoderAdapter (libvpx, libvpx, libvpx)",6,0,2,0,0,0.001977,0.022,0,,,,,,,live:a,"{""qualityLimitationDurations"":{""cpu"":0,""none"":302.059,""other"":0,""bandwidth"":0.673}}"
2026-08-28T19:14:09.85788+00:00,2026-08-28T19:14:08.708+00:00,mic_level_sample,,a,show-qfstpj50,,,,,,,,,,,,,,,,,,,,,,,,,,,,,,,,,,"{""deviceId"":""39fae2b7de1ac0ad5463a5ba3dd688ee748a5433d1272fa9afbea3233dae361b"",""inputRms"":0.00025317654000552167,""outputRms"":0.00025317654000552167,""deviceLabel"":""MacBook Air Microphone (Built-in)"",""audioContextState"":""running""}"
2026-08-28T19:14:11.036728+00:00,2026-08-28T19:14:09.71+00:00,pub_stats,,a,show-qfstpj50,2980426,6909429,3000000,60,60,0,30,30,11.77,none,f,f+h+q,3,1080,1920,1080,1920,"SimulcastEncoderAdapter (libvpx, libvpx, libvpx)",6,0,2,0,0,0.000655,0.023,0,,,,,,,live:a,"{""qualityLimitationDurations"":{""cpu"":0,""none"":304.058,""other"":0,""bandwidth"":0.673}}"
2026-08-28T19:14:12.05662+00:00,2026-08-28T19:14:11.708+00:00,track_liveness_snapshot,,a,show-qfstpj50,,,,,,,,,,,,,,,,,,,,,,,,,,,,,,,,,,"{""entries"":[{""key"":""contestant-a-297a1aba:TR_VCiazSiwiK3Qco"",""frames"":null,""reason"":null,""staleSec"":306,""probation"":false},{""key"":""camfeed-a-side-53133905:TR_VCWZJdniVCue9P"",""frames"":7568,""reason"":null,""staleSec"":1,""probation"":false}],""trackCount"":2,""ineligibleCount"":0}"
2026-08-28T19:14:12.87473+00:00,2026-08-28T19:14:11.71+00:00,pub_stats,,a,show-qfstpj50,3007756,6909429,2947585,60,60,0,30,30,11.88,none,f,f+h+q,3,1080,1920,1080,1920,"SimulcastEncoderAdapter (libvpx, libvpx, libvpx)",6,0,2,0,0,0.000633,0.023,0,,,,,,,live:a,"{""qualityLimitationDurations"":{""cpu"":0,""none"":306.058,""other"":0,""bandwidth"":0.673}}"
2026-08-28T19:14:14.864379+00:00,2026-08-28T19:14:13.709+00:00,mic_level_sample,,a,show-qfstpj50,,,,,,,,,,,,,,,,,,,,,,,,,,,,,,,,,,"{""deviceId"":""39fae2b7de1ac0ad5463a5ba3dd688ee748a5433d1272fa9afbea3233dae361b"",""inputRms"":0.00027298856289702255,""outputRms"":0.00027298856289702255,""deviceLabel"":""MacBook Air Microphone (Built-in)"",""audioContextState"":""running""}"
2026-08-28T19:14:14.864379+00:00,2026-08-28T19:14:13.709+00:00,director_heartbeat,,a,show-qfstpj50,,,,,,,,,,,,,,,,,,,,,,,,,,,,,,,,,,"{""state"":""running""}"
2026-08-28T19:14:14.864379+00:00,2026-08-28T19:14:13.71+00:00,pub_stats,,a,show-qfstpj50,2957744,6909429,3000000,60,60,0,30,30,9.45,none,f,f+h+q,3,1080,1920,1080,1920,"SimulcastEncoderAdapter (libvpx, libvpx, libvpx)",6,0,2,0,0,0.000655,0.025,0,,,,,,,live:a,"{""qualityLimitationDurations"":{""cpu"":0,""none"":308.059,""other"":0,""bandwidth"":0.673}}"
2026-08-28T19:14:17.031988+00:00,2026-08-28T19:14:15.709+00:00,pub_stats,,a,show-qfstpj50,2965575,6909429,3000000,60,60,0,30,30,9.4,none,f,f+h+q,3,1080,1920,1080,1920,"SimulcastEncoderAdapter (libvpx, libvpx, libvpx)",6,0,2,0,0,0.000544,0.024,0,,,,,,,live:a,"{""qualityLimitationDurations"":{""cpu"":0,""none"":310.058,""other"":0,""bandwidth"":0.673}}"
2026-08-28T19:14:17.031988+00:00,2026-08-28T19:14:16.708+00:00,track_liveness_snapshot,,a,show-qfstpj50,,,,,,,,,,,,,,,,,,,,,,,,,,,,,,,,,,"{""entries"":[{""key"":""contestant-a-297a1aba:TR_VCiazSiwiK3Qco"",""frames"":null,""reason"":null,""staleSec"":311,""probation"":false},{""key"":""camfeed-a-side-53133905:TR_VCWZJdniVCue9P"",""frames"":7717,""reason"":null,""staleSec"":1,""probation"":false}],""trackCount"":2,""ineligibleCount"":0}"
2026-08-28T19:14:18.852278+00:00,2026-08-28T19:14:17.709+00:00,shot_publish_success,,a,show-qfstpj50,,,,,,,,,,,,,,,,,,,,,,,,,,,,,,,,,,"{""shot"":""bRoll"",""slot"":""a"",""commandId"":""cb0de81a-1c73-4431-8879-a46389f41437"",""decisionSource"":""auto"",""connectionState"":""connected""}"
2026-08-28T19:14:18.852278+00:00,2026-08-28T19:14:17.709+00:00,director_shot_emitted,,a,show-qfstpj50,,,,,,,,,,,,,,,,,,,,,,,,,,,,,,,,,,"{""shot"":""bRoll"",""slot"":""a"",""sourceRole"":""side"",""decisionSource"":""auto"",""targetIdentity"":""camfeed-a-side-53133905""}"
2026-08-28T19:14:18.852278+00:00,2026-08-28T19:14:17.711+00:00,pub_stats,,a,show-qfstpj50,3022258,6909429,3000000,60,60,0,30,30,10.17,none,f,f+h+q,3,1080,1920,1080,1920,"SimulcastEncoderAdapter (libvpx, libvpx, libvpx)",6,0,2,0,0,0.000522,0.022,0,,,,,,,live:a,"{""qualityLimitationDurations"":{""cpu"":0,""none"":312.058,""other"":0,""bandwidth"":0.673}}"
2026-08-28T19:14:19.882606+00:00,2026-08-28T19:14:18.708+00:00,mic_level_sample,,a,show-qfstpj50,,,,,,,,,,,,,,,,,,,,,,,,,,,,,,,,,,"{""deviceId"":""39fae2b7de1ac0ad5463a5ba3dd688ee748a5433d1272fa9afbea3233dae361b"",""inputRms"":0.00019275903402168952,""outputRms"":0.00019275903402168952,""deviceLabel"":""MacBook Air Microphone (Built-in)"",""audioContextState"":""running""}"
2026-08-28T19:14:21.033044+00:00,2026-08-28T19:14:19.709+00:00,pub_stats,,a,show-qfstpj50,3055604,6909429,3000000,60,60,0,30,30,10.58,none,f,f+h+q,3,1080,1920,1080,1920,"SimulcastEncoderAdapter (libvpx, libvpx, libvpx)",6,0,2,0,0,0.000544,0.022,0,,,,,,,live:a,"{""qualityLimitationDurations"":{""cpu"":0,""none"":314.057,""other"":0,""bandwidth"":0.673}}"
2026-08-28T19:14:21.872576+00:00,2026-08-28T19:14:21.708+00:00,track_liveness_snapshot,,a,show-qfstpj50,,,,,,,,,,,,,,,,,,,,,,,,,,,,,,,,,,"{""entries"":[{""key"":""contestant-a-297a1aba:TR_VCiazSiwiK3Qco"",""frames"":null,""reason"":null,""staleSec"":316,""probation"":false},{""key"":""camfeed-a-side-53133905:TR_VCWZJdniVCue9P"",""frames"":7798,""reason"":null,""staleSec"":1,""probation"":false}],""trackCount"":2,""ineligibleCount"":0}"
2026-08-28T19:14:22.87663+00:00,2026-08-28T19:14:21.71+00:00,pub_stats,,a,show-qfstpj50,2920048,6909429,3000000,60,60,0,30,30,10.3,none,f,f+h+q,3,1080,1920,1080,1920,"SimulcastEncoderAdapter (libvpx, libvpx, libvpx)",6,0,2,0,0,0.000488,0.021,0,,,,,,,live:a,"{""qualityLimitationDurations"":{""cpu"":0,""none"":316.058,""other"":0,""bandwidth"":0.673}}"
2026-08-28T19:14:24.946614+00:00,2026-08-28T19:14:23.707+00:00,director_heartbeat,,a,show-qfstpj50,,,,,,,,,,,,,,,,,,,,,,,,,,,,,,,,,,"{""state"":""running""}"
2026-08-28T19:14:24.946614+00:00,2026-08-28T19:14:23.708+00:00,mic_level_sample,,a,show-qfstpj50,,,,,,,,,,,,,,,,,,,,,,,,,,,,,,,,,,"{""deviceId"":""39fae2b7de1ac0ad5463a5ba3dd688ee748a5433d1272fa9afbea3233dae361b"",""inputRms"":0.0003668102957776091,""outputRms"":0.0003668102957776091,""deviceLabel"":""MacBook Air Microphone (Built-in)"",""audioContextState"":""running""}"
2026-08-28T19:14:24.946614+00:00,2026-08-28T19:14:23.709+00:00,pub_stats,,a,show-qfstpj50,3023380,6909429,2975388,60,60,0,30,30,9.98,none,f,f+h+q,3,1080,1920,1080,1920,"SimulcastEncoderAdapter (libvpx, libvpx, libvpx)",6,0,2,0,0,0.00041099999999999996,0.021,0,,,,,,,live:a,"{""qualityLimitationDurations"":{""cpu"":0,""none"":318.057,""other"":0,""bandwidth"":0.673}}"
2026-08-28T19:14:24.946614+00:00,2026-08-28T19:14:24.708+00:00,track_liveness_blacklist_changed,,a,show-qfstpj50,,,,,,,,,,,,,,,,,,,,,,,,,,,,,,,,,,"{""keys"":[""camfeed-a-side-53133905:TR_VCWZJdniVCue9P""],""count"":1}"
2026-08-28T19:14:24.946614+00:00,2026-08-28T19:14:24.708+00:00,track_liveness_snapshot,,a,show-qfstpj50,,,,,,,,,,,,,,,,,,,,,,,,,,,,,,,,,,"{""entries"":[{""key"":""contestant-a-297a1aba:TR_VCiazSiwiK3Qco"",""frames"":null,""reason"":null,""staleSec"":319,""probation"":false},{""key"":""camfeed-a-side-53133905:TR_VCWZJdniVCue9P"",""frames"":7798,""reason"":""frames_stalled"",""staleSec"":4,""probation"":false}],""trackCount"":2,""ineligibleCount"":1}"
2026-08-28T19:14:24.946614+00:00,2026-08-28T19:14:24.708+00:00,track_liveness_impaired,,a,show-qfstpj50,,,,,,,,,,,,,,,,,,,,,,,,,,,,,frames_stalled,,,,,"{""key"":""camfeed-a-side-53133905:TR_VCWZJdniVCue9P"",""identity"":""camfeed-a-side-53133905""}"
2026-08-28T19:14:26.858618+00:00,2026-08-28T19:14:25.709+00:00,pub_stats,,a,show-qfstpj50,3052652,6909429,2988365,60,60,0,30,30,10.25,none,f,f+h+q,3,1080,1920,1080,1920,"SimulcastEncoderAdapter (libvpx, libvpx, libvpx)",6,0,2,0,0,0.000544,0.023,0,,,,,,,live:a,"{""qualityLimitationDurations"":{""cpu"":0,""none"":320.057,""other"":0,""bandwidth"":0.673}}"
2026-08-28T19:14:27.69608+00:00,2026-08-28T19:14:27.543+00:00,visibility_visible,,a,show-qfstpj50,,,,,,,,,,,,,,,,,,,,,,,,,,,,,,,,,,"{""audioContextState"":""running""}"
2026-08-28T19:14:27.69608+00:00,2026-08-28T19:14:27.544+00:00,window_focus,,a,show-qfstpj50,,,,,,,,,,,,,,,,,,,,,,,,,,,,,,,,,,
2026-08-28T19:14:28.539607+00:00,2026-08-28T19:14:27.546+00:00,pub_stats,,a,show-qfstpj50,2925043,6909429,2979018,55,55,0,30,30,14.69,none,f,f+h+q,3,1080,1920,1080,1920,"SimulcastEncoderAdapter (libvpx, libvpx, libvpx)",6,0,2,0,0,0.000488,0.023,0,,,,,,,live:a,"{""qualityLimitationDurations"":{""cpu"":0,""none"":321.895,""other"":0,""bandwidth"":0.673}}"
2026-08-28T19:14:28.539607+00:00,2026-08-28T19:14:27.549+00:00,wake_lock_acquired,,a,show-qfstpj50,,,,,,,,,,,,,,,,,,,,,,,,,,,,,,,,,live:a,
2026-08-28T19:14:29.544617+00:00,2026-08-28T19:14:28.655+00:00,mic_level_sample,,a,show-qfstpj50,,,,,,,,,,,,,,,,,,,,,,,,,,,,,,,,,,"{""deviceId"":""39fae2b7de1ac0ad5463a5ba3dd688ee748a5433d1272fa9afbea3233dae361b"",""inputRms"":0.00013327118898216357,""outputRms"":0.00013327118898216357,""deviceLabel"":""MacBook Air Microphone (Built-in)"",""audioContextState"":""running""}"
2026-08-28T19:14:30.542765+00:00,2026-08-28T19:14:29.386+00:00,pub_stats,,a,show-qfstpj50,2958809,6909429,3000000,55,55,0,30,30,23.95,none,f,f+h+q,3,1080,1920,1080,1920,"SimulcastEncoderAdapter (libvpx, libvpx, libvpx)",6,0,2,0,0,0.0017,0.024,0,,,,,,,live:a,"{""qualityLimitationDurations"":{""cpu"":0,""none"":323.735,""other"":0,""bandwidth"":0.673}}"
2026-08-28T19:14:30.542765+00:00,2026-08-28T19:14:29.698+00:00,director_shot_emitted,,a,show-qfstpj50,,,,,,,,,,,,,,,,,,,,,,,,,,,,,,,,,,"{""shot"":""mediumCU"",""slot"":""a"",""sourceRole"":""main"",""decisionSource"":""auto"",""targetIdentity"":""contestant-a-297a1aba""}"
2026-08-28T19:14:30.542765+00:00,2026-08-28T19:14:29.698+00:00,shot_publish_success,,a,show-qfstpj50,,,,,,,,,,,,,,,,,,,,,,,,,,,,,,,,,,"{""shot"":""mediumCU"",""slot"":""a"",""commandId"":""fa2e6ebe-d1a3-4c91-a335-e5795502ce9f"",""decisionSource"":""auto"",""connectionState"":""connected""}"
2026-08-28T19:14:30.542765+00:00,2026-08-28T19:14:29.885+00:00,track_liveness_snapshot,,a,show-qfstpj50,,,,,,,,,,,,,,,,,,,,,,,,,,,,,,,,,,"{""entries"":[{""key"":""contestant-a-297a1aba:TR_VCiazSiwiK3Qco"",""frames"":null,""reason"":null,""staleSec"":324,""probation"":false},{""key"":""camfeed-a-side-53133905:TR_VCWZJdniVCue9P"",""frames"":7798,""reason"":""frames_stalled"",""staleSec"":9,""probation"":false}],""trackCount"":2,""ineligibleCount"":1}"
2026-08-28T19:14:32.533225+00:00,2026-08-28T19:14:31.386+00:00,pub_stats,,a,show-qfstpj50,2966228,6909429,3000000,60,60,0,30,30,15.8,none,f,f+h+q,3,1080,1920,1080,1920,"SimulcastEncoderAdapter (libvpx, libvpx, libvpx)",6,0,2,0,0,0.000522,0.023,0,,,,,,,live:a,"{""qualityLimitationDurations"":{""cpu"":0,""none"":325.735,""other"":0,""bandwidth"":0.673}}"
2026-08-28T19:14:34.545705+00:00,2026-08-28T19:14:33.386+00:00,pub_stats,,a,show-qfstpj50,3120028,6909429,2954160,60,60,0,30,30,13.62,none,f,f+h+q,3,1080,1920,1080,1920,"SimulcastEncoderAdapter (libvpx, libvpx, libvpx)",6,0,2,0,0,0.00041099999999999996,0.024,0,,,,,,,live:a,"{""qualityLimitationDurations"":{""cpu"":0,""none"":327.736,""other"":0,""bandwidth"":0.673}}"
2026-08-28T19:14:34.545705+00:00,2026-08-28T19:14:33.387+00:00,director_heartbeat,,a,show-qfstpj50,,,,,,,,,,,,,,,,,,,,,,,,,,,,,,,,,,"{""state"":""running""}"
2026-08-28T19:14:34.545705+00:00,2026-08-28T19:14:33.655+00:00,mic_level_sample,,a,show-qfstpj50,,,,,,,,,,,,,,,,,,,,,,,,,,,,,,,,,,"{""deviceId"":""39fae2b7de1ac0ad5463a5ba3dd688ee748a5433d1272fa9afbea3233dae361b"",""inputRms"":0.0002537826248013925,""outputRms"":0.0002537826248013925,""deviceLabel"":""MacBook Air Microphone (Built-in)"",""audioContextState"":""running""}"
2026-08-28T19:14:35.853882+00:00,2026-08-28T19:14:34.886+00:00,track_liveness_snapshot,,a,show-qfstpj50,,,,,,,,,,,,,,,,,,,,,,,,,,,,,,,,,,"{""entries"":[{""key"":""contestant-a-297a1aba:TR_VCiazSiwiK3Qco"",""frames"":null,""reason"":null,""staleSec"":330,""probation"":false},{""key"":""camfeed-a-side-53133905:TR_VCWZJdniVCue9P"",""frames"":7798,""reason"":""frames_stalled"",""staleSec"":14,""probation"":false}],""trackCount"":2,""ineligibleCount"":1}"
2026-08-28T19:14:35.853882+00:00,2026-08-28T19:14:35.072+00:00,window_blur,,a,show-qfstpj50,,,,,,,,,,,,,,,,,,,,,,,,,,,,,,,,,,
2026-08-28T19:14:35.853882+00:00,2026-08-28T19:14:35.073+00:00,visibility_hidden,,a,show-qfstpj50,,,,,,,,,,,,,,,,,,,,,,,,,,,,,,,,,,"{""audioContextState"":""running""}"
2026-08-28T19:14:35.853882+00:00,2026-08-28T19:14:35.073+00:00,wake_lock_released_by_system,,a,show-qfstpj50,,,,,,,,,,,,,,,,,,,,,,,,,,,,,,,,,live:a,
2026-08-28T19:14:36.869508+00:00,2026-08-28T19:14:35.71+00:00,pub_stats,,a,show-qfstpj50,2952169,6909429,2926542,69,69,0,29,30,18.36,none,f,f+h+q,3,1080,1920,1080,1920,"SimulcastEncoderAdapter (libvpx, libvpx, libvpx)",6,0,2,0,0,0.000477,0.023,0,,,,,,,live:a,"{""qualityLimitationDurations"":{""cpu"":0,""none"":330.058,""other"":0,""bandwidth"":0.673}}"
2026-08-28T19:14:38.869647+00:00,2026-08-28T19:14:37.709+00:00,pub_stats,,a,show-qfstpj50,2835402,6909429,3000000,60,60,0,29,30,21.78,none,f,f+h+q,3,1080,1920,1080,1920,"SimulcastEncoderAdapter (libvpx, libvpx, libvpx)",6,0,2,0,0,0.000588,0.023,0,,,,,,,live:a,"{""qualityLimitationDurations"":{""cpu"":0,""none"":332.057,""other"":0,""bandwidth"":0.673}}"
2026-08-28T19:14:39.844366+00:00,2026-08-28T19:14:38.708+00:00,mic_level_sample,,a,show-qfstpj50,,,,,,,,,,,,,,,,,,,,,,,,,,,,,,,,,,"{""deviceId"":""39fae2b7de1ac0ad5463a5ba3dd688ee748a5433d1272fa9afbea3233dae361b"",""inputRms"":0.00023773383734015528,""outputRms"":0.00023773383734015528,""deviceLabel"":""MacBook Air Microphone (Built-in)"",""audioContextState"":""running""}"
2026-08-28T19:14:40.846523+00:00,2026-08-28T19:14:39.71+00:00,pub_stats,,a,show-qfstpj50,2996270,6909429,3000000,60,60,0,29,30,13.65,none,f,f+h+q,3,1080,1920,1080,1920,"SimulcastEncoderAdapter (libvpx, libvpx, libvpx)",6,0,2,0,0,0.000511,0.022,0,,,,,,,live:a,"{""qualityLimitationDurations"":{""cpu"":0,""none"":334.058,""other"":0,""bandwidth"":0.673}}"
2026-08-28T19:14:40.846523+00:00,2026-08-28T19:14:40.707+00:00,track_liveness_snapshot,,a,show-qfstpj50,,,,,,,,,,,,,,,,,,,,,,,,,,,,,,,,,,"{""entries"":[{""key"":""contestant-a-297a1aba:TR_VCiazSiwiK3Qco"",""frames"":null,""reason"":null,""staleSec"":335,""probation"":false},{""key"":""camfeed-a-side-53133905:TR_VCWZJdniVCue9P"",""frames"":7798,""reason"":""frames_stalled"",""staleSec"":20,""probation"":false}],""trackCount"":2,""ineligibleCount"":1}"
2026-08-28T19:14:42.849673+00:00,2026-08-28T19:14:41.708+00:00,pub_stats,,a,show-qfstpj50,3046731,6909429,3000000,60,60,0,29,30,10.68,none,f,f+h+q,3,1080,1920,1080,1920,"SimulcastEncoderAdapter (libvpx, libvpx, libvpx)",6,0,2,0,0,0.00034399999999999996,0.023,0,,,,,,,live:a,"{""qualityLimitationDurations"":{""cpu"":0,""none"":336.056,""other"":0,""bandwidth"":0.673}}"
2026-08-28T19:14:42.849673+00:00,2026-08-28T19:14:42.46+00:00,track_unpublished,,a,show-qfstpj50,,,,,,,,,,,,,,,,,,,,,,,,,,,,,,,camera,,,"{""kind"":""video"",""trackSid"":""TR_VCWZJdniVCue9P"",""participantIdentity"":""camfeed-a-side-53133905""}"
2026-08-28T19:14:42.849673+00:00,2026-08-28T19:14:42.46+00:00,track_liveness_snapshot,,a,show-qfstpj50,,,,,,,,,,,,,,,,,,,,,,,,,,,,,,,,,,"{""entries"":[{""key"":""contestant-a-297a1aba:TR_VCiazSiwiK3Qco"",""frames"":null,""reason"":null,""staleSec"":337,""probation"":false},{""key"":""camfeed-a-side-53133905:TR_VCWZJdniVCue9P"",""frames"":7798,""reason"":""not_subscribed"",""staleSec"":22,""probation"":false}],""trackCount"":2,""ineligibleCount"":1}"
2026-08-28T19:14:42.849673+00:00,2026-08-28T19:14:42.46+00:00,track_unsubscribed,,a,show-qfstpj50,,,,,,,,,,,,,,,,,,,,,,,,,,,,,,,camera,,,"{""kind"":""video"",""trackSid"":""TR_VCWZJdniVCue9P"",""participantIdentity"":""camfeed-a-side-53133905""}"
2026-08-28T19:14:42.849673+00:00,2026-08-28T19:14:42.46+00:00,track_liveness_impairment_changed,,a,show-qfstpj50,,,,,,,,,,,,,,,,,,,,,,,,,,,frames_stalled,not_subscribed,,,,,,"{""key"":""camfeed-a-side-53133905:TR_VCWZJdniVCue9P"",""identity"":""camfeed-a-side-53133905""}"
2026-08-28T19:14:42.849673+00:00,2026-08-28T19:14:42.707+00:00,track_liveness_impairment_changed,,a,show-qfstpj50,,,,,,,,,,,,,,,,,,,,,,,,,,,not_subscribed,absent,,,,,,"{""key"":""camfeed-a-side-53133905:TR_VCWZJdniVCue9P"",""identity"":""camfeed-a-side-53133905""}"
2026-08-28T19:14:43.845787+00:00,2026-08-28T19:14:43.707+00:00,track_liveness_snapshot,,a,show-qfstpj50,,,,,,,,,,,,,,,,,,,,,,,,,,,,,,,,,,"{""entries"":[{""key"":""contestant-a-297a1aba:TR_VCiazSiwiK3Qco"",""frames"":null,""reason"":null,""staleSec"":338,""probation"":false},{""key"":""camfeed-a-side-53133905:TR_VCWZJdniVCue9P"",""frames"":7798,""reason"":""absent"",""staleSec"":23,""probation"":false}],""trackCount"":1,""ineligibleCount"":1}"
2026-08-28T19:14:44.932126+00:00,2026-08-28T19:14:43.708+00:00,director_heartbeat,,a,show-qfstpj50,,,,,,,,,,,,,,,,,,,,,,,,,,,,,,,,,,"{""state"":""running""}"
2026-08-28T19:14:44.932126+00:00,2026-08-28T19:14:43.709+00:00,pub_stats,,a,show-qfstpj50,2970283,6909429,2985975,60,60,0,29,30,10.9,none,f,f+h+q,3,1080,1920,1080,1920,"SimulcastEncoderAdapter (libvpx, libvpx, libvpx)",6,0,2,0,0,0.000455,0.022,0,,,,,,,live:a,"{""qualityLimitationDurations"":{""cpu"":0,""none"":338.057,""other"":0,""bandwidth"":0.673}}"
2026-08-28T19:14:44.932126+00:00,2026-08-28T19:14:43.709+00:00,mic_level_sample,,a,show-qfstpj50,,,,,,,,,,,,,,,,,,,,,,,,,,,,,,,,,,"{""deviceId"":""39fae2b7de1ac0ad5463a5ba3dd688ee748a5433d1272fa9afbea3233dae361b"",""inputRms"":0.00014069099530344785,""outputRms"":0.00014069099530344785,""deviceLabel"":""MacBook Air Microphone (Built-in)"",""audioContextState"":""running""}"
2026-08-28T19:14:46.860571+00:00,2026-08-28T19:14:45.71+00:00,pub_stats,,a,show-qfstpj50,2996488,6909429,3000000,60,60,0,29,30,10.43,none,f,f+h+q,3,1080,1920,1080,1920,"SimulcastEncoderAdapter (libvpx, libvpx, libvpx)",6,0,2,0,0,0.000488,0.022,0,,,,,,,live:a,"{""qualityLimitationDurations"":{""cpu"":0,""none"":340.058,""other"":0,""bandwidth"":0.673}}"
2026-08-28T19:14:48.854183+00:00,2026-08-28T19:14:47.709+00:00,pub_stats,,a,show-qfstpj50,2988968,6909429,3000000,60,60,0,29,30,9.97,none,f,f+h+q,3,1080,1920,1080,1920,"SimulcastEncoderAdapter (libvpx, libvpx, libvpx)",6,0,2,0,0,0.00042199999999999996,0.022,0,,,,,,,live:a,"{""qualityLimitationDurations"":{""cpu"":0,""none"":342.057,""other"":0,""bandwidth"":0.673}}"
2026-08-28T19:14:49.851298+00:00,2026-08-28T19:14:48.708+00:00,mic_level_sample,,a,show-qfstpj50,,,,,,,,,,,,,,,,,,,,,,,,,,,,,,,,,,"{""deviceId"":""39fae2b7de1ac0ad5463a5ba3dd688ee748a5433d1272fa9afbea3233dae361b"",""inputRms"":0.0002434187258900202,""outputRms"":0.0002434187258900202,""deviceLabel"":""MacBook Air Microphone (Built-in)"",""audioContextState"":""running""}"
2026-08-28T19:14:48.854183+00:00,2026-08-28T19:14:48.708+00:00,track_liveness_snapshot,,a,show-qfstpj50,,,,,,,,,,,,,,,,,,,,,,,,,,,,,,,,,,"{""entries"":[{""key"":""contestant-a-297a1aba:TR_VCiazSiwiK3Qco"",""frames"":null,""reason"":null,""staleSec"":343,""probation"":false},{""key"":""camfeed-a-side-53133905:TR_VCWZJdniVCue9P"",""frames"":7798,""reason"":""absent"",""staleSec"":28,""probation"":false}],""trackCount"":1,""ineligibleCount"":1}"
2026-08-28T19:14:50.87306+00:00,2026-08-28T19:14:49.709+00:00,pub_stats,,a,show-qfstpj50,3005360,6909429,2994047,60,60,0,29,30,9.83,none,f,f+h+q,3,1080,1920,1080,1920,"SimulcastEncoderAdapter (libvpx, libvpx, libvpx)",6,0,2,0,0,0.000588,0.023,0,,,,,,,live:a,"{""qualityLimitationDurations"":{""cpu"":0,""none"":344.057,""other"":0,""bandwidth"":0.673}}"
2026-08-28T19:14:52.890012+00:00,2026-08-28T19:14:51.709+00:00,pub_stats,,a,show-qfstpj50,3010272,6909429,2979883,60,60,0,29,30,10.18,none,f,f+h+q,3,1080,1920,1080,1920,"SimulcastEncoderAdapter (libvpx, libvpx, libvpx)",6,0,2,0,0,0.000444,0.023,0,,,,,,,live:a,"{""qualityLimitationDurations"":{""cpu"":0,""none"":346.058,""other"":0,""bandwidth"":0.673}}"
2026-08-28T19:14:53.84776+00:00,2026-08-28T19:14:53.708+00:00,track_liveness_snapshot,,a,show-qfstpj50,,,,,,,,,,,,,,,,,,,,,,,,,,,,,,,,,,"{""entries"":[{""key"":""contestant-a-297a1aba:TR_VCiazSiwiK3Qco"",""frames"":null,""reason"":null,""staleSec"":348,""probation"":false},{""key"":""camfeed-a-side-53133905:TR_VCWZJdniVCue9P"",""frames"":7798,""reason"":""absent"",""staleSec"":33,""probation"":false}],""trackCount"":1,""ineligibleCount"":1}"
2026-08-28T19:14:54.941137+00:00,2026-08-28T19:14:53.709+00:00,mic_level_sample,,a,show-qfstpj50,,,,,,,,,,,,,,,,,,,,,,,,,,,,,,,,,,"{""deviceId"":""39fae2b7de1ac0ad5463a5ba3dd688ee748a5433d1272fa9afbea3233dae361b"",""inputRms"":0.0002220922637727636,""outputRms"":0.0002220922637727636,""deviceLabel"":""MacBook Air Microphone (Built-in)"",""audioContextState"":""running""}"
2026-08-28T19:14:54.941137+00:00,2026-08-28T19:14:53.709+00:00,director_heartbeat,,a,show-qfstpj50,,,,,,,,,,,,,,,,,,,,,,,,,,,,,,,,,,"{""state"":""running""}"
2026-08-28T19:14:54.941137+00:00,2026-08-28T19:14:53.71+00:00,pub_stats,,a,show-qfstpj50,2976628,6909429,3000000,60,60,0,30,30,9.83,none,f,f+h+q,3,1080,1920,1080,1920,"SimulcastEncoderAdapter (libvpx, libvpx, libvpx)",6,0,2,0,0,0.000522,0.023,0,,,,,,,live:a,"{""qualityLimitationDurations"":{""cpu"":0,""none"":348.058,""other"":0,""bandwidth"":0.673}}"
2026-08-28T19:14:56.955261+00:00,2026-08-28T19:14:55.709+00:00,pub_stats,,a,show-qfstpj50,2988726,6909429,2989473,60,60,0,30,30,9.87,none,f,f+h+q,3,1080,1920,1080,1920,"SimulcastEncoderAdapter (libvpx, libvpx, libvpx)",6,0,2,0,0,0.000522,0.022,0,,,,,,,live:a,"{""qualityLimitationDurations"":{""cpu"":0,""none"":350.058,""other"":0,""bandwidth"":0.673}}"
2026-08-28T19:14:58.881589+00:00,2026-08-28T19:14:57.709+00:00,pub_stats,,a,show-qfstpj50,3098408,6909429,2935567,60,60,0,30,30,12.1,none,f,f+h+q,3,1080,1920,1080,1920,"SimulcastEncoderAdapter (libvpx, libvpx, libvpx)",6,0,2,0,0,0.000444,0.023,0,,,,,,,live:a,"{""qualityLimitationDurations"":{""cpu"":0,""none"":352.058,""other"":0,""bandwidth"":0.673}}"
2026-08-28T19:14:58.881589+00:00,2026-08-28T19:14:58.708+00:00,track_liveness_snapshot,,a,show-qfstpj50,,,,,,,,,,,,,,,,,,,,,,,,,,,,,,,,,,"{""entries"":[{""key"":""contestant-a-297a1aba:TR_VCiazSiwiK3Qco"",""frames"":null,""reason"":null,""staleSec"":353,""probation"":false},{""key"":""camfeed-a-side-53133905:TR_VCWZJdniVCue9P"",""frames"":7798,""reason"":""absent"",""staleSec"":38,""probation"":false}],""trackCount"":1,""ineligibleCount"":1}"
2026-08-28T19:14:59.937104+00:00,2026-08-28T19:14:58.708+00:00,mic_level_sample,,a,show-qfstpj50,,,,,,,,,,,,,,,,,,,,,,,,,,,,,,,,,,"{""deviceId"":""39fae2b7de1ac0ad5463a5ba3dd688ee748a5433d1272fa9afbea3233dae361b"",""inputRms"":0.00033788587761217516,""outputRms"":0.00033788587761217516,""deviceLabel"":""MacBook Air Microphone (Built-in)"",""audioContextState"":""running""}"
2026-08-28T19:15:00.895313+00:00,2026-08-28T19:14:59.709+00:00,pub_stats,,a,show-qfstpj50,3067200,6909429,2992310,60,60,0,30,30,21.83,none,f,f+h+q,3,1080,1920,1080,1920,"SimulcastEncoderAdapter (libvpx, libvpx, libvpx)",6,0,2,0,0,0.000522,0.022,0,,,,,,,live:a,"{""qualityLimitationDurations"":{""cpu"":0,""none"":354.058,""other"":0,""bandwidth"":0.673}}"
2026-08-28T19:15:01.718511+00:00,2026-08-28T19:15:01.541+00:00,visibility_visible,,a,show-qfstpj50,,,,,,,,,,,,,,,,,,,,,,,,,,,,,,,,,,"{""audioContextState"":""running""}"
2026-08-28T19:15:01.718511+00:00,2026-08-28T19:15:01.542+00:00,window_focus,,a,show-qfstpj50,,,,,,,,,,,,,,,,,,,,,,,,,,,,,,,,,,
2026-08-28T19:15:02.562755+00:00,2026-08-28T19:15:01.546+00:00,pub_stats,,a,show-qfstpj50,2846628,6909429,3000000,55,55,0,30,30,19.33,none,f,f+h+q,3,1080,1920,1080,1920,"SimulcastEncoderAdapter (libvpx, libvpx, libvpx)",6,0,2,0,0,0.000877,0.022,0,,,,,,,live:a,"{""qualityLimitationDurations"":{""cpu"":0,""none"":355.895,""other"":0,""bandwidth"":0.673}}"
2026-08-28T19:15:02.562755+00:00,2026-08-28T19:15:01.547+00:00,wake_lock_acquired,,a,show-qfstpj50,,,,,,,,,,,,,,,,,,,,,,,,,,,,,,,,,live:a,
2026-08-28T19:15:04.648707+00:00,2026-08-28T19:15:03.386+00:00,pub_stats,,a,show-qfstpj50,2992239,6909429,2972085,55,55,0,30,30,22.38,none,f,f+h+q,3,1080,1920,1080,1920,"SimulcastEncoderAdapter (libvpx, libvpx, libvpx)",6,0,2,0,0,0.0015329999999999999,0.022,0,,,,,,,live:a,"{""qualityLimitationDurations"":{""cpu"":0,""none"":357.735,""other"":0,""bandwidth"":0.673}}"
2026-08-28T19:15:04.648707+00:00,2026-08-28T19:15:03.387+00:00,director_heartbeat,,a,show-qfstpj50,,,,,,,,,,,,,,,,,,,,,,,,,,,,,,,,,,"{""state"":""running""}"
2026-08-28T19:15:04.648707+00:00,2026-08-28T19:15:03.655+00:00,mic_level_sample,,a,show-qfstpj50,,,,,,,,,,,,,,,,,,,,,,,,,,,,,,,,,,"{""deviceId"":""39fae2b7de1ac0ad5463a5ba3dd688ee748a5433d1272fa9afbea3233dae361b"",""inputRms"":0.0020466381828083665,""outputRms"":0.0020466381828083665,""deviceLabel"":""MacBook Air Microphone (Built-in)"",""audioContextState"":""running""}"
2026-08-28T19:15:04.648707+00:00,2026-08-28T19:15:03.655+00:00,mic_recovered,,a,show-qfstpj50,,,,,,,,,,,,,,,,,,,,,,,,,,,,,,,,,,"{""inputRms"":0.0020466381828083665,""outputRms"":0.0020466381828083665,""silentDurationMs"":84947,""audioContextState"":""running""}"
2026-08-28T19:15:04.648707+00:00,2026-08-28T19:15:03.886+00:00,track_liveness_snapshot,,a,show-qfstpj50,,,,,,,,,,,,,,,,,,,,,,,,,,,,,,,,,,"{""entries"":[{""key"":""contestant-a-297a1aba:TR_VCiazSiwiK3Qco"",""frames"":null,""reason"":null,""staleSec"":359,""probation"":false},{""key"":""camfeed-a-side-53133905:TR_VCWZJdniVCue9P"",""frames"":7798,""reason"":""absent"",""staleSec"":43,""probation"":false}],""trackCount"":1,""ineligibleCount"":1}"
2026-08-28T19:15:06.558808+00:00,2026-08-28T19:15:05.386+00:00,pub_stats,,a,show-qfstpj50,2896060,6909429,3000000,60,60,0,30,31,17.1,none,f,f+h+q,3,1080,1920,1080,1920,"SimulcastEncoderAdapter (libvpx, libvpx, libvpx)",6,0,2,0,0,0.000544,0.022,0,,,,,,,live:a,"{""qualityLimitationDurations"":{""cpu"":0,""none"":359.736,""other"":0,""bandwidth"":0.673}}"
2026-08-28T19:15:08.772358+00:00,2026-08-28T19:15:07.386+00:00,pub_stats,,a,show-qfstpj50,3012940,6909429,2979543,60,60,0,30,30,13.33,none,f,f+h+q,3,1080,1920,1080,1920,"SimulcastEncoderAdapter (libvpx, libvpx, libvpx)",6,0,2,0,0,0.000511,0.022,0,,,,,,,live:a,"{""qualityLimitationDurations"":{""cpu"":0,""none"":361.736,""other"":0,""bandwidth"":0.673}}"
2026-08-28T19:15:09.724737+00:00,2026-08-28T19:15:08.656+00:00,mic_level_sample,,a,show-qfstpj50,,,,,,,,,,,,,,,,,,,,,,,,,,,,,,,,,,"{""deviceId"":""39fae2b7de1ac0ad5463a5ba3dd688ee748a5433d1272fa9afbea3233dae361b"",""inputRms"":0.0003044236442431813,""outputRms"":0.0003044236442431813,""deviceLabel"":""MacBook Air Microphone (Built-in)"",""audioContextState"":""running""}"
2026-08-28T19:15:09.724737+00:00,2026-08-28T19:15:08.886+00:00,track_liveness_snapshot,,a,show-qfstpj50,,,,,,,,,,,,,,,,,,,,,,,,,,,,,,,,,,"{""entries"":[{""key"":""contestant-a-297a1aba:TR_VCiazSiwiK3Qco"",""frames"":null,""reason"":null,""staleSec"":364,""probation"":false},{""key"":""camfeed-a-side-53133905:TR_VCWZJdniVCue9P"",""frames"":7798,""reason"":""absent"",""staleSec"":48,""probation"":false}],""trackCount"":1,""ineligibleCount"":1}"
2026-08-28T19:15:10.556453+00:00,2026-08-28T19:15:09.386+00:00,pub_stats,,a,show-qfstpj50,2991856,6909429,2970790,60,60,0,30,30,12.8,none,f,f+h+q,3,1080,1920,1080,1920,"SimulcastEncoderAdapter (libvpx, libvpx, libvpx)",6,0,2,0,0,0.0005,0.022,0,,,,,,,live:a,"{""qualityLimitationDurations"":{""cpu"":0,""none"":363.735,""other"":0,""bandwidth"":0.673}}"
2026-08-28T19:15:13.018719+00:00,2026-08-28T19:15:11.386+00:00,pub_stats,,a,show-qfstpj50,3061568,6909429,3000000,60,60,0,30,30,14.52,none,f,f+h+q,3,1080,1920,1080,1920,"SimulcastEncoderAdapter (libvpx, libvpx, libvpx)",6,0,2,0,0,0.000477,0.023,0,,,,,,,live:a,"{""qualityLimitationDurations"":{""cpu"":0,""none"":365.736,""other"":0,""bandwidth"":0.673}}"
2026-08-28T19:15:13.549112+00:00,2026-08-28T19:15:12.887+00:00,track_liveness_forgotten,,a,show-qfstpj50,,,,,,,,,,,,,,,,,,,,,,,,,,,,,,,,,,"{""key"":""camfeed-a-side-53133905:TR_VCWZJdniVCue9P"",""identity"":""camfeed-a-side-53133905""}"
2026-08-28T19:15:13.549112+00:00,2026-08-28T19:15:12.887+00:00,track_liveness_blacklist_changed,,a,show-qfstpj50,,,,,,,,,,,,,,,,,,,,,,,,,,,,,,,,,,"{""keys"":[],""count"":0}"
2026-08-28T19:15:13.549112+00:00,2026-08-28T19:15:12.887+00:00,track_liveness_snapshot,,a,show-qfstpj50,,,,,,,,,,,,,,,,,,,,,,,,,,,,,,,,,,"{""entries"":[{""key"":""contestant-a-297a1aba:TR_VCiazSiwiK3Qco"",""frames"":null,""reason"":null,""staleSec"":368,""probation"":false}],""trackCount"":1,""ineligibleCount"":0}"
2026-08-28T19:15:14.739847+00:00,2026-08-28T19:15:13.387+00:00,pub_stats,,a,show-qfstpj50,2803666,6909429,3000000,60,60,0,30,30,15.73,none,f,f+h+q,3,1080,1920,1080,1920,"SimulcastEncoderAdapter (libvpx, libvpx, libvpx)",6,0,2,0,0,0.000522,0.023,0,,,,,,,live:a,"{""qualityLimitationDurations"":{""cpu"":0,""none"":367.736,""other"":0,""bandwidth"":0.673}}"
2026-08-28T19:15:14.739847+00:00,2026-08-28T19:15:13.388+00:00,director_heartbeat,,a,show-qfstpj50,,,,,,,,,,,,,,,,,,,,,,,,,,,,,,,,,,"{""state"":""running""}"
2026-08-28T19:15:14.739847+00:00,2026-08-28T19:15:13.656+00:00,mic_level_sample,,a,show-qfstpj50,,,,,,,,,,,,,,,,,,,,,,,,,,,,,,,,,,"{""deviceId"":""39fae2b7de1ac0ad5463a5ba3dd688ee748a5433d1272fa9afbea3233dae361b"",""inputRms"":0.0002548855567685283,""outputRms"":0.0002548855567685283,""deviceLabel"":""MacBook Air Microphone (Built-in)"",""audioContextState"":""running""}"
2026-08-28T19:15:16.532218+00:00,2026-08-28T19:15:15.387+00:00,pub_stats,,a,show-qfstpj50,3022360,6909429,3000000,60,60,0,30,30,8.85,none,f,f+h+q,3,1080,1920,1080,1920,"SimulcastEncoderAdapter (libvpx, libvpx, libvpx)",6,0,2,0,0,0.000355,0.023,0,,,,,,,live:a,"{""qualityLimitationDurations"":{""cpu"":0,""none"":369.736,""other"":0,""bandwidth"":0.673}}"
2026-08-28T19:15:18.525933+00:00,2026-08-28T19:15:17.386+00:00,pub_stats,,a,show-qfstpj50,3106837,6909429,2920518,60,60,0,30,30,8.37,none,f,f+h+q,3,1080,1920,1080,1920,"SimulcastEncoderAdapter (libvpx, libvpx, libvpx)",6,0,2,0,0,0.0005769999999999999,0.023,0,,,,,,,live:a,"{""qualityLimitationDurations"":{""cpu"":0,""none"":371.736,""other"":0,""bandwidth"":0.673}}"
2026-08-28T19:15:18.525933+00:00,2026-08-28T19:15:18.386+00:00,track_liveness_snapshot,,a,show-qfstpj50,,,,,,,,,,,,,,,,,,,,,,,,,,,,,,,,,,"{""entries"":[{""key"":""contestant-a-297a1aba:TR_VCiazSiwiK3Qco"",""frames"":null,""reason"":null,""staleSec"":373,""probation"":false}],""trackCount"":1,""ineligibleCount"":0}"
2026-08-28T19:15:19.538301+00:00,2026-08-28T19:15:18.655+00:00,mic_level_sample,,a,show-qfstpj50,,,,,,,,,,,,,,,,,,,,,,,,,,,,,,,,,,"{""deviceId"":""39fae2b7de1ac0ad5463a5ba3dd688ee748a5433d1272fa9afbea3233dae361b"",""inputRms"":0.00025283196932772536,""outputRms"":0.00025283196932772536,""deviceLabel"":""MacBook Air Microphone (Built-in)"",""audioContextState"":""running""}"
2026-08-28T19:15:20.53026+00:00,2026-08-28T19:15:19.386+00:00,pub_stats,,a,show-qfstpj50,2927352,6909429,2987367,60,60,0,30,30,16.37,none,f,f+h+q,3,1080,1920,1080,1920,"SimulcastEncoderAdapter (libvpx, libvpx, libvpx)",6,0,2,0,0,0.000377,0.023,0,,,,,,,live:a,"{""qualityLimitationDurations"":{""cpu"":0,""none"":373.736,""other"":0,""bandwidth"":0.673}}"
2026-08-28T19:15:22.538755+00:00,2026-08-28T19:15:21.387+00:00,pub_stats,,a,show-qfstpj50,2991812,6909429,3000000,60,60,0,30,30,15.75,none,f,f+h+q,3,1080,1920,1080,1920,"SimulcastEncoderAdapter (libvpx, libvpx, libvpx)",6,0,2,0,0,0.0005329999999999999,0.022,0,,,,,,,live:a,"{""qualityLimitationDurations"":{""cpu"":0,""none"":375.736,""other"":0,""bandwidth"":0.673}}"
2026-08-28T19:15:23.560675+00:00,2026-08-28T19:15:23.386+00:00,track_liveness_snapshot,,a,show-qfstpj50,,,,,,,,,,,,,,,,,,,,,,,,,,,,,,,,,,"{""entries"":[{""key"":""contestant-a-297a1aba:TR_VCiazSiwiK3Qco"",""frames"":null,""reason"":null,""staleSec"":378,""probation"":false}],""trackCount"":1,""ineligibleCount"":0}"
2026-08-28T19:15:24.614441+00:00,2026-08-28T19:15:23.387+00:00,pub_stats,,a,show-qfstpj50,2973196,6909429,3000000,60,60,0,30,30,14.42,none,f,f+h+q,3,1080,1920,1080,1920,"SimulcastEncoderAdapter (libvpx, libvpx, libvpx)",6,0,2,0,0,0.000522,0.022,0,,,,,,,live:a,"{""qualityLimitationDurations"":{""cpu"":0,""none"":377.736,""other"":0,""bandwidth"":0.673}}"
2026-08-28T19:15:24.614441+00:00,2026-08-28T19:15:23.388+00:00,director_heartbeat,,a,show-qfstpj50,,,,,,,,,,,,,,,,,,,,,,,,,,,,,,,,,,"{""state"":""running""}"
2026-08-28T19:15:24.614441+00:00,2026-08-28T19:15:23.654+00:00,mic_level_sample,,a,show-qfstpj50,,,,,,,,,,,,,,,,,,,,,,,,,,,,,,,,,,"{""deviceId"":""39fae2b7de1ac0ad5463a5ba3dd688ee748a5433d1272fa9afbea3233dae361b"",""inputRms"":0.0004556718791147214,""outputRms"":0.0004556718791147214,""deviceLabel"":""MacBook Air Microphone (Built-in)"",""audioContextState"":""running""}"
2026-08-28T19:15:24.614441+00:00,2026-08-28T19:15:23.654+00:00,mic_silent,,a,show-qfstpj50,,,,,,,,,,,,,,,,,,,,,,,,,,,,,,,,,,"{""inputRms"":0.0004556718791147214,""outputRms"":0.0004556718791147214,""silentSinceMs"":1787944508656,""audioContextState"":""running""}"
2026-08-28T19:15:26.52701+00:00,2026-08-28T19:15:25.387+00:00,pub_stats,,a,show-qfstpj50,2966380,6909429,3000000,60,60,0,30,30,14.95,none,f,f+h+q,3,1080,1920,1080,1920,"SimulcastEncoderAdapter (libvpx, libvpx, libvpx)",6,0,2,0,0,0.000466,0.024,0,,,,,,,live:a,"{""qualityLimitationDurations"":{""cpu"":0,""none"":379.736,""other"":0,""bandwidth"":0.673}}"
2026-08-28T19:15:28.602731+00:00,2026-08-28T19:15:27.386+00:00,pub_stats,,a,show-qfstpj50,2999900,6909429,3000000,60,60,0,30,30,12.62,none,f,f+h+q,3,1080,1920,1080,1920,"SimulcastEncoderAdapter (libvpx, libvpx, libvpx)",6,0,2,0,0,0.0005329999999999999,0.024,0,,,,,,,live:a,"{""qualityLimitationDurations"":{""cpu"":0,""none"":381.736,""other"":0,""bandwidth"":0.673}}"
2026-08-28T19:15:28.602731+00:00,2026-08-28T19:15:28.386+00:00,track_liveness_snapshot,,a,show-qfstpj50,,,,,,,,,,,,,,,,,,,,,,,,,,,,,,,,,,"{""entries"":[{""key"":""contestant-a-297a1aba:TR_VCiazSiwiK3Qco"",""frames"":null,""reason"":null,""staleSec"":383,""probation"":false}],""trackCount"":1,""ineligibleCount"":0}"
2026-08-28T19:15:29.526716+00:00,2026-08-28T19:15:28.656+00:00,mic_level_sample,,a,show-qfstpj50,,,,,,,,,,,,,,,,,,,,,,,,,,,,,,,,,,"{""deviceId"":""39fae2b7de1ac0ad5463a5ba3dd688ee748a5433d1272fa9afbea3233dae361b"",""inputRms"":0.00017138926480823817,""outputRms"":0.00017138926480823817,""deviceLabel"":""MacBook Air Microphone (Built-in)"",""audioContextState"":""running""}"
2026-08-28T19:15:30.534552+00:00,2026-08-28T19:15:29.387+00:00,pub_stats,,a,show-qfstpj50,3036394,6909429,2979557,60,60,0,30,30,11.9,none,f,f+h+q,3,1080,1920,1080,1920,"SimulcastEncoderAdapter (libvpx, libvpx, libvpx)",6,0,2,0,0,0.000488,0.023,0,,,,,,,live:a,"{""qualityLimitationDurations"":{""cpu"":0,""none"":383.737,""other"":0,""bandwidth"":0.673}}"
2026-08-28T19:15:32.85798+00:00,2026-08-28T19:15:31.386+00:00,pub_stats,,a,show-qfstpj50,2952680,6909429,2954445,60,60,0,30,30,13.35,none,f,f+h+q,3,1080,1920,1080,1920,"SimulcastEncoderAdapter (libvpx, libvpx, libvpx)",6,0,2,0,0,0.00041099999999999996,0.023,0,,,,,,,live:a,"{""qualityLimitationDurations"":{""cpu"":0,""none"":385.735,""other"":0,""bandwidth"":0.673}}"
2026-08-28T19:15:32.85798+00:00,2026-08-28T19:15:32.055+00:00,visibility_hidden,,a,show-qfstpj50,,,,,,,,,,,,,,,,,,,,,,,,,,,,,,,,,,"{""audioContextState"":""running""}"
2026-08-28T19:15:32.85798+00:00,2026-08-28T19:15:32.055+00:00,wake_lock_released_by_system,,a,show-qfstpj50,,,,,,,,,,,,,,,,,,,,,,,,,,,,,,,,,live:a,
2026-08-28T19:15:32.85798+00:00,2026-08-28T19:15:32.055+00:00,window_blur,,a,show-qfstpj50,,,,,,,,,,,,,,,,,,,,,,,,,,,,,,,,,,
2026-08-28T19:15:34.848645+00:00,2026-08-28T19:15:33.707+00:00,director_heartbeat,,a,show-qfstpj50,,,,,,,,,,,,,,,,,,,,,,,,,,,,,,,,,,"{""state"":""running""}"
2026-08-28T19:15:34.848645+00:00,2026-08-28T19:15:33.707+00:00,mic_level_sample,,a,show-qfstpj50,,,,,,,,,,,,,,,,,,,,,,,,,,,,,,,,,,"{""deviceId"":""39fae2b7de1ac0ad5463a5ba3dd688ee748a5433d1272fa9afbea3233dae361b"",""inputRms"":0.0003791129967931567,""outputRms"":0.0003791129967931567,""deviceLabel"":""MacBook Air Microphone (Built-in)"",""audioContextState"":""running""}"
2026-08-28T19:15:33.869011+00:00,2026-08-28T19:15:33.707+00:00,track_liveness_snapshot,,a,show-qfstpj50,,,,,,,,,,,,,,,,,,,,,,,,,,,,,,,,,,"{""entries"":[{""key"":""contestant-a-297a1aba:TR_VCiazSiwiK3Qco"",""frames"":null,""reason"":null,""staleSec"":388,""probation"":false}],""trackCount"":1,""ineligibleCount"":0}"
2026-08-28T19:15:34.848645+00:00,2026-08-28T19:15:33.709+00:00,pub_stats,,a,show-qfstpj50,2975439,6909429,2958742,69,69,0,29,30,21.87,none,f,f+h+q,3,1080,1920,1080,1920,"SimulcastEncoderAdapter (libvpx, libvpx, libvpx)",6,0,2,0,0,0.0017879999999999999,0.021,0,,,,,,,live:a,"{""qualityLimitationDurations"":{""cpu"":0,""none"":388.057,""other"":0,""bandwidth"":0.673}}"
2026-08-28T19:15:34.848645+00:00,2026-08-28T19:15:34.708+00:00,shot_publish_success,,a,show-qfstpj50,,,,,,,,,,,,,,,,,,,,,,,,,,,,,,,,,,"{""shot"":""pan"",""slot"":""a"",""commandId"":""291724fa-9b79-4728-b31b-2c9fc2da5bde"",""decisionSource"":""auto"",""connectionState"":""connected""}"
2026-08-28T19:15:34.848645+00:00,2026-08-28T19:15:34.708+00:00,director_shot_emitted,,a,show-qfstpj50,,,,,,,,,,,,,,,,,,,,,,,,,,,,,,,,,,"{""shot"":""pan"",""slot"":""a"",""sourceRole"":""main"",""decisionSource"":""auto"",""targetIdentity"":""contestant-a-297a1aba""}"
2026-08-28T19:15:36.859013+00:00,2026-08-28T19:15:35.708+00:00,pub_stats,,a,show-qfstpj50,2941311,6909429,3000000,60,60,0,29,30,14.97,none,f,f+h+q,3,1080,1920,1080,1920,"SimulcastEncoderAdapter (libvpx, libvpx, libvpx)",6,0,2,0,0,0.0006659999999999999,0.024,0,,,,,,,live:a,"{""qualityLimitationDurations"":{""cpu"":0,""none"":390.057,""other"":0,""bandwidth"":0.673}}"
2026-08-28T19:15:38.849276+00:00,2026-08-28T19:15:37.709+00:00,pub_stats,,a,show-qfstpj50,3047448,6909429,3000000,60,60,0,29,30,11.1,none,f,f+h+q,3,1080,1920,1080,1920,"SimulcastEncoderAdapter (libvpx, libvpx, libvpx)",6,0,2,0,0,0.0005,0.023,0,,,,,,,live:a,"{""qualityLimitationDurations"":{""cpu"":0,""none"":392.057,""other"":0,""bandwidth"":0.673}}"
2026-08-28T19:15:38.849276+00:00,2026-08-28T19:15:38.707+00:00,track_liveness_snapshot,,a,show-qfstpj50,,,,,,,,,,,,,,,,,,,,,,,,,,,,,,,,,,"{""entries"":[{""key"":""contestant-a-297a1aba:TR_VCiazSiwiK3Qco"",""frames"":null,""reason"":null,""staleSec"":393,""probation"":false}],""trackCount"":1,""ineligibleCount"":0}"
2026-08-28T19:15:39.938477+00:00,2026-08-28T19:15:38.708+00:00,mic_level_sample,,a,show-qfstpj50,,,,,,,,,,,,,,,,,,,,,,,,,,,,,,,,,,"{""deviceId"":""39fae2b7de1ac0ad5463a5ba3dd688ee748a5433d1272fa9afbea3233dae361b"",""inputRms"":0.0002446282315538166,""outputRms"":0.0002446282315538166,""deviceLabel"":""MacBook Air Microphone (Built-in)"",""audioContextState"":""running""}"
2026-08-28T19:15:40.849428+00:00,2026-08-28T19:15:39.71+00:00,pub_stats,,a,show-qfstpj50,2999476,6909429,2995663,60,60,0,29,30,10.33,none,f,f+h+q,3,1080,1920,1080,1920,"SimulcastEncoderAdapter (libvpx, libvpx, libvpx)",6,0,2,0,0,0.00041099999999999996,0.022,0,,,,,,,live:a,"{""qualityLimitationDurations"":{""cpu"":0,""none"":394.057,""other"":0,""bandwidth"":0.673}}"
2026-08-28T19:15:42.865963+00:00,2026-08-28T19:15:41.71+00:00,pub_stats,,a,show-qfstpj50,2990060,6909429,2982360,60,60,0,29,30,10.13,none,f,f+h+q,3,1080,1920,1080,1920,"SimulcastEncoderAdapter (libvpx, libvpx, libvpx)",6,0,2,0,0,0.00041099999999999996,0.022,0,,,,,,,live:a,"{""qualityLimitationDurations"":{""cpu"":0,""none"":396.058,""other"":0,""bandwidth"":0.673}}"
2026-08-28T19:15:44.948579+00:00,2026-08-28T19:15:43.708+00:00,mic_level_sample,,a,show-qfstpj50,,,,,,,,,,,,,,,,,,,,,,,,,,,,,,,,,,"{""deviceId"":""39fae2b7de1ac0ad5463a5ba3dd688ee748a5433d1272fa9afbea3233dae361b"",""inputRms"":0.0003145796423801369,""outputRms"":0.0003145796423801369,""deviceLabel"":""MacBook Air Microphone (Built-in)"",""audioContextState"":""running""}"
2026-08-28T19:15:44.948579+00:00,2026-08-28T19:15:43.708+00:00,director_heartbeat,,a,show-qfstpj50,,,,,,,,,,,,,,,,,,,,,,,,,,,,,,,,,,"{""state"":""running""}"
2026-08-28T19:15:43.868227+00:00,2026-08-28T19:15:43.708+00:00,track_liveness_snapshot,,a,show-qfstpj50,,,,,,,,,,,,,,,,,,,,,,,,,,,,,,,,,,"{""entries"":[{""key"":""contestant-a-297a1aba:TR_VCiazSiwiK3Qco"",""frames"":null,""reason"":null,""staleSec"":398,""probation"":false}],""trackCount"":1,""ineligibleCount"":0}"
2026-08-28T19:15:44.948579+00:00,2026-08-28T19:15:43.71+00:00,pub_stats,,a,show-qfstpj50,2973172,6909429,3000000,60,60,0,29,30,10.38,none,f,f+h+q,3,1080,1920,1080,1920,"SimulcastEncoderAdapter (libvpx, libvpx, libvpx)",6,0,2,0,0,0.0005,0.023,0,,,,,,,live:a,"{""qualityLimitationDurations"":{""cpu"":0,""none"":398.058,""other"":0,""bandwidth"":0.673}}"
2026-08-28T19:15:46.878786+00:00,2026-08-28T19:15:45.709+00:00,pub_stats,,a,show-qfstpj50,3014795,6909429,3000000,60,60,0,29,30,10.15,none,f,f+h+q,3,1080,1920,1080,1920,"SimulcastEncoderAdapter (libvpx, libvpx, libvpx)",6,0,2,0,0,0.00043299999999999995,0.022,0,,,,,,,live:a,"{""qualityLimitationDurations"":{""cpu"":0,""none"":400.057,""other"":0,""bandwidth"":0.673}}"
2026-08-28T19:15:48.871452+00:00,2026-08-28T19:15:47.709+00:00,pub_stats,,a,show-qfstpj50,2960800,6909429,2985205,60,60,0,30,30,14.12,none,f,f+h+q,3,1080,1920,1080,1920,"SimulcastEncoderAdapter (libvpx, libvpx, libvpx)",7,0,2,0,0,0.0020109999999999998,0.021,0,,,,,,,live:a,"{""qualityLimitationDurations"":{""cpu"":0,""none"":402.058,""other"":0,""bandwidth"":0.673}}"
2026-08-28T19:15:49.85701+00:00,2026-08-28T19:15:48.708+00:00,mic_level_sample,,a,show-qfstpj50,,,,,,,,,,,,,,,,,,,,,,,,,,,,,,,,,,"{""deviceId"":""39fae2b7de1ac0ad5463a5ba3dd688ee748a5433d1272fa9afbea3233dae361b"",""inputRms"":0.0002851770394969329,""outputRms"":0.0002851770394969329,""deviceLabel"":""MacBook Air Microphone (Built-in)"",""audioContextState"":""running""}"
2026-08-28T19:15:49.85701+00:00,2026-08-28T19:15:49.708+00:00,track_liveness_snapshot,,a,show-qfstpj50,,,,,,,,,,,,,,,,,,,,,,,,,,,,,,,,,,"{""entries"":[{""key"":""contestant-a-297a1aba:TR_VCiazSiwiK3Qco"",""frames"":null,""reason"":null,""staleSec"":404,""probation"":false}],""trackCount"":1,""ineligibleCount"":0}"
2026-08-28T19:15:50.866478+00:00,2026-08-28T19:15:49.71+00:00,pub_stats,,a,show-qfstpj50,3012050,6909429,3000000,60,60,0,30,30,8.97,none,f,f+h+q,3,1080,1920,1080,1920,"SimulcastEncoderAdapter (libvpx, libvpx, libvpx)",7,0,2,0,0,0.000988,0.021,0,,,,,,,live:a,"{""qualityLimitationDurations"":{""cpu"":0,""none"":404.058,""other"":0,""bandwidth"":0.673}}"
2026-08-28T19:15:52.872034+00:00,2026-08-28T19:15:51.709+00:00,pub_stats,,a,show-qfstpj50,2968188,6909429,2991355,60,60,0,30,30,9.27,none,f,f+h+q,3,1080,1920,1080,1920,"SimulcastEncoderAdapter (libvpx, libvpx, libvpx)",7,0,2,0,0,0.0005769999999999999,0.023,0,,,,,,,live:a,"{""qualityLimitationDurations"":{""cpu"":0,""none"":406.058,""other"":0,""bandwidth"":0.673}}"
2026-08-28T19:15:54.852146+00:00,2026-08-28T19:15:53.708+00:00,director_heartbeat,,a,show-qfstpj50,,,,,,,,,,,,,,,,,,,,,,,,,,,,,,,,,,"{""state"":""running""}"
2026-08-28T19:15:54.852146+00:00,2026-08-28T19:15:53.708+00:00,mic_level_sample,,a,show-qfstpj50,,,,,,,,,,,,,,,,,,,,,,,,,,,,,,,,,,"{""deviceId"":""39fae2b7de1ac0ad5463a5ba3dd688ee748a5433d1272fa9afbea3233dae361b"",""inputRms"":0.00042892406488116106,""outputRms"":0.00042892406488116106,""deviceLabel"":""MacBook Air Microphone (Built-in)"",""audioContextState"":""running""}"
2026-08-28T19:15:54.852146+00:00,2026-08-28T19:15:53.71+00:00,pub_stats,,a,show-qfstpj50,3034143,6909429,2997778,60,60,0,30,30,11.67,none,f,f+h+q,3,1080,1920,1080,1920,"SimulcastEncoderAdapter (libvpx, libvpx, libvpx)",7,0,2,0,0,0.000366,0.022,0,,,,,,,live:a,"{""qualityLimitationDurations"":{""cpu"":0,""none"":408.058,""other"":0,""bandwidth"":0.673}}"
2026-08-28T19:15:55.883467+00:00,2026-08-28T19:15:55.708+00:00,track_liveness_snapshot,,a,show-qfstpj50,,,,,,,,,,,,,,,,,,,,,,,,,,,,,,,,,,"{""entries"":[{""key"":""contestant-a-297a1aba:TR_VCiazSiwiK3Qco"",""frames"":null,""reason"":null,""staleSec"":410,""probation"":false}],""trackCount"":1,""ineligibleCount"":0}"
2026-08-28T19:15:56.855875+00:00,2026-08-28T19:15:55.71+00:00,pub_stats,,a,show-qfstpj50,2972112,6909429,3000000,60,60,0,30,30,13.7,none,f,f+h+q,3,1080,1920,1080,1920,"SimulcastEncoderAdapter (libvpx, libvpx, libvpx)",7,0,2,0,0,0.00042199999999999996,0.023,0,,,,,,,live:a,"{""qualityLimitationDurations"":{""cpu"":0,""none"":410.058,""other"":0,""bandwidth"":0.673}}"
2026-08-28T19:15:58.855129+00:00,2026-08-28T19:15:57.71+00:00,pub_stats,,a,show-qfstpj50,2978696,6909429,2985062,60,60,0,30,30,11.43,none,f,f+h+q,3,1080,1920,1080,1920,"SimulcastEncoderAdapter (libvpx, libvpx, libvpx)",7,0,2,0,0,0.000588,0.023,0,,,,,,,live:a,"{""qualityLimitationDurations"":{""cpu"":0,""none"":412.058,""other"":0,""bandwidth"":0.673}}"
2026-08-28T19:15:59.855506+00:00,2026-08-28T19:15:58.708+00:00,mic_level_sample,,a,show-qfstpj50,,,,,,,,,,,,,,,,,,,,,,,,,,,,,,,,,,"{""deviceId"":""39fae2b7de1ac0ad5463a5ba3dd688ee748a5433d1272fa9afbea3233dae361b"",""inputRms"":0.00014966853194163328,""outputRms"":0.00014966853194163328,""deviceLabel"":""MacBook Air Microphone (Built-in)"",""audioContextState"":""running""}"
2026-08-28T19:15:59.855506+00:00,2026-08-28T19:15:58.71+00:00,shot_publish_success,,a,show-qfstpj50,,,,,,,,,,,,,,,,,,,,,,,,,,,,,,,,,,"{""shot"":""pan"",""slot"":""a"",""commandId"":""79b6df09-898e-44c6-9099-4a6ca00366cd"",""decisionSource"":""auto"",""connectionState"":""connected""}"
2026-08-28T19:15:59.855506+00:00,2026-08-28T19:15:58.71+00:00,director_shot_emitted,,a,show-qfstpj50,,,,,,,,,,,,,,,,,,,,,,,,,,,,,,,,,,"{""shot"":""pan"",""slot"":""a"",""sourceRole"":""main"",""decisionSource"":""auto"",""targetIdentity"":""contestant-a-297a1aba""}"
2026-08-28T19:16:00.859763+00:00,2026-08-28T19:15:59.709+00:00,pub_stats,,a,show-qfstpj50,2976780,6909429,2961925,60,60,0,30,30,9.78,none,f,f+h+q,3,1080,1920,1080,1920,"SimulcastEncoderAdapter (libvpx, libvpx, libvpx)",7,0,2,0,0,0.000544,0.024,0,,,,,,,live:a,"{""qualityLimitationDurations"":{""cpu"":0,""none"":414.058,""other"":0,""bandwidth"":0.673}}"
2026-08-28T19:16:00.859763+00:00,2026-08-28T19:16:00.708+00:00,track_liveness_snapshot,,a,show-qfstpj50,,,,,,,,,,,,,,,,,,,,,,,,,,,,,,,,,,"{""entries"":[{""key"":""contestant-a-297a1aba:TR_VCiazSiwiK3Qco"",""frames"":null,""reason"":null,""staleSec"":415,""probation"":false}],""trackCount"":1,""ineligibleCount"":0}"
2026-08-28T19:16:02.85968+00:00,2026-08-28T19:16:01.71+00:00,pub_stats,,a,show-qfstpj50,3027102,6909429,2991430,60,60,0,30,30,9.5,none,f,f+h+q,3,1080,1920,1080,1920,"SimulcastEncoderAdapter (libvpx, libvpx, libvpx)",7,0,2,0,0,0.000444,0.021,0,,,,,,,live:a,"{""qualityLimitationDurations"":{""cpu"":0,""none"":416.058,""other"":0,""bandwidth"":0.673}}"
2026-08-28T19:16:04.85507+00:00,2026-08-28T19:16:03.708+00:00,director_heartbeat,,a,show-qfstpj50,,,,,,,,,,,,,,,,,,,,,,,,,,,,,,,,,,"{""state"":""running""}"
2026-08-28T19:16:04.85507+00:00,2026-08-28T19:16:03.708+00:00,mic_level_sample,,a,show-qfstpj50,,,,,,,,,,,,,,,,,,,,,,,,,,,,,,,,,,"{""deviceId"":""39fae2b7de1ac0ad5463a5ba3dd688ee748a5433d1272fa9afbea3233dae361b"",""inputRms"":0.0006397459513992837,""outputRms"":0.0006397459513992837,""deviceLabel"":""MacBook Air Microphone (Built-in)"",""audioContextState"":""running""}"
2026-08-28T19:16:04.85507+00:00,2026-08-28T19:16:03.709+00:00,pub_stats,,a,show-qfstpj50,3149967,6909429,2974932,60,60,0,30,30,13.38,none,f,f+h+q,3,1080,1920,1080,1920,"SimulcastEncoderAdapter (libvpx, libvpx, libvpx)",7,0,2,0,0,0.0005549999999999999,0.022,0,,,,,,,live:a,"{""qualityLimitationDurations"":{""cpu"":0,""none"":418.058,""other"":0,""bandwidth"":0.673}}"
2026-08-28T19:16:05.851487+00:00,2026-08-28T19:16:05.708+00:00,track_liveness_snapshot,,a,show-qfstpj50,,,,,,,,,,,,,,,,,,,,,,,,,,,,,,,,,,"{""entries"":[{""key"":""contestant-a-297a1aba:TR_VCiazSiwiK3Qco"",""frames"":null,""reason"":null,""staleSec"":420,""probation"":false}],""trackCount"":1,""ineligibleCount"":0}"
2026-08-28T19:16:06.882396+00:00,2026-08-28T19:16:05.709+00:00,pub_stats,,a,show-qfstpj50,2729852,6909429,3000000,60,60,0,30,30,21.95,none,f,f+h+q,3,1080,1920,1080,1920,"SimulcastEncoderAdapter (libvpx, libvpx, libvpx)",7,0,2,0,0,0.001333,0.022,0,,,,,,,live:a,"{""qualityLimitationDurations"":{""cpu"":0,""none"":420.058,""other"":0,""bandwidth"":0.673}}"
2026-08-28T19:16:08.857649+00:00,2026-08-28T19:16:07.709+00:00,pub_stats,,a,show-qfstpj50,3044600,6909429,3000000,60,60,0,30,30,12.73,none,f,f+h+q,3,1080,1920,1080,1920,"SimulcastEncoderAdapter (libvpx, libvpx, libvpx)",7,0,2,0,0,0.0005329999999999999,0.023,0,,,,,,,live:a,"{""qualityLimitationDurations"":{""cpu"":0,""none"":422.057,""other"":0,""bandwidth"":0.673}}"
2026-08-28T19:16:09.870498+00:00,2026-08-28T19:16:08.708+00:00,mic_recovered,,a,show-qfstpj50,,,,,,,,,,,,,,,,,,,,,,,,,,,,,,,,,,"{""inputRms"":0.003520938060191367,""outputRms"":0.003520938060191367,""silentDurationMs"":60052,""audioContextState"":""running""}"
2026-08-28T19:16:09.870498+00:00,2026-08-28T19:16:08.708+00:00,mic_level_sample,,a,show-qfstpj50,,,,,,,,,,,,,,,,,,,,,,,,,,,,,,,,,,"{""deviceId"":""39fae2b7de1ac0ad5463a5ba3dd688ee748a5433d1272fa9afbea3233dae361b"",""inputRms"":0.003520938060191367,""outputRms"":0.003520938060191367,""deviceLabel"":""MacBook Air Microphone (Built-in)"",""audioContextState"":""running""}"
2026-08-28T19:16:10.907598+00:00,2026-08-28T19:16:09.709+00:00,pub_stats,,a,show-qfstpj50,2953024,6909429,3000000,60,60,0,30,30,13.4,none,f,f+h+q,3,1080,1920,1080,1920,"SimulcastEncoderAdapter (libvpx, libvpx, libvpx)",7,0,2,0,0,0.000477,0.023,0,,,,,,,live:a,"{""qualityLimitationDurations"":{""cpu"":0,""none"":424.057,""other"":0,""bandwidth"":0.673}}"
2026-08-28T19:16:10.907598+00:00,2026-08-28T19:16:10.708+00:00,track_liveness_snapshot,,a,show-qfstpj50,,,,,,,,,,,,,,,,,,,,,,,,,,,,,,,,,,"{""entries"":[{""key"":""contestant-a-297a1aba:TR_VCiazSiwiK3Qco"",""frames"":null,""reason"":null,""staleSec"":425,""probation"":false}],""trackCount"":1,""ineligibleCount"":0}"
2026-08-28T19:16:12.85168+00:00,2026-08-28T19:16:11.71+00:00,pub_stats,,a,show-qfstpj50,3022601,6909429,3000000,60,60,0,30,30,15.4,none,f,f+h+q,3,1080,1920,1080,1920,"SimulcastEncoderAdapter (libvpx, libvpx, libvpx)",7,0,2,0,0,0.00039999999999999996,0.022,0,,,,,,,live:a,"{""qualityLimitationDurations"":{""cpu"":0,""none"":426.057,""other"":0,""bandwidth"":0.673}}"
2026-08-28T19:16:14.855588+00:00,2026-08-28T19:16:13.708+00:00,director_heartbeat,,a,show-qfstpj50,,,,,,,,,,,,,,,,,,,,,,,,,,,,,,,,,,"{""state"":""running""}"
2026-08-28T19:16:14.855588+00:00,2026-08-28T19:16:13.709+00:00,mic_level_sample,,a,show-qfstpj50,,,,,,,,,,,,,,,,,,,,,,,,,,,,,,,,,,"{""deviceId"":""39fae2b7de1ac0ad5463a5ba3dd688ee748a5433d1272fa9afbea3233dae361b"",""inputRms"":0.0004097092778175021,""outputRms"":0.0004097092778175021,""deviceLabel"":""MacBook Air Microphone (Built-in)"",""audioContextState"":""running""}"
2026-08-28T19:16:14.855588+00:00,2026-08-28T19:16:13.71+00:00,pub_stats,,a,show-qfstpj50,3057760,6909429,3000000,60,60,0,30,30,20.6,none,f,f+h+q,3,1080,1920,1080,1920,"SimulcastEncoderAdapter (libvpx, libvpx, libvpx)",7,0,2,0,0,0.00043299999999999995,0.022,0,,,,,,,live:a,"{""qualityLimitationDurations"":{""cpu"":0,""none"":428.058,""other"":0,""bandwidth"":0.673}}"
2026-08-28T19:16:15.864047+00:00,2026-08-28T19:16:15.708+00:00,track_liveness_snapshot,,a,show-qfstpj50,,,,,,,,,,,,,,,,,,,,,,,,,,,,,,,,,,"{""entries"":[{""key"":""contestant-a-297a1aba:TR_VCiazSiwiK3Qco"",""frames"":null,""reason"":null,""staleSec"":430,""probation"":false}],""trackCount"":1,""ineligibleCount"":0}"
2026-08-28T19:16:16.880852+00:00,2026-08-28T19:16:15.715+00:00,pub_stats,,a,show-qfstpj50,2859128,6909429,3000000,60,60,0,30,30,23.62,none,f,f+h+q,3,1080,1920,1080,1920,"SimulcastEncoderAdapter (libvpx, libvpx, libvpx)",7,0,2,0,0,0.001455,0.023,0,,,,,,,live:a,"{""qualityLimitationDurations"":{""cpu"":0,""none"":430.058,""other"":0,""bandwidth"":0.673}}"
2026-08-28T19:16:18.850685+00:00,2026-08-28T19:16:17.711+00:00,pub_stats,,a,show-qfstpj50,2921307,6909429,3000000,59,59,0,29,30,18.32,none,f,f+h+q,3,1080,1920,1080,1920,"SimulcastEncoderAdapter (libvpx, libvpx, libvpx)",7,0,2,0,0,0.0007999999999999999,0.024,0,,,,,,,live:a,"{""qualityLimitationDurations"":{""cpu"":0,""none"":432.058,""other"":0,""bandwidth"":0.673}}"
2026-08-28T19:16:19.845952+00:00,2026-08-28T19:16:18.709+00:00,mic_level_sample,,a,show-qfstpj50,,,,,,,,,,,,,,,,,,,,,,,,,,,,,,,,,,"{""deviceId"":""39fae2b7de1ac0ad5463a5ba3dd688ee748a5433d1272fa9afbea3233dae361b"",""inputRms"":0.0006429002828356247,""outputRms"":0.0006429002828356247,""deviceLabel"":""MacBook Air Microphone (Built-in)"",""audioContextState"":""running""}"
2026-08-28T19:16:20.866684+00:00,2026-08-28T19:16:19.716+00:00,pub_stats,,a,show-qfstpj50,3134763,6909429,3000000,61,61,0,30,30,14.56,none,f,f+h+q,3,1080,1920,1080,1920,"SimulcastEncoderAdapter (libvpx, libvpx, libvpx)",7,0,2,0,0,0.000388,0.025,0,,,,,,,live:a,"{""qualityLimitationDurations"":{""cpu"":0,""none"":434.059,""other"":0,""bandwidth"":0.673}}"
2026-08-28T19:16:20.866684+00:00,2026-08-28T19:16:20.708+00:00,track_liveness_snapshot,,a,show-qfstpj50,,,,,,,,,,,,,,,,,,,,,,,,,,,,,,,,,,"{""entries"":[{""key"":""contestant-a-297a1aba:TR_VCiazSiwiK3Qco"",""frames"":null,""reason"":null,""staleSec"":435,""probation"":false}],""trackCount"":1,""ineligibleCount"":0}"
2026-08-28T19:16:22.883466+00:00,2026-08-28T19:16:21.709+00:00,pub_stats,,a,show-qfstpj50,2921044,6909429,2946198,59,59,0,29,30,16.31,none,f,f+h+q,3,1080,1920,1080,1920,"SimulcastEncoderAdapter (libvpx, libvpx, libvpx)",7,0,2,0,0,0.0006219999999999999,0.025,0,,,,,,,live:a,"{""qualityLimitationDurations"":{""cpu"":0,""none"":436.058,""other"":0,""bandwidth"":0.673}}"
2026-08-28T19:16:24.860415+00:00,2026-08-28T19:16:23.708+00:00,mic_level_sample,,a,show-qfstpj50,,,,,,,,,,,,,,,,,,,,,,,,,,,,,,,,,,"{""deviceId"":""39fae2b7de1ac0ad5463a5ba3dd688ee748a5433d1272fa9afbea3233dae361b"",""inputRms"":0.0003419185654355491,""outputRms"":0.0003419185654355491,""deviceLabel"":""MacBook Air Microphone (Built-in)"",""audioContextState"":""running""}"
2026-08-28T19:16:24.860415+00:00,2026-08-28T19:16:23.708+00:00,director_heartbeat,,a,show-qfstpj50,,,,,,,,,,,,,,,,,,,,,,,,,,,,,,,,,,"{""state"":""running""}"
2026-08-28T19:16:24.860415+00:00,2026-08-28T19:16:23.71+00:00,pub_stats,,a,show-qfstpj50,2982849,6909429,2934377,60,60,0,29,30,16.95,none,f,f+h+q,3,1080,1920,1080,1920,"SimulcastEncoderAdapter (libvpx, libvpx, libvpx)",7,0,2,0,0,0.000511,0.023,0,,,,,,,live:a,"{""qualityLimitationDurations"":{""cpu"":0,""none"":438.058,""other"":0,""bandwidth"":0.673}}"
2026-08-28T19:16:26.859384+00:00,2026-08-28T19:16:25.709+00:00,pub_stats,,a,show-qfstpj50,2907842,6909429,3000000,60,60,0,29,30,12.93,none,f,f+h+q,3,1080,1920,1080,1920,"SimulcastEncoderAdapter (libvpx, libvpx, libvpx)",7,0,2,0,0,0.00043299999999999995,0.024,0,,,,,,,live:a,"{""qualityLimitationDurations"":{""cpu"":0,""none"":440.057,""other"":0,""bandwidth"":0.673}}"
2026-08-28T19:16:26.859384+00:00,2026-08-28T19:16:26.707+00:00,track_liveness_snapshot,,a,show-qfstpj50,,,,,,,,,,,,,,,,,,,,,,,,,,,,,,,,,,"{""entries"":[{""key"":""contestant-a-297a1aba:TR_VCiazSiwiK3Qco"",""frames"":null,""reason"":null,""staleSec"":441,""probation"":false}],""trackCount"":1,""ineligibleCount"":0}"
2026-08-28T19:16:28.873648+00:00,2026-08-28T19:16:27.711+00:00,pub_stats,,a,show-qfstpj50,3080388,6909429,2946657,60,60,0,29,30,11.5,none,f,f+h+q,3,1080,1920,1080,1920,"SimulcastEncoderAdapter (libvpx, libvpx, libvpx)",7,0,2,0,0,0.000588,0.023,0,,,,,,,live:a,"{""qualityLimitationDurations"":{""cpu"":0,""none"":442.058,""other"":0,""bandwidth"":0.673}}"
2026-08-28T19:16:29.853989+00:00,2026-08-28T19:16:28.708+00:00,mic_silent,,a,show-qfstpj50,,,,,,,,,,,,,,,,,,,,,,,,,,,,,,,,,,"{""inputRms"":0.00020594335271904672,""outputRms"":0.00020594335271904672,""silentSinceMs"":1787944573709,""audioContextState"":""running""}"
2026-08-28T19:16:29.853989+00:00,2026-08-28T19:16:28.708+00:00,mic_level_sample,,a,show-qfstpj50,,,,,,,,,,,,,,,,,,,,,,,,,,,,,,,,,,"{""deviceId"":""39fae2b7de1ac0ad5463a5ba3dd688ee748a5433d1272fa9afbea3233dae361b"",""inputRms"":0.00020594335271904672,""outputRms"":0.00020594335271904672,""deviceLabel"":""MacBook Air Microphone (Built-in)"",""audioContextState"":""running""}"
2026-08-28T19:16:30.842714+00:00,2026-08-28T19:16:29.709+00:00,pub_stats,,a,show-qfstpj50,2996392,6909429,2983360,60,60,0,29,30,12.37,none,f,f+h+q,3,1080,1920,1080,1920,"SimulcastEncoderAdapter (libvpx, libvpx, libvpx)",7,0,2,0,0,0.000388,0.023,0,,,,,,,live:a,"{""qualityLimitationDurations"":{""cpu"":0,""none"":444.057,""other"":0,""bandwidth"":0.673}}"
2026-08-28T19:16:31.527836+00:00,2026-08-28T19:16:30.992+00:00,visibility_visible,,a,show-qfstpj50,,,,,,,,,,,,,,,,,,,,,,,,,,,,,,,,,,"{""audioContextState"":""running""}"
2026-08-28T19:16:31.527836+00:00,2026-08-28T19:16:30.993+00:00,window_focus,,a,show-qfstpj50,,,,,,,,,,,,,,,,,,,,,,,,,,,,,,,,,,
2026-08-28T19:16:31.527836+00:00,2026-08-28T19:16:31.002+00:00,wake_lock_acquired,,a,show-qfstpj50,,,,,,,,,,,,,,,,,,,,,,,,,,,,,,,,,live:a,
2026-08-28T19:16:32.532485+00:00,2026-08-28T19:16:31.387+00:00,pub_stats,,a,show-qfstpj50,3083485,6909429,3000000,51,51,0,30,30,18,none,f,f+h+q,3,1080,1920,1080,1920,"SimulcastEncoderAdapter (libvpx, libvpx, libvpx)",7,0,2,0,0,0.000611,0.022,0,,,,,,,live:a,"{""qualityLimitationDurations"":{""cpu"":0,""none"":445.736,""other"":0,""bandwidth"":0.673}}"
2026-08-28T19:16:32.532485+00:00,2026-08-28T19:16:31.885+00:00,track_liveness_snapshot,,a,show-qfstpj50,,,,,,,,,,,,,,,,,,,,,,,,,,,,,,,,,,"{""entries"":[{""key"":""contestant-a-297a1aba:TR_VCiazSiwiK3Qco"",""frames"":null,""reason"":null,""staleSec"":446,""probation"":false}],""trackCount"":1,""ineligibleCount"":0}"
2026-08-28T19:16:34.52729+00:00,2026-08-28T19:16:33.386+00:00,pub_stats,,a,show-qfstpj50,2881993,6909429,3000000,60,60,0,30,30,17.47,none,f,f+h+q,3,1080,1920,1080,1920,"SimulcastEncoderAdapter (libvpx, libvpx, libvpx)",7,0,2,0,0,0.000944,0.021,0,,,,,,,live:a,"{""qualityLimitationDurations"":{""cpu"":0,""none"":447.735,""other"":0,""bandwidth"":0.673}}"
2026-08-28T19:16:34.52729+00:00,2026-08-28T19:16:33.387+00:00,director_heartbeat,,a,show-qfstpj50,,,,,,,,,,,,,,,,,,,,,,,,,,,,,,,,,,"{""state"":""running""}"
2026-08-28T19:16:34.52729+00:00,2026-08-28T19:16:33.655+00:00,mic_recovered,,a,show-qfstpj50,,,,,,,,,,,,,,,,,,,,,,,,,,,,,,,,,,"{""inputRms"":0.0013840836431049115,""outputRms"":0.0013027418190896293,""silentDurationMs"":19946,""audioContextState"":""running""}"
2026-08-28T19:16:34.52729+00:00,2026-08-28T19:16:33.655+00:00,mic_level_sample,,a,show-qfstpj50,,,,,,,,,,,,,,,,,,,,,,,,,,,,,,,,,,"{""deviceId"":""39fae2b7de1ac0ad5463a5ba3dd688ee748a5433d1272fa9afbea3233dae361b"",""inputRms"":0.0013840836431049115,""outputRms"":0.0013027418190896293,""deviceLabel"":""MacBook Air Microphone (Built-in)"",""audioContextState"":""running""}"
2026-08-28T19:16:36.519363+00:00,2026-08-28T19:16:35.386+00:00,pub_stats,,a,show-qfstpj50,2965596,6909429,3000000,60,60,0,30,30,13.02,none,f,f+h+q,3,1080,1920,1080,1920,"SimulcastEncoderAdapter (libvpx, libvpx, libvpx)",7,0,2,0,0,0.000611,0.026,0,,,,,,,live:a,"{""qualityLimitationDurations"":{""cpu"":0,""none"":449.736,""other"":0,""bandwidth"":0.673}}"
2026-08-28T19:16:37.527427+00:00,2026-08-28T19:16:36.885+00:00,track_liveness_snapshot,,a,show-qfstpj50,,,,,,,,,,,,,,,,,,,,,,,,,,,,,,,,,,"{""entries"":[{""key"":""contestant-a-297a1aba:TR_VCiazSiwiK3Qco"",""frames"":null,""reason"":null,""staleSec"":451,""probation"":false}],""trackCount"":1,""ineligibleCount"":0}"
2026-08-28T19:16:38.712349+00:00,2026-08-28T19:16:37.387+00:00,pub_stats,,a,show-qfstpj50,3089231,6909429,2990067,60,60,0,30,30,10.87,none,f,f+h+q,3,1080,1920,1080,1920,"SimulcastEncoderAdapter (libvpx, libvpx, libvpx)",7,0,2,0,0,0.00042199999999999996,0.026,0,,,,,,,live:a,"{""qualityLimitationDurations"":{""cpu"":0,""none"":451.736,""other"":0,""bandwidth"":0.673}}"
2026-08-28T19:16:39.534901+00:00,2026-08-28T19:16:38.655+00:00,mic_level_sample,,a,show-qfstpj50,,,,,,,,,,,,,,,,,,,,,,,,,,,,,,,,,,"{""deviceId"":""39fae2b7de1ac0ad5463a5ba3dd688ee748a5433d1272fa9afbea3233dae361b"",""inputRms"":0.00013498878383674923,""outputRms"":0.00013498878383674923,""deviceLabel"":""MacBook Air Microphone (Built-in)"",""audioContextState"":""running""}"
2026-08-28T19:16:40.705629+00:00,2026-08-28T19:16:39.387+00:00,pub_stats,,a,show-qfstpj50,2956884,6909429,2995780,60,60,0,31,30,21.57,none,f,f+h+q,3,1080,1920,1080,1920,"SimulcastEncoderAdapter (libvpx, libvpx, libvpx)",7,0,2,0,0,0.00041099999999999996,0.023,0,,,,,,,live:a,"{""qualityLimitationDurations"":{""cpu"":0,""none"":453.736,""other"":0,""bandwidth"":0.673}}"
2026-08-28T19:16:42.530575+00:00,2026-08-28T19:16:41.386+00:00,pub_stats,,a,show-qfstpj50,2938973,6909429,3000000,60,60,0,31,31,21.98,none,f,f+h+q,3,1080,1920,1080,1920,"SimulcastEncoderAdapter (libvpx, libvpx, libvpx)",7,0,2,0,0,0.00042199999999999996,0.023,0,,,,,,,live:a,"{""qualityLimitationDurations"":{""cpu"":0,""none"":455.736,""other"":0,""bandwidth"":0.673}}"
2026-08-28T19:16:42.530575+00:00,2026-08-28T19:16:41.886+00:00,track_liveness_snapshot,,a,show-qfstpj50,,,,,,,,,,,,,,,,,,,,,,,,,,,,,,,,,,"{""entries"":[{""key"":""contestant-a-297a1aba:TR_VCiazSiwiK3Qco"",""frames"":null,""reason"":null,""staleSec"":457,""probation"":false}],""trackCount"":1,""ineligibleCount"":0}"
2026-08-28T19:16:44.606617+00:00,2026-08-28T19:16:43.387+00:00,pub_stats,,a,show-qfstpj50,3060438,6909429,2953288,60,60,0,31,31,19.78,none,f,f+h+q,3,1080,1920,1080,1920,"SimulcastEncoderAdapter (libvpx, libvpx, libvpx)",7,0,2,0,0,0.000588,0.022,0,,,,,,,live:a,"{""qualityLimitationDurations"":{""cpu"":0,""none"":457.736,""other"":0,""bandwidth"":0.673}}"
2026-08-28T19:16:44.606617+00:00,2026-08-28T19:16:43.388+00:00,director_heartbeat,,a,show-qfstpj50,,,,,,,,,,,,,,,,,,,,,,,,,,,,,,,,,,"{""state"":""running""}"
2026-08-28T19:16:44.606617+00:00,2026-08-28T19:16:43.655+00:00,mic_level_sample,,a,show-qfstpj50,,,,,,,,,,,,,,,,,,,,,,,,,,,,,,,,,,"{""deviceId"":""39fae2b7de1ac0ad5463a5ba3dd688ee748a5433d1272fa9afbea3233dae361b"",""inputRms"":0.0000790880810342083,""outputRms"":0.0000790880810342083,""deviceLabel"":""MacBook Air Microphone (Built-in)"",""audioContextState"":""running""}"
2026-08-28T19:16:46.739445+00:00,2026-08-28T19:16:45.386+00:00,pub_stats,,a,show-qfstpj50,3126403,6909429,2870458,60,60,0,31,31,25.12,none,f,f+h+q,3,1080,1920,1080,1920,"SimulcastEncoderAdapter (libvpx, libvpx, libvpx)",7,0,2,0,0,0.000477,0.022,0,,,,,,,live:a,"{""qualityLimitationDurations"":{""cpu"":0,""none"":459.736,""other"":0,""bandwidth"":0.673}}"
2026-08-28T19:16:47.527672+00:00,2026-08-28T19:16:46.886+00:00,track_liveness_snapshot,,a,show-qfstpj50,,,,,,,,,,,,,,,,,,,,,,,,,,,,,,,,,,"{""entries"":[{""key"":""contestant-a-297a1aba:TR_VCiazSiwiK3Qco"",""frames"":null,""reason"":null,""staleSec"":462,""probation"":false}],""trackCount"":1,""ineligibleCount"":0}"
2026-08-28T19:16:48.545523+00:00,2026-08-28T19:16:47.386+00:00,pub_stats,,a,show-qfstpj50,2882592,6909429,2960127,59,59,0,30,31,25.95,none,f,f+h+q,3,1080,1920,1080,1920,"SimulcastEncoderAdapter (libvpx, libvpx, libvpx)",7,0,2,0,0,0.000566,0.022,0,,,,,,,live:a,"{""qualityLimitationDurations"":{""cpu"":0,""none"":461.735,""other"":0,""bandwidth"":0.673}}"
2026-08-28T19:16:49.528086+00:00,2026-08-28T19:16:48.655+00:00,mic_silent,,a,show-qfstpj50,,,,,,,,,,,,,,,,,,,,,,,,,,,,,,,,,,"{""inputRms"":0.00027952406231341334,""outputRms"":0.00027952406231341334,""silentSinceMs"":1787944598655,""audioContextState"":""running""}"
2026-08-28T19:16:49.528086+00:00,2026-08-28T19:16:48.655+00:00,mic_level_sample,,a,show-qfstpj50,,,,,,,,,,,,,,,,,,,,,,,,,,,,,,,,,,"{""deviceId"":""39fae2b7de1ac0ad5463a5ba3dd688ee748a5433d1272fa9afbea3233dae361b"",""inputRms"":0.00027952406231341334,""outputRms"":0.00027952406231341334,""deviceLabel"":""MacBook Air Microphone (Built-in)"",""audioContextState"":""running""}"
2026-08-28T19:16:50.599182+00:00,2026-08-28T19:16:49.386+00:00,pub_stats,,a,show-qfstpj50,2889092,7076446,2897905,60,60,0,30,31,26.73,none,f,f+h+q,3,1080,1920,1080,1920,"SimulcastEncoderAdapter (libvpx, libvpx, libvpx)",7,0,2,0,0,0.000377,0.023,0,,,,,,,live:a,"{""qualityLimitationDurations"":{""cpu"":0,""none"":463.736,""other"":0,""bandwidth"":0.673}}"
2026-08-28T19:16:52.554053+00:00,2026-08-28T19:16:51.386+00:00,pub_stats,,a,show-qfstpj50,2868724,7076446,3000000,60,60,0,30,31,20.23,none,f,f+h+q,3,1080,1920,1080,1920,"SimulcastEncoderAdapter (libvpx, libvpx, libvpx)",7,0,2,0,0,0.000511,0.022,0,,,,,,,live:a,"{""qualityLimitationDurations"":{""cpu"":0,""none"":465.736,""other"":0,""bandwidth"":0.673}}"
2026-08-28T19:16:52.554053+00:00,2026-08-28T19:16:52.362+00:00,track_published,,a,show-qfstpj50,,,,,,,,,,,,,,,,,,,,,,,,,,,,,,,camera,,,"{""kind"":""video"",""trackSid"":""TR_VCQuntoBxQyEgV"",""participantIdentity"":""camfeed-a-side-85a03b34""}"
2026-08-28T19:16:52.554053+00:00,2026-08-28T19:16:52.362+00:00,track_liveness_snapshot,,a,show-qfstpj50,,,,,,,,,,,,,,,,,,,,,,,,,,,,,,,,,,"{""entries"":[{""key"":""contestant-a-297a1aba:TR_VCiazSiwiK3Qco"",""frames"":null,""reason"":null,""staleSec"":467,""probation"":false}],""trackCount"":1,""ineligibleCount"":0}"
2026-08-28T19:16:53.542278+00:00,2026-08-28T19:16:52.439+00:00,track_subscribed,,a,show-qfstpj50,,,,,,,,,,,,,,,,,,,,,,,,,,,,,,,camera,,,"{""kind"":""video"",""trackSid"":""TR_VCQuntoBxQyEgV"",""participantIdentity"":""camfeed-a-side-85a03b34""}"
2026-08-28T19:16:53.542278+00:00,2026-08-28T19:16:53.385+00:00,track_liveness_snapshot,,a,show-qfstpj50,,,,,,,,,,,,,,,,,,,,,,,,,,,,,,,,,,"{""entries"":[{""key"":""contestant-a-297a1aba:TR_VCiazSiwiK3Qco"",""frames"":null,""reason"":null,""staleSec"":468,""probation"":false},{""key"":""camfeed-a-side-85a03b34:TR_VCQuntoBxQyEgV"",""frames"":null,""reason"":null,""staleSec"":0,""probation"":false}],""trackCount"":2,""ineligibleCount"":0}"
2026-08-28T19:16:54.519455+00:00,2026-08-28T19:16:53.386+00:00,pub_stats,,a,show-qfstpj50,3004668,7076446,3000000,60,60,0,30,31,21.82,none,f,f+h+q,3,1080,1920,1080,1920,"SimulcastEncoderAdapter (libvpx, libvpx, libvpx)",9,0,4,0,0,0.001088,0.022,0,,,,,,,live:a,"{""qualityLimitationDurations"":{""cpu"":0,""none"":467.736,""other"":0,""bandwidth"":0.673}}"
2026-08-28T19:16:54.519455+00:00,2026-08-28T19:16:53.387+00:00,director_heartbeat,,a,show-qfstpj50,,,,,,,,,,,,,,,,,,,,,,,,,,,,,,,,,,"{""state"":""running""}"
2026-08-28T19:16:54.519455+00:00,2026-08-28T19:16:53.655+00:00,mic_level_sample,,a,show-qfstpj50,,,,,,,,,,,,,,,,,,,,,,,,,,,,,,,,,,"{""deviceId"":""39fae2b7de1ac0ad5463a5ba3dd688ee748a5433d1272fa9afbea3233dae361b"",""inputRms"":0.00040286780257596945,""outputRms"":0.00040286780257596945,""deviceLabel"":""MacBook Air Microphone (Built-in)"",""audioContextState"":""running""}"
2026-08-28T19:16:54.519455+00:00,2026-08-28T19:16:53.711+00:00,shot_publish_success,,a,show-qfstpj50,,,,,,,,,,,,,,,,,,,,,,,,,,,,,,,,,,"{""shot"":""bRoll"",""slot"":""a"",""commandId"":""c49cabc8-6232-4446-a7c2-7b6cf40537c1"",""decisionSource"":""auto"",""connectionState"":""connected""}"
2026-08-28T19:16:54.519455+00:00,2026-08-28T19:16:53.711+00:00,director_shot_emitted,,a,show-qfstpj50,,,,,,,,,,,,,,,,,,,,,,,,,,,,,,,,,,"{""shot"":""bRoll"",""slot"":""a"",""sourceRole"":""side"",""decisionSource"":""auto"",""targetIdentity"":""camfeed-a-side-85a03b34""}"
2026-08-28T19:16:56.575372+00:00,2026-08-28T19:16:55.386+00:00,pub_stats,,a,show-qfstpj50,2981728,7076446,2992470,60,60,0,30,31,15.13,none,f,f+h+q,3,1080,1920,1080,1920,"SimulcastEncoderAdapter (libvpx, libvpx, libvpx)",9,0,4,0,0,0.0005,0.024,0,,,,,,,live:a,"{""qualityLimitationDurations"":{""cpu"":0,""none"":469.736,""other"":0,""bandwidth"":0.673}}"
2026-08-28T19:16:58.600543+00:00,2026-08-28T19:16:57.387+00:00,pub_stats,,a,show-qfstpj50,2968208,7076446,3000000,60,60,0,30,30,19.1,none,f,f+h+q,3,1080,1920,1080,1920,"SimulcastEncoderAdapter (libvpx, libvpx, libvpx)",9,0,4,0,0,0.0005769999999999999,0.023,0,,,,,,,live:a,"{""qualityLimitationDurations"":{""cpu"":0,""none"":471.736,""other"":0,""bandwidth"":0.673}}"
2026-08-28T19:16:58.600543+00:00,2026-08-28T19:16:58.385+00:00,track_liveness_snapshot,,a,show-qfstpj50,,,,,,,,,,,,,,,,,,,,,,,,,,,,,,,,,,"{""entries"":[{""key"":""contestant-a-297a1aba:TR_VCiazSiwiK3Qco"",""frames"":null,""reason"":null,""staleSec"":473,""probation"":false},{""key"":""camfeed-a-side-85a03b34:TR_VCQuntoBxQyEgV"",""frames"":66,""reason"":null,""staleSec"":1,""probation"":false}],""trackCount"":2,""ineligibleCount"":0}"
2026-08-28T19:16:59.710276+00:00,2026-08-28T19:16:58.655+00:00,mic_level_sample,,a,show-qfstpj50,,,,,,,,,,,,,,,,,,,,,,,,,,,,,,,,,,"{""deviceId"":""39fae2b7de1ac0ad5463a5ba3dd688ee748a5433d1272fa9afbea3233dae361b"",""inputRms"":0.0002889020255604694,""outputRms"":0.0002889020255604694,""deviceLabel"":""MacBook Air Microphone (Built-in)"",""audioContextState"":""running""}"
2026-08-28T19:17:00.525887+00:00,2026-08-28T19:16:59.386+00:00,pub_stats,,a,show-qfstpj50,3101579,7076446,3000000,60,60,0,30,30,14.37,none,f,f+h+q,3,1080,1920,1080,1920,"SimulcastEncoderAdapter (libvpx, libvpx, libvpx)",9,0,4,0,0,0.0005,0.021,0,,,,,,,live:a,"{""qualityLimitationDurations"":{""cpu"":0,""none"":473.735,""other"":0,""bandwidth"":0.673}}"
2026-08-28T19:17:02.531273+00:00,2026-08-28T19:17:01.387+00:00,pub_stats,,a,show-qfstpj50,2961911,7076446,2946940,60,60,0,30,30,19.1,none,f,f+h+q,3,1080,1920,1080,1920,"SimulcastEncoderAdapter (libvpx, libvpx, libvpx)",9,0,4,0,0,0.000444,0.021,0,,,,,,,live:a,"{""qualityLimitationDurations"":{""cpu"":0,""none"":475.736,""other"":0,""bandwidth"":0.673}}"
2026-08-28T19:17:04.529676+00:00,2026-08-28T19:17:03.386+00:00,pub_stats,,a,show-qfstpj50,2957659,7076446,3000000,60,60,0,30,30,15.33,none,f,f+h+q,3,1080,1920,1080,1920,"SimulcastEncoderAdapter (libvpx, libvpx, libvpx)",9,0,4,0,0,0.0005769999999999999,0.022,0,,,,,,,live:a,"{""qualityLimitationDurations"":{""cpu"":0,""none"":477.736,""other"":0,""bandwidth"":0.673}}"
2026-08-28T19:17:03.533885+00:00,2026-08-28T19:17:03.386+00:00,track_liveness_snapshot,,a,show-qfstpj50,,,,,,,,,,,,,,,,,,,,,,,,,,,,,,,,,,"{""entries"":[{""key"":""contestant-a-297a1aba:TR_VCiazSiwiK3Qco"",""frames"":null,""reason"":null,""staleSec"":478,""probation"":false},{""key"":""camfeed-a-side-85a03b34:TR_VCQuntoBxQyEgV"",""frames"":129,""reason"":null,""staleSec"":1,""probation"":false}],""trackCount"":2,""ineligibleCount"":0}"
2026-08-28T19:17:04.529676+00:00,2026-08-28T19:17:03.387+00:00,director_heartbeat,,a,show-qfstpj50,,,,,,,,,,,,,,,,,,,,,,,,,,,,,,,,,,"{""state"":""running""}"
2026-08-28T19:17:04.529676+00:00,2026-08-28T19:17:03.656+00:00,mic_level_sample,,a,show-qfstpj50,,,,,,,,,,,,,,,,,,,,,,,,,,,,,,,,,,"{""deviceId"":""39fae2b7de1ac0ad5463a5ba3dd688ee748a5433d1272fa9afbea3233dae361b"",""inputRms"":0.0003838243030619906,""outputRms"":0.0003838243030619906,""deviceLabel"":""MacBook Air Microphone (Built-in)"",""audioContextState"":""running""}"
2026-08-28T19:17:06.546953+00:00,2026-08-28T19:17:05.386+00:00,pub_stats,,a,show-qfstpj50,3022660,7076446,2959983,60,60,0,30,30,14.55,none,f,f+h+q,3,1080,1920,1080,1920,"SimulcastEncoderAdapter (libvpx, libvpx, libvpx)",9,0,4,0,0,0.000511,0.022,0,,,,,,,live:a,"{""qualityLimitationDurations"":{""cpu"":0,""none"":479.736,""other"":0,""bandwidth"":0.673}}"
2026-08-28T19:17:06.546953+00:00,2026-08-28T19:17:06.382+00:00,shot_publish_success,,a,show-qfstpj50,,,,,,,,,,,,,,,,,,,,,,,,,,,,,,,,,,"{""shot"":""mediumCU"",""slot"":""a"",""commandId"":""cb908f81-4aa6-421a-874a-0399d64b0b49"",""decisionSource"":""auto"",""connectionState"":""connected""}"
2026-08-28T19:17:06.546953+00:00,2026-08-28T19:17:06.382+00:00,director_shot_emitted,,a,show-qfstpj50,,,,,,,,,,,,,,,,,,,,,,,,,,,,,,,,,,"{""shot"":""mediumCU"",""slot"":""a"",""sourceRole"":""main"",""decisionSource"":""auto"",""targetIdentity"":""contestant-a-297a1aba""}"
2026-08-28T19:17:08.524152+00:00,2026-08-28T19:17:07.386+00:00,pub_stats,,a,show-qfstpj50,2910764,7076446,3000000,60,60,0,30,30,16.3,none,f,f+h+q,3,1080,1920,1080,1920,"SimulcastEncoderAdapter (libvpx, libvpx, libvpx)",9,0,4,0,0,0.000544,0.022,0,,,,,,,live:a,"{""qualityLimitationDurations"":{""cpu"":0,""none"":481.735,""other"":0,""bandwidth"":0.673}}"
2026-08-28T19:17:09.52687+00:00,2026-08-28T19:17:08.655+00:00,mic_level_sample,,a,show-qfstpj50,,,,,,,,,,,,,,,,,,,,,,,,,,,,,,,,,,"{""deviceId"":""39fae2b7de1ac0ad5463a5ba3dd688ee748a5433d1272fa9afbea3233dae361b"",""inputRms"":0.00015307666409937842,""outputRms"":0.00015307666409937842,""deviceLabel"":""MacBook Air Microphone (Built-in)"",""audioContextState"":""running""}"
2026-08-28T19:17:09.52687+00:00,2026-08-28T19:17:08.886+00:00,track_liveness_snapshot,,a,show-qfstpj50,,,,,,,,,,,,,,,,,,,,,,,,,,,,,,,,,,"{""entries"":[{""key"":""contestant-a-297a1aba:TR_VCiazSiwiK3Qco"",""frames"":null,""reason"":null,""staleSec"":484,""probation"":false},{""key"":""camfeed-a-side-85a03b34:TR_VCQuntoBxQyEgV"",""frames"":201,""reason"":null,""staleSec"":1,""probation"":false}],""trackCount"":2,""ineligibleCount"":0}"
2026-08-28T19:17:10.53048+00:00,2026-08-28T19:17:09.387+00:00,pub_stats,,a,show-qfstpj50,2981873,7076446,3000000,60,60,0,30,30,12.93,none,f,f+h+q,3,1080,1920,1080,1920,"SimulcastEncoderAdapter (libvpx, libvpx, libvpx)",9,0,4,0,0,0.00041099999999999996,0.022,0,,,,,,,live:a,"{""qualityLimitationDurations"":{""cpu"":0,""none"":483.737,""other"":0,""bandwidth"":0.673}}"
2026-08-28T19:17:11.52537+00:00,2026-08-28T19:17:11.386+00:00,track_liveness_snapshot,,a,show-qfstpj50,,,,,,,,,,,,,,,,,,,,,,,,,,,,,,,,,,"{""entries"":[{""key"":""contestant-a-297a1aba:TR_VCiazSiwiK3Qco"",""frames"":null,""reason"":null,""staleSec"":486,""probation"":false},{""key"":""camfeed-a-side-85a03b34:TR_VCQuntoBxQyEgV"",""frames"":201,""reason"":""frames_stalled"",""staleSec"":3,""probation"":false}],""trackCount"":2,""ineligibleCount"":1}"
2026-08-28T19:17:11.52537+00:00,2026-08-28T19:17:11.386+00:00,track_liveness_blacklist_changed,,a,show-qfstpj50,,,,,,,,,,,,,,,,,,,,,,,,,,,,,,,,,,"{""keys"":[""camfeed-a-side-85a03b34:TR_VCQuntoBxQyEgV""],""count"":1}"
2026-08-28T19:17:11.52537+00:00,2026-08-28T19:17:11.386+00:00,track_liveness_impaired,,a,show-qfstpj50,,,,,,,,,,,,,,,,,,,,,,,,,,,,,frames_stalled,,,,,"{""key"":""camfeed-a-side-85a03b34:TR_VCQuntoBxQyEgV"",""identity"":""camfeed-a-side-85a03b34""}"
2026-08-28T19:17:12.530894+00:00,2026-08-28T19:17:11.388+00:00,pub_stats,,a,show-qfstpj50,2978879,7076446,3000000,60,60,0,30,30,17.45,none,f,f+h+q,3,1080,1920,1080,1920,"SimulcastEncoderAdapter (libvpx, libvpx, libvpx)",9,0,4,0,0,0.0005329999999999999,0.024,0,,,,,,,live:a,"{""qualityLimitationDurations"":{""cpu"":0,""none"":485.736,""other"":0,""bandwidth"":0.673}}"
2026-08-28T19:17:14.527165+00:00,2026-08-28T19:17:13.387+00:00,pub_stats,,a,show-qfstpj50,2985101,7076446,3000000,60,60,0,30,30,14.13,none,f,f+h+q,3,1080,1920,1080,1920,"SimulcastEncoderAdapter (libvpx, libvpx, libvpx)",9,0,4,0,0,0.000477,0.023,0,,,,,,,live:a,"{""qualityLimitationDurations"":{""cpu"":0,""none"":487.736,""other"":0,""bandwidth"":0.673}}"
2026-08-28T19:17:14.527165+00:00,2026-08-28T19:17:13.388+00:00,director_heartbeat,,a,show-qfstpj50,,,,,,,,,,,,,,,,,,,,,,,,,,,,,,,,,,"{""state"":""running""}"
2026-08-28T19:17:14.527165+00:00,2026-08-28T19:17:13.656+00:00,mic_level_sample,,a,show-qfstpj50,,,,,,,,,,,,,,,,,,,,,,,,,,,,,,,,,,"{""deviceId"":""39fae2b7de1ac0ad5463a5ba3dd688ee748a5433d1272fa9afbea3233dae361b"",""inputRms"":0.00022546543151880045,""outputRms"":0.00022546543151880045,""deviceLabel"":""MacBook Air Microphone (Built-in)"",""audioContextState"":""running""}"
2026-08-28T19:17:16.527117+00:00,2026-08-28T19:17:15.386+00:00,pub_stats,,a,show-qfstpj50,3076496,7076446,3000000,60,60,0,30,30,15.03,none,f,f+h+q,3,1080,1920,1080,1920,"SimulcastEncoderAdapter (libvpx, libvpx, libvpx)",9,0,4,0,0,0.0005,0.024,0,,,,,,,live:a,"{""qualityLimitationDurations"":{""cpu"":0,""none"":489.736,""other"":0,""bandwidth"":0.673}}"
2026-08-28T19:17:16.527117+00:00,2026-08-28T19:17:16.264+00:00,director_shot_emitted,,a,show-qfstpj50,,,,,,,,,,,,,,,,,,,,,,,,,,,,,,,,,,"{""shot"":""zoomIn"",""slot"":""a"",""sourceRole"":""main"",""decisionSource"":""auto"",""targetIdentity"":""contestant-a-297a1aba""}"
2026-08-28T19:17:16.527117+00:00,2026-08-28T19:17:16.264+00:00,shot_publish_success,,a,show-qfstpj50,,,,,,,,,,,,,,,,,,,,,,,,,,,,,,,,,,"{""shot"":""zoomIn"",""slot"":""a"",""commandId"":""9d66d430-8aa1-4f47-9db9-d2b4b37c4f5d"",""decisionSource"":""auto"",""connectionState"":""connected""}"
2026-08-28T19:17:16.527117+00:00,2026-08-28T19:17:16.386+00:00,track_liveness_snapshot,,a,show-qfstpj50,,,,,,,,,,,,,,,,,,,,,,,,,,,,,,,,,,"{""entries"":[{""key"":""contestant-a-297a1aba:TR_VCiazSiwiK3Qco"",""frames"":null,""reason"":null,""staleSec"":491,""probation"":false},{""key"":""camfeed-a-side-85a03b34:TR_VCQuntoBxQyEgV"",""frames"":201,""reason"":""frames_stalled"",""staleSec"":8,""probation"":false}],""trackCount"":2,""ineligibleCount"":1}"
2026-08-28T19:17:18.530017+00:00,2026-08-28T19:17:17.387+00:00,pub_stats,,a,show-qfstpj50,3076926,7076446,2983555,60,60,0,30,30,18.78,none,f,f+h+q,3,1080,1920,1080,1920,"SimulcastEncoderAdapter (libvpx, libvpx, libvpx)",9,0,4,0,0,0.000511,0.024,0,,,,,,,live:a,"{""qualityLimitationDurations"":{""cpu"":0,""none"":491.736,""other"":0,""bandwidth"":0.673}}"
2026-08-28T19:17:19.537515+00:00,2026-08-28T19:17:18.656+00:00,mic_level_sample,,a,show-qfstpj50,,,,,,,,,,,,,,,,,,,,,,,,,,,,,,,,,,"{""deviceId"":""39fae2b7de1ac0ad5463a5ba3dd688ee748a5433d1272fa9afbea3233dae361b"",""inputRms"":0.000448379103535306,""outputRms"":0.000448379103535306,""deviceLabel"":""MacBook Air Microphone (Built-in)"",""audioContextState"":""running""}"
2026-08-28T19:17:20.556508+00:00,2026-08-28T19:17:19.386+00:00,pub_stats,,a,show-qfstpj50,2762969,7076446,3000000,60,60,0,30,30,21.68,none,f,f+h+q,3,1080,1920,1080,1920,"SimulcastEncoderAdapter (libvpx, libvpx, libvpx)",9,0,4,0,0,0.000522,0.022,0,,,,,,,live:a,"{""qualityLimitationDurations"":{""cpu"":0,""none"":493.736,""other"":0,""bandwidth"":0.673}}"
2026-08-28T19:17:21.530296+00:00,2026-08-28T19:17:21.386+00:00,track_liveness_snapshot,,a,show-qfstpj50,,,,,,,,,,,,,,,,,,,,,,,,,,,,,,,,,,"{""entries"":[{""key"":""contestant-a-297a1aba:TR_VCiazSiwiK3Qco"",""frames"":null,""reason"":null,""staleSec"":496,""probation"":false},{""key"":""camfeed-a-side-85a03b34:TR_VCQuntoBxQyEgV"",""frames"":201,""reason"":""frames_stalled"",""staleSec"":13,""probation"":false}],""trackCount"":2,""ineligibleCount"":1}"
2026-08-28T19:17:22.532129+00:00,2026-08-28T19:17:21.387+00:00,pub_stats,,a,show-qfstpj50,3104920,7076446,3000000,60,60,0,30,30,13,none,f,f+h+q,3,1080,1920,1080,1920,"SimulcastEncoderAdapter (libvpx, libvpx, libvpx)",9,0,4,0,0,0.0007,0.024,0,,,,,,,live:a,"{""qualityLimitationDurations"":{""cpu"":0,""none"":495.736,""other"":0,""bandwidth"":0.673}}"
2026-08-28T19:17:24.535735+00:00,2026-08-28T19:17:23.386+00:00,pub_stats,,a,show-qfstpj50,3128584,7076446,2968942,60,60,0,30,30,11.2,none,f,f+h+q,3,1080,1920,1080,1920,"SimulcastEncoderAdapter (libvpx, libvpx, libvpx)",9,0,4,0,0,0.000488,0.023,0,,,,,,,live:a,"{""qualityLimitationDurations"":{""cpu"":0,""none"":497.736,""other"":0,""bandwidth"":0.673}}"
2026-08-28T19:17:24.535735+00:00,2026-08-28T19:17:23.387+00:00,director_heartbeat,,a,show-qfstpj50,,,,,,,,,,,,,,,,,,,,,,,,,,,,,,,,,,"{""state"":""running""}"
2026-08-28T19:17:24.535735+00:00,2026-08-28T19:17:23.655+00:00,mic_level_sample,,a,show-qfstpj50,,,,,,,,,,,,,,,,,,,,,,,,,,,,,,,,,,"{""deviceId"":""39fae2b7de1ac0ad5463a5ba3dd688ee748a5433d1272fa9afbea3233dae361b"",""inputRms"":0.00015683250441065482,""outputRms"":0.00015683250441065482,""deviceLabel"":""MacBook Air Microphone (Built-in)"",""audioContextState"":""running""}"
2026-08-28T19:17:26.519977+00:00,2026-08-28T19:17:25.386+00:00,pub_stats,,a,show-qfstpj50,2749908,7076446,3000000,60,60,0,30,30,17.2,none,f,f+h+q,3,1080,1920,1080,1920,"SimulcastEncoderAdapter (libvpx, libvpx, libvpx)",9,0,4,0,0,0.000466,0.023,0,,,,,,,live:a,"{""qualityLimitationDurations"":{""cpu"":0,""none"":499.736,""other"":0,""bandwidth"":0.673}}"
2026-08-28T19:17:26.519977+00:00,2026-08-28T19:17:26.386+00:00,track_liveness_snapshot,,a,show-qfstpj50,,,,,,,,,,,,,,,,,,,,,,,,,,,,,,,,,,"{""entries"":[{""key"":""contestant-a-297a1aba:TR_VCiazSiwiK3Qco"",""frames"":null,""reason"":null,""staleSec"":501,""probation"":false},{""key"":""camfeed-a-side-85a03b34:TR_VCQuntoBxQyEgV"",""frames"":201,""reason"":""frames_stalled"",""staleSec"":18,""probation"":false}],""trackCount"":2,""ineligibleCount"":1}"
2026-08-28T19:17:28.532172+00:00,2026-08-28T19:17:27.386+00:00,pub_stats,,a,show-qfstpj50,3092376,7076446,2979883,60,60,0,30,30,16.4,none,f,f+h+q,3,1080,1920,1080,1920,"SimulcastEncoderAdapter (libvpx, libvpx, libvpx)",9,0,4,0,0,0.000566,0.023,0,,,,,,,live:a,"{""qualityLimitationDurations"":{""cpu"":0,""none"":501.735,""other"":0,""bandwidth"":0.673}}"
2026-08-28T19:17:29.538472+00:00,2026-08-28T19:17:28.656+00:00,mic_level_sample,,a,show-qfstpj50,,,,,,,,,,,,,,,,,,,,,,,,,,,,,,,,,,"{""deviceId"":""39fae2b7de1ac0ad5463a5ba3dd688ee748a5433d1272fa9afbea3233dae361b"",""inputRms"":0.00040818853013890026,""outputRms"":0.00040818853013890026,""deviceLabel"":""MacBook Air Microphone (Built-in)"",""audioContextState"":""running""}"
2026-08-28T19:17:29.538472+00:00,2026-08-28T19:17:28.721+00:00,track_unpublished,,a,show-qfstpj50,,,,,,,,,,,,,,,,,,,,,,,,,,,,,,,camera,,,"{""kind"":""video"",""trackSid"":""TR_VCQuntoBxQyEgV"",""participantIdentity"":""camfeed-a-side-85a03b34""}"
2026-08-28T19:17:29.538472+00:00,2026-08-28T19:17:28.721+00:00,track_liveness_snapshot,,a,show-qfstpj50,,,,,,,,,,,,,,,,,,,,,,,,,,,,,,,,,,"{""entries"":[{""key"":""contestant-a-297a1aba:TR_VCiazSiwiK3Qco"",""frames"":null,""reason"":null,""staleSec"":503,""probation"":false},{""key"":""camfeed-a-side-85a03b34:TR_VCQuntoBxQyEgV"",""frames"":201,""reason"":""not_subscribed"",""staleSec"":20,""probation"":false}],""trackCount"":2,""ineligibleCount"":1}"
2026-08-28T19:17:29.538472+00:00,2026-08-28T19:17:28.721+00:00,track_liveness_impairment_changed,,a,show-qfstpj50,,,,,,,,,,,,,,,,,,,,,,,,,,,frames_stalled,not_subscribed,,,,,,"{""key"":""camfeed-a-side-85a03b34:TR_VCQuntoBxQyEgV"",""identity"":""camfeed-a-side-85a03b34""}"
2026-08-28T19:17:29.538472+00:00,2026-08-28T19:17:28.721+00:00,track_unsubscribed,,a,show-qfstpj50,,,,,,,,,,,,,,,,,,,,,,,,,,,,,,,camera,,,"{""kind"":""video"",""trackSid"":""TR_VCQuntoBxQyEgV"",""participantIdentity"":""camfeed-a-side-85a03b34""}"
2026-08-28T19:17:29.538472+00:00,2026-08-28T19:17:28.885+00:00,track_liveness_impairment_changed,,a,show-qfstpj50,,,,,,,,,,,,,,,,,,,,,,,,,,,not_subscribed,absent,,,,,,"{""key"":""camfeed-a-side-85a03b34:TR_VCQuntoBxQyEgV"",""identity"":""camfeed-a-side-85a03b34""}"
2026-08-28T19:17:30.54783+00:00,2026-08-28T19:17:29.387+00:00,pub_stats,,a,show-qfstpj50,2933425,7105901,3000000,60,60,0,30,30,21,none,f,f+h+q,3,1080,1920,1080,1920,"SimulcastEncoderAdapter (libvpx, libvpx, libvpx)",10,0,5,0,0,0.000544,0.022,0,,,,,,,live:a,"{""qualityLimitationDurations"":{""cpu"":0,""none"":503.736,""other"":0,""bandwidth"":0.673}}"
2026-08-28T19:17:30.54783+00:00,2026-08-28T19:17:29.886+00:00,track_liveness_snapshot,,a,show-qfstpj50,,,,,,,,,,,,,,,,,,,,,,,,,,,,,,,,,,"{""entries"":[{""key"":""contestant-a-297a1aba:TR_VCiazSiwiK3Qco"",""frames"":null,""reason"":null,""staleSec"":505,""probation"":false},{""key"":""camfeed-a-side-85a03b34:TR_VCQuntoBxQyEgV"",""frames"":201,""reason"":""absent"",""staleSec"":22,""probation"":false}],""trackCount"":1,""ineligibleCount"":1}"
2026-08-28T19:17:32.535306+00:00,2026-08-28T19:17:31.386+00:00,pub_stats,,a,show-qfstpj50,3069111,7105901,2885000,60,60,0,30,30,16.6,none,f,f+h+q,3,1080,1920,1080,1920,"SimulcastEncoderAdapter (libvpx, libvpx, libvpx)",10,0,5,0,0,0.001122,0.024,0,,,,,,,live:a,"{""qualityLimitationDurations"":{""cpu"":0,""none"":505.736,""other"":0,""bandwidth"":0.673}}"
2026-08-28T19:17:34.547017+00:00,2026-08-28T19:17:33.386+00:00,pub_stats,,a,show-qfstpj50,2898252,7105901,2980675,60,60,0,30,30,16.12,none,f,f+h+q,3,1080,1920,1080,1920,"SimulcastEncoderAdapter (libvpx, libvpx, libvpx)",10,0,5,0,0,0.00043299999999999995,0.024,0,,,,,,,live:a,"{""qualityLimitationDurations"":{""cpu"":0,""none"":507.735,""other"":0,""bandwidth"":0.673}}"
2026-08-28T19:17:34.547017+00:00,2026-08-28T19:17:33.388+00:00,director_heartbeat,,a,show-qfstpj50,,,,,,,,,,,,,,,,,,,,,,,,,,,,,,,,,,"{""state"":""running""}"
2026-08-28T19:17:34.547017+00:00,2026-08-28T19:17:33.655+00:00,mic_level_sample,,a,show-qfstpj50,,,,,,,,,,,,,,,,,,,,,,,,,,,,,,,,,,"{""deviceId"":""39fae2b7de1ac0ad5463a5ba3dd688ee748a5433d1272fa9afbea3233dae361b"",""inputRms"":0.0004541729141574717,""outputRms"":0.0004541729141574717,""deviceLabel"":""MacBook Air Microphone (Built-in)"",""audioContextState"":""running""}"
2026-08-28T19:17:35.533321+00:00,2026-08-28T19:17:34.886+00:00,track_liveness_snapshot,,a,show-qfstpj50,,,,,,,,,,,,,,,,,,,,,,,,,,,,,,,,,,"{""entries"":[{""key"":""contestant-a-297a1aba:TR_VCiazSiwiK3Qco"",""frames"":null,""reason"":null,""staleSec"":510,""probation"":false},{""key"":""camfeed-a-side-85a03b34:TR_VCQuntoBxQyEgV"",""frames"":201,""reason"":""absent"",""staleSec"":27,""probation"":false}],""trackCount"":1,""ineligibleCount"":1}"
2026-08-28T19:17:36.545966+00:00,2026-08-28T19:17:35.387+00:00,pub_stats,,a,show-qfstpj50,2924906,7105901,2992907,59,59,0,29,30,13.47,none,f,f+h+q,3,1080,1920,1080,1920,"SimulcastEncoderAdapter (libvpx, libvpx, libvpx)",10,0,5,0,0,0.000466,0.021,0,,,,,,,live:a,"{""qualityLimitationDurations"":{""cpu"":0,""none"":509.736,""other"":0,""bandwidth"":0.673}}"
2026-08-28T19:17:38.54652+00:00,2026-08-28T19:17:37.386+00:00,pub_stats,,a,show-qfstpj50,2983584,7105901,2995010,60,60,0,30,31,15.68,none,f,f+h+q,3,1080,1920,1080,1920,"SimulcastEncoderAdapter (libvpx, libvpx, libvpx)",10,0,5,0,0,0.000488,0.022,0,,,,,,,live:a,"{""qualityLimitationDurations"":{""cpu"":0,""none"":511.736,""other"":0,""bandwidth"":0.673}}"
2026-08-28T19:17:39.573038+00:00,2026-08-28T19:17:38.655+00:00,mic_level_sample,,a,show-qfstpj50,,,,,,,,,,,,,,,,,,,,,,,,,,,,,,,,,,"{""deviceId"":""39fae2b7de1ac0ad5463a5ba3dd688ee748a5433d1272fa9afbea3233dae361b"",""inputRms"":0.00019627914387333083,""outputRms"":0.00019627914387333083,""deviceLabel"":""MacBook Air Microphone (Built-in)"",""audioContextState"":""running""}"
2026-08-28T19:17:40.539663+00:00,2026-08-28T19:17:39.387+00:00,pub_stats,,a,show-qfstpj50,2967064,7105901,3000000,60,60,0,30,31,25.45,none,f,f+h+q,3,1080,1920,1080,1920,"SimulcastEncoderAdapter (libvpx, libvpx, libvpx)",12,0,7,0,0,0.001844,0.024,0,,,,,,,live:a,"{""qualityLimitationDurations"":{""cpu"":0,""none"":513.736,""other"":0,""bandwidth"":0.673}}"
2026-08-28T19:17:40.539663+00:00,2026-08-28T19:17:39.886+00:00,track_liveness_snapshot,,a,show-qfstpj50,,,,,,,,,,,,,,,,,,,,,,,,,,,,,,,,,,"{""entries"":[{""key"":""contestant-a-297a1aba:TR_VCiazSiwiK3Qco"",""frames"":null,""reason"":null,""staleSec"":515,""probation"":false},{""key"":""camfeed-a-side-85a03b34:TR_VCQuntoBxQyEgV"",""frames"":201,""reason"":""absent"",""staleSec"":32,""probation"":false}],""trackCount"":1,""ineligibleCount"":1}"
2026-08-28T19:17:40.539663+00:00,2026-08-28T19:17:39.954+00:00,track_published,,a,show-qfstpj50,,,,,,,,,,,,,,,,,,,,,,,,,,,,,,,camera,,,"{""kind"":""video"",""trackSid"":""TR_VCNgcUQcYFfowW"",""participantIdentity"":""camfeed-a-side-85a03b34""}"
2026-08-28T19:17:40.539663+00:00,2026-08-28T19:17:40.031+00:00,track_subscribed,,a,show-qfstpj50,,,,,,,,,,,,,,,,,,,,,,,,,,,,,,,camera,,,"{""kind"":""video"",""trackSid"":""TR_VCNgcUQcYFfowW"",""participantIdentity"":""camfeed-a-side-85a03b34""}"
2026-08-28T19:17:41.52663+00:00,2026-08-28T19:17:40.886+00:00,track_liveness_snapshot,,a,show-qfstpj50,,,,,,,,,,,,,,,,,,,,,,,,,,,,,,,,,,"{""entries"":[{""key"":""contestant-a-297a1aba:TR_VCiazSiwiK3Qco"",""frames"":null,""reason"":null,""staleSec"":516,""probation"":false},{""key"":""camfeed-a-side-85a03b34:TR_VCQuntoBxQyEgV"",""frames"":201,""reason"":""absent"",""staleSec"":33,""probation"":false},{""key"":""camfeed-a-side-85a03b34:TR_VCNgcUQcYFfowW"",""frames"":7,""reason"":null,""staleSec"":1,""probation"":false}],""trackCount"":2,""ineligibleCount"":1}"
2026-08-28T19:17:42.569329+00:00,2026-08-28T19:17:41.386+00:00,pub_stats,,a,show-qfstpj50,2919120,7105901,3000000,60,60,0,30,31,17.12,none,f,f+h+q,3,1080,1920,1080,1920,"SimulcastEncoderAdapter (libvpx, libvpx, libvpx)",12,0,7,0,0,0.0009329999999999999,0.024,0,,,,,,,live:a,"{""qualityLimitationDurations"":{""cpu"":0,""none"":515.735,""other"":0,""bandwidth"":0.673}}"
2026-08-28T19:17:44.554525+00:00,2026-08-28T19:17:43.387+00:00,pub_stats,,a,show-qfstpj50,2987350,7105901,3000000,60,60,0,30,31,11.22,none,f,f+h+q,3,1080,1920,1080,1920,"SimulcastEncoderAdapter (libvpx, libvpx, libvpx)",12,0,7,0,0,0.000566,0.021,0,,,,,,,live:a,"{""qualityLimitationDurations"":{""cpu"":0,""none"":517.736,""other"":0,""bandwidth"":0.673}}"
2026-08-28T19:17:44.554525+00:00,2026-08-28T19:17:43.388+00:00,director_heartbeat,,a,show-qfstpj50,,,,,,,,,,,,,,,,,,,,,,,,,,,,,,,,,,"{""state"":""running""}"
2026-08-28T19:17:44.554525+00:00,2026-08-28T19:17:43.654+00:00,mic_level_sample,,a,show-qfstpj50,,,,,,,,,,,,,,,,,,,,,,,,,,,,,,,,,,"{""deviceId"":""39fae2b7de1ac0ad5463a5ba3dd688ee748a5433d1272fa9afbea3233dae361b"",""inputRms"":0.00032831043438819865,""outputRms"":0.00032831043438819865,""deviceLabel"":""MacBook Air Microphone (Built-in)"",""audioContextState"":""running""}"
2026-08-28T19:17:46.567645+00:00,2026-08-28T19:17:45.386+00:00,pub_stats,,a,show-qfstpj50,3020162,7105901,3000000,60,60,0,30,31,9.65,none,f,f+h+q,3,1080,1920,1080,1920,"SimulcastEncoderAdapter (libvpx, libvpx, libvpx)",12,0,7,0,0,0.000488,0.024,0,,,,,,,live:a,"{""qualityLimitationDurations"":{""cpu"":0,""none"":519.736,""other"":0,""bandwidth"":0.673}}"
2026-08-28T19:17:46.567645+00:00,2026-08-28T19:17:46.385+00:00,track_liveness_snapshot,,a,show-qfstpj50,,,,,,,,,,,,,,,,,,,,,,,,,,,,,,,,,,"{""entries"":[{""key"":""contestant-a-297a1aba:TR_VCiazSiwiK3Qco"",""frames"":null,""reason"":null,""staleSec"":521,""probation"":false},{""key"":""camfeed-a-side-85a03b34:TR_VCQuntoBxQyEgV"",""frames"":201,""reason"":""absent"",""staleSec"":38,""probation"":false},{""key"":""camfeed-a-side-85a03b34:TR_VCNgcUQcYFfowW"",""frames"":55,""reason"":null,""staleSec"":1,""probation"":false}],""trackCount"":2,""ineligibleCount"":1}"
2026-08-28T19:17:48.527359+00:00,2026-08-28T19:17:47.386+00:00,pub_stats,,a,show-qfstpj50,3021620,7105901,3000000,60,60,0,30,31,9.47,none,f,f+h+q,3,1080,1920,1080,1920,"SimulcastEncoderAdapter (libvpx, libvpx, libvpx)",12,0,7,0,0,0.0006659999999999999,0.023,0,,,,,,,live:a,"{""qualityLimitationDurations"":{""cpu"":0,""none"":521.735,""other"":0,""bandwidth"":0.673}}"
2026-08-28T19:17:48.527359+00:00,2026-08-28T19:17:47.985+00:00,director_shot_emitted,,a,show-qfstpj50,,,,,,,,,,,,,,,,,,,,,,,,,,,,,,,,,,"{""shot"":""bRoll"",""slot"":""a"",""sourceRole"":""side"",""decisionSource"":""auto"",""targetIdentity"":""camfeed-a-side-85a03b34""}"
2026-08-28T19:17:48.527359+00:00,2026-08-28T19:17:47.985+00:00,shot_publish_success,,a,show-qfstpj50,,,,,,,,,,,,,,,,,,,,,,,,,,,,,,,,,,"{""shot"":""bRoll"",""slot"":""a"",""commandId"":""c218cce2-3b70-4e16-9897-428c60a54f9d"",""decisionSource"":""auto"",""connectionState"":""connected""}"
2026-08-28T19:17:49.522538+00:00,2026-08-28T19:17:48.655+00:00,mic_level_sample,,a,show-qfstpj50,,,,,,,,,,,,,,,,,,,,,,,,,,,,,,,,,,"{""deviceId"":""39fae2b7de1ac0ad5463a5ba3dd688ee748a5433d1272fa9afbea3233dae361b"",""inputRms"":0.00015106293570172098,""outputRms"":0.00015106293570172098,""deviceLabel"":""MacBook Air Microphone (Built-in)"",""audioContextState"":""running""}"
2026-08-28T19:17:50.531177+00:00,2026-08-28T19:17:49.386+00:00,pub_stats,,a,show-qfstpj50,2977672,7105901,3000000,60,60,0,30,31,9.6,none,f,f+h+q,3,1080,1920,1080,1920,"SimulcastEncoderAdapter (libvpx, libvpx, libvpx)",12,0,7,0,0,0.000588,0.023,0,,,,,,,live:a,"{""qualityLimitationDurations"":{""cpu"":0,""none"":523.736,""other"":0,""bandwidth"":0.673}}"
2026-08-28T19:17:51.528687+00:00,2026-08-28T19:17:51.386+00:00,track_liveness_snapshot,,a,show-qfstpj50,,,,,,,,,,,,,,,,,,,,,,,,,,,,,,,,,,"{""entries"":[{""key"":""contestant-a-297a1aba:TR_VCiazSiwiK3Qco"",""frames"":null,""reason"":null,""staleSec"":526,""probation"":false},{""key"":""camfeed-a-side-85a03b34:TR_VCQuntoBxQyEgV"",""frames"":201,""reason"":""absent"",""staleSec"":43,""probation"":false},{""key"":""camfeed-a-side-85a03b34:TR_VCNgcUQcYFfowW"",""frames"":89,""reason"":null,""staleSec"":1,""probation"":false}],""trackCount"":2,""ineligibleCount"":1}"
2026-08-28T19:17:52.538649+00:00,2026-08-28T19:17:51.387+00:00,pub_stats,,a,show-qfstpj50,3126877,7105901,2931222,60,60,0,30,30,14.58,none,f,f+h+q,3,1080,1920,1080,1920,"SimulcastEncoderAdapter (libvpx, libvpx, libvpx)",12,0,7,0,0,0.000477,0.022,0,,,,,,,live:a,"{""qualityLimitationDurations"":{""cpu"":0,""none"":525.736,""other"":0,""bandwidth"":0.673}}"
2026-08-28T19:17:54.534665+00:00,2026-08-28T19:17:53.386+00:00,pub_stats,,a,show-qfstpj50,2791112,7105901,3000000,60,60,0,30,30,18.17,none,f,f+h+q,3,1080,1920,1080,1920,"SimulcastEncoderAdapter (libvpx, libvpx, libvpx)",12,0,7,0,0,0.000444,0.024,0,,,,,,,live:a,"{""qualityLimitationDurations"":{""cpu"":0,""none"":527.735,""other"":0,""bandwidth"":0.673}}"
2026-08-28T19:17:54.534665+00:00,2026-08-28T19:17:53.387+00:00,director_heartbeat,,a,show-qfstpj50,,,,,,,,,,,,,,,,,,,,,,,,,,,,,,,,,,"{""state"":""running""}"
2026-08-28T19:17:54.534665+00:00,2026-08-28T19:17:53.654+00:00,mic_level_sample,,a,show-qfstpj50,,,,,,,,,,,,,,,,,,,,,,,,,,,,,,,,,,"{""deviceId"":""39fae2b7de1ac0ad5463a5ba3dd688ee748a5433d1272fa9afbea3233dae361b"",""inputRms"":0.00030947466896515737,""outputRms"":0.00030947466896515737,""deviceLabel"":""MacBook Air Microphone (Built-in)"",""audioContextState"":""running""}"
2026-08-28T19:17:56.522679+00:00,2026-08-28T19:17:55.387+00:00,pub_stats,,a,show-qfstpj50,3062601,7105901,3000000,60,60,0,30,30,12.87,none,f,f+h+q,3,1080,1920,1080,1920,"SimulcastEncoderAdapter (libvpx, libvpx, libvpx)",12,0,7,0,0,0.000611,0.023,0,,,,,,,live:a,"{""qualityLimitationDurations"":{""cpu"":0,""none"":529.737,""other"":0,""bandwidth"":0.673}}"
2026-08-28T19:17:57.536849+00:00,2026-08-28T19:17:56.886+00:00,track_liveness_snapshot,,a,show-qfstpj50,,,,,,,,,,,,,,,,,,,,,,,,,,,,,,,,,,"{""entries"":[{""key"":""contestant-a-297a1aba:TR_VCiazSiwiK3Qco"",""frames"":null,""reason"":null,""staleSec"":532,""probation"":false},{""key"":""camfeed-a-side-85a03b34:TR_VCQuntoBxQyEgV"",""frames"":201,""reason"":""absent"",""staleSec"":49,""probation"":false},{""key"":""camfeed-a-side-85a03b34:TR_VCNgcUQcYFfowW"",""frames"":106,""reason"":null,""staleSec"":3,""probation"":false}],""trackCount"":2,""ineligibleCount"":1}"
2026-08-28T19:17:57.536849+00:00,2026-08-28T19:17:57.386+00:00,track_liveness_blacklist_changed,,a,show-qfstpj50,,,,,,,,,,,,,,,,,,,,,,,,,,,,,,,,,,"{""keys"":[""camfeed-a-side-85a03b34:TR_VCQuntoBxQyEgV"",""camfeed-a-side-85a03b34:TR_VCNgcUQcYFfowW""],""count"":2}"
2026-08-28T19:17:57.536849+00:00,2026-08-28T19:17:57.386+00:00,track_liveness_impaired,,a,show-qfstpj50,,,,,,,,,,,,,,,,,,,,,,,,,,,,,frames_stalled,,,,,"{""key"":""camfeed-a-side-85a03b34:TR_VCNgcUQcYFfowW"",""identity"":""camfeed-a-side-85a03b34""}"
2026-08-28T19:17:58.52844+00:00,2026-08-28T19:17:57.387+00:00,pub_stats,,a,show-qfstpj50,3071276,7105901,2944305,60,60,0,30,30,13.05,none,f,f+h+q,3,1080,1920,1080,1920,"SimulcastEncoderAdapter (libvpx, libvpx, libvpx)",12,0,7,0,0,0.000466,0.023,0,,,,,,,live:a,"{""qualityLimitationDurations"":{""cpu"":0,""none"":531.736,""other"":0,""bandwidth"":0.673}}"
2026-08-28T19:17:58.52844+00:00,2026-08-28T19:17:57.886+00:00,track_liveness_snapshot,,a,show-qfstpj50,,,,,,,,,,,,,,,,,,,,,,,,,,,,,,,,,,"{""entries"":[{""key"":""contestant-a-297a1aba:TR_VCiazSiwiK3Qco"",""frames"":null,""reason"":null,""staleSec"":533,""probation"":false},{""key"":""camfeed-a-side-85a03b34:TR_VCQuntoBxQyEgV"",""frames"":201,""reason"":""absent"",""staleSec"":50,""probation"":false},{""key"":""camfeed-a-side-85a03b34:TR_VCNgcUQcYFfowW"",""frames"":106,""reason"":""frames_stalled"",""staleSec"":4,""probation"":false}],""trackCount"":2,""ineligibleCount"":2}"
2026-08-28T19:17:59.606083+00:00,2026-08-28T19:17:58.656+00:00,mic_level_sample,,a,show-qfstpj50,,,,,,,,,,,,,,,,,,,,,,,,,,,,,,,,,,"{""deviceId"":""39fae2b7de1ac0ad5463a5ba3dd688ee748a5433d1272fa9afbea3233dae361b"",""inputRms"":0.0003214262282613707,""outputRms"":0.0003214262282613707,""deviceLabel"":""MacBook Air Microphone (Built-in)"",""audioContextState"":""running""}"
2026-08-28T19:17:59.606083+00:00,2026-08-28T19:17:58.886+00:00,track_liveness_forgotten,,a,show-qfstpj50,,,,,,,,,,,,,,,,,,,,,,,,,,,,,,,,,,"{""key"":""camfeed-a-side-85a03b34:TR_VCQuntoBxQyEgV"",""identity"":""camfeed-a-side-85a03b34""}"
2026-08-28T19:17:59.606083+00:00,2026-08-28T19:17:58.886+00:00,track_liveness_snapshot,,a,show-qfstpj50,,,,,,,,,,,,,,,,,,,,,,,,,,,,,,,,,,"{""entries"":[{""key"":""contestant-a-297a1aba:TR_VCiazSiwiK3Qco"",""frames"":null,""reason"":null,""staleSec"":534,""probation"":false},{""key"":""camfeed-a-side-85a03b34:TR_VCNgcUQcYFfowW"",""frames"":106,""reason"":""frames_stalled"",""staleSec"":5,""probation"":false}],""trackCount"":2,""ineligibleCount"":1}"
2026-08-28T19:17:59.606083+00:00,2026-08-28T19:17:58.886+00:00,track_liveness_blacklist_changed,,a,show-qfstpj50,,,,,,,,,,,,,,,,,,,,,,,,,,,,,,,,,,"{""keys"":[""camfeed-a-side-85a03b34:TR_VCNgcUQcYFfowW""],""count"":1}"
2026-08-28T19:18:00.558277+00:00,2026-08-28T19:17:59.386+00:00,pub_stats,,a,show-qfstpj50,2789951,7105901,3000000,60,60,0,30,30,22.27,none,f,f+h+q,3,1080,1920,1080,1920,"SimulcastEncoderAdapter (libvpx, libvpx, libvpx)",12,0,7,0,0,0.000588,0.022,0,,,,,,,live:a,"{""qualityLimitationDurations"":{""cpu"":0,""none"":533.735,""other"":0,""bandwidth"":0.673}}"
2026-08-28T19:18:01.528295+00:00,2026-08-28T19:18:00.635+00:00,director_shot_emitted,,a,show-qfstpj50,,,,,,,,,,,,,,,,,,,,,,,,,,,,,,,,,,"{""shot"":""mediumCU"",""slot"":""a"",""sourceRole"":""main"",""decisionSource"":""auto"",""targetIdentity"":""contestant-a-297a1aba""}"
2026-08-28T19:18:01.528295+00:00,2026-08-28T19:18:00.636+00:00,shot_publish_success,,a,show-qfstpj50,,,,,,,,,,,,,,,,,,,,,,,,,,,,,,,,,,"{""shot"":""mediumCU"",""slot"":""a"",""commandId"":""c87f0264-3fde-4bd2-9397-10bebf6fbe83"",""decisionSource"":""auto"",""connectionState"":""connected""}"
2026-08-28T19:18:02.546582+00:00,2026-08-28T19:18:01.386+00:00,pub_stats,,a,show-qfstpj50,3078512,7105901,3000000,60,60,0,30,30,13.57,none,f,f+h+q,3,1080,1920,1080,1920,"SimulcastEncoderAdapter (libvpx, libvpx, libvpx)",12,0,7,0,0,0.000444,0.023,0,,,,,,,live:a,"{""qualityLimitationDurations"":{""cpu"":0,""none"":535.735,""other"":0,""bandwidth"":0.673}}"
2026-08-28T19:18:04.56884+00:00,2026-08-28T19:18:03.386+00:00,pub_stats,,a,show-qfstpj50,3077592,7105901,2898335,60,60,0,30,30,14.13,none,f,f+h+q,3,1080,1920,1080,1920,"SimulcastEncoderAdapter (libvpx, libvpx, libvpx)",12,0,7,0,0,0.00034399999999999996,0.023,0,,,,,,,live:a,"{""qualityLimitationDurations"":{""cpu"":0,""none"":537.735,""other"":0,""bandwidth"":0.673}}"
2026-08-28T19:18:04.56884+00:00,2026-08-28T19:18:03.388+00:00,director_heartbeat,,a,show-qfstpj50,,,,,,,,,,,,,,,,,,,,,,,,,,,,,,,,,,"{""state"":""running""}"
2026-08-28T19:18:04.56884+00:00,2026-08-28T19:18:03.655+00:00,mic_level_sample,,a,show-qfstpj50,,,,,,,,,,,,,,,,,,,,,,,,,,,,,,,,,,"{""deviceId"":""39fae2b7de1ac0ad5463a5ba3dd688ee748a5433d1272fa9afbea3233dae361b"",""inputRms"":0.00013592952165284854,""outputRms"":0.00013592952165284854,""deviceLabel"":""MacBook Air Microphone (Built-in)"",""audioContextState"":""running""}"
2026-08-28T19:18:04.56884+00:00,2026-08-28T19:18:03.886+00:00,track_liveness_snapshot,,a,show-qfstpj50,,,,,,,,,,,,,,,,,,,,,,,,,,,,,,,,,,"{""entries"":[{""key"":""contestant-a-297a1aba:TR_VCiazSiwiK3Qco"",""frames"":null,""reason"":null,""staleSec"":539,""probation"":false},{""key"":""camfeed-a-side-85a03b34:TR_VCNgcUQcYFfowW"",""frames"":106,""reason"":""frames_stalled"",""staleSec"":10,""probation"":false}],""trackCount"":2,""ineligibleCount"":1}"
2026-08-28T19:18:06.564921+00:00,2026-08-28T19:18:05.386+00:00,pub_stats,,a,show-qfstpj50,2909396,7105901,3000000,60,60,0,30,30,16.87,none,f,f+h+q,3,1080,1920,1080,1920,"SimulcastEncoderAdapter (libvpx, libvpx, libvpx)",12,0,7,0,0,0.000388,0.023,0,,,,,,,live:a,"{""qualityLimitationDurations"":{""cpu"":0,""none"":539.736,""other"":0,""bandwidth"":0.673}}"
2026-08-28T19:18:08.524168+00:00,2026-08-28T19:18:07.386+00:00,pub_stats,,a,show-qfstpj50,2985076,7105901,3000000,60,60,0,30,30,16.17,none,f,f+h+q,3,1080,1920,1080,1920,"SimulcastEncoderAdapter (libvpx, libvpx, libvpx)",12,0,7,0,0,0.00043299999999999995,0.023,0,,,,,,,live:a,"{""qualityLimitationDurations"":{""cpu"":0,""none"":541.736,""other"":0,""bandwidth"":0.673}}"
2026-08-28T19:18:09.533909+00:00,2026-08-28T19:18:08.655+00:00,mic_level_sample,,a,show-qfstpj50,,,,,,,,,,,,,,,,,,,,,,,,,,,,,,,,,,"{""deviceId"":""39fae2b7de1ac0ad5463a5ba3dd688ee748a5433d1272fa9afbea3233dae361b"",""inputRms"":0.0005100732564164571,""outputRms"":0.0005100732564164571,""deviceLabel"":""MacBook Air Microphone (Built-in)"",""audioContextState"":""running""}"
2026-08-28T19:18:09.533909+00:00,2026-08-28T19:18:08.886+00:00,track_liveness_snapshot,,a,show-qfstpj50,,,,,,,,,,,,,,,,,,,,,,,,,,,,,,,,,,"{""entries"":[{""key"":""contestant-a-297a1aba:TR_VCiazSiwiK3Qco"",""frames"":null,""reason"":null,""staleSec"":544,""probation"":false},{""key"":""camfeed-a-side-85a03b34:TR_VCNgcUQcYFfowW"",""frames"":106,""reason"":""frames_stalled"",""staleSec"":15,""probation"":false}],""trackCount"":2,""ineligibleCount"":1}"
2026-08-28T19:18:10.613398+00:00,2026-08-28T19:18:09.386+00:00,pub_stats,,a,show-qfstpj50,2956208,7105901,2994222,60,60,0,30,30,15.83,none,f,f+h+q,3,1080,1920,1080,1920,"SimulcastEncoderAdapter (libvpx, libvpx, libvpx)",12,0,7,0,0,0.00034399999999999996,0.023,0,,,,,,,live:a,"{""qualityLimitationDurations"":{""cpu"":0,""none"":543.736,""other"":0,""bandwidth"":0.673}}"
2026-08-28T19:18:12.562514+00:00,2026-08-28T19:18:11.386+00:00,pub_stats,,a,show-qfstpj50,3159968,7105901,2958235,60,60,0,30,30,13.33,none,f,f+h+q,3,1080,1920,1080,1920,"SimulcastEncoderAdapter (libvpx, libvpx, libvpx)",12,0,7,0,0,0.000488,0.022,0,,,,,,,live:a,"{""qualityLimitationDurations"":{""cpu"":0,""none"":545.736,""other"":0,""bandwidth"":0.673}}"
2026-08-28T19:18:14.525721+00:00,2026-08-28T19:18:13.386+00:00,pub_stats,,a,show-qfstpj50,2796612,7105901,3000000,60,60,0,30,30,17,none,f,f+h+q,3,1080,1920,1080,1920,"SimulcastEncoderAdapter (libvpx, libvpx, libvpx)",12,0,7,0,0,0.000366,0.022,0,,,,,,,live:a,"{""qualityLimitationDurations"":{""cpu"":0,""none"":547.735,""other"":0,""bandwidth"":0.673}}"
2026-08-28T19:18:14.525721+00:00,2026-08-28T19:18:13.388+00:00,director_heartbeat,,a,show-qfstpj50,,,,,,,,,,,,,,,,,,,,,,,,,,,,,,,,,,"{""state"":""running""}"
2026-08-28T19:18:14.525721+00:00,2026-08-28T19:18:13.655+00:00,mic_level_sample,,a,show-qfstpj50,,,,,,,,,,,,,,,,,,,,,,,,,,,,,,,,,,"{""deviceId"":""39fae2b7de1ac0ad5463a5ba3dd688ee748a5433d1272fa9afbea3233dae361b"",""inputRms"":0.00014809278913226098,""outputRms"":0.00014809278913226098,""deviceLabel"":""MacBook Air Microphone (Built-in)"",""audioContextState"":""running""}"
2026-08-28T19:18:14.525721+00:00,2026-08-28T19:18:13.886+00:00,track_liveness_snapshot,,a,show-qfstpj50,,,,,,,,,,,,,,,,,,,,,,,,,,,,,,,,,,"{""entries"":[{""key"":""contestant-a-297a1aba:TR_VCiazSiwiK3Qco"",""frames"":null,""reason"":null,""staleSec"":549,""probation"":false},{""key"":""camfeed-a-side-85a03b34:TR_VCNgcUQcYFfowW"",""frames"":106,""reason"":""frames_stalled"",""staleSec"":20,""probation"":false}],""trackCount"":2,""ineligibleCount"":1}"
2026-08-28T19:18:15.558486+00:00,2026-08-28T19:18:14.813+00:00,track_unsubscribed,,a,show-qfstpj50,,,,,,,,,,,,,,,,,,,,,,,,,,,,,,,camera,,,"{""kind"":""video"",""trackSid"":""TR_VCNgcUQcYFfowW"",""participantIdentity"":""camfeed-a-side-85a03b34""}"
2026-08-28T19:18:15.558486+00:00,2026-08-28T19:18:14.813+00:00,track_unpublished,,a,show-qfstpj50,,,,,,,,,,,,,,,,,,,,,,,,,,,,,,,camera,,,"{""kind"":""video"",""trackSid"":""TR_VCNgcUQcYFfowW"",""participantIdentity"":""camfeed-a-side-85a03b34""}"
2026-08-28T19:18:15.558486+00:00,2026-08-28T19:18:14.813+00:00,track_liveness_impairment_changed,,a,show-qfstpj50,,,,,,,,,,,,,,,,,,,,,,,,,,,frames_stalled,not_subscribed,,,,,,"{""key"":""camfeed-a-side-85a03b34:TR_VCNgcUQcYFfowW"",""identity"":""camfeed-a-side-85a03b34""}"
2026-08-28T19:18:15.558486+00:00,2026-08-28T19:18:14.885+00:00,track_liveness_impairment_changed,,a,show-qfstpj50,,,,,,,,,,,,,,,,,,,,,,,,,,,not_subscribed,absent,,,,,,"{""key"":""camfeed-a-side-85a03b34:TR_VCNgcUQcYFfowW"",""identity"":""camfeed-a-side-85a03b34""}"
2026-08-28T19:18:16.52844+00:00,2026-08-28T19:18:15.386+00:00,pub_stats,,a,show-qfstpj50,3079020,7105901,3000000,60,60,0,30,30,13.48,none,f,f+h+q,3,1080,1920,1080,1920,"SimulcastEncoderAdapter (libvpx, libvpx, libvpx)",12,0,7,0,0,0.000455,0.024,0,,,,,,,live:a,"{""qualityLimitationDurations"":{""cpu"":0,""none"":549.736,""other"":0,""bandwidth"":0.673}}"
2026-08-28T19:18:15.558486+00:00,2026-08-28T19:18:15.386+00:00,track_liveness_snapshot,,a,show-qfstpj50,,,,,,,,,,,,,,,,,,,,,,,,,,,,,,,,,,"{""entries"":[{""key"":""contestant-a-297a1aba:TR_VCiazSiwiK3Qco"",""frames"":null,""reason"":null,""staleSec"":550,""probation"":false},{""key"":""camfeed-a-side-85a03b34:TR_VCNgcUQcYFfowW"",""frames"":106,""reason"":""absent"",""staleSec"":21,""probation"":false}],""trackCount"":1,""ineligibleCount"":1}"
2026-08-28T19:18:18.532082+00:00,2026-08-28T19:18:17.387+00:00,pub_stats,,a,show-qfstpj50,2965161,7105901,2977783,60,60,0,30,30,18.52,none,f,f+h+q,3,1080,1920,1080,1920,"SimulcastEncoderAdapter (libvpx, libvpx, libvpx)",12,0,7,0,0,0.000511,0.021,0,,,,,,,live:a,"{""qualityLimitationDurations"":{""cpu"":0,""none"":551.737,""other"":0,""bandwidth"":0.673}}"
2026-08-28T19:18:19.526065+00:00,2026-08-28T19:18:18.656+00:00,mic_level_sample,,a,show-qfstpj50,,,,,,,,,,,,,,,,,,,,,,,,,,,,,,,,,,"{""deviceId"":""39fae2b7de1ac0ad5463a5ba3dd688ee748a5433d1272fa9afbea3233dae361b"",""inputRms"":0.0000848699637801575,""outputRms"":0.0000848699637801575,""deviceLabel"":""MacBook Air Microphone (Built-in)"",""audioContextState"":""running""}"
2026-08-28T19:18:20.534991+00:00,2026-08-28T19:18:19.387+00:00,pub_stats,,a,show-qfstpj50,2925204,7105901,3000000,60,60,0,30,30,14.08,none,f,f+h+q,3,1080,1920,1080,1920,"SimulcastEncoderAdapter (libvpx, libvpx, libvpx)",12,0,7,0,0,0.000544,0.022,0,,,,,,,live:a,"{""qualityLimitationDurations"":{""cpu"":0,""none"":553.736,""other"":0,""bandwidth"":0.673}}"
2026-08-28T19:18:20.534991+00:00,2026-08-28T19:18:20.386+00:00,track_liveness_snapshot,,a,show-qfstpj50,,,,,,,,,,,,,,,,,,,,,,,,,,,,,,,,,,"{""entries"":[{""key"":""contestant-a-297a1aba:TR_VCiazSiwiK3Qco"",""frames"":null,""reason"":null,""staleSec"":555,""probation"":false},{""key"":""camfeed-a-side-85a03b34:TR_VCNgcUQcYFfowW"",""frames"":106,""reason"":""absent"",""staleSec"":26,""probation"":false}],""trackCount"":1,""ineligibleCount"":1}"
2026-08-28T19:18:22.594631+00:00,2026-08-28T19:18:21.387+00:00,pub_stats,,a,show-qfstpj50,3105436,7105901,2970145,60,60,0,30,30,12.4,none,f,f+h+q,3,1080,1920,1080,1920,"SimulcastEncoderAdapter (libvpx, libvpx, libvpx)",12,0,7,0,0,0.000466,0.022,0,,,,,,,live:a,"{""qualityLimitationDurations"":{""cpu"":0,""none"":555.736,""other"":0,""bandwidth"":0.673}}"
2026-08-28T19:18:24.796131+00:00,2026-08-28T19:18:23.387+00:00,pub_stats,,a,show-qfstpj50,2978972,7105901,2944490,60,60,0,30,30,18.82,none,f,f+h+q,3,1080,1920,1080,1920,"SimulcastEncoderAdapter (libvpx, libvpx, libvpx)",12,0,7,0,0,0.00042199999999999996,0.023,0,,,,,,,live:a,"{""qualityLimitationDurations"":{""cpu"":0,""none"":557.736,""other"":0,""bandwidth"":0.673}}"
2026-08-28T19:18:24.796131+00:00,2026-08-28T19:18:23.388+00:00,director_heartbeat,,a,show-qfstpj50,,,,,,,,,,,,,,,,,,,,,,,,,,,,,,,,,,"{""state"":""running""}"
2026-08-28T19:18:24.796131+00:00,2026-08-28T19:18:23.655+00:00,mic_level_sample,,a,show-qfstpj50,,,,,,,,,,,,,,,,,,,,,,,,,,,,,,,,,,"{""deviceId"":""39fae2b7de1ac0ad5463a5ba3dd688ee748a5433d1272fa9afbea3233dae361b"",""inputRms"":0.0005934310176252072,""outputRms"":0.0005934310176252072,""deviceLabel"":""MacBook Air Microphone (Built-in)"",""audioContextState"":""running""}"
2026-08-28T19:18:26.528859+00:00,2026-08-28T19:18:25.386+00:00,pub_stats,,a,show-qfstpj50,2955350,7105901,2971305,60,60,0,30,30,20.55,none,f,f+h+q,3,1080,1920,1080,1920,"SimulcastEncoderAdapter (libvpx, libvpx, libvpx)",12,0,7,0,0,0.00041099999999999996,0.022,0,,,,,,,live:a,"{""qualityLimitationDurations"":{""cpu"":0,""none"":559.736,""other"":0,""bandwidth"":0.673}}"
2026-08-28T19:18:25.52801+00:00,2026-08-28T19:18:25.386+00:00,track_liveness_snapshot,,a,show-qfstpj50,,,,,,,,,,,,,,,,,,,,,,,,,,,,,,,,,,"{""entries"":[{""key"":""contestant-a-297a1aba:TR_VCiazSiwiK3Qco"",""frames"":null,""reason"":null,""staleSec"":560,""probation"":false},{""key"":""camfeed-a-side-85a03b34:TR_VCNgcUQcYFfowW"",""frames"":106,""reason"":""absent"",""staleSec"":31,""probation"":false}],""trackCount"":1,""ineligibleCount"":1}"
2026-08-28T19:18:28.534436+00:00,2026-08-28T19:18:27.386+00:00,pub_stats,,a,show-qfstpj50,2957508,7105901,3000000,60,60,0,31,30,17.42,none,f,f+h+q,3,1080,1920,1080,1920,"SimulcastEncoderAdapter (libvpx, libvpx, libvpx)",12,0,7,0,0,0.0005329999999999999,0.023,0,,,,,,,live:a,"{""qualityLimitationDurations"":{""cpu"":0,""none"":561.736,""other"":0,""bandwidth"":0.673}}"
2026-08-28T19:18:29.525283+00:00,2026-08-28T19:18:28.656+00:00,mic_level_sample,,a,show-qfstpj50,,,,,,,,,,,,,,,,,,,,,,,,,,,,,,,,,,"{""deviceId"":""39fae2b7de1ac0ad5463a5ba3dd688ee748a5433d1272fa9afbea3233dae361b"",""inputRms"":0.00006605550929851809,""outputRms"":0.00006605550929851809,""deviceLabel"":""MacBook Air Microphone (Built-in)"",""audioContextState"":""running""}"
2026-08-28T19:18:30.557389+00:00,2026-08-28T19:18:29.386+00:00,pub_stats,,a,show-qfstpj50,3049264,7105901,2993700,60,60,0,31,30,14.57,none,f,f+h+q,3,1080,1920,1080,1920,"SimulcastEncoderAdapter (libvpx, libvpx, libvpx)",12,0,7,0,0,0.000633,0.023,0,,,,,,,live:a,"{""qualityLimitationDurations"":{""cpu"":0,""none"":563.736,""other"":0,""bandwidth"":0.673}}"
2026-08-28T19:18:30.557389+00:00,2026-08-28T19:18:30.386+00:00,track_liveness_snapshot,,a,show-qfstpj50,,,,,,,,,,,,,,,,,,,,,,,,,,,,,,,,,,"{""entries"":[{""key"":""contestant-a-297a1aba:TR_VCiazSiwiK3Qco"",""frames"":null,""reason"":null,""staleSec"":565,""probation"":false},{""key"":""camfeed-a-side-85a03b34:TR_VCNgcUQcYFfowW"",""frames"":106,""reason"":""absent"",""staleSec"":36,""probation"":false}],""trackCount"":1,""ineligibleCount"":1}"
2026-08-28T19:18:32.520918+00:00,2026-08-28T19:18:31.386+00:00,pub_stats,,a,show-qfstpj50,2951076,7105901,3000000,60,60,0,31,31,14.87,none,f,f+h+q,3,1080,1920,1080,1920,"SimulcastEncoderAdapter (libvpx, libvpx, libvpx)",12,0,7,0,0,0.000544,0.022,0,,,,,,,live:a,"{""qualityLimitationDurations"":{""cpu"":0,""none"":565.736,""other"":0,""bandwidth"":0.673}}"
2026-08-28T19:18:34.527604+00:00,2026-08-28T19:18:33.387+00:00,pub_stats,,a,show-qfstpj50,3044042,7105901,3000000,60,60,0,31,31,12.52,none,f,f+h+q,3,1080,1920,1080,1920,"SimulcastEncoderAdapter (libvpx, libvpx, libvpx)",12,0,7,0,0,0.0006219999999999999,0.023,0,,,,,,,live:a,"{""qualityLimitationDurations"":{""cpu"":0,""none"":567.736,""other"":0,""bandwidth"":0.673}}"
2026-08-28T19:18:34.527604+00:00,2026-08-28T19:18:33.388+00:00,director_heartbeat,,a,show-qfstpj50,,,,,,,,,,,,,,,,,,,,,,,,,,,,,,,,,,"{""state"":""running""}"
2026-08-28T19:18:34.527604+00:00,2026-08-28T19:18:33.655+00:00,mic_level_sample,,a,show-qfstpj50,,,,,,,,,,,,,,,,,,,,,,,,,,,,,,,,,,"{""deviceId"":""39fae2b7de1ac0ad5463a5ba3dd688ee748a5433d1272fa9afbea3233dae361b"",""inputRms"":0.0005503898203114761,""outputRms"":0.0005503898203114761,""deviceLabel"":""MacBook Air Microphone (Built-in)"",""audioContextState"":""running""}"
2026-08-28T19:18:36.526287+00:00,2026-08-28T19:18:35.386+00:00,pub_stats,,a,show-qfstpj50,2969665,7105901,2961388,60,60,0,31,31,13.68,none,f,f+h+q,3,1080,1920,1080,1920,"SimulcastEncoderAdapter (libvpx, libvpx, libvpx)",12,0,7,0,0,0.000477,0.022,0,,,,,,,live:a,"{""qualityLimitationDurations"":{""cpu"":0,""none"":569.736,""other"":0,""bandwidth"":0.673}}"
2026-08-28T19:18:35.55207+00:00,2026-08-28T19:18:35.386+00:00,track_liveness_snapshot,,a,show-qfstpj50,,,,,,,,,,,,,,,,,,,,,,,,,,,,,,,,,,"{""entries"":[{""key"":""contestant-a-297a1aba:TR_VCiazSiwiK3Qco"",""frames"":null,""reason"":null,""staleSec"":570,""probation"":false},{""key"":""camfeed-a-side-85a03b34:TR_VCNgcUQcYFfowW"",""frames"":106,""reason"":""absent"",""staleSec"":41,""probation"":false}],""trackCount"":1,""ineligibleCount"":1}"
2026-08-28T19:18:38.533422+00:00,2026-08-28T19:18:37.386+00:00,pub_stats,,a,show-qfstpj50,2889224,7105901,3000000,59,59,0,30,31,16.76,none,f,f+h+q,3,1080,1920,1080,1920,"SimulcastEncoderAdapter (libvpx, libvpx, libvpx)",12,0,7,0,0,0.00039999999999999996,0.024,0,,,,,,,live:a,"{""qualityLimitationDurations"":{""cpu"":0,""none"":571.735,""other"":0,""bandwidth"":0.673}}"
2026-08-28T19:18:39.522509+00:00,2026-08-28T19:18:38.655+00:00,mic_level_sample,,a,show-qfstpj50,,,,,,,,,,,,,,,,,,,,,,,,,,,,,,,,,,"{""deviceId"":""39fae2b7de1ac0ad5463a5ba3dd688ee748a5433d1272fa9afbea3233dae361b"",""inputRms"":0.0003652490901150195,""outputRms"":0.0003652490901150195,""deviceLabel"":""MacBook Air Microphone (Built-in)"",""audioContextState"":""running""}"
2026-08-28T19:18:40.52347+00:00,2026-08-28T19:18:39.386+00:00,pub_stats,,a,show-qfstpj50,2983276,7105901,3000000,60,60,0,30,31,13.82,none,f,f+h+q,3,1080,1920,1080,1920,"SimulcastEncoderAdapter (libvpx, libvpx, libvpx)",12,0,7,0,0,0.000488,0.024,0,,,,,,,live:a,"{""qualityLimitationDurations"":{""cpu"":0,""none"":573.736,""other"":0,""bandwidth"":0.673}}"
2026-08-28T19:18:40.52347+00:00,2026-08-28T19:18:40.386+00:00,track_liveness_snapshot,,a,show-qfstpj50,,,,,,,,,,,,,,,,,,,,,,,,,,,,,,,,,,"{""entries"":[{""key"":""contestant-a-297a1aba:TR_VCiazSiwiK3Qco"",""frames"":null,""reason"":null,""staleSec"":575,""probation"":false},{""key"":""camfeed-a-side-85a03b34:TR_VCNgcUQcYFfowW"",""frames"":106,""reason"":""absent"",""staleSec"":46,""probation"":false}],""trackCount"":1,""ineligibleCount"":1}"
2026-08-28T19:18:42.561343+00:00,2026-08-28T19:18:41.386+00:00,pub_stats,,a,show-qfstpj50,3024288,7105901,2988913,60,60,0,30,31,12.27,none,f,f+h+q,3,1080,1920,1080,1920,"SimulcastEncoderAdapter (libvpx, libvpx, libvpx)",12,0,7,0,0,0.00043299999999999995,0.022,0,,,,,,,live:a,"{""qualityLimitationDurations"":{""cpu"":0,""none"":575.735,""other"":0,""bandwidth"":0.673}}"
2026-08-28T19:18:44.707118+00:00,2026-08-28T19:18:43.386+00:00,pub_stats,,a,show-qfstpj50,3004072,7105901,2941200,60,60,0,30,31,13.02,none,f,f+h+q,3,1080,1920,1080,1920,"SimulcastEncoderAdapter (libvpx, libvpx, libvpx)",12,0,7,0,0,0.000566,0.021,0,,,,,,,live:a,"{""qualityLimitationDurations"":{""cpu"":0,""none"":577.735,""other"":0,""bandwidth"":0.673}}"
2026-08-28T19:18:44.707118+00:00,2026-08-28T19:18:43.388+00:00,director_heartbeat,,a,show-qfstpj50,,,,,,,,,,,,,,,,,,,,,,,,,,,,,,,,,,"{""state"":""running""}"
2026-08-28T19:18:44.707118+00:00,2026-08-28T19:18:43.655+00:00,mic_level_sample,,a,show-qfstpj50,,,,,,,,,,,,,,,,,,,,,,,,,,,,,,,,,,"{""deviceId"":""39fae2b7de1ac0ad5463a5ba3dd688ee748a5433d1272fa9afbea3233dae361b"",""inputRms"":0.00027769560020963135,""outputRms"":0.00027769560020963135,""deviceLabel"":""MacBook Air Microphone (Built-in)"",""audioContextState"":""running""}"
2026-08-28T19:18:45.574977+00:00,2026-08-28T19:18:44.885+00:00,track_liveness_blacklist_changed,,a,show-qfstpj50,,,,,,,,,,,,,,,,,,,,,,,,,,,,,,,,,,"{""keys"":[],""count"":0}"
2026-08-28T19:18:45.574977+00:00,2026-08-28T19:18:44.885+00:00,track_liveness_forgotten,,a,show-qfstpj50,,,,,,,,,,,,,,,,,,,,,,,,,,,,,,,,,,"{""key"":""camfeed-a-side-85a03b34:TR_VCNgcUQcYFfowW"",""identity"":""camfeed-a-side-85a03b34""}"
2026-08-28T19:18:45.574977+00:00,2026-08-28T19:18:44.885+00:00,track_liveness_snapshot,,a,show-qfstpj50,,,,,,,,,,,,,,,,,,,,,,,,,,,,,,,,,,"{""entries"":[{""key"":""contestant-a-297a1aba:TR_VCiazSiwiK3Qco"",""frames"":null,""reason"":null,""staleSec"":579,""probation"":false}],""trackCount"":1,""ineligibleCount"":0}"
2026-08-28T19:18:46.521066+00:00,2026-08-28T19:18:45.386+00:00,pub_stats,,a,show-qfstpj50,3025852,7105901,2912625,60,60,0,30,31,20.57,none,f,f+h+q,3,1080,1920,1080,1920,"SimulcastEncoderAdapter (libvpx, libvpx, libvpx)",12,0,7,0,0,0.000466,0.024,0,,,,,,,live:a,"{""qualityLimitationDurations"":{""cpu"":0,""none"":579.736,""other"":0,""bandwidth"":0.673}}"
2026-08-28T19:18:48.526716+00:00,2026-08-28T19:18:47.386+00:00,pub_stats,,a,show-qfstpj50,2982836,7105901,3000000,60,60,0,30,30,28.07,none,f,f+h+q,3,1080,1920,1080,1920,"SimulcastEncoderAdapter (libvpx, libvpx, libvpx)",12,0,7,0,0,0.000455,0.024,0,,,,,,,live:a,"{""qualityLimitationDurations"":{""cpu"":0,""none"":581.736,""other"":0,""bandwidth"":0.673}}"
2026-08-28T19:18:49.590541+00:00,2026-08-28T19:18:48.655+00:00,mic_level_sample,,a,show-qfstpj50,,,,,,,,,,,,,,,,,,,,,,,,,,,,,,,,,,"{""deviceId"":""39fae2b7de1ac0ad5463a5ba3dd688ee748a5433d1272fa9afbea3233dae361b"",""inputRms"":0.0006324036769581536,""outputRms"":0.0006324036769581536,""deviceLabel"":""MacBook Air Microphone (Built-in)"",""audioContextState"":""running""}"
2026-08-28T19:18:50.51662+00:00,2026-08-28T19:18:49.386+00:00,pub_stats,,a,show-qfstpj50,2983068,7105901,2964435,60,60,0,30,30,32.48,none,f,f+h+q,3,1080,1920,1080,1920,"SimulcastEncoderAdapter (libvpx, libvpx, libvpx)",12,0,7,0,0,0.0006219999999999999,0.023,0,,,,,,,live:a,"{""qualityLimitationDurations"":{""cpu"":0,""none"":583.736,""other"":0,""bandwidth"":0.673}}"
2026-08-28T19:18:50.51662+00:00,2026-08-28T19:18:49.886+00:00,track_liveness_snapshot,,a,show-qfstpj50,,,,,,,,,,,,,,,,,,,,,,,,,,,,,,,,,,"{""entries"":[{""key"":""contestant-a-297a1aba:TR_VCiazSiwiK3Qco"",""frames"":null,""reason"":null,""staleSec"":585,""probation"":false}],""trackCount"":1,""ineligibleCount"":0}"
2026-08-28T19:18:52.530938+00:00,2026-08-28T19:18:51.387+00:00,pub_stats,,a,show-qfstpj50,3059226,7105901,2940015,60,60,0,30,30,30.42,none,f,f+h+q,3,1080,1920,1080,1920,"SimulcastEncoderAdapter (libvpx, libvpx, libvpx)",12,0,7,0,0,0.0009,0.024,0,,,,,,,live:a,"{""qualityLimitationDurations"":{""cpu"":0,""none"":585.736,""other"":0,""bandwidth"":0.673}}"
2026-08-28T19:18:54.520708+00:00,2026-08-28T19:18:53.386+00:00,pub_stats,,a,show-qfstpj50,2744680,7105901,2983878,60,60,0,30,30,31.88,none,f,f+h+q,3,1080,1920,1080,1920,"SimulcastEncoderAdapter (libvpx, libvpx, libvpx)",12,0,7,0,0,0.000488,0.022,0,,,,,,,live:a,"{""qualityLimitationDurations"":{""cpu"":0,""none"":587.736,""other"":0,""bandwidth"":0.673}}"
2026-08-28T19:18:54.520708+00:00,2026-08-28T19:18:53.388+00:00,director_heartbeat,,a,show-qfstpj50,,,,,,,,,,,,,,,,,,,,,,,,,,,,,,,,,,"{""state"":""running""}"
2026-08-28T19:18:54.520708+00:00,2026-08-28T19:18:53.655+00:00,mic_level_sample,,a,show-qfstpj50,,,,,,,,,,,,,,,,,,,,,,,,,,,,,,,,,,"{""deviceId"":""39fae2b7de1ac0ad5463a5ba3dd688ee748a5433d1272fa9afbea3233dae361b"",""inputRms"":0.00045440725263321994,""outputRms"":0.00045440725263321994,""deviceLabel"":""MacBook Air Microphone (Built-in)"",""audioContextState"":""running""}"
2026-08-28T19:18:55.520141+00:00,2026-08-28T19:18:55.386+00:00,track_liveness_snapshot,,a,show-qfstpj50,,,,,,,,,,,,,,,,,,,,,,,,,,,,,,,,,,"{""entries"":[{""key"":""contestant-a-297a1aba:TR_VCiazSiwiK3Qco"",""frames"":null,""reason"":null,""staleSec"":590,""probation"":false}],""trackCount"":1,""ineligibleCount"":0}"
2026-08-28T19:18:56.525672+00:00,2026-08-28T19:18:55.386+00:00,pub_stats,,a,show-qfstpj50,3082092,7105901,3000000,60,60,0,30,30,15.77,none,f,f+h+q,3,1080,1920,1080,1920,"SimulcastEncoderAdapter (libvpx, libvpx, libvpx)",12,0,7,0,0,0.000566,0.022,0,,,,,,,live:a,"{""qualityLimitationDurations"":{""cpu"":0,""none"":589.736,""other"":0,""bandwidth"":0.673}}"
2026-08-28T19:18:57.845671+00:00,2026-08-28T19:18:57.121+00:00,wake_lock_released_by_system,,a,show-qfstpj50,,,,,,,,,,,,,,,,,,,,,,,,,,,,,,,,,live:a,
2026-08-28T19:18:57.845671+00:00,2026-08-28T19:18:57.121+00:00,visibility_hidden,,a,show-qfstpj50,,,,,,,,,,,,,,,,,,,,,,,,,,,,,,,,,,"{""audioContextState"":""running""}"
2026-08-28T19:18:57.845671+00:00,2026-08-28T19:18:57.121+00:00,window_blur,,a,show-qfstpj50,,,,,,,,,,,,,,,,,,,,,,,,,,,,,,,,,,
2026-08-28T19:18:58.845773+00:00,2026-08-28T19:18:57.71+00:00,pub_stats,,a,show-qfstpj50,3087133,7105901,2957297,70,70,0,30,30,16.1,none,f,f+h+q,3,1080,1920,1080,1920,"SimulcastEncoderAdapter (libvpx, libvpx, libvpx)",12,0,7,0,0,0.0006439999999999999,0.023,0,,,,,,,live:a,"{""qualityLimitationDurations"":{""cpu"":0,""none"":592.058,""other"":0,""bandwidth"":0.673}}"
2026-08-28T19:18:59.932475+00:00,2026-08-28T19:18:58.708+00:00,mic_level_sample,,a,show-qfstpj50,,,,,,,,,,,,,,,,,,,,,,,,,,,,,,,,,,"{""deviceId"":""39fae2b7de1ac0ad5463a5ba3dd688ee748a5433d1272fa9afbea3233dae361b"",""inputRms"":0.00042880642561257735,""outputRms"":0.00042880642561257735,""deviceLabel"":""MacBook Air Microphone (Built-in)"",""audioContextState"":""running""}"
2026-08-28T19:19:00.849405+00:00,2026-08-28T19:18:59.709+00:00,pub_stats,,a,show-qfstpj50,2837303,7105901,3000000,60,60,0,30,30,18.77,none,f,f+h+q,3,1080,1920,1080,1920,"SimulcastEncoderAdapter (libvpx, libvpx, libvpx)",12,0,7,0,0,0.0007999999999999999,0.021,0,,,,,,,live:a,"{""qualityLimitationDurations"":{""cpu"":0,""none"":594.058,""other"":0,""bandwidth"":0.673}}"
2026-08-28T19:19:00.849405+00:00,2026-08-28T19:19:00.707+00:00,track_liveness_snapshot,,a,show-qfstpj50,,,,,,,,,,,,,,,,,,,,,,,,,,,,,,,,,,"{""entries"":[{""key"":""contestant-a-297a1aba:TR_VCiazSiwiK3Qco"",""frames"":null,""reason"":null,""staleSec"":595,""probation"":false}],""trackCount"":1,""ineligibleCount"":0}"
2026-08-28T19:19:02.876873+00:00,2026-08-28T19:19:01.71+00:00,pub_stats,,a,show-qfstpj50,3072332,7105901,3000000,60,60,0,30,30,16.13,none,f,f+h+q,3,1080,1920,1080,1920,"SimulcastEncoderAdapter (libvpx, libvpx, libvpx)",12,0,7,0,0,0.000466,0.021,0,,,,,,,live:a,"{""qualityLimitationDurations"":{""cpu"":0,""none"":596.058,""other"":0,""bandwidth"":0.673}}"
2026-08-28T19:19:04.967803+00:00,2026-08-28T19:19:03.707+00:00,director_heartbeat,,a,show-qfstpj50,,,,,,,,,,,,,,,,,,,,,,,,,,,,,,,,,,"{""state"":""running""}"
2026-08-28T19:19:04.967803+00:00,2026-08-28T19:19:03.708+00:00,mic_level_sample,,a,show-qfstpj50,,,,,,,,,,,,,,,,,,,,,,,,,,,,,,,,,,"{""deviceId"":""39fae2b7de1ac0ad5463a5ba3dd688ee748a5433d1272fa9afbea3233dae361b"",""inputRms"":0.0027987409460896854,""outputRms"":0.0027987409460896854,""deviceLabel"":""MacBook Air Microphone (Built-in)"",""audioContextState"":""running""}"
2026-08-28T19:19:04.967803+00:00,2026-08-28T19:19:03.708+00:00,mic_recovered,,a,show-qfstpj50,,,,,,,,,,,,,,,,,,,,,,,,,,,,,,,,,,"{""inputRms"":0.0027987409460896854,""outputRms"":0.0027987409460896854,""silentDurationMs"":145053,""audioContextState"":""running""}"
2026-08-28T19:19:04.967803+00:00,2026-08-28T19:19:03.709+00:00,pub_stats,,a,show-qfstpj50,2892590,7105901,3000000,59,59,0,29,30,14.25,none,f,f+h+q,3,1080,1920,1080,1920,"SimulcastEncoderAdapter (libvpx, libvpx, libvpx)",12,0,7,0,0,0.000366,0.021,0,,,,,,,live:a,"{""qualityLimitationDurations"":{""cpu"":0,""none"":598.058,""other"":0,""bandwidth"":0.673}}"
2026-08-28T19:19:05.848258+00:00,2026-08-28T19:19:05.707+00:00,track_liveness_snapshot,,a,show-qfstpj50,,,,,,,,,,,,,,,,,,,,,,,,,,,,,,,,,,"{""entries"":[{""key"":""contestant-a-297a1aba:TR_VCiazSiwiK3Qco"",""frames"":null,""reason"":null,""staleSec"":600,""probation"":false}],""trackCount"":1,""ineligibleCount"":0}"
2026-08-28T19:19:06.845535+00:00,2026-08-28T19:19:05.709+00:00,pub_stats,,a,show-qfstpj50,3030168,7105901,2966460,60,60,0,29,30,16.17,none,f,f+h+q,3,1080,1920,1080,1920,"SimulcastEncoderAdapter (libvpx, libvpx, libvpx)",12,0,7,0,0,0.000544,0.022,0,,,,,,,live:a,"{""qualityLimitationDurations"":{""cpu"":0,""none"":600.057,""other"":0,""bandwidth"":0.673}}"
2026-08-28T19:19:08.840466+00:00,2026-08-28T19:19:07.71+00:00,pub_stats,,a,show-qfstpj50,3056620,7105901,2996872,60,60,0,29,30,13.32,none,f,f+h+q,3,1080,1920,1080,1920,"SimulcastEncoderAdapter (libvpx, libvpx, libvpx)",12,0,7,0,0,0.000444,0.022,0,,,,,,,live:a,"{""qualityLimitationDurations"":{""cpu"":0,""none"":602.058,""other"":0,""bandwidth"":0.673}}"
2026-08-28T19:19:09.866002+00:00,2026-08-28T19:19:08.708+00:00,mic_level_sample,,a,show-qfstpj50,,,,,,,,,,,,,,,,,,,,,,,,,,,,,,,,,,"{""deviceId"":""39fae2b7de1ac0ad5463a5ba3dd688ee748a5433d1272fa9afbea3233dae361b"",""inputRms"":0.00048627295065622203,""outputRms"":0.00048627295065622203,""deviceLabel"":""MacBook Air Microphone (Built-in)"",""audioContextState"":""running""}"
2026-08-28T19:19:10.843957+00:00,2026-08-28T19:19:09.709+00:00,pub_stats,,a,show-qfstpj50,2910423,7105901,2998087,61,61,0,30,30,16.9,none,f,f+h+q,3,1080,1920,1080,1920,"SimulcastEncoderAdapter (libvpx, libvpx, libvpx)",12,0,7,0,0,0.0005,0.023,0,,,,,,,live:a,"{""qualityLimitationDurations"":{""cpu"":0,""none"":604.057,""other"":0,""bandwidth"":0.673}}"
2026-08-28T19:19:10.843957+00:00,2026-08-28T19:19:10.708+00:00,track_liveness_snapshot,,a,show-qfstpj50,,,,,,,,,,,,,,,,,,,,,,,,,,,,,,,,,,"{""entries"":[{""key"":""contestant-a-297a1aba:TR_VCiazSiwiK3Qco"",""frames"":null,""reason"":null,""staleSec"":605,""probation"":false}],""trackCount"":1,""ineligibleCount"":0}"
2026-08-28T19:19:12.887499+00:00,2026-08-28T19:19:11.709+00:00,pub_stats,,a,show-qfstpj50,2970604,7105901,3000000,59,59,0,29,30,13.54,none,f,f+h+q,3,1080,1920,1080,1920,"SimulcastEncoderAdapter (libvpx, libvpx, libvpx)",12,0,7,0,0,0.000355,0.023,0,,,,,,,live:a,"{""qualityLimitationDurations"":{""cpu"":0,""none"":606.057,""other"":0,""bandwidth"":0.673}}"
2026-08-28T19:19:14.847277+00:00,2026-08-28T19:19:13.708+00:00,mic_level_sample,,a,show-qfstpj50,,,,,,,,,,,,,,,,,,,,,,,,,,,,,,,,,,"{""deviceId"":""39fae2b7de1ac0ad5463a5ba3dd688ee748a5433d1272fa9afbea3233dae361b"",""inputRms"":0.0010778241234594595,""outputRms"":0.0010778241234594595,""deviceLabel"":""MacBook Air Microphone (Built-in)"",""audioContextState"":""running""}"
2026-08-28T19:19:14.847277+00:00,2026-08-28T19:19:13.708+00:00,director_heartbeat,,a,show-qfstpj50,,,,,,,,,,,,,,,,,,,,,,,,,,,,,,,,,,"{""state"":""running""}"
2026-08-28T19:19:14.847277+00:00,2026-08-28T19:19:13.709+00:00,pub_stats,,a,show-qfstpj50,3007168,7105901,3000000,60,60,0,29,30,13.05,none,f,f+h+q,3,1080,1920,1080,1920,"SimulcastEncoderAdapter (libvpx, libvpx, libvpx)",12,0,7,0,0,0.0005329999999999999,0.023,0,,,,,,,live:a,"{""qualityLimitationDurations"":{""cpu"":0,""none"":608.058,""other"":0,""bandwidth"":0.673}}"
2026-08-28T19:19:16.847254+00:00,2026-08-28T19:19:15.709+00:00,pub_stats,,a,show-qfstpj50,2942280,7105901,3000000,60,60,0,29,30,14.57,none,f,f+h+q,3,1080,1920,1080,1920,"SimulcastEncoderAdapter (libvpx, libvpx, libvpx)",12,0,7,0,0,0.000388,0.023,0,,,,,,,live:a,"{""qualityLimitationDurations"":{""cpu"":0,""none"":610.057,""other"":0,""bandwidth"":0.673}}"
2026-08-28T19:19:16.847254+00:00,2026-08-28T19:19:16.707+00:00,track_liveness_snapshot,,a,show-qfstpj50,,,,,,,,,,,,,,,,,,,,,,,,,,,,,,,,,,"{""entries"":[{""key"":""contestant-a-297a1aba:TR_VCiazSiwiK3Qco"",""frames"":null,""reason"":null,""staleSec"":611,""probation"":false}],""trackCount"":1,""ineligibleCount"":0}"
2026-08-28T19:19:18.851281+00:00,2026-08-28T19:19:17.709+00:00,pub_stats,,a,show-qfstpj50,3027660,7105901,3000000,60,60,0,29,30,10.75,none,f,f+h+q,3,1080,1920,1080,1920,"SimulcastEncoderAdapter (libvpx, libvpx, libvpx)",12,0,7,0,0,0.000566,0.024,0,,,,,,,live:a,"{""qualityLimitationDurations"":{""cpu"":0,""none"":612.057,""other"":0,""bandwidth"":0.673}}"
2026-08-28T19:19:19.867066+00:00,2026-08-28T19:19:18.708+00:00,mic_level_sample,,a,show-qfstpj50,,,,,,,,,,,,,,,,,,,,,,,,,,,,,,,,,,"{""deviceId"":""39fae2b7de1ac0ad5463a5ba3dd688ee748a5433d1272fa9afbea3233dae361b"",""inputRms"":0.0007019680555959989,""outputRms"":0.0007019680555959989,""deviceLabel"":""MacBook Air Microphone (Built-in)"",""audioContextState"":""running""}"
2026-08-28T19:19:20.847363+00:00,2026-08-28T19:19:19.708+00:00,pub_stats,,a,show-qfstpj50,2996518,7105901,2996690,60,60,0,29,30,13.13,none,f,f+h+q,3,1080,1920,1080,1920,"SimulcastEncoderAdapter (libvpx, libvpx, libvpx)",13,0,7,0,0,0.0005329999999999999,0.024,0,,,,,,,live:a,"{""qualityLimitationDurations"":{""cpu"":0,""none"":614.057,""other"":0,""bandwidth"":0.673}}"
2026-08-28T19:19:21.861721+00:00,2026-08-28T19:19:21.707+00:00,track_liveness_snapshot,,a,show-qfstpj50,,,,,,,,,,,,,,,,,,,,,,,,,,,,,,,,,,"{""entries"":[{""key"":""contestant-a-297a1aba:TR_VCiazSiwiK3Qco"",""frames"":null,""reason"":null,""staleSec"":616,""probation"":false}],""trackCount"":1,""ineligibleCount"":0}"
2026-08-28T19:19:22.841778+00:00,2026-08-28T19:19:21.709+00:00,pub_stats,,a,show-qfstpj50,2967700,7105901,3000000,60,60,0,29,30,13.22,none,f,f+h+q,3,1080,1920,1080,1920,"SimulcastEncoderAdapter (libvpx, libvpx, libvpx)",13,0,7,0,0,0.000455,0.023,0,,,,,,,live:a,"{""qualityLimitationDurations"":{""cpu"":0,""none"":616.057,""other"":0,""bandwidth"":0.673}}"
2026-08-28T19:19:24.846967+00:00,2026-08-28T19:19:23.707+00:00,director_heartbeat,,a,show-qfstpj50,,,,,,,,,,,,,,,,,,,,,,,,,,,,,,,,,,"{""state"":""running""}"
2026-08-28T19:19:24.846967+00:00,2026-08-28T19:19:23.708+00:00,mic_level_sample,,a,show-qfstpj50,,,,,,,,,,,,,,,,,,,,,,,,,,,,,,,,,,"{""deviceId"":""39fae2b7de1ac0ad5463a5ba3dd688ee748a5433d1272fa9afbea3233dae361b"",""inputRms"":0.0013119232520370106,""outputRms"":0.0013119232520370106,""deviceLabel"":""MacBook Air Microphone (Built-in)"",""audioContextState"":""running""}"
2026-08-28T19:19:24.846967+00:00,2026-08-28T19:19:23.709+00:00,pub_stats,,a,show-qfstpj50,3028700,7105901,3000000,60,60,0,29,29,9.78,none,f,f+h+q,3,1080,1920,1080,1920,"SimulcastEncoderAdapter (libvpx, libvpx, libvpx)",13,0,7,0,0,0.000466,0.022,0,,,,,,,live:a,"{""qualityLimitationDurations"":{""cpu"":0,""none"":618.057,""other"":0,""bandwidth"":0.673}}"
2026-08-28T19:19:26.897046+00:00,2026-08-28T19:19:25.71+00:00,pub_stats,,a,show-qfstpj50,2914419,7105901,3000000,60,60,0,29,30,14.15,none,f,f+h+q,3,1080,1920,1080,1920,"SimulcastEncoderAdapter (libvpx, libvpx, libvpx)",13,0,7,0,0,0.000488,0.024,0,,,,,,,live:a,"{""qualityLimitationDurations"":{""cpu"":0,""none"":620.058,""other"":0,""bandwidth"":0.673}}"
2026-08-28T19:19:26.897046+00:00,2026-08-28T19:19:26.708+00:00,track_liveness_snapshot,,a,show-qfstpj50,,,,,,,,,,,,,,,,,,,,,,,,,,,,,,,,,,"{""entries"":[{""key"":""contestant-a-297a1aba:TR_VCiazSiwiK3Qco"",""frames"":null,""reason"":null,""staleSec"":621,""probation"":false}],""trackCount"":1,""ineligibleCount"":0}"
2026-08-28T19:19:28.854422+00:00,2026-08-28T19:19:27.71+00:00,pub_stats,,a,show-qfstpj50,3160472,7105901,2940820,60,60,0,29,30,11.93,none,f,f+h+q,3,1080,1920,1080,1920,"SimulcastEncoderAdapter (libvpx, libvpx, libvpx)",13,0,7,0,0,0.000488,0.024,0,,,,,,,live:a,"{""qualityLimitationDurations"":{""cpu"":0,""none"":622.058,""other"":0,""bandwidth"":0.673}}"
2026-08-28T19:19:29.864936+00:00,2026-08-28T19:19:28.708+00:00,mic_level_sample,,a,show-qfstpj50,,,,,,,,,,,,,,,,,,,,,,,,,,,,,,,,,,"{""deviceId"":""39fae2b7de1ac0ad5463a5ba3dd688ee748a5433d1272fa9afbea3233dae361b"",""inputRms"":0.0012610096866957539,""outputRms"":0.0012610096866957539,""deviceLabel"":""MacBook Air Microphone (Built-in)"",""audioContextState"":""running""}"
2026-08-28T19:19:30.847979+00:00,2026-08-28T19:19:29.709+00:00,pub_stats,,a,show-qfstpj50,2819892,7105901,3000000,60,60,0,29,30,13.28,none,f,f+h+q,3,1080,1920,1080,1920,"SimulcastEncoderAdapter (libvpx, libvpx, libvpx)",13,0,7,0,0,0.000655,0.023,0,,,,,,,live:a,"{""qualityLimitationDurations"":{""cpu"":0,""none"":624.057,""other"":0,""bandwidth"":0.673}}"
2026-08-28T19:19:31.85078+00:00,2026-08-28T19:19:30.711+00:00,shot_publish_success,,a,show-qfstpj50,,,,,,,,,,,,,,,,,,,,,,,,,,,,,,,,,,"{""shot"":""zoomOut"",""slot"":""a"",""commandId"":""1c6bf48b-8ee1-4f35-9799-9e06f9ad00ef"",""decisionSource"":""auto"",""connectionState"":""connected""}"
2026-08-28T19:19:31.85078+00:00,2026-08-28T19:19:30.711+00:00,director_shot_emitted,,a,show-qfstpj50,,,,,,,,,,,,,,,,,,,,,,,,,,,,,,,,,,"{""shot"":""zoomOut"",""slot"":""a"",""sourceRole"":""main"",""decisionSource"":""auto"",""targetIdentity"":""contestant-a-297a1aba""}"
2026-08-28T19:19:33.079965+00:00,2026-08-28T19:19:31.709+00:00,pub_stats,,a,show-qfstpj50,3134924,7105901,2947915,60,60,0,30,30,14.63,none,f,f+h+q,3,1080,1920,1080,1920,"SimulcastEncoderAdapter (libvpx, libvpx, libvpx)",13,0,7,0,0,0.0005329999999999999,0.022,0,,,,,,,live:a,"{""qualityLimitationDurations"":{""cpu"":0,""none"":626.057,""other"":0,""bandwidth"":0.673}}"
2026-08-28T19:19:33.079965+00:00,2026-08-28T19:19:32.707+00:00,track_liveness_snapshot,,a,show-qfstpj50,,,,,,,,,,,,,,,,,,,,,,,,,,,,,,,,,,"{""entries"":[{""key"":""contestant-a-297a1aba:TR_VCiazSiwiK3Qco"",""frames"":null,""reason"":null,""staleSec"":627,""probation"":false}],""trackCount"":1,""ineligibleCount"":0}"
2026-08-28T19:19:34.880872+00:00,2026-08-28T19:19:33.707+00:00,mic_level_sample,,a,show-qfstpj50,,,,,,,,,,,,,,,,,,,,,,,,,,,,,,,,,,"{""deviceId"":""39fae2b7de1ac0ad5463a5ba3dd688ee748a5433d1272fa9afbea3233dae361b"",""inputRms"":0.005175467226535958,""outputRms"":0.005175467226535958,""deviceLabel"":""MacBook Air Microphone (Built-in)"",""audioContextState"":""running""}"
2026-08-28T19:19:34.880872+00:00,2026-08-28T19:19:33.707+00:00,director_heartbeat,,a,show-qfstpj50,,,,,,,,,,,,,,,,,,,,,,,,,,,,,,,,,,"{""state"":""running""}"