created_at,client_ts,event_type,participant_identity,role,show_id,uplinkBps,availableOutgoingBitrate,targetBitrate,framesEncodedDelta,framesSentDelta,framesNotSent,fps,sourceFps,avgQp,qualityLimitationReason,rid,activeLayers,layerCount,width,height,sourceWidth,sourceHeight,encoder,keyFramesEncoded,nackCount,pliCount,firCount,packetsLost,jitter,rttSec,retransmittedBytesSent,from,to,reason,quality,source,sid,label,extra
2026-08-28T19:30:00.933005+00:00,2026-08-28T19:30:00.706+00:00,track_liveness_snapshot,,a,show-qfstpj50,,,,,,,,,,,,,,,,,,,,,,,,,,,,,,,,,,"{""entries"":[{""key"":""contestant-a-297a1aba:TR_VCiazSiwiK3Qco"",""frames"":null,""reason"":null,""staleSec"":1255,""probation"":false},{""key"":""camfeed-a-side-85a03b34:TR_VC6cRdqSsicRiY"",""frames"":3794,""reason"":null,""staleSec"":1,""probation"":false},{""key"":""camfeed-a-close-883f2976:TR_VCToTYNatDX5PC"",""frames"":13,""reason"":null,""staleSec"":1,""probation"":false}],""trackCount"":3,""ineligibleCount"":0}"
2026-08-28T19:30:03.042636+00:00,2026-08-28T19:30:01.708+00:00,pub_stats,,a,show-qfstpj50,3063776,7370738,2963905,60,60,0,30,30,8.68,none,f,f+h+q,3,1080,1920,1080,1920,"SimulcastEncoderAdapter (libvpx, libvpx, libvpx)",23,0,12,0,0,0.000788,0.023,0,,,,,,,live:a,"{""qualityLimitationDurations"":{""cpu"":0,""none"":1256.057,""other"":0,""bandwidth"":0.673}}"
2026-08-28T19:30:05.175931+00:00,2026-08-28T19:30:03.707+00:00,mic_level_sample,,a,show-qfstpj50,,,,,,,,,,,,,,,,,,,,,,,,,,,,,,,,,,"{""deviceId"":""39fae2b7de1ac0ad5463a5ba3dd688ee748a5433d1272fa9afbea3233dae361b"",""inputRms"":0.000988200634940765,""outputRms"":0.000988200634940765,""deviceLabel"":""MacBook Air Microphone (Built-in)"",""audioContextState"":""running""}"
2026-08-28T19:30:05.175931+00:00,2026-08-28T19:30:03.707+00:00,director_heartbeat,,a,show-qfstpj50,,,,,,,,,,,,,,,,,,,,,,,,,,,,,,,,,,"{""state"":""running""}"
2026-08-28T19:30:05.175931+00:00,2026-08-28T19:30:03.708+00:00,pub_stats,,a,show-qfstpj50,3012180,7370738,2943232,60,60,0,30,30,9.82,none,f,f+h+q,3,1080,1920,1080,1920,"SimulcastEncoderAdapter (libvpx, libvpx, libvpx)",23,0,12,0,0,0.000444,0.023,0,,,,,,,live:a,"{""qualityLimitationDurations"":{""cpu"":0,""none"":1258.057,""other"":0,""bandwidth"":0.673}}"
2026-08-28T19:30:05.87008+00:00,2026-08-28T19:30:05.706+00:00,track_liveness_snapshot,,a,show-qfstpj50,,,,,,,,,,,,,,,,,,,,,,,,,,,,,,,,,,"{""entries"":[{""key"":""contestant-a-297a1aba:TR_VCiazSiwiK3Qco"",""frames"":null,""reason"":null,""staleSec"":1260,""probation"":false},{""key"":""camfeed-a-side-85a03b34:TR_VC6cRdqSsicRiY"",""frames"":3944,""reason"":null,""staleSec"":1,""probation"":false},{""key"":""camfeed-a-close-883f2976:TR_VCToTYNatDX5PC"",""frames"":160,""reason"":null,""staleSec"":1,""probation"":false}],""trackCount"":3,""ineligibleCount"":0}"
2026-08-28T19:30:06.869001+00:00,2026-08-28T19:30:05.708+00:00,pub_stats,,a,show-qfstpj50,3117924,7370738,2961737,60,60,0,30,30,16,none,f,f+h+q,3,1080,1920,1080,1920,"SimulcastEncoderAdapter (libvpx, libvpx, libvpx)",23,0,12,0,0,0.000566,0.023,0,,,,,,,live:a,"{""qualityLimitationDurations"":{""cpu"":0,""none"":1260.057,""other"":0,""bandwidth"":0.673}}"
2026-08-28T19:30:08.992121+00:00,2026-08-28T19:30:07.708+00:00,pub_stats,,a,show-qfstpj50,2855580,7370738,3000000,60,60,0,30,30,34.95,none,f,f+h+q,3,1080,1920,1080,1920,"SimulcastEncoderAdapter (libvpx, libvpx, libvpx)",23,0,12,0,0,0.0005549999999999999,0.023,0,,,,,,,live:a,"{""qualityLimitationDurations"":{""cpu"":0,""none"":1262.058,""other"":0,""bandwidth"":0.673}}"
2026-08-28T19:30:10.564701+00:00,2026-08-28T19:30:08.707+00:00,mic_level_sample,,a,show-qfstpj50,,,,,,,,,,,,,,,,,,,,,,,,,,,,,,,,,,"{""deviceId"":""39fae2b7de1ac0ad5463a5ba3dd688ee748a5433d1272fa9afbea3233dae361b"",""inputRms"":0.00020900829492912182,""outputRms"":0.00020900829492912182,""deviceLabel"":""MacBook Air Microphone (Built-in)"",""audioContextState"":""running""}"
2026-08-28T19:30:10.564701+00:00,2026-08-28T19:30:09.707+00:00,director_shot_emitted,,a,show-qfstpj50,,,,,,,,,,,,,,,,,,,,,,,,,,,,,,,,,,"{""shot"":""closeUp"",""slot"":""a"",""sourceRole"":""close"",""decisionSource"":""auto"",""targetIdentity"":""camfeed-a-close-883f2976""}"
2026-08-28T19:30:10.564701+00:00,2026-08-28T19:30:09.708+00:00,shot_publish_success,,a,show-qfstpj50,,,,,,,,,,,,,,,,,,,,,,,,,,,,,,,,,,"{""shot"":""closeUp"",""slot"":""a"",""commandId"":""b911dbab-6b49-43e3-8854-31af88e62288"",""decisionSource"":""auto"",""connectionState"":""connected""}"
2026-08-28T19:30:10.85722+00:00,2026-08-28T19:30:09.71+00:00,pub_stats,,a,show-qfstpj50,3005207,7370738,3000000,60,60,0,30,30,22.98,none,f,f+h+q,3,1080,1920,1080,1920,"SimulcastEncoderAdapter (libvpx, libvpx, libvpx)",23,0,12,0,0,0.000488,0.026,0,,,,,,,live:a,"{""qualityLimitationDurations"":{""cpu"":0,""none"":1264.058,""other"":0,""bandwidth"":0.673}}"
2026-08-28T19:30:10.85722+00:00,2026-08-28T19:30:10.707+00:00,track_liveness_snapshot,,a,show-qfstpj50,,,,,,,,,,,,,,,,,,,,,,,,,,,,,,,,,,"{""entries"":[{""key"":""contestant-a-297a1aba:TR_VCiazSiwiK3Qco"",""frames"":null,""reason"":null,""staleSec"":1265,""probation"":false},{""key"":""camfeed-a-side-85a03b34:TR_VC6cRdqSsicRiY"",""frames"":4094,""reason"":null,""staleSec"":1,""probation"":false},{""key"":""camfeed-a-close-883f2976:TR_VCToTYNatDX5PC"",""frames"":312,""reason"":null,""staleSec"":1,""probation"":false}],""trackCount"":3,""ineligibleCount"":0}"
2026-08-28T19:30:12.844351+00:00,2026-08-28T19:30:11.708+00:00,pub_stats,,a,show-qfstpj50,2962466,7370738,2977290,60,60,0,30,30,20.62,none,f,f+h+q,3,1080,1920,1080,1920,"SimulcastEncoderAdapter (libvpx, libvpx, libvpx)",23,0,12,0,0,0.000655,0.021,0,,,,,,,live:a,"{""qualityLimitationDurations"":{""cpu"":0,""none"":1266.057,""other"":0,""bandwidth"":0.673}}"
2026-08-28T19:30:14.931112+00:00,2026-08-28T19:30:13.707+00:00,director_heartbeat,,a,show-qfstpj50,,,,,,,,,,,,,,,,,,,,,,,,,,,,,,,,,,"{""state"":""running""}"
2026-08-28T19:30:14.931112+00:00,2026-08-28T19:30:13.708+00:00,mic_level_sample,,a,show-qfstpj50,,,,,,,,,,,,,,,,,,,,,,,,,,,,,,,,,,"{""deviceId"":""39fae2b7de1ac0ad5463a5ba3dd688ee748a5433d1272fa9afbea3233dae361b"",""inputRms"":0.004715125901654075,""outputRms"":0.004715125901654075,""deviceLabel"":""MacBook Air Microphone (Built-in)"",""audioContextState"":""running""}"
2026-08-28T19:30:14.931112+00:00,2026-08-28T19:30:13.709+00:00,pub_stats,,a,show-qfstpj50,3091982,7370738,2978700,60,60,0,30,30,19.22,none,f,f+h+q,3,1080,1920,1080,1920,"SimulcastEncoderAdapter (libvpx, libvpx, libvpx)",23,0,12,0,0,0.001044,0.024,0,,,,,,,live:a,"{""qualityLimitationDurations"":{""cpu"":0,""none"":1268.058,""other"":0,""bandwidth"":0.673}}"
2026-08-28T19:30:15.866899+00:00,2026-08-28T19:30:15.708+00:00,track_liveness_snapshot,,a,show-qfstpj50,,,,,,,,,,,,,,,,,,,,,,,,,,,,,,,,,,"{""entries"":[{""key"":""contestant-a-297a1aba:TR_VCiazSiwiK3Qco"",""frames"":null,""reason"":null,""staleSec"":1270,""probation"":false},{""key"":""camfeed-a-side-85a03b34:TR_VC6cRdqSsicRiY"",""frames"":4241,""reason"":null,""staleSec"":1,""probation"":false},{""key"":""camfeed-a-close-883f2976:TR_VCToTYNatDX5PC"",""frames"":462,""reason"":null,""staleSec"":1,""probation"":false}],""trackCount"":3,""ineligibleCount"":0}"
2026-08-28T19:30:16.850164+00:00,2026-08-28T19:30:15.709+00:00,pub_stats,,a,show-qfstpj50,2912480,7370738,2994148,60,60,0,30,30,22.7,none,f,f+h+q,3,1080,1920,1080,1920,"SimulcastEncoderAdapter (libvpx, libvpx, libvpx)",23,0,12,0,0,0.0005549999999999999,0.024,0,,,,,,,live:a,"{""qualityLimitationDurations"":{""cpu"":0,""none"":1270.058,""other"":0,""bandwidth"":0.673}}"
2026-08-28T19:30:16.850164+00:00,2026-08-28T19:30:16.707+00:00,director_shot_emitted,,a,show-qfstpj50,,,,,,,,,,,,,,,,,,,,,,,,,,,,,,,,,,"{""shot"":""bRoll"",""slot"":""a"",""sourceRole"":""side"",""decisionSource"":""auto"",""targetIdentity"":""camfeed-a-side-85a03b34""}"
2026-08-28T19:30:16.850164+00:00,2026-08-28T19:30:16.708+00:00,shot_publish_success,,a,show-qfstpj50,,,,,,,,,,,,,,,,,,,,,,,,,,,,,,,,,,"{""shot"":""bRoll"",""slot"":""a"",""commandId"":""5e717e79-6191-4924-9580-d1b270ec8d46"",""decisionSource"":""auto"",""connectionState"":""connected""}"
2026-08-28T19:30:18.866035+00:00,2026-08-28T19:30:17.708+00:00,pub_stats,,a,show-qfstpj50,3064888,7370738,2999382,59,59,0,29,30,23.54,none,f,f+h+q,3,1080,1920,1080,1920,"SimulcastEncoderAdapter (libvpx, libvpx, libvpx)",23,0,12,0,0,0.002911,0.023,0,,,,,,,live:a,"{""qualityLimitationDurations"":{""cpu"":0,""none"":1272.058,""other"":0,""bandwidth"":0.673}}"
2026-08-28T19:30:20.030103+00:00,2026-08-28T19:30:18.708+00:00,mic_level_sample,,a,show-qfstpj50,,,,,,,,,,,,,,,,,,,,,,,,,,,,,,,,,,"{""deviceId"":""39fae2b7de1ac0ad5463a5ba3dd688ee748a5433d1272fa9afbea3233dae361b"",""inputRms"":0.0012390736169286176,""outputRms"":0.0012390736169286176,""deviceLabel"":""MacBook Air Microphone (Built-in)"",""audioContextState"":""running""}"
2026-08-28T19:30:20.849355+00:00,2026-08-28T19:30:19.708+00:00,pub_stats,,a,show-qfstpj50,2862944,7370738,3000000,60,60,0,29,30,27.05,none,f,f+h+q,3,1080,1920,1080,1920,"SimulcastEncoderAdapter (libvpx, libvpx, libvpx)",23,0,12,0,0,0.003777,0.022,0,,,,,,,live:a,"{""qualityLimitationDurations"":{""cpu"":0,""none"":1274.058,""other"":0,""bandwidth"":0.673}}"
2026-08-28T19:30:21.847854+00:00,2026-08-28T19:30:21.706+00:00,track_liveness_snapshot,,a,show-qfstpj50,,,,,,,,,,,,,,,,,,,,,,,,,,,,,,,,,,"{""entries"":[{""key"":""contestant-a-297a1aba:TR_VCiazSiwiK3Qco"",""frames"":null,""reason"":null,""staleSec"":1276,""probation"":false},{""key"":""camfeed-a-side-85a03b34:TR_VC6cRdqSsicRiY"",""frames"":4418,""reason"":null,""staleSec"":1,""probation"":false},{""key"":""camfeed-a-close-883f2976:TR_VCToTYNatDX5PC"",""frames"":641,""reason"":null,""staleSec"":1,""probation"":false}],""trackCount"":3,""ineligibleCount"":0}"
2026-08-28T19:30:22.879832+00:00,2026-08-28T19:30:21.709+00:00,pub_stats,,a,show-qfstpj50,3046829,7370738,2964973,61,61,0,30,30,28.64,none,f,f+h+q,3,1080,1920,1080,1920,"SimulcastEncoderAdapter (libvpx, libvpx, libvpx)",23,0,12,0,0,0.0010329999999999998,0.022,0,,,,,,,live:a,"{""qualityLimitationDurations"":{""cpu"":0,""none"":1276.057,""other"":0,""bandwidth"":0.673}}"
2026-08-28T19:30:24.851287+00:00,2026-08-28T19:30:23.707+00:00,director_heartbeat,,a,show-qfstpj50,,,,,,,,,,,,,,,,,,,,,,,,,,,,,,,,,,"{""state"":""running""}"
2026-08-28T19:30:24.851287+00:00,2026-08-28T19:30:23.707+00:00,mic_level_sample,,a,show-qfstpj50,,,,,,,,,,,,,,,,,,,,,,,,,,,,,,,,,,"{""deviceId"":""39fae2b7de1ac0ad5463a5ba3dd688ee748a5433d1272fa9afbea3233dae361b"",""inputRms"":0.0012216784812397945,""outputRms"":0.0012216784812397945,""deviceLabel"":""MacBook Air Microphone (Built-in)"",""audioContextState"":""running""}"
2026-08-28T19:30:24.851287+00:00,2026-08-28T19:30:23.708+00:00,pub_stats,,a,show-qfstpj50,3009841,7370738,3000000,59,59,0,29,30,20.14,none,f,f+h+q,3,1080,1920,1080,1920,"SimulcastEncoderAdapter (libvpx, libvpx, libvpx)",23,0,12,0,0,0.0019549999999999997,0.022,0,,,,,,,live:a,"{""qualityLimitationDurations"":{""cpu"":0,""none"":1278.058,""other"":0,""bandwidth"":0.673}}"
2026-08-28T19:30:26.925479+00:00,2026-08-28T19:30:25.708+00:00,pub_stats,,a,show-qfstpj50,2996792,7370738,2907380,60,60,0,29,30,22.03,none,f,f+h+q,3,1080,1920,1080,1920,"SimulcastEncoderAdapter (libvpx, libvpx, libvpx)",23,0,12,0,0,0.0006879999999999999,0.023,0,,,,,,,live:a,"{""qualityLimitationDurations"":{""cpu"":0,""none"":1280.058,""other"":0,""bandwidth"":0.673}}"
2026-08-28T19:30:26.925479+00:00,2026-08-28T19:30:26.707+00:00,shot_publish_success,,a,show-qfstpj50,,,,,,,,,,,,,,,,,,,,,,,,,,,,,,,,,,"{""shot"":""mediumCU"",""slot"":""a"",""commandId"":""180631d3-9d3c-465c-9af5-7e8c21e3671b"",""decisionSource"":""auto"",""connectionState"":""connected""}"
2026-08-28T19:30:26.925479+00:00,2026-08-28T19:30:26.707+00:00,track_liveness_snapshot,,a,show-qfstpj50,,,,,,,,,,,,,,,,,,,,,,,,,,,,,,,,,,"{""entries"":[{""key"":""contestant-a-297a1aba:TR_VCiazSiwiK3Qco"",""frames"":null,""reason"":null,""staleSec"":1281,""probation"":false},{""key"":""camfeed-a-side-85a03b34:TR_VC6cRdqSsicRiY"",""frames"":4567,""reason"":null,""staleSec"":1,""probation"":false},{""key"":""camfeed-a-close-883f2976:TR_VCToTYNatDX5PC"",""frames"":791,""reason"":null,""staleSec"":1,""probation"":false}],""trackCount"":3,""ineligibleCount"":0}"
2026-08-28T19:30:26.925479+00:00,2026-08-28T19:30:26.707+00:00,director_shot_emitted,,a,show-qfstpj50,,,,,,,,,,,,,,,,,,,,,,,,,,,,,,,,,,"{""shot"":""mediumCU"",""slot"":""a"",""sourceRole"":""main"",""decisionSource"":""auto"",""targetIdentity"":""contestant-a-297a1aba""}"
2026-08-28T19:30:28.923728+00:00,2026-08-28T19:30:27.709+00:00,pub_stats,,a,show-qfstpj50,2924406,7370738,3000000,60,60,0,29,30,23.4,none,f,f+h+q,3,1080,1920,1080,1920,"SimulcastEncoderAdapter (libvpx, libvpx, libvpx)",23,0,12,0,0,0.000588,0.024,0,,,,,,,live:a,"{""qualityLimitationDurations"":{""cpu"":0,""none"":1282.057,""other"":0,""bandwidth"":0.673}}"
2026-08-28T19:30:29.889063+00:00,2026-08-28T19:30:28.707+00:00,mic_level_sample,,a,show-qfstpj50,,,,,,,,,,,,,,,,,,,,,,,,,,,,,,,,,,"{""deviceId"":""39fae2b7de1ac0ad5463a5ba3dd688ee748a5433d1272fa9afbea3233dae361b"",""inputRms"":0.0031751707286501382,""outputRms"":0.0031751707286501382,""deviceLabel"":""MacBook Air Microphone (Built-in)"",""audioContextState"":""running""}"
2026-08-28T19:30:30.877724+00:00,2026-08-28T19:30:29.709+00:00,pub_stats,,a,show-qfstpj50,3036160,7370738,3000000,60,60,0,29,30,18.2,none,f,f+h+q,3,1080,1920,1080,1920,"SimulcastEncoderAdapter (libvpx, libvpx, libvpx)",23,0,12,0,0,0.00042199999999999996,0.024,0,,,,,,,live:a,"{""qualityLimitationDurations"":{""cpu"":0,""none"":1284.058,""other"":0,""bandwidth"":0.673}}"
2026-08-28T19:30:32.861782+00:00,2026-08-28T19:30:31.708+00:00,pub_stats,,a,show-qfstpj50,2883274,7370738,2974998,60,60,0,29,30,22.13,none,f,f+h+q,3,1080,1920,1080,1920,"SimulcastEncoderAdapter (libvpx, libvpx, libvpx)",23,0,12,0,0,0.000488,0.024,0,,,,,,,live:a,"{""qualityLimitationDurations"":{""cpu"":0,""none"":1286.057,""other"":0,""bandwidth"":0.673}}"
2026-08-28T19:30:32.861782+00:00,2026-08-28T19:30:32.708+00:00,track_liveness_snapshot,,a,show-qfstpj50,,,,,,,,,,,,,,,,,,,,,,,,,,,,,,,,,,"{""entries"":[{""key"":""contestant-a-297a1aba:TR_VCiazSiwiK3Qco"",""frames"":null,""reason"":null,""staleSec"":1287,""probation"":false},{""key"":""camfeed-a-side-85a03b34:TR_VC6cRdqSsicRiY"",""frames"":4743,""reason"":null,""staleSec"":1,""probation"":false},{""key"":""camfeed-a-close-883f2976:TR_VCToTYNatDX5PC"",""frames"":971,""reason"":null,""staleSec"":1,""probation"":false}],""trackCount"":3,""ineligibleCount"":0}"
2026-08-28T19:30:35.156283+00:00,2026-08-28T19:30:33.707+00:00,director_heartbeat,,a,show-qfstpj50,,,,,,,,,,,,,,,,,,,,,,,,,,,,,,,,,,"{""state"":""running""}"
2026-08-28T19:30:35.156283+00:00,2026-08-28T19:30:33.707+00:00,mic_level_sample,,a,show-qfstpj50,,,,,,,,,,,,,,,,,,,,,,,,,,,,,,,,,,"{""deviceId"":""39fae2b7de1ac0ad5463a5ba3dd688ee748a5433d1272fa9afbea3233dae361b"",""inputRms"":0.0003677579403890703,""outputRms"":0.0003677579403890703,""deviceLabel"":""MacBook Air Microphone (Built-in)"",""audioContextState"":""running""}"
2026-08-28T19:30:35.156283+00:00,2026-08-28T19:30:33.709+00:00,pub_stats,,a,show-qfstpj50,2957541,7370738,3000000,60,60,0,30,30,15.07,none,f,f+h+q,3,1080,1920,1080,1920,"SimulcastEncoderAdapter (libvpx, libvpx, libvpx)",23,0,12,0,0,0.000655,0.021,0,,,,,,,live:a,"{""qualityLimitationDurations"":{""cpu"":0,""none"":1288.058,""other"":0,""bandwidth"":0.673}}"
2026-08-28T19:30:36.846152+00:00,2026-08-28T19:30:35.708+00:00,pub_stats,,a,show-qfstpj50,3165647,7370738,2924560,60,60,0,30,30,18.92,none,f,f+h+q,3,1080,1920,1080,1920,"SimulcastEncoderAdapter (libvpx, libvpx, libvpx)",23,0,12,0,0,0.00043299999999999995,0.025,0,,,,,,,live:a,"{""qualityLimitationDurations"":{""cpu"":0,""none"":1290.057,""other"":0,""bandwidth"":0.673}}"
2026-08-28T19:30:39.0328+00:00,2026-08-28T19:30:37.709+00:00,pub_stats,,a,show-qfstpj50,2824704,7370738,3000000,60,60,0,30,30,26.4,none,f,f+h+q,3,1080,1920,1080,1920,"SimulcastEncoderAdapter (libvpx, libvpx, libvpx)",23,0,12,0,0,0.00043299999999999995,0.022,0,,,,,,,live:a,"{""qualityLimitationDurations"":{""cpu"":0,""none"":1292.058,""other"":0,""bandwidth"":0.673}}"
2026-08-28T19:30:39.0328+00:00,2026-08-28T19:30:38.707+00:00,track_liveness_snapshot,,a,show-qfstpj50,,,,,,,,,,,,,,,,,,,,,,,,,,,,,,,,,,"{""entries"":[{""key"":""contestant-a-297a1aba:TR_VCiazSiwiK3Qco"",""frames"":null,""reason"":null,""staleSec"":1293,""probation"":false},{""key"":""camfeed-a-side-85a03b34:TR_VC6cRdqSsicRiY"",""frames"":4922,""reason"":null,""staleSec"":1,""probation"":false},{""key"":""camfeed-a-close-883f2976:TR_VCToTYNatDX5PC"",""frames"":1152,""reason"":null,""staleSec"":1,""probation"":false}],""trackCount"":3,""ineligibleCount"":0}"
2026-08-28T19:30:39.899639+00:00,2026-08-28T19:30:38.708+00:00,mic_level_sample,,a,show-qfstpj50,,,,,,,,,,,,,,,,,,,,,,,,,,,,,,,,,,"{""deviceId"":""39fae2b7de1ac0ad5463a5ba3dd688ee748a5433d1272fa9afbea3233dae361b"",""inputRms"":0.000591185583363697,""outputRms"":0.000591185583363697,""deviceLabel"":""MacBook Air Microphone (Built-in)"",""audioContextState"":""running""}"
2026-08-28T19:30:39.899639+00:00,2026-08-28T19:30:39.632+00:00,window_focus,,a,show-qfstpj50,,,,,,,,,,,,,,,,,,,,,,,,,,,,,,,,,,
2026-08-28T19:30:39.899639+00:00,2026-08-28T19:30:39.638+00:00,visibility_visible,,a,show-qfstpj50,,,,,,,,,,,,,,,,,,,,,,,,,,,,,,,,,,"{""audioContextState"":""running""}"
2026-08-28T19:30:39.899639+00:00,2026-08-28T19:30:39.64+00:00,shot_publish_success,,a,show-qfstpj50,,,,,,,,,,,,,,,,,,,,,,,,,,,,,,,,,,"{""shot"":""closeUp"",""slot"":""a"",""commandId"":""b467fade-7ad3-4be3-a4fb-9d8a95994009"",""decisionSource"":""auto"",""connectionState"":""connected""}"
2026-08-28T19:30:39.899639+00:00,2026-08-28T19:30:39.64+00:00,director_shot_emitted,,a,show-qfstpj50,,,,,,,,,,,,,,,,,,,,,,,,,,,,,,,,,,"{""shot"":""closeUp"",""slot"":""a"",""sourceRole"":""close"",""decisionSource"":""auto"",""targetIdentity"":""camfeed-a-close-883f2976""}"
2026-08-28T19:30:40.528663+00:00,2026-08-28T19:30:39.646+00:00,wake_lock_acquired,,a,show-qfstpj50,,,,,,,,,,,,,,,,,,,,,,,,,,,,,,,,,live:a,
2026-08-28T19:30:40.528663+00:00,2026-08-28T19:30:39.654+00:00,pub_stats,,a,show-qfstpj50,2907019,7370738,3000000,58,58,0,30,30,17.91,none,f,f+h+q,3,1080,1920,1080,1920,"SimulcastEncoderAdapter (libvpx, libvpx, libvpx)",23,0,12,0,0,0.000544,0.022,0,,,,,,,live:a,"{""qualityLimitationDurations"":{""cpu"":0,""none"":1293.996,""other"":0,""bandwidth"":0.673}}"
2026-08-28T19:30:42.536143+00:00,2026-08-28T19:30:41.385+00:00,pub_stats,,a,show-qfstpj50,3162168,7370738,2968625,52,52,0,30,31,33.44,none,f,f+h+q,3,1080,1920,1080,1920,"SimulcastEncoderAdapter (libvpx, libvpx, libvpx)",23,0,12,0,0,0.0021219999999999998,0.023,0,,,,,,,live:a,"{""qualityLimitationDurations"":{""cpu"":0,""none"":1295.735,""other"":0,""bandwidth"":0.673}}"
2026-08-28T19:30:44.53464+00:00,2026-08-28T19:30:43.385+00:00,pub_stats,,a,show-qfstpj50,2918596,7370738,3000000,60,60,0,30,31,27.82,none,f,f+h+q,3,1080,1920,1080,1920,"SimulcastEncoderAdapter (libvpx, libvpx, libvpx)",23,0,12,0,0,0.0007109999999999999,0.022,0,,,,,,,live:a,"{""qualityLimitationDurations"":{""cpu"":0,""none"":1297.736,""other"":0,""bandwidth"":0.673}}"
2026-08-28T19:30:44.53464+00:00,2026-08-28T19:30:43.387+00:00,director_heartbeat,,a,show-qfstpj50,,,,,,,,,,,,,,,,,,,,,,,,,,,,,,,,,,"{""state"":""running""}"
2026-08-28T19:30:44.53464+00:00,2026-08-28T19:30:43.655+00:00,mic_level_sample,,a,show-qfstpj50,,,,,,,,,,,,,,,,,,,,,,,,,,,,,,,,,,"{""deviceId"":""39fae2b7de1ac0ad5463a5ba3dd688ee748a5433d1272fa9afbea3233dae361b"",""inputRms"":0.0019836745606557253,""outputRms"":0.0019836745606557253,""deviceLabel"":""MacBook Air Microphone (Built-in)"",""audioContextState"":""running""}"
2026-08-28T19:30:44.53464+00:00,2026-08-28T19:30:43.884+00:00,track_liveness_snapshot,,a,show-qfstpj50,,,,,,,,,,,,,,,,,,,,,,,,,,,,,,,,,,"{""entries"":[{""key"":""contestant-a-297a1aba:TR_VCiazSiwiK3Qco"",""frames"":null,""reason"":null,""staleSec"":1298,""probation"":false},{""key"":""camfeed-a-side-85a03b34:TR_VC6cRdqSsicRiY"",""frames"":5092,""reason"":null,""staleSec"":0,""probation"":false},{""key"":""camfeed-a-close-883f2976:TR_VCToTYNatDX5PC"",""frames"":1322,""reason"":null,""staleSec"":0,""probation"":false}],""trackCount"":3,""ineligibleCount"":0}"
2026-08-28T19:30:46.71714+00:00,2026-08-28T19:30:45.385+00:00,pub_stats,,a,show-qfstpj50,3017812,7370738,2982797,60,60,0,30,31,26.02,none,f,f+h+q,3,1080,1920,1080,1920,"SimulcastEncoderAdapter (libvpx, libvpx, libvpx)",23,0,12,0,0,0.000544,0.023,0,,,,,,,live:a,"{""qualityLimitationDurations"":{""cpu"":0,""none"":1299.735,""other"":0,""bandwidth"":0.673}}"
2026-08-28T19:30:48.523378+00:00,2026-08-28T19:30:47.385+00:00,pub_stats,,a,show-qfstpj50,3062636,7370738,2990498,60,60,0,30,31,24.7,none,f,f+h+q,3,1080,1920,1080,1920,"SimulcastEncoderAdapter (libvpx, libvpx, libvpx)",23,0,12,0,0,0.000611,0.023,0,,,,,,,live:a,"{""qualityLimitationDurations"":{""cpu"":0,""none"":1301.735,""other"":0,""bandwidth"":0.673}}"
2026-08-28T19:30:49.539766+00:00,2026-08-28T19:30:48.654+00:00,mic_level_sample,,a,show-qfstpj50,,,,,,,,,,,,,,,,,,,,,,,,,,,,,,,,,,"{""deviceId"":""39fae2b7de1ac0ad5463a5ba3dd688ee748a5433d1272fa9afbea3233dae361b"",""inputRms"":0.0003376777605131852,""outputRms"":0.0003376777605131852,""deviceLabel"":""MacBook Air Microphone (Built-in)"",""audioContextState"":""running""}"
2026-08-28T19:30:49.539766+00:00,2026-08-28T19:30:48.885+00:00,track_liveness_snapshot,,a,show-qfstpj50,,,,,,,,,,,,,,,,,,,,,,,,,,,,,,,,,,"{""entries"":[{""key"":""contestant-a-297a1aba:TR_VCiazSiwiK3Qco"",""frames"":null,""reason"":null,""staleSec"":1303,""probation"":false},{""key"":""camfeed-a-side-85a03b34:TR_VC6cRdqSsicRiY"",""frames"":5242,""reason"":null,""staleSec"":1,""probation"":false},{""key"":""camfeed-a-close-883f2976:TR_VCToTYNatDX5PC"",""frames"":1472,""reason"":null,""staleSec"":1,""probation"":false}],""trackCount"":3,""ineligibleCount"":0}"
2026-08-28T19:30:49.539766+00:00,2026-08-28T19:30:49.084+00:00,director_shot_emitted,,a,show-qfstpj50,,,,,,,,,,,,,,,,,,,,,,,,,,,,,,,,,,"{""shot"":""bRoll"",""slot"":""a"",""sourceRole"":""side"",""decisionSource"":""auto"",""targetIdentity"":""camfeed-a-side-85a03b34""}"
2026-08-28T19:30:49.539766+00:00,2026-08-28T19:30:49.084+00:00,shot_publish_success,,a,show-qfstpj50,,,,,,,,,,,,,,,,,,,,,,,,,,,,,,,,,,"{""shot"":""bRoll"",""slot"":""a"",""commandId"":""3c916066-626d-4e0b-bb7d-8bcb5136d301"",""decisionSource"":""auto"",""connectionState"":""connected""}"
2026-08-28T19:30:50.537315+00:00,2026-08-28T19:30:49.386+00:00,pub_stats,,a,show-qfstpj50,2870941,7370738,3000000,60,60,0,30,31,35.55,none,f,f+h+q,3,1080,1920,1080,1920,"SimulcastEncoderAdapter (libvpx, libvpx, libvpx)",23,0,12,0,0,0.0005549999999999999,0.023,0,,,,,,,live:a,"{""qualityLimitationDurations"":{""cpu"":0,""none"":1303.736,""other"":0,""bandwidth"":0.673}}"
2026-08-28T19:30:52.713382+00:00,2026-08-28T19:30:51.385+00:00,pub_stats,,a,show-qfstpj50,3184860,7370738,2961207,60,60,0,30,30,28.5,none,f,f+h+q,3,1080,1920,1080,1920,"SimulcastEncoderAdapter (libvpx, libvpx, libvpx)",23,0,12,0,0,0.0005769999999999999,0.022,0,,,,,,,live:a,"{""qualityLimitationDurations"":{""cpu"":0,""none"":1305.735,""other"":0,""bandwidth"":0.673}}"
2026-08-28T19:30:54.598718+00:00,2026-08-28T19:30:53.385+00:00,pub_stats,,a,show-qfstpj50,2833664,7370738,2989273,60,60,0,30,30,34.67,none,f,f+h+q,3,1080,1920,1080,1920,"SimulcastEncoderAdapter (libvpx, libvpx, libvpx)",23,0,12,0,0,0.000677,0.023,0,,,,,,,live:a,"{""qualityLimitationDurations"":{""cpu"":0,""none"":1307.735,""other"":0,""bandwidth"":0.673}}"
2026-08-28T19:30:54.598718+00:00,2026-08-28T19:30:53.386+00:00,director_heartbeat,,a,show-qfstpj50,,,,,,,,,,,,,,,,,,,,,,,,,,,,,,,,,,"{""state"":""running""}"
2026-08-28T19:30:54.598718+00:00,2026-08-28T19:30:53.654+00:00,mic_level_sample,,a,show-qfstpj50,,,,,,,,,,,,,,,,,,,,,,,,,,,,,,,,,,"{""deviceId"":""39fae2b7de1ac0ad5463a5ba3dd688ee748a5433d1272fa9afbea3233dae361b"",""inputRms"":0.005972164312941267,""outputRms"":0.005972164312941267,""deviceLabel"":""MacBook Air Microphone (Built-in)"",""audioContextState"":""running""}"
2026-08-28T19:30:54.598718+00:00,2026-08-28T19:30:53.885+00:00,track_liveness_snapshot,,a,show-qfstpj50,,,,,,,,,,,,,,,,,,,,,,,,,,,,,,,,,,"{""entries"":[{""key"":""contestant-a-297a1aba:TR_VCiazSiwiK3Qco"",""frames"":null,""reason"":null,""staleSec"":1308,""probation"":false},{""key"":""camfeed-a-side-85a03b34:TR_VC6cRdqSsicRiY"",""frames"":5391,""reason"":null,""staleSec"":1,""probation"":false},{""key"":""camfeed-a-close-883f2976:TR_VCToTYNatDX5PC"",""frames"":1622,""reason"":null,""staleSec"":1,""probation"":false}],""trackCount"":3,""ineligibleCount"":0}"
2026-08-28T19:30:56.534874+00:00,2026-08-28T19:30:55.386+00:00,pub_stats,,a,show-qfstpj50,2890187,7370738,3000000,60,60,0,30,30,30.72,none,f,f+h+q,3,1080,1920,1080,1920,"SimulcastEncoderAdapter (libvpx, libvpx, libvpx)",23,0,12,0,0,0.000944,0.023,0,,,,,,,live:a,"{""qualityLimitationDurations"":{""cpu"":0,""none"":1309.736,""other"":0,""bandwidth"":0.673}}"
2026-08-28T19:30:58.533708+00:00,2026-08-28T19:30:57.385+00:00,pub_stats,,a,show-qfstpj50,3103056,7370738,3000000,60,60,0,30,30,21.22,none,f,f+h+q,3,1080,1920,1080,1920,"SimulcastEncoderAdapter (libvpx, libvpx, libvpx)",23,0,12,0,0,0.000722,0.035,0,,,,,,,live:a,"{""qualityLimitationDurations"":{""cpu"":0,""none"":1311.736,""other"":0,""bandwidth"":0.673}}"
2026-08-28T19:30:59.541387+00:00,2026-08-28T19:30:58.655+00:00,mic_level_sample,,a,show-qfstpj50,,,,,,,,,,,,,,,,,,,,,,,,,,,,,,,,,,"{""deviceId"":""39fae2b7de1ac0ad5463a5ba3dd688ee748a5433d1272fa9afbea3233dae361b"",""inputRms"":0.00014406898615433882,""outputRms"":0.00014406898615433882,""deviceLabel"":""MacBook Air Microphone (Built-in)"",""audioContextState"":""running""}"
2026-08-28T19:30:59.541387+00:00,2026-08-28T19:30:58.885+00:00,track_liveness_snapshot,,a,show-qfstpj50,,,,,,,,,,,,,,,,,,,,,,,,,,,,,,,,,,"{""entries"":[{""key"":""contestant-a-297a1aba:TR_VCiazSiwiK3Qco"",""frames"":null,""reason"":null,""staleSec"":1313,""probation"":false},{""key"":""camfeed-a-side-85a03b34:TR_VC6cRdqSsicRiY"",""frames"":5523,""reason"":null,""staleSec"":0,""probation"":false},{""key"":""camfeed-a-close-883f2976:TR_VCToTYNatDX5PC"",""frames"":1771,""reason"":null,""staleSec"":0,""probation"":false}],""trackCount"":3,""ineligibleCount"":0}"
2026-08-28T19:30:59.541387+00:00,2026-08-28T19:30:58.949+00:00,director_shot_emitted,,a,show-qfstpj50,,,,,,,,,,,,,,,,,,,,,,,,,,,,,,,,,,"{""shot"":""mediumCU"",""slot"":""a"",""sourceRole"":""main"",""decisionSource"":""auto"",""targetIdentity"":""contestant-a-297a1aba""}"
2026-08-28T19:30:59.541387+00:00,2026-08-28T19:30:58.949+00:00,shot_publish_success,,a,show-qfstpj50,,,,,,,,,,,,,,,,,,,,,,,,,,,,,,,,,,"{""shot"":""mediumCU"",""slot"":""a"",""commandId"":""e49e055d-854a-4f6e-9042-7b24381f02de"",""decisionSource"":""auto"",""connectionState"":""connected""}"
2026-08-28T19:31:00.570538+00:00,2026-08-28T19:30:59.386+00:00,pub_stats,,a,show-qfstpj50,3007068,7370738,2934460,60,60,0,30,30,41.73,none,f,f+h+q,3,1080,1920,1080,1920,"SimulcastEncoderAdapter (libvpx, libvpx, libvpx)",23,0,12,0,0,0.0007,0.022,0,,,,,,,live:a,"{""qualityLimitationDurations"":{""cpu"":0,""none"":1313.736,""other"":0,""bandwidth"":0.673}}"
2026-08-28T19:31:01.788068+00:00,2026-08-28T19:31:01.09+00:00,window_blur,,a,show-qfstpj50,,,,,,,,,,,,,,,,,,,,,,,,,,,,,,,,,,
2026-08-28T19:31:02.526279+00:00,2026-08-28T19:31:01.385+00:00,pub_stats,,a,show-qfstpj50,2833865,7370738,3000000,60,60,0,30,30,42.17,none,f,f+h+q,3,1080,1920,1080,1920,"SimulcastEncoderAdapter (libvpx, libvpx, libvpx)",23,0,12,0,0,0.0006219999999999999,0.022,0,,,,,,,live:a,"{""qualityLimitationDurations"":{""cpu"":0,""none"":1315.735,""other"":0,""bandwidth"":0.673}}"
2026-08-28T19:31:04.599848+00:00,2026-08-28T19:31:03.385+00:00,pub_stats,,a,show-qfstpj50,3028844,7370738,3000000,60,60,0,30,30,33.5,none,f,f+h+q,3,1080,1920,1080,1920,"SimulcastEncoderAdapter (libvpx, libvpx, libvpx)",23,0,12,0,0,0.000511,0.022,0,,,,,,,live:a,"{""qualityLimitationDurations"":{""cpu"":0,""none"":1317.735,""other"":0,""bandwidth"":0.673}}"
2026-08-28T19:31:04.599848+00:00,2026-08-28T19:31:03.386+00:00,director_heartbeat,,a,show-qfstpj50,,,,,,,,,,,,,,,,,,,,,,,,,,,,,,,,,,"{""state"":""running""}"
2026-08-28T19:31:04.599848+00:00,2026-08-28T19:31:03.655+00:00,mic_level_sample,,a,show-qfstpj50,,,,,,,,,,,,,,,,,,,,,,,,,,,,,,,,,,"{""deviceId"":""39fae2b7de1ac0ad5463a5ba3dd688ee748a5433d1272fa9afbea3233dae361b"",""inputRms"":0.00010786049087936347,""outputRms"":0.00010786049087936347,""deviceLabel"":""MacBook Air Microphone (Built-in)"",""audioContextState"":""running""}"
2026-08-28T19:31:04.599848+00:00,2026-08-28T19:31:03.885+00:00,track_liveness_snapshot,,a,show-qfstpj50,,,,,,,,,,,,,,,,,,,,,,,,,,,,,,,,,,"{""entries"":[{""key"":""contestant-a-297a1aba:TR_VCiazSiwiK3Qco"",""frames"":null,""reason"":null,""staleSec"":1318,""probation"":false},{""key"":""camfeed-a-side-85a03b34:TR_VC6cRdqSsicRiY"",""frames"":5673,""reason"":null,""staleSec"":1,""probation"":false},{""key"":""camfeed-a-close-883f2976:TR_VCToTYNatDX5PC"",""frames"":1921,""reason"":null,""staleSec"":1,""probation"":false}],""trackCount"":3,""ineligibleCount"":0}"
2026-08-28T19:31:05.877201+00:00,2026-08-28T19:31:04.68+00:00,room_state_at_mount,,viewer,show-qfstpj50,,,,,,,,,,,,,,,,,,,,,,,,,,,,,,,,,,"{""state"":""disconnected"",""transport"":{""pcState"":""new"",""signalWs"":null,""available"":true,""roomState"":""disconnected"",""hasPcManager"":false,""publisherIce"":null,""subscriberIce"":null,""verifyTransport"":false,""pcTransportState"":null,""publisherPromiseSet"":false,""publisherIceConnected"":null}}"
2026-08-28T19:31:05.877201+00:00,2026-08-28T19:31:04.685+00:00,room_connection_state_changed,,viewer,show-qfstpj50,,,,,,,,,,,,,,,,,,,,,,,,,,,,,,,,,,"{""state"":""connecting""}"
2026-08-28T19:31:05.877201+00:00,2026-08-28T19:31:04.807+00:00,wake_lock_acquired,,viewer,show-qfstpj50,,,,,,,,,,,,,,,,,,,,,,,,,,,,,,,,,live:viewer,
2026-08-28T19:31:05.877201+00:00,2026-08-28T19:31:04.857+00:00,session_state_subscribed,,viewer,show-qfstpj50,,,,,,,,,,,,,,,,,,,,,,,,,,,,,,,,,,"{""showId"":""0ada2c0a-56dd-419d-97f9-80d3d41f52f9""}"
2026-08-28T19:31:05.877201+00:00,2026-08-28T19:31:05.329+00:00,room_connection_state_changed,,viewer,show-qfstpj50,,,,,,,,,,,,,,,,,,,,,,,,,,,,,,,,,,"{""state"":""connected""}"
2026-08-28T19:31:05.877201+00:00,2026-08-28T19:31:05.329+00:00,room_connected,,viewer,show-qfstpj50,,,,,,,,,,,,,,,,,,,,,,,,,,,,,,,,,,"{""state"":""connected"",""transport"":{""pcState"":""connected"",""signalWs"":""open"",""available"":true,""roomState"":""connected"",""hasPcManager"":true,""publisherIce"":""connected"",""subscriberIce"":null,""verifyTransport"":true,""pcTransportState"":2,""publisherPromiseSet"":false,""publisherIceConnected"":true}}"
2026-08-28T19:31:05.877201+00:00,2026-08-28T19:31:05.33+00:00,track_subscribed,,viewer,show-qfstpj50,,,,,,,,,,,,,,,,,,,,,,,,,,,,,,,camera,,,"{""kind"":""video"",""trackSid"":""TR_VCiazSiwiK3Qco"",""participantIdentity"":""contestant-a-297a1aba""}"
2026-08-28T19:31:05.877201+00:00,2026-08-28T19:31:05.33+00:00,track_subscribed,,viewer,show-qfstpj50,,,,,,,,,,,,,,,,,,,,,,,,,,,,,,,camera,,,"{""kind"":""video"",""trackSid"":""TR_VCToTYNatDX5PC"",""participantIdentity"":""camfeed-a-close-883f2976""}"
2026-08-28T19:31:05.877201+00:00,2026-08-28T19:31:05.33+00:00,track_subscribed,,viewer,show-qfstpj50,,,,,,,,,,,,,,,,,,,,,,,,,,,,,,,camera,,,"{""kind"":""video"",""trackSid"":""TR_VC6cRdqSsicRiY"",""participantIdentity"":""camfeed-a-side-85a03b34""}"
2026-08-28T19:31:05.877201+00:00,2026-08-28T19:31:05.33+00:00,track_subscribed,,viewer,show-qfstpj50,,,,,,,,,,,,,,,,,,,,,,,,,,,,,,,microphone,,,"{""kind"":""audio"",""trackSid"":""TR_AMXUGbWUcUtwiA"",""participantIdentity"":""contestant-a-297a1aba""}"
2026-08-28T19:31:06.525009+00:00,2026-08-28T19:31:05.385+00:00,pub_stats,,a,show-qfstpj50,3043740,7370738,2962500,60,60,0,30,30,32.25,none,f,f+h+q,3,1080,1920,1080,1920,"SimulcastEncoderAdapter (libvpx, libvpx, libvpx)",24,0,13,0,0,0.000588,0.024,0,,,,,,,live:a,"{""qualityLimitationDurations"":{""cpu"":0,""none"":1319.736,""other"":0,""bandwidth"":0.673}}"
2026-08-28T19:31:05.877201+00:00,2026-08-28T19:31:05.682+00:00,track_liveness_snapshot,,viewer,show-qfstpj50,,,,,,,,,,,,,,,,,,,,,,,,,,,,,,,,,,"{""entries"":[{""key"":""contestant-a-297a1aba:TR_VCiazSiwiK3Qco"",""frames"":null,""reason"":null,""staleSec"":0,""probation"":false},{""key"":""camfeed-a-side-85a03b34:TR_VC6cRdqSsicRiY"",""frames"":null,""reason"":null,""staleSec"":0,""probation"":false},{""key"":""camfeed-a-close-883f2976:TR_VCToTYNatDX5PC"",""frames"":null,""reason"":null,""staleSec"":0,""probation"":false}],""trackCount"":3,""ineligibleCount"":0}"
2026-08-28T19:31:08.542083+00:00,2026-08-28T19:31:07.385+00:00,pub_stats,,a,show-qfstpj50,3137524,7370738,2842430,60,60,0,30,30,49.45,none,f,f+h+q,3,1080,1920,1080,1920,"SimulcastEncoderAdapter (libvpx, libvpx, libvpx)",25,0,14,0,0,0.0007329999999999999,0.023,0,,,,,,,live:a,"{""qualityLimitationDurations"":{""cpu"":0,""none"":1321.735,""other"":0,""bandwidth"":0.673}}"
2026-08-28T19:31:09.55143+00:00,2026-08-28T19:31:08.655+00:00,mic_level_sample,,a,show-qfstpj50,,,,,,,,,,,,,,,,,,,,,,,,,,,,,,,,,,"{""deviceId"":""39fae2b7de1ac0ad5463a5ba3dd688ee748a5433d1272fa9afbea3233dae361b"",""inputRms"":0.0003766901468376358,""outputRms"":0.0003766901468376358,""deviceLabel"":""MacBook Air Microphone (Built-in)"",""audioContextState"":""running""}"
2026-08-28T19:31:09.55143+00:00,2026-08-28T19:31:08.655+00:00,mic_silent,,a,show-qfstpj50,,,,,,,,,,,,,,,,,,,,,,,,,,,,,,,,,,"{""inputRms"":0.0003766901468376358,""outputRms"":0.0003766901468376358,""silentSinceMs"":1787945458655,""audioContextState"":""running""}"
2026-08-28T19:31:09.55143+00:00,2026-08-28T19:31:08.885+00:00,track_liveness_snapshot,,a,show-qfstpj50,,,,,,,,,,,,,,,,,,,,,,,,,,,,,,,,,,"{""entries"":[{""key"":""contestant-a-297a1aba:TR_VCiazSiwiK3Qco"",""frames"":null,""reason"":null,""staleSec"":1323,""probation"":false},{""key"":""camfeed-a-side-85a03b34:TR_VC6cRdqSsicRiY"",""frames"":5822,""reason"":null,""staleSec"":1,""probation"":false},{""key"":""camfeed-a-close-883f2976:TR_VCToTYNatDX5PC"",""frames"":2072,""reason"":null,""staleSec"":1,""probation"":false}],""trackCount"":3,""ineligibleCount"":0}"
2026-08-28T19:31:10.546138+00:00,2026-08-28T19:31:09.386+00:00,pub_stats,,a,show-qfstpj50,2677045,7370738,3000000,60,60,0,30,30,68.25,none,f,f+h+q,3,1080,1920,1080,1920,"SimulcastEncoderAdapter (libvpx, libvpx, libvpx)",25,0,14,0,0,0.000633,0.023,0,,,,,,,live:a,"{""qualityLimitationDurations"":{""cpu"":0,""none"":1323.736,""other"":0,""bandwidth"":0.673}}"
2026-08-28T19:31:12.036055+00:00,2026-08-28T19:31:10.685+00:00,track_liveness_snapshot,,viewer,show-qfstpj50,,,,,,,,,,,,,,,,,,,,,,,,,,,,,,,,,,"{""entries"":[{""key"":""contestant-a-297a1aba:TR_VCiazSiwiK3Qco"",""frames"":122,""reason"":null,""staleSec"":1,""probation"":false},{""key"":""camfeed-a-side-85a03b34:TR_VC6cRdqSsicRiY"",""frames"":118,""reason"":null,""staleSec"":1,""probation"":false},{""key"":""camfeed-a-close-883f2976:TR_VCToTYNatDX5PC"",""frames"":123,""reason"":null,""staleSec"":1,""probation"":false}],""trackCount"":3,""ineligibleCount"":0}"
2026-08-28T19:31:12.723897+00:00,2026-08-28T19:31:11.387+00:00,pub_stats,,a,show-qfstpj50,3075014,7370738,3000000,60,60,0,30,30,48.8,none,f,f+h+q,3,1080,1920,1080,1920,"SimulcastEncoderAdapter (libvpx, libvpx, libvpx)",25,0,14,0,0,0.000566,0.023,0,,,,,,,live:a,"{""qualityLimitationDurations"":{""cpu"":0,""none"":1325.737,""other"":0,""bandwidth"":0.673}}"
2026-08-28T19:31:12.723897+00:00,2026-08-28T19:31:12.381+00:00,director_shot_emitted,,a,show-qfstpj50,,,,,,,,,,,,,,,,,,,,,,,,,,,,,,,,,,"{""shot"":""closeUp"",""slot"":""a"",""sourceRole"":""close"",""decisionSource"":""auto"",""targetIdentity"":""camfeed-a-close-883f2976""}"
2026-08-28T19:31:12.723897+00:00,2026-08-28T19:31:12.381+00:00,shot_publish_success,,a,show-qfstpj50,,,,,,,,,,,,,,,,,,,,,,,,,,,,,,,,,,"{""shot"":""closeUp"",""slot"":""a"",""commandId"":""852f0012-7b6a-47b0-a445-a64f22a8b172"",""decisionSource"":""auto"",""connectionState"":""connected""}"
2026-08-28T19:31:14.777337+00:00,2026-08-28T19:31:13.385+00:00,pub_stats,,a,show-qfstpj50,2869634,7370738,3000000,60,60,0,30,30,40.93,none,f,f+h+q,3,1080,1920,1080,1920,"SimulcastEncoderAdapter (libvpx, libvpx, libvpx)",25,0,14,0,0,0.000744,0.023,0,,,,,,,live:a,"{""qualityLimitationDurations"":{""cpu"":0,""none"":1327.735,""other"":0,""bandwidth"":0.673}}"
2026-08-28T19:31:14.777337+00:00,2026-08-28T19:31:13.387+00:00,director_heartbeat,,a,show-qfstpj50,,,,,,,,,,,,,,,,,,,,,,,,,,,,,,,,,,"{""state"":""running""}"
2026-08-28T19:31:14.777337+00:00,2026-08-28T19:31:13.655+00:00,mic_level_sample,,a,show-qfstpj50,,,,,,,,,,,,,,,,,,,,,,,,,,,,,,,,,,"{""deviceId"":""39fae2b7de1ac0ad5463a5ba3dd688ee748a5433d1272fa9afbea3233dae361b"",""inputRms"":0.00023139424778081873,""outputRms"":0.00023139424778081873,""deviceLabel"":""MacBook Air Microphone (Built-in)"",""audioContextState"":""running""}"
2026-08-28T19:31:14.777337+00:00,2026-08-28T19:31:13.885+00:00,track_liveness_snapshot,,a,show-qfstpj50,,,,,,,,,,,,,,,,,,,,,,,,,,,,,,,,,,"{""entries"":[{""key"":""contestant-a-297a1aba:TR_VCiazSiwiK3Qco"",""frames"":null,""reason"":null,""staleSec"":1328,""probation"":false},{""key"":""camfeed-a-side-85a03b34:TR_VC6cRdqSsicRiY"",""frames"":5944,""reason"":null,""staleSec"":1,""probation"":false},{""key"":""camfeed-a-close-883f2976:TR_VCToTYNatDX5PC"",""frames"":2222,""reason"":null,""staleSec"":1,""probation"":false}],""trackCount"":3,""ineligibleCount"":0}"
2026-08-28T19:31:14.777337+00:00,2026-08-28T19:31:14.087+00:00,window_focus,,a,show-qfstpj50,,,,,,,,,,,,,,,,,,,,,,,,,,,,,,,,,,
2026-08-28T19:31:14.847698+00:00,2026-08-28T19:31:14.104+00:00,window_blur,,viewer,show-qfstpj50,,,,,,,,,,,,,,,,,,,,,,,,,,,,,,,,,,
2026-08-28T19:31:16.531738+00:00,2026-08-28T19:31:15.387+00:00,pub_stats,,a,show-qfstpj50,2957598,7370738,2916560,55,55,0,25,26,34.96,none,f,f+h+q,3,1080,1920,1080,1920,"SimulcastEncoderAdapter (libvpx, libvpx, libvpx)",25,0,14,0,0,0.0005549999999999999,0.024,0,,,,,,,live:a,"{""qualityLimitationDurations"":{""cpu"":0,""none"":1329.737,""other"":0,""bandwidth"":0.673}}"
2026-08-28T19:31:16.531738+00:00,2026-08-28T19:31:15.54+00:00,window_blur,,a,show-qfstpj50,,,,,,,,,,,,,,,,,,,,,,,,,,,,,,,,,,
2026-08-28T19:31:16.838879+00:00,2026-08-28T19:31:15.687+00:00,track_liveness_snapshot,,viewer,show-qfstpj50,,,,,,,,,,,,,,,,,,,,,,,,,,,,,,,,,,"{""entries"":[{""key"":""contestant-a-297a1aba:TR_VCiazSiwiK3Qco"",""frames"":295,""reason"":null,""staleSec"":0,""probation"":false},{""key"":""camfeed-a-side-85a03b34:TR_VC6cRdqSsicRiY"",""frames"":266,""reason"":null,""staleSec"":0,""probation"":false},{""key"":""camfeed-a-close-883f2976:TR_VCToTYNatDX5PC"",""frames"":302,""reason"":null,""staleSec"":0,""probation"":false}],""trackCount"":3,""ineligibleCount"":0}"
2026-08-28T19:31:18.539949+00:00,2026-08-28T19:31:17.385+00:00,pub_stats,,a,show-qfstpj50,2857217,7370738,3000000,58,58,0,30,30,55.53,none,f,f+h+q,3,1080,1920,1080,1920,"SimulcastEncoderAdapter (libvpx, libvpx, libvpx)",25,0,14,0,0,0.001011,0.023,0,,,,,,,live:a,"{""qualityLimitationDurations"":{""cpu"":0,""none"":1331.735,""other"":0,""bandwidth"":0.673}}"
2026-08-28T19:31:19.535187+00:00,2026-08-28T19:31:18.655+00:00,mic_recovered,,a,show-qfstpj50,,,,,,,,,,,,,,,,,,,,,,,,,,,,,,,,,,"{""inputRms"":0.05732409296088233,""outputRms"":0.05732409296088233,""silentDurationMs"":20000,""audioContextState"":""running""}"
2026-08-28T19:31:19.535187+00:00,2026-08-28T19:31:18.655+00:00,mic_level_sample,,a,show-qfstpj50,,,,,,,,,,,,,,,,,,,,,,,,,,,,,,,,,,"{""deviceId"":""39fae2b7de1ac0ad5463a5ba3dd688ee748a5433d1272fa9afbea3233dae361b"",""inputRms"":0.05732409296088233,""outputRms"":0.05732409296088233,""deviceLabel"":""MacBook Air Microphone (Built-in)"",""audioContextState"":""running""}"
2026-08-28T19:31:19.535187+00:00,2026-08-28T19:31:19.006+00:00,shot_publish_success,,a,show-qfstpj50,,,,,,,,,,,,,,,,,,,,,,,,,,,,,,,,,,"{""shot"":""bRoll"",""slot"":""a"",""commandId"":""ee9c3531-2501-49b2-a0a4-d192b95aa973"",""decisionSource"":""auto"",""connectionState"":""connected""}"
2026-08-28T19:31:19.535187+00:00,2026-08-28T19:31:19.006+00:00,director_shot_emitted,,a,show-qfstpj50,,,,,,,,,,,,,,,,,,,,,,,,,,,,,,,,,,"{""shot"":""bRoll"",""slot"":""a"",""sourceRole"":""side"",""decisionSource"":""auto"",""targetIdentity"":""camfeed-a-side-85a03b34""}"
2026-08-28T19:31:19.535187+00:00,2026-08-28T19:31:19.385+00:00,track_liveness_snapshot,,a,show-qfstpj50,,,,,,,,,,,,,,,,,,,,,,,,,,,,,,,,,,"{""entries"":[{""key"":""contestant-a-297a1aba:TR_VCiazSiwiK3Qco"",""frames"":null,""reason"":null,""staleSec"":1334,""probation"":false},{""key"":""camfeed-a-side-85a03b34:TR_VC6cRdqSsicRiY"",""frames"":6064,""reason"":null,""staleSec"":1,""probation"":false},{""key"":""camfeed-a-close-883f2976:TR_VCToTYNatDX5PC"",""frames"":2371,""reason"":null,""staleSec"":1,""probation"":false}],""trackCount"":3,""ineligibleCount"":0}"
2026-08-28T19:31:20.524326+00:00,2026-08-28T19:31:19.385+00:00,pub_stats,,a,show-qfstpj50,3102976,7370738,2990767,60,60,0,30,30,38.87,none,f,f+h+q,3,1080,1920,1080,1920,"SimulcastEncoderAdapter (libvpx, libvpx, libvpx)",25,0,14,0,0,0.000633,0.023,0,,,,,,,live:a,"{""qualityLimitationDurations"":{""cpu"":0,""none"":1333.736,""other"":0,""bandwidth"":0.673}}"
2026-08-28T19:31:21.82867+00:00,2026-08-28T19:31:20.691+00:00,track_liveness_snapshot,,viewer,show-qfstpj50,,,,,,,,,,,,,,,,,,,,,,,,,,,,,,,,,,"{""entries"":[{""key"":""contestant-a-297a1aba:TR_VCiazSiwiK3Qco"",""frames"":445,""reason"":null,""staleSec"":0,""probation"":false},{""key"":""camfeed-a-side-85a03b34:TR_VC6cRdqSsicRiY"",""frames"":365,""reason"":null,""staleSec"":0,""probation"":false},{""key"":""camfeed-a-close-883f2976:TR_VCToTYNatDX5PC"",""frames"":453,""reason"":null,""staleSec"":0,""probation"":false}],""trackCount"":3,""ineligibleCount"":0}"
2026-08-28T19:31:21.527597+00:00,2026-08-28T19:31:21.052+00:00,window_focus,,a,show-qfstpj50,,,,,,,,,,,,,,,,,,,,,,,,,,,,,,,,,,
2026-08-28T19:31:22.529744+00:00,2026-08-28T19:31:21.386+00:00,pub_stats,,a,show-qfstpj50,3022821,7370738,2934495,60,60,0,30,30,34.13,none,f,f+h+q,3,1080,1920,1080,1920,"SimulcastEncoderAdapter (libvpx, libvpx, libvpx)",25,0,14,0,0,0.000511,0.023,0,,,,,,,live:a,"{""qualityLimitationDurations"":{""cpu"":0,""none"":1335.736,""other"":0,""bandwidth"":0.673}}"
2026-08-28T19:31:22.529744+00:00,2026-08-28T19:31:21.544+00:00,audio_host_track_loaded,,a,show-qfstpj50,,,,,,,,,,,,,,,,,,,,,,,,,,,,,,,,,,"{""trackHash"":""cb1a5d97f140508b8dcf44f0e214af0ca1f65e29ad9a997c0b6ffeadfbe2cd32"",""trackName"":""YTDown.com_YouTube_SO-FINE-KOREY-OFFICIAL-MUSIC-VIDEO_Media_TbQQHot1YiY_009_128k.mp3""}"
2026-08-28T19:31:24.649312+00:00,2026-08-28T19:31:23.385+00:00,pub_stats,,a,show-qfstpj50,2751268,7370738,3000000,60,60,0,30,30,59.45,none,f,f+h+q,3,1080,1920,1080,1920,"SimulcastEncoderAdapter (libvpx, libvpx, libvpx)",25,0,14,0,0,0.0006439999999999999,0.023,0,,,,,,,live:a,"{""qualityLimitationDurations"":{""cpu"":0,""none"":1337.735,""other"":0,""bandwidth"":0.673}}"
2026-08-28T19:31:24.649312+00:00,2026-08-28T19:31:23.387+00:00,director_heartbeat,,a,show-qfstpj50,,,,,,,,,,,,,,,,,,,,,,,,,,,,,,,,,,"{""state"":""running""}"
2026-08-28T19:31:24.649312+00:00,2026-08-28T19:31:23.654+00:00,mic_level_sample,,a,show-qfstpj50,,,,,,,,,,,,,,,,,,,,,,,,,,,,,,,,,,"{""deviceId"":""39fae2b7de1ac0ad5463a5ba3dd688ee748a5433d1272fa9afbea3233dae361b"",""inputRms"":0.0008657934474421892,""outputRms"":0.0008657934474421892,""deviceLabel"":""MacBook Air Microphone (Built-in)"",""audioContextState"":""running""}"
2026-08-28T19:31:24.649312+00:00,2026-08-28T19:31:24.385+00:00,track_liveness_snapshot,,a,show-qfstpj50,,,,,,,,,,,,,,,,,,,,,,,,,,,,,,,,,,"{""entries"":[{""key"":""contestant-a-297a1aba:TR_VCiazSiwiK3Qco"",""frames"":null,""reason"":null,""staleSec"":1339,""probation"":false},{""key"":""camfeed-a-side-85a03b34:TR_VC6cRdqSsicRiY"",""frames"":6175,""reason"":null,""staleSec"":1,""probation"":false},{""key"":""camfeed-a-close-883f2976:TR_VCToTYNatDX5PC"",""frames"":2521,""reason"":null,""staleSec"":1,""probation"":false}],""trackCount"":3,""ineligibleCount"":0}"
2026-08-28T19:31:26.661004+00:00,2026-08-28T19:31:25.386+00:00,pub_stats,,a,show-qfstpj50,3186395,7370738,3000000,60,60,0,30,30,34.75,none,f,f+h+q,3,1080,1920,1080,1920,"SimulcastEncoderAdapter (libvpx, libvpx, libvpx)",25,0,14,0,0,0.0005329999999999999,0.023,0,,,,,,,live:a,"{""qualityLimitationDurations"":{""cpu"":0,""none"":1339.736,""other"":0,""bandwidth"":0.673}}"
2026-08-28T19:31:26.869087+00:00,2026-08-28T19:31:25.697+00:00,track_liveness_snapshot,,viewer,show-qfstpj50,,,,,,,,,,,,,,,,,,,,,,,,,,,,,,,,,,"{""entries"":[{""key"":""contestant-a-297a1aba:TR_VCiazSiwiK3Qco"",""frames"":595,""reason"":null,""staleSec"":0,""probation"":false},{""key"":""camfeed-a-side-85a03b34:TR_VC6cRdqSsicRiY"",""frames"":504,""reason"":null,""staleSec"":0,""probation"":false},{""key"":""camfeed-a-close-883f2976:TR_VCToTYNatDX5PC"",""frames"":603,""reason"":null,""staleSec"":0,""probation"":false}],""trackCount"":3,""ineligibleCount"":0}"
2026-08-28T19:31:28.522329+00:00,2026-08-28T19:31:27.386+00:00,pub_stats,,a,show-qfstpj50,2947176,7370738,3000000,60,60,0,30,30,33.63,none,f,f+h+q,3,1080,1920,1080,1920,"SimulcastEncoderAdapter (libvpx, libvpx, libvpx)",25,0,14,0,0,0.001055,0.023,0,,,,,,,live:a,"{""qualityLimitationDurations"":{""cpu"":0,""none"":1341.736,""other"":0,""bandwidth"":0.673}}"
2026-08-28T19:31:29.534227+00:00,2026-08-28T19:31:28.654+00:00,mic_level_sample,,a,show-qfstpj50,,,,,,,,,,,,,,,,,,,,,,,,,,,,,,,,,,"{""deviceId"":""39fae2b7de1ac0ad5463a5ba3dd688ee748a5433d1272fa9afbea3233dae361b"",""inputRms"":0.0014281108040201205,""outputRms"":0.0014281108040201205,""deviceLabel"":""MacBook Air Microphone (Built-in)"",""audioContextState"":""running""}"
2026-08-28T19:31:30.533909+00:00,2026-08-28T19:31:29.385+00:00,pub_stats,,a,show-qfstpj50,2954293,7370738,3000000,60,60,0,30,30,32.7,none,f,f+h+q,3,1080,1920,1080,1920,"SimulcastEncoderAdapter (libvpx, libvpx, libvpx)",25,0,14,0,0,0.0007329999999999999,0.022,0,,,,,,,live:a,"{""qualityLimitationDurations"":{""cpu"":0,""none"":1343.736,""other"":0,""bandwidth"":0.673}}"
2026-08-28T19:31:29.534227+00:00,2026-08-28T19:31:29.385+00:00,track_liveness_snapshot,,a,show-qfstpj50,,,,,,,,,,,,,,,,,,,,,,,,,,,,,,,,,,"{""entries"":[{""key"":""contestant-a-297a1aba:TR_VCiazSiwiK3Qco"",""frames"":null,""reason"":null,""staleSec"":1344,""probation"":false},{""key"":""camfeed-a-side-85a03b34:TR_VC6cRdqSsicRiY"",""frames"":6326,""reason"":null,""staleSec"":1,""probation"":false},{""key"":""camfeed-a-close-883f2976:TR_VCToTYNatDX5PC"",""frames"":2671,""reason"":null,""staleSec"":1,""probation"":false}],""trackCount"":3,""ineligibleCount"":0}"
2026-08-28T19:31:31.853833+00:00,2026-08-28T19:31:30.701+00:00,track_liveness_snapshot,,viewer,show-qfstpj50,,,,,,,,,,,,,,,,,,,,,,,,,,,,,,,,,,"{""entries"":[{""key"":""contestant-a-297a1aba:TR_VCiazSiwiK3Qco"",""frames"":745,""reason"":null,""staleSec"":0,""probation"":false},{""key"":""camfeed-a-side-85a03b34:TR_VC6cRdqSsicRiY"",""frames"":655,""reason"":null,""staleSec"":0,""probation"":false},{""key"":""camfeed-a-close-883f2976:TR_VCToTYNatDX5PC"",""frames"":753,""reason"":null,""staleSec"":0,""probation"":false}],""trackCount"":3,""ineligibleCount"":0}"
2026-08-28T19:31:32.52558+00:00,2026-08-28T19:31:31.385+00:00,pub_stats,,a,show-qfstpj50,2941552,7370738,3000000,59,59,0,30,31,31.66,none,f,f+h+q,3,1080,1920,1080,1920,"SimulcastEncoderAdapter (libvpx, libvpx, libvpx)",25,0,14,0,0,0.000744,0.022,0,,,,,,,live:a,"{""qualityLimitationDurations"":{""cpu"":0,""none"":1345.735,""other"":0,""bandwidth"":0.673}}"
2026-08-28T19:31:33.544266+00:00,2026-08-28T19:31:32.644+00:00,shot_publish_success,,a,show-qfstpj50,,,,,,,,,,,,,,,,,,,,,,,,,,,,,,,,,,"{""shot"":""mediumCU"",""slot"":""a"",""commandId"":""4d966f3f-ed8c-494d-80fa-688b09598091"",""decisionSource"":""auto"",""connectionState"":""connected""}"
2026-08-28T19:31:33.544266+00:00,2026-08-28T19:31:32.644+00:00,director_shot_emitted,,a,show-qfstpj50,,,,,,,,,,,,,,,,,,,,,,,,,,,,,,,,,,"{""shot"":""mediumCU"",""slot"":""a"",""sourceRole"":""main"",""decisionSource"":""auto"",""targetIdentity"":""contestant-a-297a1aba""}"
2026-08-28T19:31:34.531604+00:00,2026-08-28T19:31:33.385+00:00,pub_stats,,a,show-qfstpj50,3053972,7370738,2909282,60,60,0,30,31,31.83,none,f,f+h+q,3,1080,1920,1080,1920,"SimulcastEncoderAdapter (libvpx, libvpx, libvpx)",25,0,14,0,0,0.000811,0.022,0,,,,,,,live:a,"{""qualityLimitationDurations"":{""cpu"":0,""none"":1347.735,""other"":0,""bandwidth"":0.673}}"
2026-08-28T19:31:34.531604+00:00,2026-08-28T19:31:33.387+00:00,director_heartbeat,,a,show-qfstpj50,,,,,,,,,,,,,,,,,,,,,,,,,,,,,,,,,,"{""state"":""running""}"
2026-08-28T19:31:34.531604+00:00,2026-08-28T19:31:33.653+00:00,mic_level_sample,,a,show-qfstpj50,,,,,,,,,,,,,,,,,,,,,,,,,,,,,,,,,,"{""deviceId"":""39fae2b7de1ac0ad5463a5ba3dd688ee748a5433d1272fa9afbea3233dae361b"",""inputRms"":0.0007910656878037815,""outputRms"":0.07475011192434519,""deviceLabel"":""MacBook Air Microphone (Built-in)"",""audioContextState"":""running""}"
2026-08-28T19:31:35.543003+00:00,2026-08-28T19:31:34.885+00:00,track_liveness_snapshot,,a,show-qfstpj50,,,,,,,,,,,,,,,,,,,,,,,,,,,,,,,,,,"{""entries"":[{""key"":""contestant-a-297a1aba:TR_VCiazSiwiK3Qco"",""frames"":null,""reason"":null,""staleSec"":1349,""probation"":false},{""key"":""camfeed-a-side-85a03b34:TR_VC6cRdqSsicRiY"",""frames"":6506,""reason"":null,""staleSec"":1,""probation"":false},{""key"":""camfeed-a-close-883f2976:TR_VCToTYNatDX5PC"",""frames"":2851,""reason"":null,""staleSec"":1,""probation"":false}],""trackCount"":3,""ineligibleCount"":0}"
2026-08-28T19:31:36.526604+00:00,2026-08-28T19:31:35.386+00:00,pub_stats,,a,show-qfstpj50,3071640,7370738,2920093,60,60,0,30,31,40.33,none,f,f+h+q,3,1080,1920,1080,1920,"SimulcastEncoderAdapter (libvpx, libvpx, libvpx)",25,0,14,0,0,0.0007109999999999999,0.022,0,,,,,,,live:a,"{""qualityLimitationDurations"":{""cpu"":0,""none"":1349.736,""other"":0,""bandwidth"":0.673}}"
2026-08-28T19:31:36.903391+00:00,2026-08-28T19:31:35.707+00:00,track_liveness_snapshot,,viewer,show-qfstpj50,,,,,,,,,,,,,,,,,,,,,,,,,,,,,,,,,,"{""entries"":[{""key"":""contestant-a-297a1aba:TR_VCiazSiwiK3Qco"",""frames"":895,""reason"":null,""staleSec"":0,""probation"":false},{""key"":""camfeed-a-side-85a03b34:TR_VC6cRdqSsicRiY"",""frames"":802,""reason"":null,""staleSec"":0,""probation"":false},{""key"":""camfeed-a-close-883f2976:TR_VCToTYNatDX5PC"",""frames"":903,""reason"":null,""staleSec"":0,""probation"":false}],""trackCount"":3,""ineligibleCount"":0}"
2026-08-28T19:31:38.592164+00:00,2026-08-28T19:31:37.385+00:00,pub_stats,,a,show-qfstpj50,2832020,7370738,3000000,60,60,0,30,31,39.03,none,f,f+h+q,3,1080,1920,1080,1920,"SimulcastEncoderAdapter (libvpx, libvpx, libvpx)",25,0,14,0,0,0.0006219999999999999,0.023,0,,,,,,,live:a,"{""qualityLimitationDurations"":{""cpu"":0,""none"":1351.736,""other"":0,""bandwidth"":0.673}}"
2026-08-28T19:31:39.549588+00:00,2026-08-28T19:31:38.655+00:00,mic_level_sample,,a,show-qfstpj50,,,,,,,,,,,,,,,,,,,,,,,,,,,,,,,,,,"{""deviceId"":""39fae2b7de1ac0ad5463a5ba3dd688ee748a5433d1272fa9afbea3233dae361b"",""inputRms"":0.00007509548469146335,""outputRms"":0.10562238954247546,""deviceLabel"":""MacBook Air Microphone (Built-in)"",""audioContextState"":""running""}"
2026-08-28T19:31:40.524318+00:00,2026-08-28T19:31:39.385+00:00,pub_stats,,a,show-qfstpj50,3088724,7370738,2975233,60,60,0,30,31,31.68,none,f,f+h+q,3,1080,1920,1080,1920,"SimulcastEncoderAdapter (libvpx, libvpx, libvpx)",25,0,14,0,0,0.000611,0.023,0,,,,,,,live:a,"{""qualityLimitationDurations"":{""cpu"":0,""none"":1353.735,""other"":0,""bandwidth"":0.673}}"
2026-08-28T19:31:40.524318+00:00,2026-08-28T19:31:40.385+00:00,track_liveness_snapshot,,a,show-qfstpj50,,,,,,,,,,,,,,,,,,,,,,,,,,,,,,,,,,"{""entries"":[{""key"":""contestant-a-297a1aba:TR_VCiazSiwiK3Qco"",""frames"":null,""reason"":null,""staleSec"":1355,""probation"":false},{""key"":""camfeed-a-side-85a03b34:TR_VC6cRdqSsicRiY"",""frames"":6616,""reason"":null,""staleSec"":1,""probation"":false},{""key"":""camfeed-a-close-883f2976:TR_VCToTYNatDX5PC"",""frames"":3001,""reason"":null,""staleSec"":1,""probation"":false}],""trackCount"":3,""ineligibleCount"":0}"
2026-08-28T19:31:42.056735+00:00,2026-08-28T19:31:40.713+00:00,track_liveness_snapshot,,viewer,show-qfstpj50,,,,,,,,,,,,,,,,,,,,,,,,,,,,,,,,,,"{""entries"":[{""key"":""contestant-a-297a1aba:TR_VCiazSiwiK3Qco"",""frames"":1045,""reason"":null,""staleSec"":0,""probation"":false},{""key"":""camfeed-a-side-85a03b34:TR_VC6cRdqSsicRiY"",""frames"":902,""reason"":null,""staleSec"":0,""probation"":false},{""key"":""camfeed-a-close-883f2976:TR_VCToTYNatDX5PC"",""frames"":1053,""reason"":null,""staleSec"":0,""probation"":false}],""trackCount"":3,""ineligibleCount"":0}"
2026-08-28T19:31:42.7427+00:00,2026-08-28T19:31:41.385+00:00,pub_stats,,a,show-qfstpj50,2886920,7370738,3000000,60,60,0,30,31,37.43,none,f,f+h+q,3,1080,1920,1080,1920,"SimulcastEncoderAdapter (libvpx, libvpx, libvpx)",25,0,14,0,0,0.0006659999999999999,0.023,0,,,,,,,live:a,"{""qualityLimitationDurations"":{""cpu"":0,""none"":1355.735,""other"":0,""bandwidth"":0.673}}"
2026-08-28T19:31:43.526827+00:00,2026-08-28T19:31:42.506+00:00,director_shot_emitted,,a,show-qfstpj50,,,,,,,,,,,,,,,,,,,,,,,,,,,,,,,,,,"{""shot"":""closeUp"",""slot"":""a"",""sourceRole"":""close"",""decisionSource"":""auto"",""targetIdentity"":""camfeed-a-close-883f2976""}"
2026-08-28T19:31:43.526827+00:00,2026-08-28T19:31:42.507+00:00,shot_publish_success,,a,show-qfstpj50,,,,,,,,,,,,,,,,,,,,,,,,,,,,,,,,,,"{""shot"":""closeUp"",""slot"":""a"",""commandId"":""73e626ef-cfb8-45fd-9bc3-be77dfb8dc31"",""decisionSource"":""auto"",""connectionState"":""connected""}"
2026-08-28T19:31:44.611274+00:00,2026-08-28T19:31:43.385+00:00,pub_stats,,a,show-qfstpj50,3026140,7370738,3000000,60,60,0,30,31,34.05,none,f,f+h+q,3,1080,1920,1080,1920,"SimulcastEncoderAdapter (libvpx, libvpx, libvpx)",25,0,14,0,0,0.0006,0.023,0,,,,,,,live:a,"{""qualityLimitationDurations"":{""cpu"":0,""none"":1357.735,""other"":0,""bandwidth"":0.673}}"
2026-08-28T19:31:44.611274+00:00,2026-08-28T19:31:43.387+00:00,director_heartbeat,,a,show-qfstpj50,,,,,,,,,,,,,,,,,,,,,,,,,,,,,,,,,,"{""state"":""running""}"
2026-08-28T19:31:44.611274+00:00,2026-08-28T19:31:43.654+00:00,mic_level_sample,,a,show-qfstpj50,,,,,,,,,,,,,,,,,,,,,,,,,,,,,,,,,,"{""deviceId"":""39fae2b7de1ac0ad5463a5ba3dd688ee748a5433d1272fa9afbea3233dae361b"",""inputRms"":0.0004997122873686002,""outputRms"":0.0004997122873686002,""deviceLabel"":""MacBook Air Microphone (Built-in)"",""audioContextState"":""running""}"
2026-08-28T19:31:45.522936+00:00,2026-08-28T19:31:44.582+00:00,mode_changed,,a,show-qfstpj50,,,,,,,,,,,,,,,,,,,,,,,,,,,,,,,,,,"{""mode"":""cue""}"
2026-08-28T19:31:45.522936+00:00,2026-08-28T19:31:44.582+00:00,cue_playback_started,,a,show-qfstpj50,,,,,,,,,,,,,,,,,,,,,,,,,,,,,,,,,,"{""sheetId"":6,""cueCount"":11}"
2026-08-28T19:31:45.522936+00:00,2026-08-28T19:31:45.385+00:00,track_liveness_snapshot,,a,show-qfstpj50,,,,,,,,,,,,,,,,,,,,,,,,,,,,,,,,,,"{""entries"":[{""key"":""contestant-a-297a1aba:TR_VCiazSiwiK3Qco"",""frames"":null,""reason"":null,""staleSec"":1360,""probation"":false},{""key"":""camfeed-a-side-85a03b34:TR_VC6cRdqSsicRiY"",""frames"":6716,""reason"":null,""staleSec"":1,""probation"":false},{""key"":""camfeed-a-close-883f2976:TR_VCToTYNatDX5PC"",""frames"":3151,""reason"":null,""staleSec"":1,""probation"":false}],""trackCount"":3,""ineligibleCount"":0}"
2026-08-28T19:31:46.526117+00:00,2026-08-28T19:31:45.386+00:00,pub_stats,,a,show-qfstpj50,3029165,7370738,3000000,60,60,0,30,31,33.07,none,f,f+h+q,3,1080,1920,1080,1920,"SimulcastEncoderAdapter (libvpx, libvpx, libvpx)",25,0,14,0,0,0.000677,0.023,0,,,,,,,live:a,"{""qualityLimitationDurations"":{""cpu"":0,""none"":1359.736,""other"":0,""bandwidth"":0.673}}"
2026-08-28T19:31:46.877294+00:00,2026-08-28T19:31:45.717+00:00,track_liveness_snapshot,,viewer,show-qfstpj50,,,,,,,,,,,,,,,,,,,,,,,,,,,,,,,,,,"{""entries"":[{""key"":""contestant-a-297a1aba:TR_VCiazSiwiK3Qco"",""frames"":1195,""reason"":null,""staleSec"":0,""probation"":false},{""key"":""camfeed-a-side-85a03b34:TR_VC6cRdqSsicRiY"",""frames"":1009,""reason"":null,""staleSec"":0,""probation"":false},{""key"":""camfeed-a-close-883f2976:TR_VCToTYNatDX5PC"",""frames"":1203,""reason"":null,""staleSec"":0,""probation"":false}],""trackCount"":3,""ineligibleCount"":0}"
2026-08-28T19:31:46.526117+00:00,2026-08-28T19:31:46.02+00:00,window_blur,,a,show-qfstpj50,,,,,,,,,,,,,,,,,,,,,,,,,,,,,,,,,,
2026-08-28T19:31:48.535059+00:00,2026-08-28T19:31:47.386+00:00,pub_stats,,a,show-qfstpj50,2929416,7370738,2981112,60,60,0,30,30,32.32,none,f,f+h+q,3,1080,1920,1080,1920,"SimulcastEncoderAdapter (libvpx, libvpx, libvpx)",25,0,14,0,0,0.000833,0.022,0,,,,,,,live:a,"{""qualityLimitationDurations"":{""cpu"":0,""none"":1361.736,""other"":0,""bandwidth"":0.673}}"
2026-08-28T19:31:48.535059+00:00,2026-08-28T19:31:48.201+00:00,window_focus,,a,show-qfstpj50,,,,,,,,,,,,,,,,,,,,,,,,,,,,,,,,,,
2026-08-28T19:31:49.60866+00:00,2026-08-28T19:31:48.653+00:00,mic_level_sample,,a,show-qfstpj50,,,,,,,,,,,,,,,,,,,,,,,,,,,,,,,,,,"{""deviceId"":""39fae2b7de1ac0ad5463a5ba3dd688ee748a5433d1272fa9afbea3233dae361b"",""inputRms"":0.001288631178033691,""outputRms"":0.001288631178033691,""deviceLabel"":""MacBook Air Microphone (Built-in)"",""audioContextState"":""running""}"
2026-08-28T19:31:50.533124+00:00,2026-08-28T19:31:49.385+00:00,pub_stats,,a,show-qfstpj50,3052174,7370738,2990585,60,60,0,30,30,30.48,none,f,f+h+q,3,1080,1920,1080,1920,"SimulcastEncoderAdapter (libvpx, libvpx, libvpx)",25,0,14,0,0,0.000466,0.025,0,,,,,,,live:a,"{""qualityLimitationDurations"":{""cpu"":0,""none"":1363.735,""other"":0,""bandwidth"":0.673}}"
2026-08-28T19:31:50.533124+00:00,2026-08-28T19:31:50.385+00:00,track_liveness_snapshot,,a,show-qfstpj50,,,,,,,,,,,,,,,,,,,,,,,,,,,,,,,,,,"{""entries"":[{""key"":""contestant-a-297a1aba:TR_VCiazSiwiK3Qco"",""frames"":null,""reason"":null,""staleSec"":1365,""probation"":false},{""key"":""camfeed-a-side-85a03b34:TR_VC6cRdqSsicRiY"",""frames"":6858,""reason"":null,""staleSec"":1,""probation"":false},{""key"":""camfeed-a-close-883f2976:TR_VCToTYNatDX5PC"",""frames"":3301,""reason"":null,""staleSec"":1,""probation"":false}],""trackCount"":3,""ineligibleCount"":0}"
2026-08-28T19:31:51.879004+00:00,2026-08-28T19:31:50.726+00:00,track_liveness_snapshot,,viewer,show-qfstpj50,,,,,,,,,,,,,,,,,,,,,,,,,,,,,,,,,,"{""entries"":[{""key"":""contestant-a-297a1aba:TR_VCiazSiwiK3Qco"",""frames"":1345,""reason"":null,""staleSec"":0,""probation"":false},{""key"":""camfeed-a-side-85a03b34:TR_VC6cRdqSsicRiY"",""frames"":1158,""reason"":null,""staleSec"":0,""probation"":false},{""key"":""camfeed-a-close-883f2976:TR_VCToTYNatDX5PC"",""frames"":1353,""reason"":null,""staleSec"":0,""probation"":false}],""trackCount"":3,""ineligibleCount"":0}"
2026-08-28T19:31:52.535937+00:00,2026-08-28T19:31:51.386+00:00,pub_stats,,a,show-qfstpj50,3122875,7370738,2947828,60,60,0,30,30,34.93,none,f,f+h+q,3,1080,1920,1080,1920,"SimulcastEncoderAdapter (libvpx, libvpx, libvpx)",25,0,14,0,0,0.000544,0.025,0,,,,,,,live:a,"{""qualityLimitationDurations"":{""cpu"":0,""none"":1365.736,""other"":0,""bandwidth"":0.673}}"
2026-08-28T19:31:54.547379+00:00,2026-08-28T19:31:53.385+00:00,pub_stats,,a,show-qfstpj50,2811430,7370738,3000000,60,60,0,30,30,39.1,none,f,f+h+q,3,1080,1920,1080,1920,"SimulcastEncoderAdapter (libvpx, libvpx, libvpx)",25,0,14,0,0,0.00043299999999999995,0.025,0,,,,,,,live:a,"{""qualityLimitationDurations"":{""cpu"":0,""none"":1367.735,""other"":0,""bandwidth"":0.673}}"
2026-08-28T19:31:54.547379+00:00,2026-08-28T19:31:53.387+00:00,director_heartbeat,,a,show-qfstpj50,,,,,,,,,,,,,,,,,,,,,,,,,,,,,,,,,,"{""state"":""suspended""}"
2026-08-28T19:31:54.547379+00:00,2026-08-28T19:31:53.655+00:00,mic_level_sample,,a,show-qfstpj50,,,,,,,,,,,,,,,,,,,,,,,,,,,,,,,,,,"{""deviceId"":""39fae2b7de1ac0ad5463a5ba3dd688ee748a5433d1272fa9afbea3233dae361b"",""inputRms"":0.002134992690626985,""outputRms"":0.08779191511778647,""deviceLabel"":""MacBook Air Microphone (Built-in)"",""audioContextState"":""running""}"
2026-08-28T19:31:54.547379+00:00,2026-08-28T19:31:53.783+00:00,shot_publish_success,,a,show-qfstpj50,,,,,,,,,,,,,,,,,,,,,,,,,,,,,,,,,,"{""shot"":""zoomIn"",""slot"":""a"",""commandId"":""c20c566c-04ac-44d0-9dbd-967f4b7b41f7"",""decisionSource"":""cue"",""connectionState"":""connected""}"
2026-08-28T19:31:54.547379+00:00,2026-08-28T19:31:53.783+00:00,cue_fired,,a,show-qfstpj50,,,,,,,,,,,,,,,,,,,,,,,,,,,,,,,,,,"{""shot"":""zoomIn"",""clipId"":null,""sheetId"":6,""slotRole"":""main"",""timestampMs"":3019,""resolvedTarget"":""contestant-a-297a1aba""}"
2026-08-28T19:31:56.521291+00:00,2026-08-28T19:31:55.385+00:00,pub_stats,,a,show-qfstpj50,2968140,7370738,2983035,60,60,0,30,30,39.03,none,f,f+h+q,3,1080,1920,1080,1920,"SimulcastEncoderAdapter (libvpx, libvpx, libvpx)",25,0,14,0,0,0.000522,0.024,0,,,,,,,live:a,"{""qualityLimitationDurations"":{""cpu"":0,""none"":1369.735,""other"":0,""bandwidth"":0.673}}"
2026-08-28T19:31:56.888001+00:00,2026-08-28T19:31:55.732+00:00,track_liveness_snapshot,,viewer,show-qfstpj50,,,,,,,,,,,,,,,,,,,,,,,,,,,,,,,,,,"{""entries"":[{""key"":""contestant-a-297a1aba:TR_VCiazSiwiK3Qco"",""frames"":1495,""reason"":null,""staleSec"":0,""probation"":false},{""key"":""camfeed-a-side-85a03b34:TR_VC6cRdqSsicRiY"",""frames"":1306,""reason"":null,""staleSec"":0,""probation"":false},{""key"":""camfeed-a-close-883f2976:TR_VCToTYNatDX5PC"",""frames"":1504,""reason"":null,""staleSec"":0,""probation"":false}],""trackCount"":3,""ineligibleCount"":0}"
2026-08-28T19:31:56.521291+00:00,2026-08-28T19:31:55.884+00:00,track_liveness_snapshot,,a,show-qfstpj50,,,,,,,,,,,,,,,,,,,,,,,,,,,,,,,,,,"{""entries"":[{""key"":""contestant-a-297a1aba:TR_VCiazSiwiK3Qco"",""frames"":null,""reason"":null,""staleSec"":1370,""probation"":false},{""key"":""camfeed-a-side-85a03b34:TR_VC6cRdqSsicRiY"",""frames"":7036,""reason"":null,""staleSec"":1,""probation"":false},{""key"":""camfeed-a-close-883f2976:TR_VCToTYNatDX5PC"",""frames"":3481,""reason"":null,""staleSec"":1,""probation"":false}],""trackCount"":3,""ineligibleCount"":0}"
2026-08-28T19:31:56.521291+00:00,2026-08-28T19:31:56.383+00:00,cue_fired,,a,show-qfstpj50,,,,,,,,,,,,,,,,,,,,,,,,,,,,,,,,,,"{""shot"":""mediumCU"",""clipId"":null,""sheetId"":6,""slotRole"":""close"",""timestampMs"":5683,""resolvedTarget"":""camfeed-a-close-883f2976""}"
2026-08-28T19:31:56.521291+00:00,2026-08-28T19:31:56.383+00:00,shot_publish_success,,a,show-qfstpj50,,,,,,,,,,,,,,,,,,,,,,,,,,,,,,,,,,"{""shot"":""mediumCU"",""slot"":""a"",""commandId"":""7deb34ce-da58-400a-ae64-4e13351804d4"",""decisionSource"":""cue"",""connectionState"":""connected""}"
2026-08-28T19:31:58.543397+00:00,2026-08-28T19:31:57.386+00:00,pub_stats,,a,show-qfstpj50,3016600,7370738,3000000,60,60,0,30,30,36.4,none,f,f+h+q,3,1080,1920,1080,1920,"SimulcastEncoderAdapter (libvpx, libvpx, libvpx)",25,0,14,0,0,0.0006,0.022,0,,,,,,,live:a,"{""qualityLimitationDurations"":{""cpu"":0,""none"":1371.736,""other"":0,""bandwidth"":0.673}}"
2026-08-28T19:31:59.526483+00:00,2026-08-28T19:31:58.654+00:00,mic_level_sample,,a,show-qfstpj50,,,,,,,,,,,,,,,,,,,,,,,,,,,,,,,,,,"{""deviceId"":""39fae2b7de1ac0ad5463a5ba3dd688ee748a5433d1272fa9afbea3233dae361b"",""inputRms"":0.0028959151139510662,""outputRms"":0.11063288567481976,""deviceLabel"":""MacBook Air Microphone (Built-in)"",""audioContextState"":""running""}"
2026-08-28T19:32:00.620261+00:00,2026-08-28T19:31:59.385+00:00,pub_stats,,a,show-qfstpj50,3001249,7370738,2996375,60,60,0,30,30,32.72,none,f,f+h+q,3,1080,1920,1080,1920,"SimulcastEncoderAdapter (libvpx, libvpx, libvpx)",25,0,14,0,0,0.0008659999999999999,0.022,0,,,,,,,live:a,"{""qualityLimitationDurations"":{""cpu"":0,""none"":1373.735,""other"":0,""bandwidth"":0.673}}"
2026-08-28T19:32:02.047948+00:00,2026-08-28T19:32:00.741+00:00,track_liveness_snapshot,,viewer,show-qfstpj50,,,,,,,,,,,,,,,,,,,,,,,,,,,,,,,,,,"{""entries"":[{""key"":""contestant-a-297a1aba:TR_VCiazSiwiK3Qco"",""frames"":1645,""reason"":null,""staleSec"":0,""probation"":false},{""key"":""camfeed-a-side-85a03b34:TR_VC6cRdqSsicRiY"",""frames"":1421,""reason"":null,""staleSec"":0,""probation"":false},{""key"":""camfeed-a-close-883f2976:TR_VCToTYNatDX5PC"",""frames"":1654,""reason"":null,""staleSec"":0,""probation"":false}],""trackCount"":3,""ineligibleCount"":0}"
2026-08-28T19:32:01.568367+00:00,2026-08-28T19:32:00.886+00:00,track_liveness_snapshot,,a,show-qfstpj50,,,,,,,,,,,,,,,,,,,,,,,,,,,,,,,,,,"{""entries"":[{""key"":""contestant-a-297a1aba:TR_VCiazSiwiK3Qco"",""frames"":null,""reason"":null,""staleSec"":1375,""probation"":false},{""key"":""camfeed-a-side-85a03b34:TR_VC6cRdqSsicRiY"",""frames"":7156,""reason"":null,""staleSec"":1,""probation"":false},{""key"":""camfeed-a-close-883f2976:TR_VCToTYNatDX5PC"",""frames"":3631,""reason"":null,""staleSec"":1,""probation"":false}],""trackCount"":3,""ineligibleCount"":0}"
2026-08-28T19:32:02.532766+00:00,2026-08-28T19:32:01.386+00:00,pub_stats,,a,show-qfstpj50,3004770,7370738,2989673,60,60,0,30,30,33.97,none,f,f+h+q,3,1080,1920,1080,1920,"SimulcastEncoderAdapter (libvpx, libvpx, libvpx)",25,0,14,0,0,0.0009,0.025,0,,,,,,,live:a,"{""qualityLimitationDurations"":{""cpu"":0,""none"":1375.736,""other"":0,""bandwidth"":0.673}}"
2026-08-28T19:32:02.532766+00:00,2026-08-28T19:32:01.783+00:00,shot_publish_success,,a,show-qfstpj50,,,,,,,,,,,,,,,,,,,,,,,,,,,,,,,,,,"{""shot"":""closeUp"",""slot"":""a"",""commandId"":""e0f526f1-f686-40e9-ab5b-811232a44a93"",""decisionSource"":""cue"",""connectionState"":""connected""}"
2026-08-28T19:32:02.532766+00:00,2026-08-28T19:32:01.783+00:00,cue_fired,,a,show-qfstpj50,,,,,,,,,,,,,,,,,,,,,,,,,,,,,,,,,,"{""shot"":""closeUp"",""clipId"":null,""sheetId"":6,""slotRole"":""side"",""timestampMs"":10948,""resolvedTarget"":""camfeed-a-side-85a03b34""}"
2026-08-28T19:32:04.609764+00:00,2026-08-28T19:32:03.385+00:00,pub_stats,,a,show-qfstpj50,2953729,7370738,3000000,60,60,0,30,30,34.08,none,f,f+h+q,3,1080,1920,1080,1920,"SimulcastEncoderAdapter (libvpx, libvpx, libvpx)",25,0,14,0,0,0.000655,0.024,0,,,,,,,live:a,"{""qualityLimitationDurations"":{""cpu"":0,""none"":1377.736,""other"":0,""bandwidth"":0.673}}"
2026-08-28T19:32:04.609764+00:00,2026-08-28T19:32:03.386+00:00,director_heartbeat,,a,show-qfstpj50,,,,,,,,,,,,,,,,,,,,,,,,,,,,,,,,,,"{""state"":""suspended""}"
2026-08-28T19:32:04.609764+00:00,2026-08-28T19:32:03.583+00:00,cue_fired,,a,show-qfstpj50,,,,,,,,,,,,,,,,,,,,,,,,,,,,,,,,,,"{""shot"":""bRollClip"",""clipId"":""d2931782-016a-4333-8381-a6d04684a131"",""sheetId"":6,""slotRole"":""broll"",""timestampMs"":12765,""resolvedTarget"":null}"
2026-08-28T19:32:04.609764+00:00,2026-08-28T19:32:03.585+00:00,cue_playback_started,,a,show-qfstpj50,,,,,,,,,,,,,,,,,,,,,,,,,,,,,,,,,,"{""sheetId"":6,""cueCount"":11}"
2026-08-28T19:32:04.609764+00:00,2026-08-28T19:32:03.585+00:00,cue_playback_stopped,,a,show-qfstpj50,,,,,,,,,,,,,,,,,,,,,,,,,,,,,,,,,,"{""sheetId"":6}"
2026-08-28T19:32:04.609764+00:00,2026-08-28T19:32:03.655+00:00,mic_level_sample,,a,show-qfstpj50,,,,,,,,,,,,,,,,,,,,,,,,,,,,,,,,,,"{""deviceId"":""39fae2b7de1ac0ad5463a5ba3dd688ee748a5433d1272fa9afbea3233dae361b"",""inputRms"":0.00814182653861982,""outputRms"":0.09798589461980826,""deviceLabel"":""MacBook Air Microphone (Built-in)"",""audioContextState"":""running""}"
2026-08-28T19:32:05.652253+00:00,2026-08-28T19:32:04.941+00:00,shot_publish_success,,a,show-qfstpj50,,,,,,,,,,,,,,,,,,,,,,,,,,,,,,,,,,"{""shot"":""bRollClip"",""slot"":""a"",""commandId"":""77918c48-bcd6-4855-a354-b763271d99dd"",""decisionSource"":""human"",""connectionState"":""connected""}"
2026-08-28T19:32:05.652253+00:00,2026-08-28T19:32:04.941+00:00,broll_published,,a,show-qfstpj50,,,,,,,,,,,,,,,,,,,,,,,,,,,,,,,,,,"{""title"":""VID_20260823_173651"",""clipId"":""d2931782-016a-4333-8381-a6d04684a131"",""trackSid"":""TR_VSnUsNn8TEVLgc"",""durationMs"":null}"
2026-08-28T19:32:05.652253+00:00,2026-08-28T19:32:04.941+00:00,track_local_published,,a,show-qfstpj50,,,,,,,,,,,,,,,,,,,,,,,,,,,,,,,screen_share,,,"{""kind"":""video"",""trackSid"":""TR_VSnUsNn8TEVLgc"",""participantIdentity"":""contestant-a-297a1aba""}"
2026-08-28T19:32:05.652253+00:00,2026-08-28T19:32:04.941+00:00,pub_track_published,,a,show-qfstpj50,,,,,,,,,,,,,,,,,,,,,,,,,,,,,,,screen_share,TR_VSnUsNn8TEVLgc,,
2026-08-28T19:32:05.652253+00:00,2026-08-28T19:32:04.943+00:00,cue_playback_started,,a,show-qfstpj50,,,,,,,,,,,,,,,,,,,,,,,,,,,,,,,,,,"{""sheetId"":6,""cueCount"":11}"
2026-08-28T19:32:05.652253+00:00,2026-08-28T19:32:04.943+00:00,cue_playback_stopped,,a,show-qfstpj50,,,,,,,,,,,,,,,,,,,,,,,,,,,,,,,,,,"{""sheetId"":6}"
2026-08-28T19:32:05.652253+00:00,2026-08-28T19:32:05.385+00:00,track_liveness_snapshot,,a,show-qfstpj50,,,,,,,,,,,,,,,,,,,,,,,,,,,,,,,,,,"{""entries"":[{""key"":""contestant-a-297a1aba:TR_VCiazSiwiK3Qco"",""frames"":null,""reason"":null,""staleSec"":1380,""probation"":false},{""key"":""camfeed-a-side-85a03b34:TR_VC6cRdqSsicRiY"",""frames"":7247,""reason"":null,""staleSec"":1,""probation"":false},{""key"":""camfeed-a-close-883f2976:TR_VCToTYNatDX5PC"",""frames"":3751,""reason"":null,""staleSec"":1,""probation"":false},{""key"":""contestant-a-297a1aba:TR_VSnUsNn8TEVLgc"",""frames"":null,""reason"":null,""staleSec"":0,""probation"":false}],""trackCount"":4,""ineligibleCount"":0}"
2026-08-28T19:32:06.733565+00:00,2026-08-28T19:32:05.386+00:00,pub_stats,,a,show-qfstpj50,3114883,5036307,1005833,57,57,0,27,30,34.18,none,f,f+h+q,3,1080,1920,1080,1920,"SimulcastEncoderAdapter (libvpx, libvpx, libvpx)",27,0,14,0,0,0.005033,0.037,0,,,,,,,live:a,"{""qualityLimitationDurations"":{""cpu"":0,""none"":1379.655,""other"":0,""bandwidth"":0.754}}"
2026-08-28T19:32:06.922951+00:00,2026-08-28T19:32:05.748+00:00,track_liveness_snapshot,,viewer,show-qfstpj50,,,,,,,,,,,,,,,,,,,,,,,,,,,,,,,,,,"{""entries"":[{""key"":""contestant-a-297a1aba:TR_VCiazSiwiK3Qco"",""frames"":1792,""reason"":null,""staleSec"":0,""probation"":false},{""key"":""camfeed-a-side-85a03b34:TR_VC6cRdqSsicRiY"",""frames"":1547,""reason"":null,""staleSec"":0,""probation"":false},{""key"":""camfeed-a-close-883f2976:TR_VCToTYNatDX5PC"",""frames"":1804,""reason"":null,""staleSec"":0,""probation"":false}],""trackCount"":3,""ineligibleCount"":0}"
2026-08-28T19:32:08.524928+00:00,2026-08-28T19:32:07.385+00:00,pub_stats,,a,show-qfstpj50,941243,5266509,2313375,60,60,0,30,30,76.18,none,f,f+h+q,3,1080,1920,1080,1920,"SimulcastEncoderAdapter (libvpx, libvpx, libvpx)",27,0,14,0,0,0.001588,0.037,0,,,,,,,live:a,"{""qualityLimitationDurations"":{""cpu"":0,""none"":1381.654,""other"":0,""bandwidth"":0.754}}"
2026-08-28T19:32:08.524928+00:00,2026-08-28T19:32:08.145+00:00,cue_fired,,a,show-qfstpj50,,,,,,,,,,,,,,,,,,,,,,,,,,,,,,,,,,"{""shot"":""wide"",""clipId"":null,""sheetId"":6,""slotRole"":""main"",""timestampMs"":17316,""resolvedTarget"":""contestant-a-297a1aba""}"
2026-08-28T19:32:08.524928+00:00,2026-08-28T19:32:08.145+00:00,shot_publish_success,,a,show-qfstpj50,,,,,,,,,,,,,,,,,,,,,,,,,,,,,,,,,,"{""shot"":""wide"",""slot"":""a"",""commandId"":""70dfb349-6f50-4942-9ee6-fec79c1432f9"",""decisionSource"":""cue"",""connectionState"":""connected""}"
2026-08-28T19:32:09.55252+00:00,2026-08-28T19:32:08.648+00:00,broll_stopped,,a,show-qfstpj50,,,,,,,,,,,,,,,,,,,,,,,,,,,,,off_air,,,,,
2026-08-28T19:32:09.55252+00:00,2026-08-28T19:32:08.649+00:00,track_local_unpublished,,a,show-qfstpj50,,,,,,,,,,,,,,,,,,,,,,,,,,,,,,,screen_share,,,"{""kind"":""video"",""trackSid"":""TR_VSnUsNn8TEVLgc"",""participantIdentity"":""contestant-a-297a1aba""}"
2026-08-28T19:32:09.55252+00:00,2026-08-28T19:32:08.649+00:00,pub_track_unpublished,,a,show-qfstpj50,,,,,,,,,,,,,,,,,,,,,,,,,,,,,,,screen_share,TR_VSnUsNn8TEVLgc,,
2026-08-28T19:32:09.55252+00:00,2026-08-28T19:32:08.651+00:00,cue_playback_stopped,,a,show-qfstpj50,,,,,,,,,,,,,,,,,,,,,,,,,,,,,,,,,,"{""sheetId"":6}"
2026-08-28T19:32:09.55252+00:00,2026-08-28T19:32:08.651+00:00,cue_playback_started,,a,show-qfstpj50,,,,,,,,,,,,,,,,,,,,,,,,,,,,,,,,,,"{""sheetId"":6,""cueCount"":11}"
2026-08-28T19:32:09.55252+00:00,2026-08-28T19:32:08.654+00:00,mic_level_sample,,a,show-qfstpj50,,,,,,,,,,,,,,,,,,,,,,,,,,,,,,,,,,"{""deviceId"":""39fae2b7de1ac0ad5463a5ba3dd688ee748a5433d1272fa9afbea3233dae361b"",""inputRms"":0.0016990313043993637,""outputRms"":0.10479820866911384,""deviceLabel"":""MacBook Air Microphone (Built-in)"",""audioContextState"":""running""}"
2026-08-28T19:32:09.55252+00:00,2026-08-28T19:32:08.715+00:00,broll_unpublished,,a,show-qfstpj50,,,,,,,,,,,,,,,,,,,,,,,,,,,,,,,,,,"{""clipId"":""d2931782-016a-4333-8381-a6d04684a131""}"
2026-08-28T19:32:09.55252+00:00,2026-08-28T19:32:08.886+00:00,track_liveness_snapshot,,a,show-qfstpj50,,,,,,,,,,,,,,,,,,,,,,,,,,,,,,,,,,"{""entries"":[{""key"":""contestant-a-297a1aba:TR_VCiazSiwiK3Qco"",""frames"":null,""reason"":null,""staleSec"":1384,""probation"":false},{""key"":""camfeed-a-side-85a03b34:TR_VC6cRdqSsicRiY"",""frames"":7366,""reason"":null,""staleSec"":1,""probation"":false},{""key"":""camfeed-a-close-883f2976:TR_VCToTYNatDX5PC"",""frames"":3871,""reason"":null,""staleSec"":1,""probation"":false}],""trackCount"":3,""ineligibleCount"":0}"
2026-08-28T19:32:09.55252+00:00,2026-08-28T19:32:08.886+00:00,broll_source_ended,,a,show-qfstpj50,,,,,,,,,,,,,,,,,,,,,,,,,,,,,,,,,,"{""key"":""contestant-a-297a1aba:TR_VSnUsNn8TEVLgc"",""identity"":""contestant-a-297a1aba""}"
2026-08-28T19:32:10.53953+00:00,2026-08-28T19:32:09.386+00:00,pub_stats,,a,show-qfstpj50,1527412,1055027,,40,40,0,10,30,55.48,bandwidth,f,f+h+q,3,1080,1920,1080,1920,"SimulcastEncoderAdapter (libvpx, libvpx)",27,0,14,0,0,0.000511,0.021,0,,,,,,,live:a,"{""qualityLimitationDurations"":{""cpu"":0,""none"":1382.985,""other"":0,""bandwidth"":1.424}}"
2026-08-28T19:32:10.53953+00:00,2026-08-28T19:32:09.386+00:00,pub_quality_limitation_changed,,a,show-qfstpj50,,,,,,,,,55.48,,,,,,,,,,,,,,,,,,none,bandwidth,,,,,,"{""durations"":{""cpu"":0,""none"":1382.985,""other"":0,""bandwidth"":1.424}}"
2026-08-28T19:32:12.293649+00:00,2026-08-28T19:32:10.755+00:00,track_liveness_snapshot,,viewer,show-qfstpj50,,,,,,,,,,,,,,,,,,,,,,,,,,,,,,,,,,"{""entries"":[{""key"":""contestant-a-297a1aba:TR_VCiazSiwiK3Qco"",""frames"":1910,""reason"":null,""staleSec"":0,""probation"":false},{""key"":""camfeed-a-side-85a03b34:TR_VC6cRdqSsicRiY"",""frames"":1694,""reason"":null,""staleSec"":0,""probation"":false},{""key"":""camfeed-a-close-883f2976:TR_VCToTYNatDX5PC"",""frames"":1954,""reason"":null,""staleSec"":0,""probation"":false}],""trackCount"":3,""ineligibleCount"":0}"
2026-08-28T19:32:12.613355+00:00,2026-08-28T19:32:11.385+00:00,pub_stats,,a,show-qfstpj50,0,1169563,,0,0,0,,30,,bandwidth,f,h+q,3,1080,1920,1080,1920,"SimulcastEncoderAdapter (libvpx, libvpx)",27,0,14,0,0,0.0006439999999999999,0.023,0,,,,,,,live:a,"{""qualityLimitationDurations"":{""cpu"":0,""none"":1382.985,""other"":0,""bandwidth"":3.423}}"
2026-08-28T19:32:12.613355+00:00,2026-08-28T19:32:11.385+00:00,pub_simulcast_switch,,a,show-qfstpj50,0,1169563,,,,,,,,,,,,,,,,,,,,,,,,,f+h+q,h+q,bandwidth,,,,,
2026-08-28T19:32:12.613355+00:00,2026-08-28T19:32:12.252+00:00,cue_fired,,a,show-qfstpj50,,,,,,,,,,,,,,,,,,,,,,,,,,,,,,,,,,"{""shot"":""closeUp"",""clipId"":null,""sheetId"":6,""slotRole"":""side"",""timestampMs"":21548,""resolvedTarget"":""camfeed-a-side-85a03b34""}"
2026-08-28T19:32:12.613355+00:00,2026-08-28T19:32:12.253+00:00,shot_publish_success,,a,show-qfstpj50,,,,,,,,,,,,,,,,,,,,,,,,,,,,,,,,,,"{""shot"":""closeUp"",""slot"":""a"",""commandId"":""353f7113-7421-4ebd-a095-1154a97472d6"",""decisionSource"":""cue"",""connectionState"":""connected""}"
2026-08-28T19:32:14.591435+00:00,2026-08-28T19:32:13.386+00:00,pub_stats,,a,show-qfstpj50,0,1364062,,0,0,0,,30,,bandwidth,f,h+q,3,1080,1920,1080,1920,"SimulcastEncoderAdapter (libvpx, libvpx)",27,0,14,0,0,0.0007,0.021,0,,,,,,,live:a,"{""qualityLimitationDurations"":{""cpu"":0,""none"":1382.985,""other"":0,""bandwidth"":5.424}}"
2026-08-28T19:32:14.591435+00:00,2026-08-28T19:32:13.387+00:00,director_heartbeat,,a,show-qfstpj50,,,,,,,,,,,,,,,,,,,,,,,,,,,,,,,,,,"{""state"":""suspended""}"
2026-08-28T19:32:14.591435+00:00,2026-08-28T19:32:13.654+00:00,mic_level_sample,,a,show-qfstpj50,,,,,,,,,,,,,,,,,,,,,,,,,,,,,,,,,,"{""deviceId"":""39fae2b7de1ac0ad5463a5ba3dd688ee748a5433d1272fa9afbea3233dae361b"",""inputRms"":0.00034487719069515785,""outputRms"":0.2839466086322945,""deviceLabel"":""MacBook Air Microphone (Built-in)"",""audioContextState"":""running""}"
2026-08-28T19:32:14.591435+00:00,2026-08-28T19:32:13.886+00:00,track_liveness_snapshot,,a,show-qfstpj50,,,,,,,,,,,,,,,,,,,,,,,,,,,,,,,,,,"{""entries"":[{""key"":""contestant-a-297a1aba:TR_VCiazSiwiK3Qco"",""frames"":null,""reason"":null,""staleSec"":1389,""probation"":false},{""key"":""camfeed-a-side-85a03b34:TR_VC6cRdqSsicRiY"",""frames"":7513,""reason"":null,""staleSec"":1,""probation"":false},{""key"":""camfeed-a-close-883f2976:TR_VCToTYNatDX5PC"",""frames"":4020,""reason"":null,""staleSec"":1,""probation"":false}],""trackCount"":3,""ineligibleCount"":0}"
2026-08-28T19:32:15.514549+00:00,2026-08-28T19:32:14.851+00:00,cue_fired,,a,show-qfstpj50,,,,,,,,,,,,,,,,,,,,,,,,,,,,,,,,,,"{""shot"":""bRollClip"",""clipId"":""2e926653-1420-470a-ad3b-eb15cd798117"",""sheetId"":6,""slotRole"":""broll"",""timestampMs"":24085,""resolvedTarget"":null}"
2026-08-28T19:32:15.514549+00:00,2026-08-28T19:32:14.853+00:00,cue_playback_stopped,,a,show-qfstpj50,,,,,,,,,,,,,,,,,,,,,,,,,,,,,,,,,,"{""sheetId"":6}"
2026-08-28T19:32:15.514549+00:00,2026-08-28T19:32:14.853+00:00,cue_playback_started,,a,show-qfstpj50,,,,,,,,,,,,,,,,,,,,,,,,,,,,,,,,,,"{""sheetId"":6,""cueCount"":11}"
2026-08-28T19:32:16.56597+00:00,2026-08-28T19:32:15.386+00:00,pub_stats,,a,show-qfstpj50,0,1606236,,0,0,0,,30,,bandwidth,f,h+q,3,,,1080,1920,"SimulcastEncoderAdapter (libvpx, libvpx)",27,0,14,0,0,0.000588,0.021,0,,,,,,,live:a,"{""qualityLimitationDurations"":{""cpu"":0,""none"":1382.985,""other"":0,""bandwidth"":7.423}}"
2026-08-28T19:32:16.911538+00:00,2026-08-28T19:32:15.762+00:00,track_liveness_snapshot,,viewer,show-qfstpj50,,,,,,,,,,,,,,,,,,,,,,,,,,,,,,,,,,"{""entries"":[{""key"":""contestant-a-297a1aba:TR_VCiazSiwiK3Qco"",""frames"":2010,""reason"":null,""staleSec"":0,""probation"":false},{""key"":""camfeed-a-side-85a03b34:TR_VC6cRdqSsicRiY"",""frames"":1844,""reason"":null,""staleSec"":0,""probation"":false},{""key"":""camfeed-a-close-883f2976:TR_VCToTYNatDX5PC"",""frames"":2103,""reason"":null,""staleSec"":0,""probation"":false}],""trackCount"":3,""ineligibleCount"":0}"
2026-08-28T19:32:17.601006+00:00,2026-08-28T19:32:16.782+00:00,pub_track_published,,a,show-qfstpj50,,,,,,,,,,,,,,,,,,,,,,,,,,,,,,,screen_share,TR_VSJian6x5wnwE3,,
2026-08-28T19:32:17.601006+00:00,2026-08-28T19:32:16.782+00:00,shot_publish_success,,a,show-qfstpj50,,,,,,,,,,,,,,,,,,,,,,,,,,,,,,,,,,"{""shot"":""bRollClip"",""slot"":""a"",""commandId"":""cc20e58d-4cd7-4754-af9d-63fe7bdcbe36"",""decisionSource"":""human"",""connectionState"":""connected""}"
2026-08-28T19:32:17.601006+00:00,2026-08-28T19:32:16.782+00:00,track_local_published,,a,show-qfstpj50,,,,,,,,,,,,,,,,,,,,,,,,,,,,,,,screen_share,,,"{""kind"":""video"",""trackSid"":""TR_VSJian6x5wnwE3"",""participantIdentity"":""contestant-a-297a1aba""}"
2026-08-28T19:32:17.601006+00:00,2026-08-28T19:32:16.782+00:00,broll_published,,a,show-qfstpj50,,,,,,,,,,,,,,,,,,,,,,,,,,,,,,,,,,"{""title"":""VID_20260823_173727"",""clipId"":""2e926653-1420-470a-ad3b-eb15cd798117"",""trackSid"":""TR_VSJian6x5wnwE3"",""durationMs"":null}"
2026-08-28T19:32:17.601006+00:00,2026-08-28T19:32:16.784+00:00,cue_playback_started,,a,show-qfstpj50,,,,,,,,,,,,,,,,,,,,,,,,,,,,,,,,,,"{""sheetId"":6,""cueCount"":11}"
2026-08-28T19:32:17.601006+00:00,2026-08-28T19:32:16.784+00:00,cue_playback_stopped,,a,show-qfstpj50,,,,,,,,,,,,,,,,,,,,,,,,,,,,,,,,,,"{""sheetId"":6}"
2026-08-28T19:32:17.601006+00:00,2026-08-28T19:32:16.885+00:00,track_liveness_snapshot,,a,show-qfstpj50,,,,,,,,,,,,,,,,,,,,,,,,,,,,,,,,,,"{""entries"":[{""key"":""contestant-a-297a1aba:TR_VCiazSiwiK3Qco"",""frames"":null,""reason"":null,""staleSec"":1391,""probation"":false},{""key"":""camfeed-a-side-85a03b34:TR_VC6cRdqSsicRiY"",""frames"":7604,""reason"":null,""staleSec"":1,""probation"":false},{""key"":""camfeed-a-close-883f2976:TR_VCToTYNatDX5PC"",""frames"":4110,""reason"":null,""staleSec"":1,""probation"":false},{""key"":""contestant-a-297a1aba:TR_VSJian6x5wnwE3"",""frames"":null,""reason"":null,""staleSec"":0,""probation"":false}],""trackCount"":4,""ineligibleCount"":0}"
2026-08-28T19:32:18.523306+00:00,2026-08-28T19:32:17.386+00:00,pub_simulcast_switch,,a,show-qfstpj50,905404,2874225,,,,,,,,,,,,,,,,,,,,,,,,,h+q,f+h+q,bandwidth,,,,,
2026-08-28T19:32:18.523306+00:00,2026-08-28T19:32:17.386+00:00,pub_stats,,a,show-qfstpj50,905404,2874225,,12,12,0,2,30,66.75,bandwidth,f,f+h+q,3,1080,1920,1080,1920,"SimulcastEncoderAdapter (libvpx, libvpx)",28,0,14,0,0,0.011222,0.023,0,,,,,,,live:a,"{""qualityLimitationDurations"":{""cpu"":0,""none"":1384.099,""other"":0,""bandwidth"":8.31}}"
2026-08-28T19:32:19.522628+00:00,2026-08-28T19:32:18.553+00:00,pub_connection_quality,,a,show-qfstpj50,,,,,,,,,,,,,,,,,,,,,,,,,,,,,,good,,,,
2026-08-28T19:32:19.522628+00:00,2026-08-28T19:32:18.654+00:00,mic_level_sample,,a,show-qfstpj50,,,,,,,,,,,,,,,,,,,,,,,,,,,,,,,,,,"{""deviceId"":""39fae2b7de1ac0ad5463a5ba3dd688ee748a5433d1272fa9afbea3233dae361b"",""inputRms"":0.0044134523990401195,""outputRms"":0.1350069028798119,""deviceLabel"":""MacBook Air Microphone (Built-in)"",""audioContextState"":""running""}"
2026-08-28T19:32:20.535887+00:00,2026-08-28T19:32:19.385+00:00,pub_quality_limitation_changed,,a,show-qfstpj50,,,,,,,,,74.5,,,,,,,,,,,,,,,,,,bandwidth,none,,,,,,"{""durations"":{""cpu"":0,""none"":1384.398,""other"":0,""bandwidth"":10.01}}"
2026-08-28T19:32:20.535887+00:00,2026-08-28T19:32:19.385+00:00,pub_stats,,a,show-qfstpj50,123082,5398666,2500000,2,2,0,2,30,74.5,none,f,f+h+q,3,1080,1920,1080,1920,"SimulcastEncoderAdapter (libvpx, libvpx, libvpx)",29,0,14,0,0,0.0019329999999999998,0.025,0,,,,,,,live:a,"{""qualityLimitationDurations"":{""cpu"":0,""none"":1384.398,""other"":0,""bandwidth"":10.01}}"
2026-08-28T19:32:21.904564+00:00,2026-08-28T19:32:20.767+00:00,track_liveness_snapshot,,viewer,show-qfstpj50,,,,,,,,,,,,,,,,,,,,,,,,,,,,,,,,,,"{""entries"":[{""key"":""contestant-a-297a1aba:TR_VCiazSiwiK3Qco"",""frames"":2110,""reason"":null,""staleSec"":0,""probation"":false},{""key"":""camfeed-a-side-85a03b34:TR_VC6cRdqSsicRiY"",""frames"":1993,""reason"":null,""staleSec"":0,""probation"":false},{""key"":""camfeed-a-close-883f2976:TR_VCToTYNatDX5PC"",""frames"":2253,""reason"":null,""staleSec"":0,""probation"":false}],""trackCount"":3,""ineligibleCount"":0}"
2026-08-28T19:32:22.618843+00:00,2026-08-28T19:32:21.385+00:00,pub_stats,,a,show-qfstpj50,2307312,5398666,3000000,60,60,0,30,30,70.85,none,f,f+h+q,3,1080,1920,1080,1920,"SimulcastEncoderAdapter (libvpx, libvpx, libvpx)",29,0,14,0,0,0.0006439999999999999,0.023,0,,,,,,,live:a,"{""qualityLimitationDurations"":{""cpu"":0,""none"":1386.399,""other"":0,""bandwidth"":10.01}}"
2026-08-28T19:32:22.618843+00:00,2026-08-28T19:32:21.984+00:00,shot_publish_success,,a,show-qfstpj50,,,,,,,,,,,,,,,,,,,,,,,,,,,,,,,,,,"{""shot"":""wide"",""slot"":""a"",""commandId"":""26124208-1bfc-4e40-98d7-1d08af0175e8"",""decisionSource"":""cue"",""connectionState"":""connected""}"
2026-08-28T19:32:22.618843+00:00,2026-08-28T19:32:21.984+00:00,cue_fired,,a,show-qfstpj50,,,,,,,,,,,,,,,,,,,,,,,,,,,,,,,,,,"{""shot"":""wide"",""clipId"":null,""sheetId"":6,""slotRole"":""close"",""timestampMs"":31231,""resolvedTarget"":""camfeed-a-close-883f2976""}"
2026-08-28T19:32:22.618843+00:00,2026-08-28T19:32:22.385+00:00,track_liveness_snapshot,,a,show-qfstpj50,,,,,,,,,,,,,,,,,,,,,,,,,,,,,,,,,,"{""entries"":[{""key"":""contestant-a-297a1aba:TR_VCiazSiwiK3Qco"",""frames"":null,""reason"":null,""staleSec"":1397,""probation"":false},{""key"":""camfeed-a-side-85a03b34:TR_VC6cRdqSsicRiY"",""frames"":7752,""reason"":null,""staleSec"":1,""probation"":false},{""key"":""camfeed-a-close-883f2976:TR_VCToTYNatDX5PC"",""frames"":4260,""reason"":null,""staleSec"":1,""probation"":false},{""key"":""contestant-a-297a1aba:TR_VSJian6x5wnwE3"",""frames"":null,""reason"":null,""staleSec"":6,""probation"":false}],""trackCount"":4,""ineligibleCount"":0}"
2026-08-28T19:32:23.528692+00:00,2026-08-28T19:32:22.487+00:00,broll_stopped,,a,show-qfstpj50,,,,,,,,,,,,,,,,,,,,,,,,,,,,,off_air,,,,,
2026-08-28T19:32:23.528692+00:00,2026-08-28T19:32:22.488+00:00,pub_track_unpublished,,a,show-qfstpj50,,,,,,,,,,,,,,,,,,,,,,,,,,,,,,,screen_share,TR_VSJian6x5wnwE3,,
2026-08-28T19:32:23.528692+00:00,2026-08-28T19:32:22.488+00:00,track_local_unpublished,,a,show-qfstpj50,,,,,,,,,,,,,,,,,,,,,,,,,,,,,,,screen_share,,,"{""kind"":""video"",""trackSid"":""TR_VSJian6x5wnwE3"",""participantIdentity"":""contestant-a-297a1aba""}"
2026-08-28T19:32:23.528692+00:00,2026-08-28T19:32:22.49+00:00,cue_playback_started,,a,show-qfstpj50,,,,,,,,,,,,,,,,,,,,,,,,,,,,,,,,,,"{""sheetId"":6,""cueCount"":11}"
2026-08-28T19:32:23.528692+00:00,2026-08-28T19:32:22.49+00:00,cue_playback_stopped,,a,show-qfstpj50,,,,,,,,,,,,,,,,,,,,,,,,,,,,,,,,,,"{""sheetId"":6}"
2026-08-28T19:32:23.528692+00:00,2026-08-28T19:32:22.558+00:00,broll_unpublished,,a,show-qfstpj50,,,,,,,,,,,,,,,,,,,,,,,,,,,,,,,,,,"{""clipId"":""2e926653-1420-470a-ad3b-eb15cd798117""}"
2026-08-28T19:32:23.528692+00:00,2026-08-28T19:32:22.885+00:00,broll_source_ended,,a,show-qfstpj50,,,,,,,,,,,,,,,,,,,,,,,,,,,,,,,,,,"{""key"":""contestant-a-297a1aba:TR_VSJian6x5wnwE3"",""identity"":""contestant-a-297a1aba""}"
2026-08-28T19:32:23.528692+00:00,2026-08-28T19:32:23.386+00:00,track_liveness_snapshot,,a,show-qfstpj50,,,,,,,,,,,,,,,,,,,,,,,,,,,,,,,,,,"{""entries"":[{""key"":""contestant-a-297a1aba:TR_VCiazSiwiK3Qco"",""frames"":null,""reason"":null,""staleSec"":1398,""probation"":false},{""key"":""camfeed-a-side-85a03b34:TR_VC6cRdqSsicRiY"",""frames"":7782,""reason"":null,""staleSec"":1,""probation"":false},{""key"":""camfeed-a-close-883f2976:TR_VCToTYNatDX5PC"",""frames"":4290,""reason"":null,""staleSec"":1,""probation"":false}],""trackCount"":3,""ineligibleCount"":0}"
2026-08-28T19:32:24.528671+00:00,2026-08-28T19:32:23.387+00:00,pub_stats,,a,show-qfstpj50,1735237,1060939,,35,35,0,5,30,52.23,bandwidth,f,f+h+q,3,1080,1920,1080,1920,"SimulcastEncoderAdapter (libvpx, libvpx)",29,0,14,0,0,0.000588,0.023,0,,,,,,,live:a,"{""qualityLimitationDurations"":{""cpu"":0,""none"":1387.576,""other"":0,""bandwidth"":10.834}}"
2026-08-28T19:32:24.528671+00:00,2026-08-28T19:32:23.387+00:00,pub_quality_limitation_changed,,a,show-qfstpj50,,,,,,,,,52.23,,,,,,,,,,,,,,,,,,none,bandwidth,,,,,,"{""durations"":{""cpu"":0,""none"":1387.576,""other"":0,""bandwidth"":10.834}}"
2026-08-28T19:32:24.528671+00:00,2026-08-28T19:32:23.387+00:00,director_heartbeat,,a,show-qfstpj50,,,,,,,,,,,,,,,,,,,,,,,,,,,,,,,,,,"{""state"":""suspended""}"
2026-08-28T19:32:24.528671+00:00,2026-08-28T19:32:23.654+00:00,mic_level_sample,,a,show-qfstpj50,,,,,,,,,,,,,,,,,,,,,,,,,,,,,,,,,,"{""deviceId"":""39fae2b7de1ac0ad5463a5ba3dd688ee748a5433d1272fa9afbea3233dae361b"",""inputRms"":0.004000388501387203,""outputRms"":0.05173892649328303,""deviceLabel"":""MacBook Air Microphone (Built-in)"",""audioContextState"":""running""}"
2026-08-28T19:32:26.525131+00:00,2026-08-28T19:32:25.387+00:00,pub_stats,,a,show-qfstpj50,0,1181741,,0,0,0,,31,,bandwidth,f,h+q,3,1080,1920,1080,1920,"SimulcastEncoderAdapter (libvpx, libvpx)",29,0,14,0,0,0.001188,0.021,0,,,,,,,live:a,"{""qualityLimitationDurations"":{""cpu"":0,""none"":1387.576,""other"":0,""bandwidth"":12.835}}"
2026-08-28T19:32:26.525131+00:00,2026-08-28T19:32:25.387+00:00,pub_simulcast_switch,,a,show-qfstpj50,0,1181741,,,,,,,,,,,,,,,,,,,,,,,,,f+h+q,h+q,bandwidth,,,,,
2026-08-28T19:32:27.081322+00:00,2026-08-28T19:32:25.773+00:00,track_liveness_snapshot,,viewer,show-qfstpj50,,,,,,,,,,,,,,,,,,,,,,,,,,,,,,,,,,"{""entries"":[{""key"":""contestant-a-297a1aba:TR_VCiazSiwiK3Qco"",""frames"":2210,""reason"":null,""staleSec"":0,""probation"":false},{""key"":""camfeed-a-side-85a03b34:TR_VC6cRdqSsicRiY"",""frames"":2142,""reason"":null,""staleSec"":0,""probation"":false},{""key"":""camfeed-a-close-883f2976:TR_VCToTYNatDX5PC"",""frames"":2403,""reason"":null,""staleSec"":0,""probation"":false}],""trackCount"":3,""ineligibleCount"":0}"
2026-08-28T19:32:28.533321+00:00,2026-08-28T19:32:27.386+00:00,pub_stats,,a,show-qfstpj50,0,1383980,,0,0,0,,31,,bandwidth,f,h+q,3,1080,1920,1080,1920,"SimulcastEncoderAdapter (libvpx, libvpx)",29,0,14,0,0,0.0007769999999999999,0.021,0,,,,,,,live:a,"{""qualityLimitationDurations"":{""cpu"":0,""none"":1387.576,""other"":0,""bandwidth"":14.833}}"
2026-08-28T19:32:29.543614+00:00,2026-08-28T19:32:28.655+00:00,mic_level_sample,,a,show-qfstpj50,,,,,,,,,,,,,,,,,,,,,,,,,,,,,,,,,,"{""deviceId"":""39fae2b7de1ac0ad5463a5ba3dd688ee748a5433d1272fa9afbea3233dae361b"",""inputRms"":0.003980057634689329,""outputRms"":0.35712452688961366,""deviceLabel"":""MacBook Air Microphone (Built-in)"",""audioContextState"":""running""}"
2026-08-28T19:32:29.543614+00:00,2026-08-28T19:32:28.885+00:00,track_liveness_snapshot,,a,show-qfstpj50,,,,,,,,,,,,,,,,,,,,,,,,,,,,,,,,,,"{""entries"":[{""key"":""contestant-a-297a1aba:TR_VCiazSiwiK3Qco"",""frames"":null,""reason"":null,""staleSec"":1403,""probation"":false},{""key"":""camfeed-a-side-85a03b34:TR_VC6cRdqSsicRiY"",""frames"":7958,""reason"":null,""staleSec"":1,""probation"":false},{""key"":""camfeed-a-close-883f2976:TR_VCToTYNatDX5PC"",""frames"":4471,""reason"":null,""staleSec"":1,""probation"":false}],""trackCount"":3,""ineligibleCount"":0}"
2026-08-28T19:32:30.581164+00:00,2026-08-28T19:32:29.385+00:00,pub_stats,,a,show-qfstpj50,0,1601585,,0,0,0,,31,,bandwidth,f,h+q,3,,,1080,1920,"SimulcastEncoderAdapter (libvpx, libvpx)",29,0,14,0,0,0.0006439999999999999,0.024,0,,,,,,,live:a,"{""qualityLimitationDurations"":{""cpu"":0,""none"":1387.576,""other"":0,""bandwidth"":16.832}}"
2026-08-28T19:32:31.901106+00:00,2026-08-28T19:32:30.782+00:00,track_liveness_snapshot,,viewer,show-qfstpj50,,,,,,,,,,,,,,,,,,,,,,,,,,,,,,,,,,"{""entries"":[{""key"":""contestant-a-297a1aba:TR_VCiazSiwiK3Qco"",""frames"":2310,""reason"":null,""staleSec"":0,""probation"":false},{""key"":""camfeed-a-side-85a03b34:TR_VC6cRdqSsicRiY"",""frames"":2288,""reason"":null,""staleSec"":0,""probation"":false},{""key"":""camfeed-a-close-883f2976:TR_VCToTYNatDX5PC"",""frames"":2554,""reason"":null,""staleSec"":0,""probation"":false}],""trackCount"":3,""ineligibleCount"":0}"
2026-08-28T19:32:32.729001+00:00,2026-08-28T19:32:31.385+00:00,pub_stats,,a,show-qfstpj50,1253264,1896535,800001,32,32,0,13,31,91.72,none,f,f+h+q,3,1080,1920,1080,1920,"SimulcastEncoderAdapter (libvpx, libvpx, libvpx)",30,0,14,0,0,0.014966,0.024,0,,,,,,,live:a,"{""qualityLimitationDurations"":{""cpu"":0,""none"":1389.527,""other"":0,""bandwidth"":16.882}}"
2026-08-28T19:32:32.729001+00:00,2026-08-28T19:32:31.385+00:00,pub_quality_limitation_changed,,a,show-qfstpj50,,,,,,,,,91.72,,,,,,,,,,,,,,,,,,bandwidth,none,,,,,,"{""durations"":{""cpu"":0,""none"":1389.527,""other"":0,""bandwidth"":16.882}}"
2026-08-28T19:32:32.729001+00:00,2026-08-28T19:32:31.385+00:00,pub_simulcast_switch,,a,show-qfstpj50,1253264,1896535,,,,,,,,,,,,,,,,,,,,,,,,,h+q,f+h+q,none,,,,,
2026-08-28T19:32:33.542181+00:00,2026-08-28T19:32:32.49+00:00,cue_fired,,a,show-qfstpj50,,,,,,,,,,,,,,,,,,,,,,,,,,,,,,,,,,"{""shot"":""wide"",""clipId"":null,""sheetId"":6,""slotRole"":""side"",""timestampMs"":41651,""resolvedTarget"":""camfeed-a-side-85a03b34""}"
2026-08-28T19:32:33.542181+00:00,2026-08-28T19:32:32.491+00:00,shot_publish_success,,a,show-qfstpj50,,,,,,,,,,,,,,,,,,,,,,,,,,,,,,,,,,"{""shot"":""wide"",""slot"":""a"",""commandId"":""589ec942-74b1-4f74-baaf-7f744b9cc5fd"",""decisionSource"":""cue"",""connectionState"":""connected""}"
2026-08-28T19:32:34.547552+00:00,2026-08-28T19:32:33.385+00:00,pub_stats,,a,show-qfstpj50,814600,2029769,866127,25,25,0,13,31,105.88,none,f,f+h+q,3,1080,1920,1080,1920,"SimulcastEncoderAdapter (libvpx, libvpx, libvpx)",30,0,14,0,0,0.003044,0.025,0,,,,,,,live:a,"{""qualityLimitationDurations"":{""cpu"":0,""none"":1391.526,""other"":0,""bandwidth"":16.882}}"
2026-08-28T19:32:34.547552+00:00,2026-08-28T19:32:33.386+00:00,director_heartbeat,,a,show-qfstpj50,,,,,,,,,,,,,,,,,,,,,,,,,,,,,,,,,,"{""state"":""suspended""}"
2026-08-28T19:32:34.547552+00:00,2026-08-28T19:32:33.654+00:00,mic_level_sample,,a,show-qfstpj50,,,,,,,,,,,,,,,,,,,,,,,,,,,,,,,,,,"{""deviceId"":""39fae2b7de1ac0ad5463a5ba3dd688ee748a5433d1272fa9afbea3233dae361b"",""inputRms"":0.011468455675991803,""outputRms"":0.06744861812245209,""deviceLabel"":""MacBook Air Microphone (Built-in)"",""audioContextState"":""running""}"
2026-08-28T19:32:34.547552+00:00,2026-08-28T19:32:34.385+00:00,track_liveness_snapshot,,a,show-qfstpj50,,,,,,,,,,,,,,,,,,,,,,,,,,,,,,,,,,"{""entries"":[{""key"":""contestant-a-297a1aba:TR_VCiazSiwiK3Qco"",""frames"":null,""reason"":null,""staleSec"":1409,""probation"":false},{""key"":""camfeed-a-side-85a03b34:TR_VC6cRdqSsicRiY"",""frames"":8103,""reason"":null,""staleSec"":1,""probation"":false},{""key"":""camfeed-a-close-883f2976:TR_VCToTYNatDX5PC"",""frames"":4621,""reason"":null,""staleSec"":1,""probation"":false}],""trackCount"":3,""ineligibleCount"":0}"
2026-08-28T19:32:36.695015+00:00,2026-08-28T19:32:35.386+00:00,pub_stats,,a,show-qfstpj50,937559,2277118,1063064,25,25,0,12,31,99.64,none,f,f+h+q,3,1080,1920,1080,1920,"SimulcastEncoderAdapter (libvpx, libvpx, libvpx)",30,0,14,0,0,0.0039,0.023,0,,,,,,,live:a,"{""qualityLimitationDurations"":{""cpu"":0,""none"":1393.527,""other"":0,""bandwidth"":16.882}}"
2026-08-28T19:32:37.374368+00:00,2026-08-28T19:32:35.79+00:00,track_liveness_snapshot,,viewer,show-qfstpj50,,,,,,,,,,,,,,,,,,,,,,,,,,,,,,,,,,"{""entries"":[{""key"":""contestant-a-297a1aba:TR_VCiazSiwiK3Qco"",""frames"":2410,""reason"":null,""staleSec"":0,""probation"":false},{""key"":""camfeed-a-side-85a03b34:TR_VC6cRdqSsicRiY"",""frames"":2433,""reason"":null,""staleSec"":0,""probation"":false},{""key"":""camfeed-a-close-883f2976:TR_VCToTYNatDX5PC"",""frames"":2704,""reason"":null,""staleSec"":0,""probation"":false}],""trackCount"":3,""ineligibleCount"":0}"
2026-08-28T19:32:38.533796+00:00,2026-08-28T19:32:37.385+00:00,pub_stats,,a,show-qfstpj50,1332938,2696804,1544010,41,41,0,22,31,104.07,none,f,f+h+q,3,1080,1920,1080,1920,"SimulcastEncoderAdapter (libvpx, libvpx, libvpx)",30,0,14,0,0,0.0021219999999999998,0.022,0,,,,,,,live:a,"{""qualityLimitationDurations"":{""cpu"":0,""none"":1395.527,""other"":0,""bandwidth"":16.882}}"
2026-08-28T19:32:38.533796+00:00,2026-08-28T19:32:37.491+00:00,shot_publish_success,,a,show-qfstpj50,,,,,,,,,,,,,,,,,,,,,,,,,,,,,,,,,,"{""shot"":""zoomIn"",""slot"":""a"",""commandId"":""9ef223a8-bec7-437a-be82-014018a0ad16"",""decisionSource"":""cue"",""connectionState"":""connected""}"
2026-08-28T19:32:38.533796+00:00,2026-08-28T19:32:37.491+00:00,cue_fired,,a,show-qfstpj50,,,,,,,,,,,,,,,,,,,,,,,,,,,,,,,,,,"{""shot"":""zoomIn"",""clipId"":null,""sheetId"":6,""slotRole"":""close"",""timestampMs"":46814,""resolvedTarget"":""camfeed-a-close-883f2976""}"
2026-08-28T19:32:39.537802+00:00,2026-08-28T19:32:38.654+00:00,mic_level_sample,,a,show-qfstpj50,,,,,,,,,,,,,,,,,,,,,,,,,,,,,,,,,,"{""deviceId"":""39fae2b7de1ac0ad5463a5ba3dd688ee748a5433d1272fa9afbea3233dae361b"",""inputRms"":0.010973650571407475,""outputRms"":0.1651640478636539,""deviceLabel"":""MacBook Air Microphone (Built-in)"",""audioContextState"":""running""}"
2026-08-28T19:32:39.537802+00:00,2026-08-28T19:32:39.385+00:00,track_liveness_snapshot,,a,show-qfstpj50,,,,,,,,,,,,,,,,,,,,,,,,,,,,,,,,,,"{""entries"":[{""key"":""contestant-a-297a1aba:TR_VCiazSiwiK3Qco"",""frames"":null,""reason"":null,""staleSec"":1414,""probation"":false},{""key"":""camfeed-a-side-85a03b34:TR_VC6cRdqSsicRiY"",""frames"":8253,""reason"":null,""staleSec"":1,""probation"":false},{""key"":""camfeed-a-close-883f2976:TR_VCToTYNatDX5PC"",""frames"":4771,""reason"":null,""staleSec"":1,""probation"":false}],""trackCount"":3,""ineligibleCount"":0}"
2026-08-28T19:32:40.531981+00:00,2026-08-28T19:32:39.386+00:00,pub_stats,,a,show-qfstpj50,1808456,3162299,2118639,53,53,0,27,31,100.81,none,f,f+h+q,3,1080,1920,1080,1920,"SimulcastEncoderAdapter (libvpx, libvpx, libvpx)",30,0,14,0,0,0.000977,0.022,0,,,,,,,live:a,"{""qualityLimitationDurations"":{""cpu"":0,""none"":1397.527,""other"":0,""bandwidth"":16.882}}"
2026-08-28T19:32:41.963044+00:00,2026-08-28T19:32:40.796+00:00,track_liveness_snapshot,,viewer,show-qfstpj50,,,,,,,,,,,,,,,,,,,,,,,,,,,,,,,,,,"{""entries"":[{""key"":""contestant-a-297a1aba:TR_VCiazSiwiK3Qco"",""frames"":2518,""reason"":null,""staleSec"":0,""probation"":false},{""key"":""camfeed-a-side-85a03b34:TR_VC6cRdqSsicRiY"",""frames"":2581,""reason"":null,""staleSec"":0,""probation"":false},{""key"":""camfeed-a-close-883f2976:TR_VCToTYNatDX5PC"",""frames"":2854,""reason"":null,""staleSec"":0,""probation"":false}],""trackCount"":3,""ineligibleCount"":0}"
2026-08-28T19:32:41.704146+00:00,2026-08-28T19:32:41.09+00:00,cue_fired,,a,show-qfstpj50,,,,,,,,,,,,,,,,,,,,,,,,,,,,,,,,,,"{""shot"":""wide"",""clipId"":null,""sheetId"":6,""slotRole"":""main"",""timestampMs"":50300,""resolvedTarget"":""contestant-a-297a1aba""}"
2026-08-28T19:32:41.704146+00:00,2026-08-28T19:32:41.09+00:00,shot_publish_success,,a,show-qfstpj50,,,,,,,,,,,,,,,,,,,,,,,,,,,,,,,,,,"{""shot"":""wide"",""slot"":""a"",""commandId"":""24d0374d-4e76-45a8-a84b-060972261086"",""decisionSource"":""cue"",""connectionState"":""connected""}"
2026-08-28T19:32:42.528791+00:00,2026-08-28T19:32:41.386+00:00,pub_stats,,a,show-qfstpj50,1932968,3681685,2725852,54,54,0,30,31,92.02,none,f,f+h+q,3,1080,1920,1080,1920,"SimulcastEncoderAdapter (libvpx, libvpx, libvpx)",31,0,15,0,0,0.0011769999999999999,0.022,0,,,,,,,live:a,"{""qualityLimitationDurations"":{""cpu"":0,""none"":1399.527,""other"":0,""bandwidth"":16.882}}"
2026-08-28T19:32:44.534286+00:00,2026-08-28T19:32:43.386+00:00,pub_stats,,a,show-qfstpj50,2606568,4272490,3000000,60,60,0,30,30,77.07,none,f,f+h+q,3,1080,1920,1080,1920,"SimulcastEncoderAdapter (libvpx, libvpx, libvpx)",31,0,15,0,0,0.000588,0.021,0,,,,,,,live:a,"{""qualityLimitationDurations"":{""cpu"":0,""none"":1401.527,""other"":0,""bandwidth"":16.882}}"
2026-08-28T19:32:44.534286+00:00,2026-08-28T19:32:43.386+00:00,director_heartbeat,,a,show-qfstpj50,,,,,,,,,,,,,,,,,,,,,,,,,,,,,,,,,,"{""state"":""suspended""}"
2026-08-28T19:32:44.534286+00:00,2026-08-28T19:32:43.654+00:00,mic_level_sample,,a,show-qfstpj50,,,,,,,,,,,,,,,,,,,,,,,,,,,,,,,,,,"{""deviceId"":""39fae2b7de1ac0ad5463a5ba3dd688ee748a5433d1272fa9afbea3233dae361b"",""inputRms"":0.00042271087250559444,""outputRms"":0.12786306288296787,""deviceLabel"":""MacBook Air Microphone (Built-in)"",""audioContextState"":""running""}"
2026-08-28T19:32:44.534286+00:00,2026-08-28T19:32:44.385+00:00,track_liveness_snapshot,,a,show-qfstpj50,,,,,,,,,,,,,,,,,,,,,,,,,,,,,,,,,,"{""entries"":[{""key"":""contestant-a-297a1aba:TR_VCiazSiwiK3Qco"",""frames"":null,""reason"":null,""staleSec"":1419,""probation"":false},{""key"":""camfeed-a-side-85a03b34:TR_VC6cRdqSsicRiY"",""frames"":8397,""reason"":null,""staleSec"":1,""probation"":false},{""key"":""camfeed-a-close-883f2976:TR_VCToTYNatDX5PC"",""frames"":4921,""reason"":null,""staleSec"":1,""probation"":false}],""trackCount"":3,""ineligibleCount"":0}"
2026-08-28T19:32:46.545508+00:00,2026-08-28T19:32:45.385+00:00,pub_stats,,a,show-qfstpj50,2943812,4935307,3000000,60,60,0,30,30,70.63,none,f,f+h+q,3,1080,1920,1080,1920,"SimulcastEncoderAdapter (libvpx, libvpx, libvpx)",31,0,15,0,0,0.000677,0.022,0,,,,,,,live:a,"{""qualityLimitationDurations"":{""cpu"":0,""none"":1403.527,""other"":0,""bandwidth"":16.882}}"
2026-08-28T19:32:46.910519+00:00,2026-08-28T19:32:45.802+00:00,track_liveness_snapshot,,viewer,show-qfstpj50,,,,,,,,,,,,,,,,,,,,,,,,,,,,,,,,,,"{""entries"":[{""key"":""contestant-a-297a1aba:TR_VCiazSiwiK3Qco"",""frames"":2668,""reason"":null,""staleSec"":0,""probation"":false},{""key"":""camfeed-a-side-85a03b34:TR_VC6cRdqSsicRiY"",""frames"":2722,""reason"":null,""staleSec"":0,""probation"":false},{""key"":""camfeed-a-close-883f2976:TR_VCToTYNatDX5PC"",""frames"":3004,""reason"":null,""staleSec"":0,""probation"":false}],""trackCount"":3,""ineligibleCount"":0}"
2026-08-28T19:32:48.528625+00:00,2026-08-28T19:32:47.386+00:00,pub_stats,,a,show-qfstpj50,2991648,5784796,3000000,60,60,0,30,30,65.47,none,f,f+h+q,3,1080,1920,1080,1920,"SimulcastEncoderAdapter (libvpx, libvpx, libvpx)",31,0,15,0,0,0.000466,0.023,0,,,,,,,live:a,"{""qualityLimitationDurations"":{""cpu"":0,""none"":1405.527,""other"":0,""bandwidth"":16.882}}"
2026-08-28T19:32:49.542807+00:00,2026-08-28T19:32:48.553+00:00,pub_connection_quality,,a,show-qfstpj50,,,,,,,,,,,,,,,,,,,,,,,,,,,,,,excellent,,,,
2026-08-28T19:32:49.542807+00:00,2026-08-28T19:32:48.654+00:00,mic_level_sample,,a,show-qfstpj50,,,,,,,,,,,,,,,,,,,,,,,,,,,,,,,,,,"{""deviceId"":""39fae2b7de1ac0ad5463a5ba3dd688ee748a5433d1272fa9afbea3233dae361b"",""inputRms"":0.002570812047908447,""outputRms"":0.14770857721524272,""deviceLabel"":""MacBook Air Microphone (Built-in)"",""audioContextState"":""running""}"
2026-08-28T19:32:49.542807+00:00,2026-08-28T19:32:49.385+00:00,track_liveness_snapshot,,a,show-qfstpj50,,,,,,,,,,,,,,,,,,,,,,,,,,,,,,,,,,"{""entries"":[{""key"":""contestant-a-297a1aba:TR_VCiazSiwiK3Qco"",""frames"":null,""reason"":null,""staleSec"":1424,""probation"":false},{""key"":""camfeed-a-side-85a03b34:TR_VC6cRdqSsicRiY"",""frames"":8538,""reason"":null,""staleSec"":1,""probation"":false},{""key"":""camfeed-a-close-883f2976:TR_VCToTYNatDX5PC"",""frames"":5071,""reason"":null,""staleSec"":1,""probation"":false}],""trackCount"":3,""ineligibleCount"":0}"
2026-08-28T19:32:50.615959+00:00,2026-08-28T19:32:49.386+00:00,pub_stats,,a,show-qfstpj50,3020220,6126283,2896568,60,60,0,30,30,70.75,none,f,f+h+q,3,1080,1920,1080,1920,"SimulcastEncoderAdapter (libvpx, libvpx, libvpx)",31,0,15,0,0,0.0005,0.023,0,,,,,,,live:a,"{""qualityLimitationDurations"":{""cpu"":0,""none"":1407.527,""other"":0,""bandwidth"":16.882}}"
2026-08-28T19:32:51.89311+00:00,2026-08-28T19:32:50.807+00:00,track_liveness_snapshot,,viewer,show-qfstpj50,,,,,,,,,,,,,,,,,,,,,,,,,,,,,,,,,,"{""entries"":[{""key"":""contestant-a-297a1aba:TR_VCiazSiwiK3Qco"",""frames"":2818,""reason"":null,""staleSec"":0,""probation"":false},{""key"":""camfeed-a-side-85a03b34:TR_VC6cRdqSsicRiY"",""frames"":2867,""reason"":null,""staleSec"":0,""probation"":false},{""key"":""camfeed-a-close-883f2976:TR_VCToTYNatDX5PC"",""frames"":3154,""reason"":null,""staleSec"":0,""probation"":false}],""trackCount"":3,""ineligibleCount"":0}"
2026-08-28T19:32:52.523503+00:00,2026-08-28T19:32:51.385+00:00,pub_stats,,a,show-qfstpj50,3047208,6257149,2973468,60,60,0,30,30,65.88,none,f,f+h+q,3,1080,1920,1080,1920,"SimulcastEncoderAdapter (libvpx, libvpx, libvpx)",31,0,15,0,0,0.000522,0.024,0,,,,,,,live:a,"{""qualityLimitationDurations"":{""cpu"":0,""none"":1409.527,""other"":0,""bandwidth"":16.882}}"
2026-08-28T19:32:54.529911+00:00,2026-08-28T19:32:53.385+00:00,pub_stats,,a,show-qfstpj50,2866016,6519827,2973760,60,60,0,30,30,67.42,none,f,f+h+q,3,1080,1920,1080,1920,"SimulcastEncoderAdapter (libvpx, libvpx, libvpx)",31,0,15,0,0,0.0007549999999999999,0.022,0,,,,,,,live:a,"{""qualityLimitationDurations"":{""cpu"":0,""none"":1411.527,""other"":0,""bandwidth"":16.882}}"
2026-08-28T19:32:54.529911+00:00,2026-08-28T19:32:53.387+00:00,director_heartbeat,,a,show-qfstpj50,,,,,,,,,,,,,,,,,,,,,,,,,,,,,,,,,,"{""state"":""suspended""}"
2026-08-28T19:32:54.529911+00:00,2026-08-28T19:32:53.654+00:00,mic_level_sample,,a,show-qfstpj50,,,,,,,,,,,,,,,,,,,,,,,,,,,,,,,,,,"{""deviceId"":""39fae2b7de1ac0ad5463a5ba3dd688ee748a5433d1272fa9afbea3233dae361b"",""inputRms"":0.0015367127914071431,""outputRms"":0.0934471359866721,""deviceLabel"":""MacBook Air Microphone (Built-in)"",""audioContextState"":""running""}"
2026-08-28T19:32:55.536788+00:00,2026-08-28T19:32:54.886+00:00,track_liveness_snapshot,,a,show-qfstpj50,,,,,,,,,,,,,,,,,,,,,,,,,,,,,,,,,,"{""entries"":[{""key"":""contestant-a-297a1aba:TR_VCiazSiwiK3Qco"",""frames"":null,""reason"":null,""staleSec"":1430,""probation"":false},{""key"":""camfeed-a-side-85a03b34:TR_VC6cRdqSsicRiY"",""frames"":8716,""reason"":null,""staleSec"":1,""probation"":false},{""key"":""camfeed-a-close-883f2976:TR_VCToTYNatDX5PC"",""frames"":5251,""reason"":null,""staleSec"":1,""probation"":false}],""trackCount"":3,""ineligibleCount"":0}"
2026-08-28T19:32:56.529779+00:00,2026-08-28T19:32:55.386+00:00,pub_stats,,a,show-qfstpj50,3047388,6519827,3000000,60,60,0,30,30,55.23,none,f,f+h+q,3,1080,1920,1080,1920,"SimulcastEncoderAdapter (libvpx, libvpx, libvpx)",31,0,15,0,0,0.0006,0.023,0,,,,,,,live:a,"{""qualityLimitationDurations"":{""cpu"":0,""none"":1413.527,""other"":0,""bandwidth"":16.882}}"
2026-08-28T19:32:57.071008+00:00,2026-08-28T19:32:55.809+00:00,track_liveness_snapshot,,viewer,show-qfstpj50,,,,,,,,,,,,,,,,,,,,,,,,,,,,,,,,,,"{""entries"":[{""key"":""contestant-a-297a1aba:TR_VCiazSiwiK3Qco"",""frames"":2968,""reason"":null,""staleSec"":0,""probation"":false},{""key"":""camfeed-a-side-85a03b34:TR_VC6cRdqSsicRiY"",""frames"":3016,""reason"":null,""staleSec"":0,""probation"":false},{""key"":""camfeed-a-close-883f2976:TR_VCToTYNatDX5PC"",""frames"":3304,""reason"":null,""staleSec"":0,""probation"":false}],""trackCount"":3,""ineligibleCount"":0}"
2026-08-28T19:32:58.535555+00:00,2026-08-28T19:32:57.386+00:00,pub_stats,,a,show-qfstpj50,2988744,6519827,2999968,60,60,0,30,30,64.45,none,f,f+h+q,3,1080,1920,1080,1920,"SimulcastEncoderAdapter (libvpx, libvpx, libvpx)",31,0,15,0,0,0.000833,0.023,0,,,,,,,live:a,"{""qualityLimitationDurations"":{""cpu"":0,""none"":1415.527,""other"":0,""bandwidth"":16.882}}"
2026-08-28T19:32:59.532431+00:00,2026-08-28T19:32:58.654+00:00,mic_level_sample,,a,show-qfstpj50,,,,,,,,,,,,,,,,,,,,,,,,,,,,,,,,,,"{""deviceId"":""39fae2b7de1ac0ad5463a5ba3dd688ee748a5433d1272fa9afbea3233dae361b"",""inputRms"":0.01182359719946554,""outputRms"":0.34798886746130575,""deviceLabel"":""MacBook Air Microphone (Built-in)"",""audioContextState"":""running""}"
2026-08-28T19:33:00.55321+00:00,2026-08-28T19:32:59.386+00:00,pub_stats,,a,show-qfstpj50,2929340,6519827,3000000,60,60,0,30,30,67.05,none,f,f+h+q,3,1080,1920,1080,1920,"SimulcastEncoderAdapter (libvpx, libvpx, libvpx)",31,0,15,0,0,0.0007,0.023,0,,,,,,,live:a,"{""qualityLimitationDurations"":{""cpu"":0,""none"":1417.527,""other"":0,""bandwidth"":16.882}}"
2026-08-28T19:33:00.55321+00:00,2026-08-28T19:33:00.387+00:00,track_liveness_snapshot,,a,show-qfstpj50,,,,,,,,,,,,,,,,,,,,,,,,,,,,,,,,,,"{""entries"":[{""key"":""contestant-a-297a1aba:TR_VCiazSiwiK3Qco"",""frames"":null,""reason"":null,""staleSec"":1435,""probation"":false},{""key"":""camfeed-a-side-85a03b34:TR_VC6cRdqSsicRiY"",""frames"":8794,""reason"":null,""staleSec"":1,""probation"":false},{""key"":""camfeed-a-close-883f2976:TR_VCToTYNatDX5PC"",""frames"":5401,""reason"":null,""staleSec"":1,""probation"":false}],""trackCount"":3,""ineligibleCount"":0}"
2026-08-28T19:33:02.109651+00:00,2026-08-28T19:33:00.814+00:00,track_liveness_snapshot,,viewer,show-qfstpj50,,,,,,,,,,,,,,,,,,,,,,,,,,,,,,,,,,"{""entries"":[{""key"":""contestant-a-297a1aba:TR_VCiazSiwiK3Qco"",""frames"":3118,""reason"":null,""staleSec"":0,""probation"":false},{""key"":""camfeed-a-side-85a03b34:TR_VC6cRdqSsicRiY"",""frames"":3069,""reason"":null,""staleSec"":0,""probation"":false},{""key"":""camfeed-a-close-883f2976:TR_VCToTYNatDX5PC"",""frames"":3455,""reason"":null,""staleSec"":0,""probation"":false}],""trackCount"":3,""ineligibleCount"":0}"
2026-08-28T19:33:02.519632+00:00,2026-08-28T19:33:01.385+00:00,pub_stats,,a,show-qfstpj50,2903040,6519827,3000000,60,60,0,30,30,64.08,none,f,f+h+q,3,1080,1920,1080,1920,"SimulcastEncoderAdapter (libvpx, libvpx, libvpx)",31,0,15,0,0,0.000544,0.022,0,,,,,,,live:a,"{""qualityLimitationDurations"":{""cpu"":0,""none"":1419.526,""other"":0,""bandwidth"":16.882}}"
2026-08-28T19:33:03.547915+00:00,2026-08-28T19:33:02.586+00:00,visibility_hidden,,a,show-qfstpj50,,,,,,,,,,,,,,,,,,,,,,,,,,,,,,,,,,"{""audioContextState"":""running""}"
2026-08-28T19:33:03.547915+00:00,2026-08-28T19:33:02.586+00:00,wake_lock_released_by_system,,a,show-qfstpj50,,,,,,,,,,,,,,,,,,,,,,,,,,,,,,,,,live:a,
2026-08-28T19:33:03.547915+00:00,2026-08-28T19:33:02.586+00:00,window_blur,,a,show-qfstpj50,,,,,,,,,,,,,,,,,,,,,,,,,,,,,,,,,,
2026-08-28T19:33:04.529475+00:00,2026-08-28T19:33:03.385+00:00,pub_stats,,a,show-qfstpj50,3153700,6654734,2960045,60,60,0,30,30,56.48,none,f,f+h+q,3,1080,1920,1080,1920,"SimulcastEncoderAdapter (libvpx, libvpx, libvpx)",31,0,15,0,0,0.0009109999999999999,0.023,0,,,,,,,live:a,"{""qualityLimitationDurations"":{""cpu"":0,""none"":1421.526,""other"":0,""bandwidth"":16.882}}"
2026-08-28T19:33:04.529475+00:00,2026-08-28T19:33:03.386+00:00,director_heartbeat,,a,show-qfstpj50,,,,,,,,,,,,,,,,,,,,,,,,,,,,,,,,,,"{""state"":""suspended""}"
2026-08-28T19:33:04.529475+00:00,2026-08-28T19:33:03.654+00:00,mic_level_sample,,a,show-qfstpj50,,,,,,,,,,,,,,,,,,,,,,,,,,,,,,,,,,"{""deviceId"":""39fae2b7de1ac0ad5463a5ba3dd688ee748a5433d1272fa9afbea3233dae361b"",""inputRms"":0.0022766151055323243,""outputRms"":0.06421018400372121,""deviceLabel"":""MacBook Air Microphone (Built-in)"",""audioContextState"":""running""}"
2026-08-28T19:33:06.548908+00:00,2026-08-28T19:33:05.386+00:00,pub_stats,,a,show-qfstpj50,2787542,6654734,3000000,60,60,0,30,30,63.77,none,f,f+h+q,3,1080,1920,1080,1920,"SimulcastEncoderAdapter (libvpx, libvpx, libvpx)",31,0,15,0,0,0.000655,0.023,0,,,,,,,live:a,"{""qualityLimitationDurations"":{""cpu"":0,""none"":1423.527,""other"":0,""bandwidth"":16.882}}"
2026-08-28T19:33:06.973385+00:00,2026-08-28T19:33:05.819+00:00,track_liveness_snapshot,,viewer,show-qfstpj50,,,,,,,,,,,,,,,,,,,,,,,,,,,,,,,,,,"{""entries"":[{""key"":""contestant-a-297a1aba:TR_VCiazSiwiK3Qco"",""frames"":3268,""reason"":null,""staleSec"":0,""probation"":false},{""key"":""camfeed-a-side-85a03b34:TR_VC6cRdqSsicRiY"",""frames"":3122,""reason"":null,""staleSec"":0,""probation"":false},{""key"":""camfeed-a-close-883f2976:TR_VCToTYNatDX5PC"",""frames"":3605,""reason"":null,""staleSec"":0,""probation"":false}],""trackCount"":3,""ineligibleCount"":0}"
2026-08-28T19:33:06.548908+00:00,2026-08-28T19:33:05.885+00:00,track_liveness_snapshot,,a,show-qfstpj50,,,,,,,,,,,,,,,,,,,,,,,,,,,,,,,,,,"{""entries"":[{""key"":""contestant-a-297a1aba:TR_VCiazSiwiK3Qco"",""frames"":null,""reason"":null,""staleSec"":1440,""probation"":false},{""key"":""camfeed-a-side-85a03b34:TR_VC6cRdqSsicRiY"",""frames"":8858,""reason"":null,""staleSec"":1,""probation"":false},{""key"":""camfeed-a-close-883f2976:TR_VCToTYNatDX5PC"",""frames"":5581,""reason"":null,""staleSec"":1,""probation"":false}],""trackCount"":3,""ineligibleCount"":0}"
2026-08-28T19:33:08.523298+00:00,2026-08-28T19:33:07.386+00:00,pub_stats,,a,show-qfstpj50,3117552,6909928,2959272,60,60,0,30,30,41.72,none,f,f+h+q,3,1080,1920,1080,1920,"SimulcastEncoderAdapter (libvpx, libvpx, libvpx)",31,0,15,0,0,0.0007109999999999999,0.023,0,,,,,,,live:a,"{""qualityLimitationDurations"":{""cpu"":0,""none"":1425.527,""other"":0,""bandwidth"":16.882}}"
2026-08-28T19:33:09.526531+00:00,2026-08-28T19:33:08.654+00:00,mic_level_sample,,a,show-qfstpj50,,,,,,,,,,,,,,,,,,,,,,,,,,,,,,,,,,"{""deviceId"":""39fae2b7de1ac0ad5463a5ba3dd688ee748a5433d1272fa9afbea3233dae361b"",""inputRms"":0.0010671764860130388,""outputRms"":0.024970044264189046,""deviceLabel"":""MacBook Air Microphone (Built-in)"",""audioContextState"":""running""}"
2026-08-28T19:33:10.535607+00:00,2026-08-28T19:33:09.386+00:00,pub_stats,,a,show-qfstpj50,2941528,6909928,2988785,60,60,0,30,30,41.58,none,f,f+h+q,3,1080,1920,1080,1920,"SimulcastEncoderAdapter (libvpx, libvpx, libvpx)",31,0,15,0,0,0.0006879999999999999,0.021,0,,,,,,,live:a,"{""qualityLimitationDurations"":{""cpu"":0,""none"":1427.527,""other"":0,""bandwidth"":16.882}}"
2026-08-28T19:33:12.017893+00:00,2026-08-28T19:33:10.825+00:00,track_liveness_snapshot,,viewer,show-qfstpj50,,,,,,,,,,,,,,,,,,,,,,,,,,,,,,,,,,"{""entries"":[{""key"":""contestant-a-297a1aba:TR_VCiazSiwiK3Qco"",""frames"":3418,""reason"":null,""staleSec"":0,""probation"":false},{""key"":""camfeed-a-side-85a03b34:TR_VC6cRdqSsicRiY"",""frames"":3184,""reason"":null,""staleSec"":0,""probation"":false},{""key"":""camfeed-a-close-883f2976:TR_VCToTYNatDX5PC"",""frames"":3755,""reason"":null,""staleSec"":0,""probation"":false}],""trackCount"":3,""ineligibleCount"":0}"
2026-08-28T19:33:11.54061+00:00,2026-08-28T19:33:10.885+00:00,track_liveness_snapshot,,a,show-qfstpj50,,,,,,,,,,,,,,,,,,,,,,,,,,,,,,,,,,"{""entries"":[{""key"":""contestant-a-297a1aba:TR_VCiazSiwiK3Qco"",""frames"":null,""reason"":null,""staleSec"":1445,""probation"":false},{""key"":""camfeed-a-side-85a03b34:TR_VC6cRdqSsicRiY"",""frames"":8920,""reason"":null,""staleSec"":1,""probation"":false},{""key"":""camfeed-a-close-883f2976:TR_VCToTYNatDX5PC"",""frames"":5731,""reason"":null,""staleSec"":1,""probation"":false}],""trackCount"":3,""ineligibleCount"":0}"
2026-08-28T19:33:12.519372+00:00,2026-08-28T19:33:11.386+00:00,pub_stats,,a,show-qfstpj50,3038584,6909928,3000000,60,60,0,30,30,48.75,none,f,f+h+q,3,1080,1920,1080,1920,"SimulcastEncoderAdapter (libvpx, libvpx, libvpx)",31,0,15,0,0,0.000611,0.024,0,,,,,,,live:a,"{""qualityLimitationDurations"":{""cpu"":0,""none"":1429.528,""other"":0,""bandwidth"":16.882}}"
2026-08-28T19:33:14.547063+00:00,2026-08-28T19:33:13.386+00:00,pub_stats,,a,show-qfstpj50,2934996,6909928,3000000,60,60,0,30,30,53.28,none,f,f+h+q,3,1080,1920,1080,1920,"SimulcastEncoderAdapter (libvpx, libvpx, libvpx)",31,0,15,0,0,0.000444,0.024,0,,,,,,,live:a,"{""qualityLimitationDurations"":{""cpu"":0,""none"":1431.527,""other"":0,""bandwidth"":16.882}}"
2026-08-28T19:33:14.547063+00:00,2026-08-28T19:33:13.387+00:00,director_heartbeat,,a,show-qfstpj50,,,,,,,,,,,,,,,,,,,,,,,,,,,,,,,,,,"{""state"":""suspended""}"
2026-08-28T19:33:14.547063+00:00,2026-08-28T19:33:13.654+00:00,mic_level_sample,,a,show-qfstpj50,,,,,,,,,,,,,,,,,,,,,,,,,,,,,,,,,,"{""deviceId"":""39fae2b7de1ac0ad5463a5ba3dd688ee748a5433d1272fa9afbea3233dae361b"",""inputRms"":0.0005369634071748634,""outputRms"":0.19316842025755201,""deviceLabel"":""MacBook Air Microphone (Built-in)"",""audioContextState"":""running""}"
2026-08-28T19:33:16.612227+00:00,2026-08-28T19:33:15.385+00:00,pub_stats,,a,show-qfstpj50,3042965,6909928,3000000,60,60,0,30,30,59.07,none,f,f+h+q,3,1080,1920,1080,1920,"SimulcastEncoderAdapter (libvpx, libvpx, libvpx)",31,0,15,0,0,0.000633,0.021,0,,,,,,,live:a,"{""qualityLimitationDurations"":{""cpu"":0,""none"":1433.527,""other"":0,""bandwidth"":16.882}}"
2026-08-28T19:33:16.951696+00:00,2026-08-28T19:33:15.83+00:00,track_liveness_snapshot,,viewer,show-qfstpj50,,,,,,,,,,,,,,,,,,,,,,,,,,,,,,,,,,"{""entries"":[{""key"":""contestant-a-297a1aba:TR_VCiazSiwiK3Qco"",""frames"":3568,""reason"":null,""staleSec"":0,""probation"":false},{""key"":""camfeed-a-side-85a03b34:TR_VC6cRdqSsicRiY"",""frames"":3248,""reason"":null,""staleSec"":0,""probation"":false},{""key"":""camfeed-a-close-883f2976:TR_VCToTYNatDX5PC"",""frames"":3904,""reason"":null,""staleSec"":0,""probation"":false}],""trackCount"":3,""ineligibleCount"":0}"
2026-08-28T19:33:16.612227+00:00,2026-08-28T19:33:15.885+00:00,track_liveness_snapshot,,a,show-qfstpj50,,,,,,,,,,,,,,,,,,,,,,,,,,,,,,,,,,"{""entries"":[{""key"":""contestant-a-297a1aba:TR_VCiazSiwiK3Qco"",""frames"":null,""reason"":null,""staleSec"":1450,""probation"":false},{""key"":""camfeed-a-side-85a03b34:TR_VC6cRdqSsicRiY"",""frames"":8984,""reason"":null,""staleSec"":1,""probation"":false},{""key"":""camfeed-a-close-883f2976:TR_VCToTYNatDX5PC"",""frames"":5880,""reason"":null,""staleSec"":1,""probation"":false}],""trackCount"":3,""ineligibleCount"":0}"
2026-08-28T19:33:18.532176+00:00,2026-08-28T19:33:17.386+00:00,pub_stats,,a,show-qfstpj50,3048460,6909928,2986102,60,60,0,30,30,46.13,none,f,f+h+q,3,1080,1920,1080,1920,"SimulcastEncoderAdapter (libvpx, libvpx, libvpx)",31,0,15,0,0,0.000722,0.021,0,,,,,,,live:a,"{""qualityLimitationDurations"":{""cpu"":0,""none"":1435.527,""other"":0,""bandwidth"":16.882}}"
2026-08-28T19:33:19.53053+00:00,2026-08-28T19:33:18.654+00:00,mic_level_sample,,a,show-qfstpj50,,,,,,,,,,,,,,,,,,,,,,,,,,,,,,,,,,"{""deviceId"":""39fae2b7de1ac0ad5463a5ba3dd688ee748a5433d1272fa9afbea3233dae361b"",""inputRms"":0.011008474957830463,""outputRms"":0.24220660633807034,""deviceLabel"":""MacBook Air Microphone (Built-in)"",""audioContextState"":""running""}"
2026-08-28T19:33:20.531667+00:00,2026-08-28T19:33:19.385+00:00,pub_stats,,a,show-qfstpj50,2889629,6914011,2886503,59,59,0,29,30,42.29,none,f,f+h+q,3,1080,1920,1080,1920,"SimulcastEncoderAdapter (libvpx, libvpx, libvpx)",31,0,15,0,0,0.00039999999999999996,0.022,0,,,,,,,live:a,"{""qualityLimitationDurations"":{""cpu"":0,""none"":1437.527,""other"":0,""bandwidth"":16.882}}"
2026-08-28T19:33:21.957746+00:00,2026-08-28T19:33:20.836+00:00,track_liveness_snapshot,,viewer,show-qfstpj50,,,,,,,,,,,,,,,,,,,,,,,,,,,,,,,,,,"{""entries"":[{""key"":""contestant-a-297a1aba:TR_VCiazSiwiK3Qco"",""frames"":3718,""reason"":null,""staleSec"":0,""probation"":false},{""key"":""camfeed-a-side-85a03b34:TR_VC6cRdqSsicRiY"",""frames"":3357,""reason"":null,""staleSec"":0,""probation"":false},{""key"":""camfeed-a-close-883f2976:TR_VCToTYNatDX5PC"",""frames"":4054,""reason"":null,""staleSec"":0,""probation"":false}],""trackCount"":3,""ineligibleCount"":0}"
2026-08-28T19:33:21.525066+00:00,2026-08-28T19:33:20.885+00:00,track_liveness_snapshot,,a,show-qfstpj50,,,,,,,,,,,,,,,,,,,,,,,,,,,,,,,,,,"{""entries"":[{""key"":""contestant-a-297a1aba:TR_VCiazSiwiK3Qco"",""frames"":null,""reason"":null,""staleSec"":1455,""probation"":false},{""key"":""camfeed-a-side-85a03b34:TR_VC6cRdqSsicRiY"",""frames"":9088,""reason"":null,""staleSec"":1,""probation"":false},{""key"":""camfeed-a-close-883f2976:TR_VCToTYNatDX5PC"",""frames"":6030,""reason"":null,""staleSec"":1,""probation"":false}],""trackCount"":3,""ineligibleCount"":0}"
2026-08-28T19:33:22.516225+00:00,2026-08-28T19:33:21.386+00:00,pub_stats,,a,show-qfstpj50,2908722,6914011,3000000,60,60,0,30,31,45.52,none,f,f+h+q,3,1080,1920,1080,1920,"SimulcastEncoderAdapter (libvpx, libvpx, libvpx)",31,0,15,0,0,0.0005769999999999999,0.022,0,,,,,,,live:a,"{""qualityLimitationDurations"":{""cpu"":0,""none"":1439.527,""other"":0,""bandwidth"":16.882}}"
2026-08-28T19:33:24.527681+00:00,2026-08-28T19:33:23.386+00:00,pub_stats,,a,show-qfstpj50,3034368,6914011,3000000,60,60,0,30,31,43.43,none,f,f+h+q,3,1080,1920,1080,1920,"SimulcastEncoderAdapter (libvpx, libvpx, libvpx)",31,0,15,0,0,0.0005769999999999999,0.025,0,,,,,,,live:a,"{""qualityLimitationDurations"":{""cpu"":0,""none"":1441.527,""other"":0,""bandwidth"":16.882}}"
2026-08-28T19:33:24.527681+00:00,2026-08-28T19:33:23.387+00:00,director_heartbeat,,a,show-qfstpj50,,,,,,,,,,,,,,,,,,,,,,,,,,,,,,,,,,"{""state"":""suspended""}"
2026-08-28T19:33:24.527681+00:00,2026-08-28T19:33:23.655+00:00,mic_level_sample,,a,show-qfstpj50,,,,,,,,,,,,,,,,,,,,,,,,,,,,,,,,,,"{""deviceId"":""39fae2b7de1ac0ad5463a5ba3dd688ee748a5433d1272fa9afbea3233dae361b"",""inputRms"":0.009059545084902884,""outputRms"":0.08887603212240845,""deviceLabel"":""MacBook Air Microphone (Built-in)"",""audioContextState"":""running""}"
2026-08-28T19:33:26.544329+00:00,2026-08-28T19:33:25.385+00:00,pub_stats,,a,show-qfstpj50,2993341,6914011,3000000,60,60,0,30,31,43.48,none,f,f+h+q,3,1080,1920,1080,1920,"SimulcastEncoderAdapter (libvpx, libvpx, libvpx)",31,0,15,0,0,0.0005549999999999999,0.023,0,,,,,,,live:a,"{""qualityLimitationDurations"":{""cpu"":0,""none"":1443.526,""other"":0,""bandwidth"":16.882}}"
2026-08-28T19:33:26.933225+00:00,2026-08-28T19:33:25.84+00:00,track_liveness_snapshot,,viewer,show-qfstpj50,,,,,,,,,,,,,,,,,,,,,,,,,,,,,,,,,,"{""entries"":[{""key"":""contestant-a-297a1aba:TR_VCiazSiwiK3Qco"",""frames"":3868,""reason"":null,""staleSec"":0,""probation"":false},{""key"":""camfeed-a-side-85a03b34:TR_VC6cRdqSsicRiY"",""frames"":3504,""reason"":null,""staleSec"":0,""probation"":false},{""key"":""camfeed-a-close-883f2976:TR_VCToTYNatDX5PC"",""frames"":4204,""reason"":null,""staleSec"":0,""probation"":false}],""trackCount"":3,""ineligibleCount"":0}"
2026-08-28T19:33:26.544329+00:00,2026-08-28T19:33:26.385+00:00,track_liveness_snapshot,,a,show-qfstpj50,,,,,,,,,,,,,,,,,,,,,,,,,,,,,,,,,,"{""entries"":[{""key"":""contestant-a-297a1aba:TR_VCiazSiwiK3Qco"",""frames"":null,""reason"":null,""staleSec"":1461,""probation"":false},{""key"":""camfeed-a-side-85a03b34:TR_VC6cRdqSsicRiY"",""frames"":9235,""reason"":null,""staleSec"":1,""probation"":false},{""key"":""camfeed-a-close-883f2976:TR_VCToTYNatDX5PC"",""frames"":6180,""reason"":null,""staleSec"":1,""probation"":false}],""trackCount"":3,""ineligibleCount"":0}"
2026-08-28T19:33:28.530623+00:00,2026-08-28T19:33:27.386+00:00,pub_stats,,a,show-qfstpj50,3017887,6914011,3000000,60,60,0,30,31,41.93,none,f,f+h+q,3,1080,1920,1080,1920,"SimulcastEncoderAdapter (libvpx, libvpx, libvpx)",31,0,15,0,0,0.000511,0.024,0,,,,,,,live:a,"{""qualityLimitationDurations"":{""cpu"":0,""none"":1445.527,""other"":0,""bandwidth"":16.882}}"
2026-08-28T19:33:29.704735+00:00,2026-08-28T19:33:28.654+00:00,mic_level_sample,,a,show-qfstpj50,,,,,,,,,,,,,,,,,,,,,,,,,,,,,,,,,,"{""deviceId"":""39fae2b7de1ac0ad5463a5ba3dd688ee748a5433d1272fa9afbea3233dae361b"",""inputRms"":0.009567357572503434,""outputRms"":0.3525383400672806,""deviceLabel"":""MacBook Air Microphone (Built-in)"",""audioContextState"":""running""}"
2026-08-28T19:33:30.535521+00:00,2026-08-28T19:33:29.385+00:00,pub_stats,,a,show-qfstpj50,2939642,6914011,3000000,60,60,0,30,31,44.8,none,f,f+h+q,3,1080,1920,1080,1920,"SimulcastEncoderAdapter (libvpx, libvpx, libvpx)",31,0,15,0,0,0.000588,0.024,0,,,,,,,live:a,"{""qualityLimitationDurations"":{""cpu"":0,""none"":1447.526,""other"":0,""bandwidth"":16.882}}"
2026-08-28T19:33:32.106691+00:00,2026-08-28T19:33:30.842+00:00,track_liveness_snapshot,,viewer,show-qfstpj50,,,,,,,,,,,,,,,,,,,,,,,,,,,,,,,,,,"{""entries"":[{""key"":""contestant-a-297a1aba:TR_VCiazSiwiK3Qco"",""frames"":4018,""reason"":null,""staleSec"":0,""probation"":false},{""key"":""camfeed-a-side-85a03b34:TR_VC6cRdqSsicRiY"",""frames"":3647,""reason"":null,""staleSec"":0,""probation"":false},{""key"":""camfeed-a-close-883f2976:TR_VCToTYNatDX5PC"",""frames"":4354,""reason"":null,""staleSec"":0,""probation"":false}],""trackCount"":3,""ineligibleCount"":0}"
2026-08-28T19:33:32.591615+00:00,2026-08-28T19:33:31.385+00:00,pub_stats,,a,show-qfstpj50,3046028,6914011,3000000,60,60,0,30,31,45.93,none,f,f+h+q,3,1080,1920,1080,1920,"SimulcastEncoderAdapter (libvpx, libvpx, libvpx)",31,0,15,0,0,0.0007329999999999999,0.023,0,,,,,,,live:a,"{""qualityLimitationDurations"":{""cpu"":0,""none"":1449.526,""other"":0,""bandwidth"":16.882}}"
2026-08-28T19:33:32.591615+00:00,2026-08-28T19:33:31.885+00:00,track_liveness_snapshot,,a,show-qfstpj50,,,,,,,,,,,,,,,,,,,,,,,,,,,,,,,,,,"{""entries"":[{""key"":""contestant-a-297a1aba:TR_VCiazSiwiK3Qco"",""frames"":null,""reason"":null,""staleSec"":1466,""probation"":false},{""key"":""camfeed-a-side-85a03b34:TR_VC6cRdqSsicRiY"",""frames"":9405,""reason"":null,""staleSec"":1,""probation"":false},{""key"":""camfeed-a-close-883f2976:TR_VCToTYNatDX5PC"",""frames"":6360,""reason"":null,""staleSec"":1,""probation"":false}],""trackCount"":3,""ineligibleCount"":0}"
2026-08-28T19:33:34.703723+00:00,2026-08-28T19:33:33.385+00:00,pub_stats,,a,show-qfstpj50,2928412,6914011,3000000,60,60,0,30,31,49.78,none,f,f+h+q,3,1080,1920,1080,1920,"SimulcastEncoderAdapter (libvpx, libvpx, libvpx)",31,0,15,0,0,0.0006,0.022,0,,,,,,,live:a,"{""qualityLimitationDurations"":{""cpu"":0,""none"":1451.527,""other"":0,""bandwidth"":16.882}}"
2026-08-28T19:33:34.703723+00:00,2026-08-28T19:33:33.387+00:00,director_heartbeat,,a,show-qfstpj50,,,,,,,,,,,,,,,,,,,,,,,,,,,,,,,,,,"{""state"":""suspended""}"
2026-08-28T19:33:34.703723+00:00,2026-08-28T19:33:33.654+00:00,mic_level_sample,,a,show-qfstpj50,,,,,,,,,,,,,,,,,,,,,,,,,,,,,,,,,,"{""deviceId"":""39fae2b7de1ac0ad5463a5ba3dd688ee748a5433d1272fa9afbea3233dae361b"",""inputRms"":0.0012743451767167398,""outputRms"":0.1552672130060107,""deviceLabel"":""MacBook Air Microphone (Built-in)"",""audioContextState"":""running""}"
2026-08-28T19:33:36.531429+00:00,2026-08-28T19:33:35.386+00:00,pub_stats,,a,show-qfstpj50,3013577,6914011,3000000,60,60,0,30,31,44.35,none,f,f+h+q,3,1080,1920,1080,1920,"SimulcastEncoderAdapter (libvpx, libvpx, libvpx)",31,0,15,0,0,0.0007,0.023,0,,,,,,,live:a,"{""qualityLimitationDurations"":{""cpu"":0,""none"":1453.527,""other"":0,""bandwidth"":16.882}}"
2026-08-28T19:33:37.15421+00:00,2026-08-28T19:33:35.846+00:00,track_liveness_snapshot,,viewer,show-qfstpj50,,,,,,,,,,,,,,,,,,,,,,,,,,,,,,,,,,"{""entries"":[{""key"":""contestant-a-297a1aba:TR_VCiazSiwiK3Qco"",""frames"":4168,""reason"":null,""staleSec"":0,""probation"":false},{""key"":""camfeed-a-side-85a03b34:TR_VC6cRdqSsicRiY"",""frames"":3794,""reason"":null,""staleSec"":0,""probation"":false},{""key"":""camfeed-a-close-883f2976:TR_VCToTYNatDX5PC"",""frames"":4504,""reason"":null,""staleSec"":0,""probation"":false}],""trackCount"":3,""ineligibleCount"":0}"
2026-08-28T19:33:37.534331+00:00,2026-08-28T19:33:36.885+00:00,track_liveness_snapshot,,a,show-qfstpj50,,,,,,,,,,,,,,,,,,,,,,,,,,,,,,,,,,"{""entries"":[{""key"":""contestant-a-297a1aba:TR_VCiazSiwiK3Qco"",""frames"":null,""reason"":null,""staleSec"":1471,""probation"":false},{""key"":""camfeed-a-side-85a03b34:TR_VC6cRdqSsicRiY"",""frames"":9553,""reason"":null,""staleSec"":1,""probation"":false},{""key"":""camfeed-a-close-883f2976:TR_VCToTYNatDX5PC"",""frames"":6510,""reason"":null,""staleSec"":1,""probation"":false}],""trackCount"":3,""ineligibleCount"":0}"
2026-08-28T19:33:38.644608+00:00,2026-08-28T19:33:37.386+00:00,pub_stats,,a,show-qfstpj50,3060672,6914011,2958540,60,60,0,30,31,44.92,none,f,f+h+q,3,1080,1920,1080,1920,"SimulcastEncoderAdapter (libvpx, libvpx, libvpx)",31,0,15,0,0,0.000466,0.023,0,,,,,,,live:a,"{""qualityLimitationDurations"":{""cpu"":0,""none"":1455.528,""other"":0,""bandwidth"":16.882}}"
2026-08-28T19:33:39.533891+00:00,2026-08-28T19:33:38.533+00:00,visibility_visible,,a,show-qfstpj50,,,,,,,,,,,,,,,,,,,,,,,,,,,,,,,,,,"{""audioContextState"":""running""}"
2026-08-28T19:33:39.533891+00:00,2026-08-28T19:33:38.534+00:00,window_focus,,a,show-qfstpj50,,,,,,,,,,,,,,,,,,,,,,,,,,,,,,,,,,
2026-08-28T19:33:39.533891+00:00,2026-08-28T19:33:38.539+00:00,wake_lock_acquired,,a,show-qfstpj50,,,,,,,,,,,,,,,,,,,,,,,,,,,,,,,,,live:a,
2026-08-28T19:33:39.533891+00:00,2026-08-28T19:33:38.653+00:00,mic_level_sample,,a,show-qfstpj50,,,,,,,,,,,,,,,,,,,,,,,,,,,,,,,,,,"{""deviceId"":""39fae2b7de1ac0ad5463a5ba3dd688ee748a5433d1272fa9afbea3233dae361b"",""inputRms"":0.014592351238193711,""outputRms"":0.06956113446844009,""deviceLabel"":""MacBook Air Microphone (Built-in)"",""audioContextState"":""running""}"
2026-08-28T19:33:40.535989+00:00,2026-08-28T19:33:39.387+00:00,pub_stats,,a,show-qfstpj50,3029337,6914011,2956298,60,60,0,30,30,56.33,none,f,f+h+q,3,1080,1920,1080,1920,"SimulcastEncoderAdapter (libvpx, libvpx, libvpx)",31,0,15,0,0,0.0006659999999999999,0.021,0,,,,,,,live:a,"{""qualityLimitationDurations"":{""cpu"":0,""none"":1457.528,""other"":0,""bandwidth"":16.882}}"
2026-08-28T19:33:42.117279+00:00,2026-08-28T19:33:40.852+00:00,track_liveness_snapshot,,viewer,show-qfstpj50,,,,,,,,,,,,,,,,,,,,,,,,,,,,,,,,,,"{""entries"":[{""key"":""contestant-a-297a1aba:TR_VCiazSiwiK3Qco"",""frames"":4318,""reason"":null,""staleSec"":0,""probation"":false},{""key"":""camfeed-a-side-85a03b34:TR_VC6cRdqSsicRiY"",""frames"":3940,""reason"":null,""staleSec"":0,""probation"":false},{""key"":""camfeed-a-close-883f2976:TR_VCToTYNatDX5PC"",""frames"":4655,""reason"":null,""staleSec"":0,""probation"":false}],""trackCount"":3,""ineligibleCount"":0}"
2026-08-28T19:33:42.535543+00:00,2026-08-28T19:33:41.386+00:00,pub_stats,,a,show-qfstpj50,2844034,6914011,3000000,60,60,0,30,30,60.88,none,f,f+h+q,3,1080,1920,1080,1920,"SimulcastEncoderAdapter (libvpx, libvpx, libvpx)",31,0,15,0,0,0.0007,0.022,0,,,,,,,live:a,"{""qualityLimitationDurations"":{""cpu"":0,""none"":1459.527,""other"":0,""bandwidth"":16.882}}"
2026-08-28T19:33:42.535543+00:00,2026-08-28T19:33:41.885+00:00,track_liveness_snapshot,,a,show-qfstpj50,,,,,,,,,,,,,,,,,,,,,,,,,,,,,,,,,,"{""entries"":[{""key"":""contestant-a-297a1aba:TR_VCiazSiwiK3Qco"",""frames"":null,""reason"":null,""staleSec"":1476,""probation"":false},{""key"":""camfeed-a-side-85a03b34:TR_VC6cRdqSsicRiY"",""frames"":9700,""reason"":null,""staleSec"":1,""probation"":false},{""key"":""camfeed-a-close-883f2976:TR_VCToTYNatDX5PC"",""frames"":6660,""reason"":null,""staleSec"":1,""probation"":false}],""trackCount"":3,""ineligibleCount"":0}"
2026-08-28T19:33:44.537217+00:00,2026-08-28T19:33:43.386+00:00,pub_stats,,a,show-qfstpj50,3049032,6914011,2974430,60,60,0,30,30,53.25,none,f,f+h+q,3,1080,1920,1080,1920,"SimulcastEncoderAdapter (libvpx, libvpx, libvpx)",31,0,15,0,0,0.0006,0.024,0,,,,,,,live:a,"{""qualityLimitationDurations"":{""cpu"":0,""none"":1461.528,""other"":0,""bandwidth"":16.882}}"
2026-08-28T19:33:44.537217+00:00,2026-08-28T19:33:43.386+00:00,director_heartbeat,,a,show-qfstpj50,,,,,,,,,,,,,,,,,,,,,,,,,,,,,,,,,,"{""state"":""suspended""}"
2026-08-28T19:33:44.537217+00:00,2026-08-28T19:33:43.655+00:00,mic_level_sample,,a,show-qfstpj50,,,,,,,,,,,,,,,,,,,,,,,,,,,,,,,,,,"{""deviceId"":""39fae2b7de1ac0ad5463a5ba3dd688ee748a5433d1272fa9afbea3233dae361b"",""inputRms"":0.005504633850996279,""outputRms"":0.1871188562904941,""deviceLabel"":""MacBook Air Microphone (Built-in)"",""audioContextState"":""running""}"
2026-08-28T19:33:46.532953+00:00,2026-08-28T19:33:45.385+00:00,pub_stats,,a,show-qfstpj50,3000320,6914011,3000000,60,60,0,30,30,50.75,none,f,f+h+q,3,1080,1920,1080,1920,"SimulcastEncoderAdapter (libvpx, libvpx, libvpx)",31,0,15,0,0,0.0005549999999999999,0.024,0,,,,,,,live:a,"{""qualityLimitationDurations"":{""cpu"":0,""none"":1463.526,""other"":0,""bandwidth"":16.882}}"
2026-08-28T19:33:46.944632+00:00,2026-08-28T19:33:45.857+00:00,track_liveness_snapshot,,viewer,show-qfstpj50,,,,,,,,,,,,,,,,,,,,,,,,,,,,,,,,,,"{""entries"":[{""key"":""contestant-a-297a1aba:TR_VCiazSiwiK3Qco"",""frames"":4468,""reason"":null,""staleSec"":0,""probation"":false},{""key"":""camfeed-a-side-85a03b34:TR_VC6cRdqSsicRiY"",""frames"":4089,""reason"":null,""staleSec"":0,""probation"":false},{""key"":""camfeed-a-close-883f2976:TR_VCToTYNatDX5PC"",""frames"":4805,""reason"":null,""staleSec"":0,""probation"":false}],""trackCount"":3,""ineligibleCount"":0}"
2026-08-28T19:33:47.52503+00:00,2026-08-28T19:33:46.885+00:00,track_liveness_snapshot,,a,show-qfstpj50,,,,,,,,,,,,,,,,,,,,,,,,,,,,,,,,,,"{""entries"":[{""key"":""contestant-a-297a1aba:TR_VCiazSiwiK3Qco"",""frames"":null,""reason"":null,""staleSec"":1481,""probation"":false},{""key"":""camfeed-a-side-85a03b34:TR_VC6cRdqSsicRiY"",""frames"":9847,""reason"":null,""staleSec"":1,""probation"":false},{""key"":""camfeed-a-close-883f2976:TR_VCToTYNatDX5PC"",""frames"":6811,""reason"":null,""staleSec"":1,""probation"":false}],""trackCount"":3,""ineligibleCount"":0}"
2026-08-28T19:33:48.595381+00:00,2026-08-28T19:33:47.386+00:00,pub_stats,,a,show-qfstpj50,3005436,6914011,3000000,60,60,0,30,30,38.42,none,f,f+h+q,3,1080,1920,1080,1920,"SimulcastEncoderAdapter (libvpx, libvpx, libvpx)",31,0,15,0,0,0.000544,0.022,0,,,,,,,live:a,"{""qualityLimitationDurations"":{""cpu"":0,""none"":1465.527,""other"":0,""bandwidth"":16.882}}"
2026-08-28T19:33:48.595381+00:00,2026-08-28T19:33:47.891+00:00,cue_seek_detected,,a,show-qfstpj50,,,,,,,,,,,,,,,,,,,,,,,,,,,,,,,,,,"{""toMs"":1875.7541563229552,""fromMs"":117022.76643990922,""sheetId"":6}"
2026-08-28T19:33:49.53516+00:00,2026-08-28T19:33:48.655+00:00,mic_level_sample,,a,show-qfstpj50,,,,,,,,,,,,,,,,,,,,,,,,,,,,,,,,,,"{""deviceId"":""39fae2b7de1ac0ad5463a5ba3dd688ee748a5433d1272fa9afbea3233dae361b"",""inputRms"":0.00017250853290365023,""outputRms"":0.11603820021419813,""deviceLabel"":""MacBook Air Microphone (Built-in)"",""audioContextState"":""running""}"
2026-08-28T19:33:49.53516+00:00,2026-08-28T19:33:49.091+00:00,shot_publish_success,,a,show-qfstpj50,,,,,,,,,,,,,,,,,,,,,,,,,,,,,,,,,,"{""shot"":""zoomIn"",""slot"":""a"",""commandId"":""990dcac8-5f72-4f11-b8f4-a2624e588392"",""decisionSource"":""cue"",""connectionState"":""connected""}"
2026-08-28T19:33:49.53516+00:00,2026-08-28T19:33:49.091+00:00,cue_fired,,a,show-qfstpj50,,,,,,,,,,,,,,,,,,,,,,,,,,,,,,,,,,"{""shot"":""zoomIn"",""clipId"":null,""sheetId"":6,""slotRole"":""main"",""timestampMs"":3019,""resolvedTarget"":""contestant-a-297a1aba""}"
2026-08-28T19:33:50.635702+00:00,2026-08-28T19:33:49.386+00:00,pub_stats,,a,show-qfstpj50,2948050,6914011,2955815,60,60,0,30,30,30.62,none,f,f+h+q,3,1080,1920,1080,1920,"SimulcastEncoderAdapter (libvpx, libvpx, libvpx)",31,0,15,0,0,0.0007,0.022,0,,,,,,,live:a,"{""qualityLimitationDurations"":{""cpu"":0,""none"":1467.528,""other"":0,""bandwidth"":16.882}}"
2026-08-28T19:33:51.965094+00:00,2026-08-28T19:33:50.865+00:00,track_liveness_snapshot,,viewer,show-qfstpj50,,,,,,,,,,,,,,,,,,,,,,,,,,,,,,,,,,"{""entries"":[{""key"":""contestant-a-297a1aba:TR_VCiazSiwiK3Qco"",""frames"":4618,""reason"":null,""staleSec"":0,""probation"":false},{""key"":""camfeed-a-side-85a03b34:TR_VC6cRdqSsicRiY"",""frames"":4230,""reason"":null,""staleSec"":0,""probation"":false},{""key"":""camfeed-a-close-883f2976:TR_VCToTYNatDX5PC"",""frames"":4955,""reason"":null,""staleSec"":0,""probation"":false}],""trackCount"":3,""ineligibleCount"":0}"
2026-08-28T19:33:52.609074+00:00,2026-08-28T19:33:51.386+00:00,pub_stats,,a,show-qfstpj50,2997332,6914011,3000000,60,60,0,30,30,41.9,none,f,f+h+q,3,1080,1920,1080,1920,"SimulcastEncoderAdapter (libvpx, libvpx, libvpx)",31,0,15,0,0,0.0006879999999999999,0.023,0,,,,,,,live:a,"{""qualityLimitationDurations"":{""cpu"":0,""none"":1469.527,""other"":0,""bandwidth"":16.882}}"
2026-08-28T19:33:52.609074+00:00,2026-08-28T19:33:51.885+00:00,track_liveness_snapshot,,a,show-qfstpj50,,,,,,,,,,,,,,,,,,,,,,,,,,,,,,,,,,"{""entries"":[{""key"":""contestant-a-297a1aba:TR_VCiazSiwiK3Qco"",""frames"":null,""reason"":null,""staleSec"":1486,""probation"":false},{""key"":""camfeed-a-side-85a03b34:TR_VC6cRdqSsicRiY"",""frames"":9988,""reason"":null,""staleSec"":1,""probation"":false},{""key"":""camfeed-a-close-883f2976:TR_VCToTYNatDX5PC"",""frames"":6961,""reason"":null,""staleSec"":1,""probation"":false}],""trackCount"":3,""ineligibleCount"":0}"
2026-08-28T19:33:52.609074+00:00,2026-08-28T19:33:51.891+00:00,shot_publish_success,,a,show-qfstpj50,,,,,,,,,,,,,,,,,,,,,,,,,,,,,,,,,,"{""shot"":""mediumCU"",""slot"":""a"",""commandId"":""f4ef6f09-804f-4961-b056-b894a166d4ce"",""decisionSource"":""cue"",""connectionState"":""connected""}"
2026-08-28T19:33:52.609074+00:00,2026-08-28T19:33:51.891+00:00,cue_fired,,a,show-qfstpj50,,,,,,,,,,,,,,,,,,,,,,,,,,,,,,,,,,"{""shot"":""mediumCU"",""clipId"":null,""sheetId"":6,""slotRole"":""close"",""timestampMs"":5683,""resolvedTarget"":""camfeed-a-close-883f2976""}"
2026-08-28T19:33:54.551282+00:00,2026-08-28T19:33:53.385+00:00,pub_stats,,a,show-qfstpj50,2881757,6914011,3000000,60,60,0,30,30,57.37,none,f,f+h+q,3,1080,1920,1080,1920,"SimulcastEncoderAdapter (libvpx, libvpx, libvpx)",31,0,15,0,0,0.000488,0.023,0,,,,,,,live:a,"{""qualityLimitationDurations"":{""cpu"":0,""none"":1471.527,""other"":0,""bandwidth"":16.882}}"
2026-08-28T19:33:54.551282+00:00,2026-08-28T19:33:53.387+00:00,director_heartbeat,,a,show-qfstpj50,,,,,,,,,,,,,,,,,,,,,,,,,,,,,,,,,,"{""state"":""suspended""}"
2026-08-28T19:33:54.551282+00:00,2026-08-28T19:33:53.655+00:00,mic_level_sample,,a,show-qfstpj50,,,,,,,,,,,,,,,,,,,,,,,,,,,,,,,,,,"{""deviceId"":""39fae2b7de1ac0ad5463a5ba3dd688ee748a5433d1272fa9afbea3233dae361b"",""inputRms"":0.012939216036681824,""outputRms"":0.1088831740787014,""deviceLabel"":""MacBook Air Microphone (Built-in)"",""audioContextState"":""running""}"
2026-08-28T19:33:56.553035+00:00,2026-08-28T19:33:55.385+00:00,pub_stats,,a,show-qfstpj50,3100552,6914011,3000000,60,60,0,30,30,44.33,none,f,f+h+q,3,1080,1920,1080,1920,"SimulcastEncoderAdapter (libvpx, libvpx, libvpx)",31,0,15,0,0,0.000388,0.023,0,,,,,,,live:a,"{""qualityLimitationDurations"":{""cpu"":0,""none"":1473.527,""other"":0,""bandwidth"":16.882}}"
2026-08-28T19:33:56.908858+00:00,2026-08-28T19:33:55.871+00:00,track_liveness_snapshot,,viewer,show-qfstpj50,,,,,,,,,,,,,,,,,,,,,,,,,,,,,,,,,,"{""entries"":[{""key"":""contestant-a-297a1aba:TR_VCiazSiwiK3Qco"",""frames"":4768,""reason"":null,""staleSec"":0,""probation"":false},{""key"":""camfeed-a-side-85a03b34:TR_VC6cRdqSsicRiY"",""frames"":4375,""reason"":null,""staleSec"":0,""probation"":false},{""key"":""camfeed-a-close-883f2976:TR_VCToTYNatDX5PC"",""frames"":5104,""reason"":null,""staleSec"":0,""probation"":false}],""trackCount"":3,""ineligibleCount"":0}"
2026-08-28T19:33:57.562678+00:00,2026-08-28T19:33:56.887+00:00,track_liveness_snapshot,,a,show-qfstpj50,,,,,,,,,,,,,,,,,,,,,,,,,,,,,,,,,,"{""entries"":[{""key"":""contestant-a-297a1aba:TR_VCiazSiwiK3Qco"",""frames"":null,""reason"":null,""staleSec"":1492,""probation"":false},{""key"":""camfeed-a-side-85a03b34:TR_VC6cRdqSsicRiY"",""frames"":10134,""reason"":null,""staleSec"":1,""probation"":false},{""key"":""camfeed-a-close-883f2976:TR_VCToTYNatDX5PC"",""frames"":7110,""reason"":null,""staleSec"":1,""probation"":false}],""trackCount"":3,""ineligibleCount"":0}"
2026-08-28T19:33:57.562678+00:00,2026-08-28T19:33:57.092+00:00,cue_fired,,a,show-qfstpj50,,,,,,,,,,,,,,,,,,,,,,,,,,,,,,,,,,"{""shot"":""closeUp"",""clipId"":null,""sheetId"":6,""slotRole"":""side"",""timestampMs"":10948,""resolvedTarget"":""camfeed-a-side-85a03b34""}"
2026-08-28T19:33:57.562678+00:00,2026-08-28T19:33:57.092+00:00,shot_publish_success,,a,show-qfstpj50,,,,,,,,,,,,,,,,,,,,,,,,,,,,,,,,,,"{""shot"":""closeUp"",""slot"":""a"",""commandId"":""d19d6fa8-3b64-4062-95b5-46074b47c9ef"",""decisionSource"":""cue"",""connectionState"":""connected""}"
2026-08-28T19:33:58.539086+00:00,2026-08-28T19:33:57.386+00:00,pub_stats,,a,show-qfstpj50,2946695,6914011,3000000,60,60,0,30,30,55.53,none,f,f+h+q,3,1080,1920,1080,1920,"SimulcastEncoderAdapter (libvpx, libvpx, libvpx)",31,0,15,0,0,0.0005549999999999999,0.025,0,,,,,,,live:a,"{""qualityLimitationDurations"":{""cpu"":0,""none"":1475.528,""other"":0,""bandwidth"":16.882}}"
2026-08-28T19:33:59.522177+00:00,2026-08-28T19:33:58.654+00:00,mic_level_sample,,a,show-qfstpj50,,,,,,,,,,,,,,,,,,,,,,,,,,,,,,,,,,"{""deviceId"":""39fae2b7de1ac0ad5463a5ba3dd688ee748a5433d1272fa9afbea3233dae361b"",""inputRms"":0.002622777413652692,""outputRms"":0.1406252547656003,""deviceLabel"":""MacBook Air Microphone (Built-in)"",""audioContextState"":""running""}"
2026-08-28T19:33:59.522177+00:00,2026-08-28T19:33:58.891+00:00,cue_fired,,a,show-qfstpj50,,,,,,,,,,,,,,,,,,,,,,,,,,,,,,,,,,"{""shot"":""bRollClip"",""clipId"":""d2931782-016a-4333-8381-a6d04684a131"",""sheetId"":6,""slotRole"":""broll"",""timestampMs"":12765,""resolvedTarget"":null}"
2026-08-28T19:33:59.522177+00:00,2026-08-28T19:33:58.893+00:00,cue_playback_started,,a,show-qfstpj50,,,,,,,,,,,,,,,,,,,,,,,,,,,,,,,,,,"{""sheetId"":6,""cueCount"":11}"
2026-08-28T19:33:59.522177+00:00,2026-08-28T19:33:58.893+00:00,cue_playback_stopped,,a,show-qfstpj50,,,,,,,,,,,,,,,,,,,,,,,,,,,,,,,,,,"{""sheetId"":6}"
2026-08-28T19:34:00.574069+00:00,2026-08-28T19:33:59.385+00:00,pub_stats,,a,show-qfstpj50,2997399,6914011,3000000,60,60,0,30,30,50.35,none,f,f+h+q,3,1080,1920,1080,1920,"SimulcastEncoderAdapter (libvpx, libvpx, libvpx)",31,0,15,0,0,0.000655,0.022,0,,,,,,,live:a,"{""qualityLimitationDurations"":{""cpu"":0,""none"":1477.527,""other"":0,""bandwidth"":16.882}}"
2026-08-28T19:34:01.932268+00:00,2026-08-28T19:34:00.877+00:00,track_liveness_snapshot,,viewer,show-qfstpj50,,,,,,,,,,,,,,,,,,,,,,,,,,,,,,,,,,"{""entries"":[{""key"":""contestant-a-297a1aba:TR_VCiazSiwiK3Qco"",""frames"":4918,""reason"":null,""staleSec"":0,""probation"":false},{""key"":""camfeed-a-side-85a03b34:TR_VC6cRdqSsicRiY"",""frames"":4523,""reason"":null,""staleSec"":0,""probation"":false},{""key"":""camfeed-a-close-883f2976:TR_VCToTYNatDX5PC"",""frames"":5254,""reason"":null,""staleSec"":0,""probation"":false}],""trackCount"":3,""ineligibleCount"":0}"
2026-08-28T19:34:01.540426+00:00,2026-08-28T19:34:01.254+00:00,track_local_published,,a,show-qfstpj50,,,,,,,,,,,,,,,,,,,,,,,,,,,,,,,screen_share,,,"{""kind"":""video"",""trackSid"":""TR_VS5fU4jgegs8Qs"",""participantIdentity"":""contestant-a-297a1aba""}"
2026-08-28T19:34:01.540426+00:00,2026-08-28T19:34:01.254+00:00,shot_publish_success,,a,show-qfstpj50,,,,,,,,,,,,,,,,,,,,,,,,,,,,,,,,,,"{""shot"":""bRollClip"",""slot"":""a"",""commandId"":""a72724b3-822a-4533-9cb5-c78763f7a6d8"",""decisionSource"":""human"",""connectionState"":""connected""}"
2026-08-28T19:34:01.540426+00:00,2026-08-28T19:34:01.254+00:00,broll_published,,a,show-qfstpj50,,,,,,,,,,,,,,,,,,,,,,,,,,,,,,,,,,"{""title"":""VID_20260823_173651"",""clipId"":""d2931782-016a-4333-8381-a6d04684a131"",""trackSid"":""TR_VS5fU4jgegs8Qs"",""durationMs"":null}"
2026-08-28T19:34:01.540426+00:00,2026-08-28T19:34:01.254+00:00,pub_track_published,,a,show-qfstpj50,,,,,,,,,,,,,,,,,,,,,,,,,,,,,,,screen_share,TR_VS5fU4jgegs8Qs,,
2026-08-28T19:34:01.540426+00:00,2026-08-28T19:34:01.257+00:00,cue_playback_stopped,,a,show-qfstpj50,,,,,,,,,,,,,,,,,,,,,,,,,,,,,,,,,,"{""sheetId"":6}"
2026-08-28T19:34:01.540426+00:00,2026-08-28T19:34:01.257+00:00,cue_playback_started,,a,show-qfstpj50,,,,,,,,,,,,,,,,,,,,,,,,,,,,,,,,,,"{""sheetId"":6,""cueCount"":11}"
2026-08-28T19:34:02.524899+00:00,2026-08-28T19:34:01.385+00:00,pub_stats,,a,show-qfstpj50,2794104,2828442,,56,56,0,26,30,47,bandwidth,f,f+h+q,3,1080,1920,1080,1920,"SimulcastEncoderAdapter (libvpx, libvpx)",31,0,15,0,0,0.000544,0.022,0,,,,,,,live:a,"{""qualityLimitationDurations"":{""cpu"":0,""none"":1479.393,""other"":0,""bandwidth"":17.016}}"
2026-08-28T19:34:02.524899+00:00,2026-08-28T19:34:01.385+00:00,pub_quality_limitation_changed,,a,show-qfstpj50,,,,,,,,,47,,,,,,,,,,,,,,,,,,none,bandwidth,,,,,,"{""durations"":{""cpu"":0,""none"":1479.393,""other"":0,""bandwidth"":17.016}}"
2026-08-28T19:34:01.540426+00:00,2026-08-28T19:34:01.385+00:00,track_liveness_snapshot,,a,show-qfstpj50,,,,,,,,,,,,,,,,,,,,,,,,,,,,,,,,,,"{""entries"":[{""key"":""contestant-a-297a1aba:TR_VCiazSiwiK3Qco"",""frames"":null,""reason"":null,""staleSec"":1496,""probation"":false},{""key"":""camfeed-a-side-85a03b34:TR_VC6cRdqSsicRiY"",""frames"":10251,""reason"":null,""staleSec"":1,""probation"":false},{""key"":""camfeed-a-close-883f2976:TR_VCToTYNatDX5PC"",""frames"":7230,""reason"":null,""staleSec"":1,""probation"":false},{""key"":""contestant-a-297a1aba:TR_VS5fU4jgegs8Qs"",""frames"":null,""reason"":null,""staleSec"":0,""probation"":false}],""trackCount"":4,""ineligibleCount"":0}"
2026-08-28T19:34:04.616404+00:00,2026-08-28T19:34:03.386+00:00,director_heartbeat,,a,show-qfstpj50,,,,,,,,,,,,,,,,,,,,,,,,,,,,,,,,,,"{""state"":""suspended""}"
2026-08-28T19:34:04.616404+00:00,2026-08-28T19:34:03.386+00:00,pub_stats,,a,show-qfstpj50,1232392,5084923,800000,34,34,0,20,30,88.47,none,f,f+h+q,3,1080,1920,1080,1920,"SimulcastEncoderAdapter (libvpx, libvpx, libvpx)",32,0,15,0,0,0.0018219999999999998,0.03,0,,,,,,,live:a,"{""qualityLimitationDurations"":{""cpu"":0,""none"":1481.172,""other"":0,""bandwidth"":17.237}}"
2026-08-28T19:34:04.616404+00:00,2026-08-28T19:34:03.386+00:00,pub_quality_limitation_changed,,a,show-qfstpj50,,,,,,,,,88.47,,,,,,,,,,,,,,,,,,bandwidth,none,,,,,,"{""durations"":{""cpu"":0,""none"":1481.172,""other"":0,""bandwidth"":17.237}}"
2026-08-28T19:34:04.616404+00:00,2026-08-28T19:34:03.458+00:00,cue_fired,,a,show-qfstpj50,,,,,,,,,,,,,,,,,,,,,,,,,,,,,,,,,,"{""shot"":""wide"",""clipId"":null,""sheetId"":6,""slotRole"":""main"",""timestampMs"":17316,""resolvedTarget"":""contestant-a-297a1aba""}"
2026-08-28T19:34:04.616404+00:00,2026-08-28T19:34:03.458+00:00,shot_publish_success,,a,show-qfstpj50,,,,,,,,,,,,,,,,,,,,,,,,,,,,,,,,,,"{""shot"":""wide"",""slot"":""a"",""commandId"":""715a74d0-3251-4935-a63b-ce2f57bc97f4"",""decisionSource"":""cue"",""connectionState"":""connected""}"
2026-08-28T19:34:04.616404+00:00,2026-08-28T19:34:03.655+00:00,mic_level_sample,,a,show-qfstpj50,,,,,,,,,,,,,,,,,,,,,,,,,,,,,,,,,,"{""deviceId"":""39fae2b7de1ac0ad5463a5ba3dd688ee748a5433d1272fa9afbea3233dae361b"",""inputRms"":0.01414551193255129,""outputRms"":0.15632061180876108,""deviceLabel"":""MacBook Air Microphone (Built-in)"",""audioContextState"":""running""}"
2026-08-28T19:34:04.616404+00:00,2026-08-28T19:34:03.962+00:00,broll_stopped,,a,show-qfstpj50,,,,,,,,,,,,,,,,,,,,,,,,,,,,,off_air,,,,,
2026-08-28T19:34:04.616404+00:00,2026-08-28T19:34:03.962+00:00,pub_track_unpublished,,a,show-qfstpj50,,,,,,,,,,,,,,,,,,,,,,,,,,,,,,,screen_share,TR_VS5fU4jgegs8Qs,,
2026-08-28T19:34:04.616404+00:00,2026-08-28T19:34:03.963+00:00,track_local_unpublished,,a,show-qfstpj50,,,,,,,,,,,,,,,,,,,,,,,,,,,,,,,screen_share,,,"{""kind"":""video"",""trackSid"":""TR_VS5fU4jgegs8Qs"",""participantIdentity"":""contestant-a-297a1aba""}"
2026-08-28T19:34:04.616404+00:00,2026-08-28T19:34:03.965+00:00,cue_playback_started,,a,show-qfstpj50,,,,,,,,,,,,,,,,,,,,,,,,,,,,,,,,,,"{""sheetId"":6,""cueCount"":11}"
2026-08-28T19:34:04.616404+00:00,2026-08-28T19:34:03.965+00:00,cue_playback_stopped,,a,show-qfstpj50,,,,,,,,,,,,,,,,,,,,,,,,,,,,,,,,,,"{""sheetId"":6}"
2026-08-28T19:34:04.616404+00:00,2026-08-28T19:34:04.034+00:00,broll_unpublished,,a,show-qfstpj50,,,,,,,,,,,,,,,,,,,,,,,,,,,,,,,,,,"{""clipId"":""d2931782-016a-4333-8381-a6d04684a131""}"
2026-08-28T19:34:04.616404+00:00,2026-08-28T19:34:04.385+00:00,track_liveness_snapshot,,a,show-qfstpj50,,,,,,,,,,,,,,,,,,,,,,,,,,,,,,,,,,"{""entries"":[{""key"":""contestant-a-297a1aba:TR_VCiazSiwiK3Qco"",""frames"":null,""reason"":null,""staleSec"":1499,""probation"":false},{""key"":""camfeed-a-side-85a03b34:TR_VC6cRdqSsicRiY"",""frames"":10341,""reason"":null,""staleSec"":1,""probation"":false},{""key"":""camfeed-a-close-883f2976:TR_VCToTYNatDX5PC"",""frames"":7320,""reason"":null,""staleSec"":1,""probation"":false}],""trackCount"":3,""ineligibleCount"":0}"
2026-08-28T19:34:04.616404+00:00,2026-08-28T19:34:04.385+00:00,broll_source_ended,,a,show-qfstpj50,,,,,,,,,,,,,,,,,,,,,,,,,,,,,,,,,,"{""key"":""contestant-a-297a1aba:TR_VS5fU4jgegs8Qs"",""identity"":""contestant-a-297a1aba""}"
2026-08-28T19:34:06.550629+00:00,2026-08-28T19:34:05.386+00:00,pub_quality_limitation_changed,,a,show-qfstpj50,,,,,,,,,80.55,,,,,,,,,,,,,,,,,,none,bandwidth,,,,,,"{""durations"":{""cpu"":0,""none"":1481.908,""other"":0,""bandwidth"":18.501}}"
2026-08-28T19:34:06.550629+00:00,2026-08-28T19:34:05.386+00:00,pub_stats,,a,show-qfstpj50,550796,1072174,,20,20,0,,30,80.55,bandwidth,f,f+h+q,3,1080,1920,1080,1920,"SimulcastEncoderAdapter (libvpx, libvpx)",33,0,15,0,0,0.0072109999999999995,0.03,0,,,,,,,live:a,"{""qualityLimitationDurations"":{""cpu"":0,""none"":1481.908,""other"":0,""bandwidth"":18.501}}"
2026-08-28T19:34:06.95816+00:00,2026-08-28T19:34:05.883+00:00,track_liveness_snapshot,,viewer,show-qfstpj50,,,,,,,,,,,,,,,,,,,,,,,,,,,,,,,,,,"{""entries"":[{""key"":""contestant-a-297a1aba:TR_VCiazSiwiK3Qco"",""frames"":5005,""reason"":null,""staleSec"":0,""probation"":false},{""key"":""camfeed-a-side-85a03b34:TR_VC6cRdqSsicRiY"",""frames"":4670,""reason"":null,""staleSec"":0,""probation"":false},{""key"":""camfeed-a-close-883f2976:TR_VCToTYNatDX5PC"",""frames"":5404,""reason"":null,""staleSec"":0,""probation"":false}],""trackCount"":3,""ineligibleCount"":0}"
2026-08-28T19:34:08.538441+00:00,2026-08-28T19:34:07.386+00:00,pub_simulcast_switch,,a,show-qfstpj50,0,1206754,,,,,,,,,,,,,,,,,,,,,,,,,f+h+q,h+q,bandwidth,,,,,
2026-08-28T19:34:08.538441+00:00,2026-08-28T19:34:07.386+00:00,pub_stats,,a,show-qfstpj50,0,1206754,,0,0,0,,30,,bandwidth,f,h+q,3,1080,1920,1080,1920,"SimulcastEncoderAdapter (libvpx, libvpx)",33,0,15,0,0,0.0012109999999999998,0.022,0,,,,,,,live:a,"{""qualityLimitationDurations"":{""cpu"":0,""none"":1481.908,""other"":0,""bandwidth"":20.501}}"
2026-08-28T19:34:08.538441+00:00,2026-08-28T19:34:07.566+00:00,shot_publish_success,,a,show-qfstpj50,,,,,,,,,,,,,,,,,,,,,,,,,,,,,,,,,,"{""shot"":""closeUp"",""slot"":""a"",""commandId"":""212bd098-e2e5-4161-92ec-ad2f7d46e917"",""decisionSource"":""cue"",""connectionState"":""connected""}"
2026-08-28T19:34:08.538441+00:00,2026-08-28T19:34:07.566+00:00,cue_fired,,a,show-qfstpj50,,,,,,,,,,,,,,,,,,,,,,,,,,,,,,,,,,"{""shot"":""closeUp"",""clipId"":null,""sheetId"":6,""slotRole"":""side"",""timestampMs"":21548,""resolvedTarget"":""camfeed-a-side-85a03b34""}"
2026-08-28T19:34:09.541981+00:00,2026-08-28T19:34:08.654+00:00,mic_level_sample,,a,show-qfstpj50,,,,,,,,,,,,,,,,,,,,,,,,,,,,,,,,,,"{""deviceId"":""39fae2b7de1ac0ad5463a5ba3dd688ee748a5433d1272fa9afbea3233dae361b"",""inputRms"":0.032865270512089234,""outputRms"":0.07480098018769685,""deviceLabel"":""MacBook Air Microphone (Built-in)"",""audioContextState"":""running""}"
2026-08-28T19:34:09.541981+00:00,2026-08-28T19:34:09.385+00:00,track_liveness_snapshot,,a,show-qfstpj50,,,,,,,,,,,,,,,,,,,,,,,,,,,,,,,,,,"{""entries"":[{""key"":""contestant-a-297a1aba:TR_VCiazSiwiK3Qco"",""frames"":null,""reason"":null,""staleSec"":1504,""probation"":false},{""key"":""camfeed-a-side-85a03b34:TR_VC6cRdqSsicRiY"",""frames"":10487,""reason"":null,""staleSec"":1,""probation"":false},{""key"":""camfeed-a-close-883f2976:TR_VCToTYNatDX5PC"",""frames"":7470,""reason"":null,""staleSec"":1,""probation"":false}],""trackCount"":3,""ineligibleCount"":0}"
2026-08-28T19:34:10.512331+00:00,2026-08-28T19:34:09.385+00:00,pub_stats,,a,show-qfstpj50,0,1428574,,0,0,0,,30,,bandwidth,f,h+q,3,,,1080,1920,"SimulcastEncoderAdapter (libvpx, libvpx)",33,0,15,0,0,0.000922,0.021,0,,,,,,,live:a,"{""qualityLimitationDurations"":{""cpu"":0,""none"":1481.908,""other"":0,""bandwidth"":22.501}}"
2026-08-28T19:34:10.512331+00:00,2026-08-28T19:34:10.165+00:00,cue_fired,,a,show-qfstpj50,,,,,,,,,,,,,,,,,,,,,,,,,,,,,,,,,,"{""shot"":""bRollClip"",""clipId"":""2e926653-1420-470a-ad3b-eb15cd798117"",""sheetId"":6,""slotRole"":""broll"",""timestampMs"":24085,""resolvedTarget"":null}"
2026-08-28T19:34:10.512331+00:00,2026-08-28T19:34:10.167+00:00,cue_playback_started,,a,show-qfstpj50,,,,,,,,,,,,,,,,,,,,,,,,,,,,,,,,,,"{""sheetId"":6,""cueCount"":11}"
2026-08-28T19:34:10.512331+00:00,2026-08-28T19:34:10.167+00:00,cue_playback_stopped,,a,show-qfstpj50,,,,,,,,,,,,,,,,,,,,,,,,,,,,,,,,,,"{""sheetId"":6}"
2026-08-28T19:34:11.530456+00:00,2026-08-28T19:34:10.865+00:00,window_blur,,a,show-qfstpj50,,,,,,,,,,,,,,,,,,,,,,,,,,,,,,,,,,
2026-08-28T19:34:11.530456+00:00,2026-08-28T19:34:10.866+00:00,wake_lock_released_by_system,,a,show-qfstpj50,,,,,,,,,,,,,,,,,,,,,,,,,,,,,,,,,live:a,
2026-08-28T19:34:11.530456+00:00,2026-08-28T19:34:10.866+00:00,visibility_hidden,,a,show-qfstpj50,,,,,,,,,,,,,,,,,,,,,,,,,,,,,,,,,,"{""audioContextState"":""running""}"
2026-08-28T19:34:12.008645+00:00,2026-08-28T19:34:10.89+00:00,track_liveness_snapshot,,viewer,show-qfstpj50,,,,,,,,,,,,,,,,,,,,,,,,,,,,,,,,,,"{""entries"":[{""key"":""contestant-a-297a1aba:TR_VCiazSiwiK3Qco"",""frames"":5105,""reason"":null,""staleSec"":0,""probation"":false},{""key"":""camfeed-a-side-85a03b34:TR_VC6cRdqSsicRiY"",""frames"":4819,""reason"":null,""staleSec"":0,""probation"":false},{""key"":""camfeed-a-close-883f2976:TR_VCToTYNatDX5PC"",""frames"":5553,""reason"":null,""staleSec"":0,""probation"":false}],""trackCount"":3,""ineligibleCount"":0}"
2026-08-28T19:34:11.530456+00:00,2026-08-28T19:34:11.263+00:00,cue_playback_stopped,,a,show-qfstpj50,,,,,,,,,,,,,,,,,,,,,,,,,,,,,,,,,,"{""sheetId"":6}"
2026-08-28T19:34:11.530456+00:00,2026-08-28T19:34:11.263+00:00,cue_playback_started,,a,show-qfstpj50,,,,,,,,,,,,,,,,,,,,,,,,,,,,,,,,,,"{""sheetId"":6,""cueCount"":11}"
2026-08-28T19:34:12.525522+00:00,2026-08-28T19:34:11.386+00:00,pub_stats,,a,show-qfstpj50,16952,1660252,810834,3,3,0,3,30,92.33,none,f,f+h+q,3,1080,1920,1080,1920,"SimulcastEncoderAdapter (libvpx, libvpx, libvpx)",34,0,15,0,0,0.004188,0.025,0,,,,,,,live:a,"{""qualityLimitationDurations"":{""cpu"":0,""none"":1482.02,""other"":0,""bandwidth"":24.389}}"
2026-08-28T19:34:12.525522+00:00,2026-08-28T19:34:11.386+00:00,pub_simulcast_switch,,a,show-qfstpj50,16952,1660252,,,,,,,,,,,,,,,,,,,,,,,,,h+q,f+h+q,none,,,,,
2026-08-28T19:34:12.525522+00:00,2026-08-28T19:34:11.386+00:00,pub_quality_limitation_changed,,a,show-qfstpj50,,,,,,,,,92.33,,,,,,,,,,,,,,,,,,bandwidth,none,,,,,,"{""durations"":{""cpu"":0,""none"":1482.02,""other"":0,""bandwidth"":24.389}}"
2026-08-28T19:34:14.624228+00:00,2026-08-28T19:34:13.386+00:00,pub_stats,,a,show-qfstpj50,1031884,1946261,825172,47,47,0,22,30,104.68,none,f,f+h+q,3,1080,1920,1080,1920,"SimulcastEncoderAdapter (libvpx, libvpx, libvpx)",34,0,15,0,0,0.010022,0.025,0,,,,,,,live:a,"{""qualityLimitationDurations"":{""cpu"":0,""none"":1484.02,""other"":0,""bandwidth"":24.389}}"
2026-08-28T19:34:14.624228+00:00,2026-08-28T19:34:13.387+00:00,director_heartbeat,,a,show-qfstpj50,,,,,,,,,,,,,,,,,,,,,,,,,,,,,,,,,,"{""state"":""suspended""}"
2026-08-28T19:34:14.624228+00:00,2026-08-28T19:34:13.556+00:00,pub_connection_quality,,a,show-qfstpj50,,,,,,,,,,,,,,,,,,,,,,,,,,,,,,good,,,,
2026-08-28T19:34:14.624228+00:00,2026-08-28T19:34:13.655+00:00,mic_level_sample,,a,show-qfstpj50,,,,,,,,,,,,,,,,,,,,,,,,,,,,,,,,,,"{""deviceId"":""39fae2b7de1ac0ad5463a5ba3dd688ee748a5433d1272fa9afbea3233dae361b"",""inputRms"":0.0008279156986344386,""outputRms"":0.30453879438225306,""deviceLabel"":""MacBook Air Microphone (Built-in)"",""audioContextState"":""running""}"
2026-08-28T19:34:14.624228+00:00,2026-08-28T19:34:14.385+00:00,track_liveness_snapshot,,a,show-qfstpj50,,,,,,,,,,,,,,,,,,,,,,,,,,,,,,,,,,"{""entries"":[{""key"":""contestant-a-297a1aba:TR_VCiazSiwiK3Qco"",""frames"":null,""reason"":null,""staleSec"":1509,""probation"":false},{""key"":""camfeed-a-side-85a03b34:TR_VC6cRdqSsicRiY"",""frames"":10637,""reason"":null,""staleSec"":1,""probation"":false},{""key"":""camfeed-a-close-883f2976:TR_VCToTYNatDX5PC"",""frames"":7619,""reason"":null,""staleSec"":1,""probation"":false}],""trackCount"":3,""ineligibleCount"":0}"
2026-08-28T19:34:16.714054+00:00,2026-08-28T19:34:15.386+00:00,pub_stats,,a,show-qfstpj50,991448,2253067,1340911,55,55,0,30,30,105.8,none,f,f+h+q,3,1080,1920,1080,1920,"SimulcastEncoderAdapter (libvpx, libvpx, libvpx)",34,0,15,0,0,0.001155,0.022,0,,,,,,,live:a,"{""qualityLimitationDurations"":{""cpu"":0,""none"":1486.02,""other"":0,""bandwidth"":24.389}}"
2026-08-28T19:34:17.106963+00:00,2026-08-28T19:34:15.898+00:00,track_liveness_snapshot,,viewer,show-qfstpj50,,,,,,,,,,,,,,,,,,,,,,,,,,,,,,,,,,"{""entries"":[{""key"":""contestant-a-297a1aba:TR_VCiazSiwiK3Qco"",""frames"":5205,""reason"":null,""staleSec"":0,""probation"":false},{""key"":""camfeed-a-side-85a03b34:TR_VC6cRdqSsicRiY"",""frames"":4969,""reason"":null,""staleSec"":0,""probation"":false},{""key"":""camfeed-a-close-883f2976:TR_VCToTYNatDX5PC"",""frames"":5704,""reason"":null,""staleSec"":0,""probation"":false}],""trackCount"":3,""ineligibleCount"":0}"
2026-08-28T19:34:17.544947+00:00,2026-08-28T19:34:17.265+00:00,shot_publish_success,,a,show-qfstpj50,,,,,,,,,,,,,,,,,,,,,,,,,,,,,,,,,,"{""shot"":""wide"",""slot"":""a"",""commandId"":""cb1a2fe3-318d-4135-ae04-5cc9fec39e16"",""decisionSource"":""cue"",""connectionState"":""connected""}"
2026-08-28T19:34:17.544947+00:00,2026-08-28T19:34:17.265+00:00,cue_fired,,a,show-qfstpj50,,,,,,,,,,,,,,,,,,,,,,,,,,,,,,,,,,"{""shot"":""wide"",""clipId"":null,""sheetId"":6,""slotRole"":""close"",""timestampMs"":31231,""resolvedTarget"":""camfeed-a-close-883f2976""}"
2026-08-28T19:34:18.52872+00:00,2026-08-28T19:34:17.386+00:00,pub_stats,,a,show-qfstpj50,1289784,2573360,1834893,59,59,0,30,31,82.56,none,f,f+h+q,3,1080,1920,1080,1920,"SimulcastEncoderAdapter (libvpx, libvpx, libvpx)",34,0,15,0,0,0.0008659999999999999,0.024,0,,,,,,,live:a,"{""qualityLimitationDurations"":{""cpu"":0,""none"":1488.02,""other"":0,""bandwidth"":24.389}}"
2026-08-28T19:34:19.603734+00:00,2026-08-28T19:34:18.654+00:00,mic_level_sample,,a,show-qfstpj50,,,,,,,,,,,,,,,,,,,,,,,,,,,,,,,,,,"{""deviceId"":""39fae2b7de1ac0ad5463a5ba3dd688ee748a5433d1272fa9afbea3233dae361b"",""inputRms"":0.01029648929416908,""outputRms"":0.05518190330445425,""deviceLabel"":""MacBook Air Microphone (Built-in)"",""audioContextState"":""running""}"
2026-08-28T19:34:19.603734+00:00,2026-08-28T19:34:18.8+00:00,visibility_visible,,a,show-qfstpj50,,,,,,,,,,,,,,,,,,,,,,,,,,,,,,,,,,"{""audioContextState"":""running""}"
2026-08-28T19:34:19.603734+00:00,2026-08-28T19:34:18.802+00:00,window_focus,,a,show-qfstpj50,,,,,,,,,,,,,,,,,,,,,,,,,,,,,,,,,,
2026-08-28T19:34:19.603734+00:00,2026-08-28T19:34:18.806+00:00,wake_lock_acquired,,a,show-qfstpj50,,,,,,,,,,,,,,,,,,,,,,,,,,,,,,,,,live:a,
2026-08-28T19:34:19.603734+00:00,2026-08-28T19:34:19.385+00:00,track_liveness_snapshot,,a,show-qfstpj50,,,,,,,,,,,,,,,,,,,,,,,,,,,,,,,,,,"{""entries"":[{""key"":""contestant-a-297a1aba:TR_VCiazSiwiK3Qco"",""frames"":null,""reason"":null,""staleSec"":1514,""probation"":false},{""key"":""camfeed-a-side-85a03b34:TR_VC6cRdqSsicRiY"",""frames"":10787,""reason"":null,""staleSec"":1,""probation"":false},{""key"":""camfeed-a-close-883f2976:TR_VCToTYNatDX5PC"",""frames"":7769,""reason"":null,""staleSec"":1,""probation"":false}],""trackCount"":3,""ineligibleCount"":0}"
2026-08-28T19:34:20.713619+00:00,2026-08-28T19:34:19.386+00:00,pub_stats,,a,show-qfstpj50,1941040,3054316,2102272,60,60,0,29,31,57.78,none,f,f+h+q,3,1080,1920,1080,1920,"SimulcastEncoderAdapter (libvpx, libvpx, libvpx)",34,0,15,0,0,0.000544,0.022,0,,,,,,,live:a,"{""qualityLimitationDurations"":{""cpu"":0,""none"":1490.02,""other"":0,""bandwidth"":24.389}}"
2026-08-28T19:34:21.947448+00:00,2026-08-28T19:34:20.906+00:00,track_liveness_snapshot,,viewer,show-qfstpj50,,,,,,,,,,,,,,,,,,,,,,,,,,,,,,,,,,"{""entries"":[{""key"":""contestant-a-297a1aba:TR_VCiazSiwiK3Qco"",""frames"":5304,""reason"":null,""staleSec"":0,""probation"":false},{""key"":""camfeed-a-side-85a03b34:TR_VC6cRdqSsicRiY"",""frames"":5116,""reason"":null,""staleSec"":0,""probation"":false},{""key"":""camfeed-a-close-883f2976:TR_VCToTYNatDX5PC"",""frames"":5854,""reason"":null,""staleSec"":0,""probation"":false}],""trackCount"":3,""ineligibleCount"":0}"
2026-08-28T19:34:22.538221+00:00,2026-08-28T19:34:21.386+00:00,pub_stats,,a,show-qfstpj50,2203298,3529418,2515946,60,60,0,29,31,78.1,none,f,f+h+q,3,1080,1920,1080,1920,"SimulcastEncoderAdapter (libvpx, libvpx, libvpx)",34,0,15,0,0,0.005644,0.022,0,,,,,,,live:a,"{""qualityLimitationDurations"":{""cpu"":0,""none"":1492.02,""other"":0,""bandwidth"":24.389}}"
2026-08-28T19:34:24.778415+00:00,2026-08-28T19:34:23.385+00:00,pub_stats,,a,show-qfstpj50,2748800,4106591,3000000,60,60,0,30,31,56.73,none,f,f+h+q,3,1080,1920,1080,1920,"SimulcastEncoderAdapter (libvpx, libvpx, libvpx)",35,0,16,0,0,0.002055,0.021,0,,,,,,,live:a,"{""qualityLimitationDurations"":{""cpu"":0,""none"":1494.019,""other"":0,""bandwidth"":24.389}}"
2026-08-28T19:34:24.778415+00:00,2026-08-28T19:34:23.386+00:00,director_heartbeat,,a,show-qfstpj50,,,,,,,,,,,,,,,,,,,,,,,,,,,,,,,,,,"{""state"":""suspended""}"
2026-08-28T19:34:24.778415+00:00,2026-08-28T19:34:23.654+00:00,mic_level_sample,,a,show-qfstpj50,,,,,,,,,,,,,,,,,,,,,,,,,,,,,,,,,,"{""deviceId"":""39fae2b7de1ac0ad5463a5ba3dd688ee748a5433d1272fa9afbea3233dae361b"",""inputRms"":0.001361269428948845,""outputRms"":0.11469709765874708,""deviceLabel"":""MacBook Air Microphone (Built-in)"",""audioContextState"":""running""}"
2026-08-28T19:34:24.778415+00:00,2026-08-28T19:34:24.385+00:00,track_liveness_snapshot,,a,show-qfstpj50,,,,,,,,,,,,,,,,,,,,,,,,,,,,,,,,,,"{""entries"":[{""key"":""contestant-a-297a1aba:TR_VCiazSiwiK3Qco"",""frames"":null,""reason"":null,""staleSec"":1519,""probation"":false},{""key"":""camfeed-a-side-85a03b34:TR_VC6cRdqSsicRiY"",""frames"":10931,""reason"":null,""staleSec"":1,""probation"":false},{""key"":""camfeed-a-close-883f2976:TR_VCToTYNatDX5PC"",""frames"":7919,""reason"":null,""staleSec"":1,""probation"":false}],""trackCount"":3,""ineligibleCount"":0}"
2026-08-28T19:34:26.722189+00:00,2026-08-28T19:34:25.386+00:00,pub_stats,,a,show-qfstpj50,2962103,4837602,3000000,60,60,0,30,31,53.08,none,f,f+h+q,3,1080,1920,1080,1920,"SimulcastEncoderAdapter (libvpx, libvpx, libvpx)",35,0,16,0,0,0.000633,0.021,0,,,,,,,live:a,"{""qualityLimitationDurations"":{""cpu"":0,""none"":1496.02,""other"":0,""bandwidth"":24.389}}"
2026-08-28T19:34:27.115168+00:00,2026-08-28T19:34:25.913+00:00,track_liveness_snapshot,,viewer,show-qfstpj50,,,,,,,,,,,,,,,,,,,,,,,,,,,,,,,,,,"{""entries"":[{""key"":""contestant-a-297a1aba:TR_VCiazSiwiK3Qco"",""frames"":5449,""reason"":null,""staleSec"":0,""probation"":false},{""key"":""camfeed-a-side-85a03b34:TR_VC6cRdqSsicRiY"",""frames"":5262,""reason"":null,""staleSec"":0,""probation"":false},{""key"":""camfeed-a-close-883f2976:TR_VCToTYNatDX5PC"",""frames"":6004,""reason"":null,""staleSec"":0,""probation"":false}],""trackCount"":3,""ineligibleCount"":0}"
2026-08-28T19:34:28.522707+00:00,2026-08-28T19:34:27.385+00:00,pub_stats,,a,show-qfstpj50,2976956,5587671,3000000,60,60,0,30,31,57.17,none,f,f+h+q,3,1080,1920,1080,1920,"SimulcastEncoderAdapter (libvpx, libvpx, libvpx)",35,0,16,0,0,0.000522,0.022,0,,,,,,,live:a,"{""qualityLimitationDurations"":{""cpu"":0,""none"":1498.019,""other"":0,""bandwidth"":24.389}}"
2026-08-28T19:34:28.522707+00:00,2026-08-28T19:34:27.665+00:00,shot_publish_success,,a,show-qfstpj50,,,,,,,,,,,,,,,,,,,,,,,,,,,,,,,,,,"{""shot"":""wide"",""slot"":""a"",""commandId"":""92da0bbb-3a17-44ee-a434-347392159717"",""decisionSource"":""cue"",""connectionState"":""connected""}"
2026-08-28T19:34:28.522707+00:00,2026-08-28T19:34:27.665+00:00,cue_fired,,a,show-qfstpj50,,,,,,,,,,,,,,,,,,,,,,,,,,,,,,,,,,"{""shot"":""wide"",""clipId"":null,""sheetId"":6,""slotRole"":""side"",""timestampMs"":41651,""resolvedTarget"":""camfeed-a-side-85a03b34""}"
2026-08-28T19:34:29.523124+00:00,2026-08-28T19:34:28.654+00:00,mic_level_sample,,a,show-qfstpj50,,,,,,,,,,,,,,,,,,,,,,,,,,,,,,,,,,"{""deviceId"":""39fae2b7de1ac0ad5463a5ba3dd688ee748a5433d1272fa9afbea3233dae361b"",""inputRms"":0.003126648745773334,""outputRms"":0.16878609861185526,""deviceLabel"":""MacBook Air Microphone (Built-in)"",""audioContextState"":""running""}"
2026-08-28T19:34:30.70976+00:00,2026-08-28T19:34:29.385+00:00,pub_stats,,a,show-qfstpj50,3073012,6267927,2980497,60,60,0,30,30,62.78,none,f,f+h+q,3,1080,1920,1080,1920,"SimulcastEncoderAdapter (libvpx, libvpx, libvpx)",35,0,16,0,0,0.0007769999999999999,0.023,0,,,,,,,live:a,"{""qualityLimitationDurations"":{""cpu"":0,""none"":1500.019,""other"":0,""bandwidth"":24.389}}"
2026-08-28T19:34:30.70976+00:00,2026-08-28T19:34:29.884+00:00,track_liveness_snapshot,,a,show-qfstpj50,,,,,,,,,,,,,,,,,,,,,,,,,,,,,,,,,,"{""entries"":[{""key"":""contestant-a-297a1aba:TR_VCiazSiwiK3Qco"",""frames"":null,""reason"":null,""staleSec"":1524,""probation"":false},{""key"":""camfeed-a-side-85a03b34:TR_VC6cRdqSsicRiY"",""frames"":11107,""reason"":null,""staleSec"":1,""probation"":false},{""key"":""camfeed-a-close-883f2976:TR_VCToTYNatDX5PC"",""frames"":8099,""reason"":null,""staleSec"":1,""probation"":false}],""trackCount"":3,""ineligibleCount"":0}"
2026-08-28T19:34:32.013351+00:00,2026-08-28T19:34:30.917+00:00,track_liveness_snapshot,,viewer,show-qfstpj50,,,,,,,,,,,,,,,,,,,,,,,,,,,,,,,,,,"{""entries"":[{""key"":""contestant-a-297a1aba:TR_VCiazSiwiK3Qco"",""frames"":5599,""reason"":null,""staleSec"":0,""probation"":false},{""key"":""camfeed-a-side-85a03b34:TR_VC6cRdqSsicRiY"",""frames"":5410,""reason"":null,""staleSec"":0,""probation"":false},{""key"":""camfeed-a-close-883f2976:TR_VCToTYNatDX5PC"",""frames"":6154,""reason"":null,""staleSec"":0,""probation"":false}],""trackCount"":3,""ineligibleCount"":0}"
2026-08-28T19:34:32.553677+00:00,2026-08-28T19:34:31.386+00:00,pub_stats,,a,show-qfstpj50,2941937,6267927,3000000,60,60,0,30,31,69.87,none,f,f+h+q,3,1080,1920,1080,1920,"SimulcastEncoderAdapter (libvpx, libvpx, libvpx)",35,0,16,0,0,0.000488,0.023,0,,,,,,,live:a,"{""qualityLimitationDurations"":{""cpu"":0,""none"":1502.02,""other"":0,""bandwidth"":24.389}}"
2026-08-28T19:34:33.526102+00:00,2026-08-28T19:34:32.865+00:00,shot_publish_success,,a,show-qfstpj50,,,,,,,,,,,,,,,,,,,,,,,,,,,,,,,,,,"{""shot"":""zoomIn"",""slot"":""a"",""commandId"":""c98fd7fd-1937-4efe-bd48-4f9476972379"",""decisionSource"":""cue"",""connectionState"":""connected""}"
2026-08-28T19:34:33.526102+00:00,2026-08-28T19:34:32.865+00:00,cue_fired,,a,show-qfstpj50,,,,,,,,,,,,,,,,,,,,,,,,,,,,,,,,,,"{""shot"":""zoomIn"",""clipId"":null,""sheetId"":6,""slotRole"":""close"",""timestampMs"":46814,""resolvedTarget"":""camfeed-a-close-883f2976""}"
2026-08-28T19:34:34.598249+00:00,2026-08-28T19:34:33.386+00:00,director_heartbeat,,a,show-qfstpj50,,,,,,,,,,,,,,,,,,,,,,,,,,,,,,,,,,"{""state"":""suspended""}"
2026-08-28T19:34:34.598249+00:00,2026-08-28T19:34:33.387+00:00,pub_stats,,a,show-qfstpj50,3036398,6439585,2926512,60,60,0,30,31,52.47,none,f,f+h+q,3,1080,1920,1080,1920,"SimulcastEncoderAdapter (libvpx, libvpx, libvpx)",35,0,16,0,0,0.000522,0.025,0,,,,,,,live:a,"{""qualityLimitationDurations"":{""cpu"":0,""none"":1504.021,""other"":0,""bandwidth"":24.389}}"
2026-08-28T19:34:34.598249+00:00,2026-08-28T19:34:33.555+00:00,pub_connection_quality,,a,show-qfstpj50,,,,,,,,,,,,,,,,,,,,,,,,,,,,,,excellent,,,,
2026-08-28T19:34:34.598249+00:00,2026-08-28T19:34:33.654+00:00,mic_level_sample,,a,show-qfstpj50,,,,,,,,,,,,,,,,,,,,,,,,,,,,,,,,,,"{""deviceId"":""39fae2b7de1ac0ad5463a5ba3dd688ee748a5433d1272fa9afbea3233dae361b"",""inputRms"":0.010145158070555474,""outputRms"":0.0599224325243816,""deviceLabel"":""MacBook Air Microphone (Built-in)"",""audioContextState"":""running""}"
2026-08-28T19:34:35.524784+00:00,2026-08-28T19:34:34.887+00:00,track_liveness_snapshot,,a,show-qfstpj50,,,,,,,,,,,,,,,,,,,,,,,,,,,,,,,,,,"{""entries"":[{""key"":""contestant-a-297a1aba:TR_VCiazSiwiK3Qco"",""frames"":null,""reason"":null,""staleSec"":1530,""probation"":false},{""key"":""camfeed-a-side-85a03b34:TR_VC6cRdqSsicRiY"",""frames"":11255,""reason"":null,""staleSec"":1,""probation"":false},{""key"":""camfeed-a-close-883f2976:TR_VCToTYNatDX5PC"",""frames"":8249,""reason"":null,""staleSec"":1,""probation"":false}],""trackCount"":3,""ineligibleCount"":0}"
2026-08-28T19:34:36.523133+00:00,2026-08-28T19:34:35.386+00:00,pub_stats,,a,show-qfstpj50,2898017,6439585,3000000,60,60,0,30,30,52.48,none,f,f+h+q,3,1080,1920,1080,1920,"SimulcastEncoderAdapter (libvpx, libvpx, libvpx)",35,0,16,0,0,0.000588,0.022,0,,,,,,,live:a,"{""qualityLimitationDurations"":{""cpu"":0,""none"":1506.02,""other"":0,""bandwidth"":24.389}}"
2026-08-28T19:34:36.988451+00:00,2026-08-28T19:34:35.924+00:00,track_liveness_snapshot,,viewer,show-qfstpj50,,,,,,,,,,,,,,,,,,,,,,,,,,,,,,,,,,"{""entries"":[{""key"":""contestant-a-297a1aba:TR_VCiazSiwiK3Qco"",""frames"":5749,""reason"":null,""staleSec"":0,""probation"":false},{""key"":""camfeed-a-side-85a03b34:TR_VC6cRdqSsicRiY"",""frames"":5558,""reason"":null,""staleSec"":0,""probation"":false},{""key"":""camfeed-a-close-883f2976:TR_VCToTYNatDX5PC"",""frames"":6304,""reason"":null,""staleSec"":0,""probation"":false}],""trackCount"":3,""ineligibleCount"":0}"
2026-08-28T19:34:37.512024+00:00,2026-08-28T19:34:36.464+00:00,shot_publish_success,,a,show-qfstpj50,,,,,,,,,,,,,,,,,,,,,,,,,,,,,,,,,,"{""shot"":""wide"",""slot"":""a"",""commandId"":""659092ae-52e2-44a9-8841-98aaaa7b2f82"",""decisionSource"":""cue"",""connectionState"":""connected""}"
2026-08-28T19:34:37.512024+00:00,2026-08-28T19:34:36.464+00:00,cue_fired,,a,show-qfstpj50,,,,,,,,,,,,,,,,,,,,,,,,,,,,,,,,,,"{""shot"":""wide"",""clipId"":null,""sheetId"":6,""slotRole"":""main"",""timestampMs"":50300,""resolvedTarget"":""contestant-a-297a1aba""}"
2026-08-28T19:34:38.527082+00:00,2026-08-28T19:34:37.386+00:00,pub_stats,,a,show-qfstpj50,2990392,6439585,3000000,60,60,0,30,30,56.17,none,f,f+h+q,3,1080,1920,1080,1920,"SimulcastEncoderAdapter (libvpx, libvpx, libvpx)",35,0,16,0,0,0.0005769999999999999,0.024,0,,,,,,,live:a,"{""qualityLimitationDurations"":{""cpu"":0,""none"":1508.02,""other"":0,""bandwidth"":24.389}}"
2026-08-28T19:34:39.522206+00:00,2026-08-28T19:34:38.654+00:00,mic_level_sample,,a,show-qfstpj50,,,,,,,,,,,,,,,,,,,,,,,,,,,,,,,,,,"{""deviceId"":""39fae2b7de1ac0ad5463a5ba3dd688ee748a5433d1272fa9afbea3233dae361b"",""inputRms"":0.00031332845603722326,""outputRms"":0.06720175689958517,""deviceLabel"":""MacBook Air Microphone (Built-in)"",""audioContextState"":""running""}"
2026-08-28T19:34:40.530709+00:00,2026-08-28T19:34:39.386+00:00,pub_stats,,a,show-qfstpj50,3018100,6439585,3000000,60,60,0,30,30,52.18,none,f,f+h+q,3,1080,1920,1080,1920,"SimulcastEncoderAdapter (libvpx, libvpx, libvpx)",35,0,16,0,0,0.000488,0.024,0,,,,,,,live:a,"{""qualityLimitationDurations"":{""cpu"":0,""none"":1510.02,""other"":0,""bandwidth"":24.389}}"
2026-08-28T19:34:40.530709+00:00,2026-08-28T19:34:40.384+00:00,track_liveness_snapshot,,a,show-qfstpj50,,,,,,,,,,,,,,,,,,,,,,,,,,,,,,,,,,"{""entries"":[{""key"":""contestant-a-297a1aba:TR_VCiazSiwiK3Qco"",""frames"":null,""reason"":null,""staleSec"":1535,""probation"":false},{""key"":""camfeed-a-side-85a03b34:TR_VC6cRdqSsicRiY"",""frames"":11405,""reason"":null,""staleSec"":1,""probation"":false},{""key"":""camfeed-a-close-883f2976:TR_VCToTYNatDX5PC"",""frames"":8399,""reason"":null,""staleSec"":1,""probation"":false}],""trackCount"":3,""ineligibleCount"":0}"
2026-08-28T19:34:42.175279+00:00,2026-08-28T19:34:40.932+00:00,track_liveness_snapshot,,viewer,show-qfstpj50,,,,,,,,,,,,,,,,,,,,,,,,,,,,,,,,,,"{""entries"":[{""key"":""contestant-a-297a1aba:TR_VCiazSiwiK3Qco"",""frames"":5899,""reason"":null,""staleSec"":0,""probation"":false},{""key"":""camfeed-a-side-85a03b34:TR_VC6cRdqSsicRiY"",""frames"":5706,""reason"":null,""staleSec"":0,""probation"":false},{""key"":""camfeed-a-close-883f2976:TR_VCToTYNatDX5PC"",""frames"":6454,""reason"":null,""staleSec"":0,""probation"":false}],""trackCount"":3,""ineligibleCount"":0}"
2026-08-28T19:34:42.546351+00:00,2026-08-28T19:34:41.385+00:00,pub_stats,,a,show-qfstpj50,2989691,6439585,3000000,60,60,0,30,30,54.02,none,f,f+h+q,3,1080,1920,1080,1920,"SimulcastEncoderAdapter (libvpx, libvpx, libvpx)",35,0,16,0,0,0.0007109999999999999,0.025,0,,,,,,,live:a,"{""qualityLimitationDurations"":{""cpu"":0,""none"":1512.019,""other"":0,""bandwidth"":24.389}}"
2026-08-28T19:34:44.559274+00:00,2026-08-28T19:34:43.385+00:00,pub_stats,,a,show-qfstpj50,2956232,6439585,3000000,60,60,0,30,30,56.33,none,f,f+h+q,3,1080,1920,1080,1920,"SimulcastEncoderAdapter (libvpx, libvpx, libvpx)",35,0,16,0,0,0.0008659999999999999,0.023,0,,,,,,,live:a,"{""qualityLimitationDurations"":{""cpu"":0,""none"":1514.02,""other"":0,""bandwidth"":24.389}}"
2026-08-28T19:34:44.559274+00:00,2026-08-28T19:34:43.387+00:00,director_heartbeat,,a,show-qfstpj50,,,,,,,,,,,,,,,,,,,,,,,,,,,,,,,,,,"{""state"":""suspended""}"
2026-08-28T19:34:44.559274+00:00,2026-08-28T19:34:43.654+00:00,mic_level_sample,,a,show-qfstpj50,,,,,,,,,,,,,,,,,,,,,,,,,,,,,,,,,,"{""deviceId"":""39fae2b7de1ac0ad5463a5ba3dd688ee748a5433d1272fa9afbea3233dae361b"",""inputRms"":0.007776938386916511,""outputRms"":0.27132009183317596,""deviceLabel"":""MacBook Air Microphone (Built-in)"",""audioContextState"":""running""}"
2026-08-28T19:34:45.522556+00:00,2026-08-28T19:34:45.385+00:00,track_liveness_snapshot,,a,show-qfstpj50,,,,,,,,,,,,,,,,,,,,,,,,,,,,,,,,,,"{""entries"":[{""key"":""contestant-a-297a1aba:TR_VCiazSiwiK3Qco"",""frames"":null,""reason"":null,""staleSec"":1540,""probation"":false},{""key"":""camfeed-a-side-85a03b34:TR_VC6cRdqSsicRiY"",""frames"":11552,""reason"":null,""staleSec"":1,""probation"":false},{""key"":""camfeed-a-close-883f2976:TR_VCToTYNatDX5PC"",""frames"":8549,""reason"":null,""staleSec"":1,""probation"":false}],""trackCount"":3,""ineligibleCount"":0}"
2026-08-28T19:34:46.526445+00:00,2026-08-28T19:34:45.386+00:00,pub_stats,,a,show-qfstpj50,3047828,6439585,2999618,60,60,0,30,30,54.98,none,f,f+h+q,3,1080,1920,1080,1920,"SimulcastEncoderAdapter (libvpx, libvpx, libvpx)",35,0,16,0,0,0.0007549999999999999,0.022,0,,,,,,,live:a,"{""qualityLimitationDurations"":{""cpu"":0,""none"":1516.02,""other"":0,""bandwidth"":24.389}}"
2026-08-28T19:34:46.971122+00:00,2026-08-28T19:34:45.938+00:00,track_liveness_snapshot,,viewer,show-qfstpj50,,,,,,,,,,,,,,,,,,,,,,,,,,,,,,,,,,"{""entries"":[{""key"":""contestant-a-297a1aba:TR_VCiazSiwiK3Qco"",""frames"":6049,""reason"":null,""staleSec"":0,""probation"":false},{""key"":""camfeed-a-side-85a03b34:TR_VC6cRdqSsicRiY"",""frames"":5853,""reason"":null,""staleSec"":0,""probation"":false},{""key"":""camfeed-a-close-883f2976:TR_VCToTYNatDX5PC"",""frames"":6604,""reason"":null,""staleSec"":0,""probation"":false}],""trackCount"":3,""ineligibleCount"":0}"
2026-08-28T19:34:48.560128+00:00,2026-08-28T19:34:47.385+00:00,pub_stats,,a,show-qfstpj50,3048352,6558036,2971668,60,60,0,30,30,57.38,none,f,f+h+q,3,1080,1920,1080,1920,"SimulcastEncoderAdapter (libvpx, libvpx, libvpx)",35,0,16,0,0,0.0006219999999999999,0.022,0,,,,,,,live:a,"{""qualityLimitationDurations"":{""cpu"":0,""none"":1518.02,""other"":0,""bandwidth"":24.389}}"
2026-08-28T19:34:49.52733+00:00,2026-08-28T19:34:48.654+00:00,mic_level_sample,,a,show-qfstpj50,,,,,,,,,,,,,,,,,,,,,,,,,,,,,,,,,,"{""deviceId"":""39fae2b7de1ac0ad5463a5ba3dd688ee748a5433d1272fa9afbea3233dae361b"",""inputRms"":0.020229051220190846,""outputRms"":0.08324594082642067,""deviceLabel"":""MacBook Air Microphone (Built-in)"",""audioContextState"":""running""}"
2026-08-28T19:34:50.711528+00:00,2026-08-28T19:34:49.386+00:00,pub_stats,,a,show-qfstpj50,2874235,6558036,3000000,60,60,0,30,30,63.42,none,f,f+h+q,3,1080,1920,1080,1920,"SimulcastEncoderAdapter (libvpx, libvpx, libvpx)",35,0,16,0,0,0.000833,0.023,0,,,,,,,live:a,"{""qualityLimitationDurations"":{""cpu"":0,""none"":1520.021,""other"":0,""bandwidth"":24.389}}"
2026-08-28T19:34:50.711528+00:00,2026-08-28T19:34:50.386+00:00,track_liveness_snapshot,,a,show-qfstpj50,,,,,,,,,,,,,,,,,,,,,,,,,,,,,,,,,,"{""entries"":[{""key"":""contestant-a-297a1aba:TR_VCiazSiwiK3Qco"",""frames"":null,""reason"":null,""staleSec"":1545,""probation"":false},{""key"":""camfeed-a-side-85a03b34:TR_VC6cRdqSsicRiY"",""frames"":11700,""reason"":null,""staleSec"":1,""probation"":false},{""key"":""camfeed-a-close-883f2976:TR_VCToTYNatDX5PC"",""frames"":8699,""reason"":null,""staleSec"":1,""probation"":false}],""trackCount"":3,""ineligibleCount"":0}"
2026-08-28T19:34:52.000983+00:00,2026-08-28T19:34:50.944+00:00,track_liveness_snapshot,,viewer,show-qfstpj50,,,,,,,,,,,,,,,,,,,,,,,,,,,,,,,,,,"{""entries"":[{""key"":""contestant-a-297a1aba:TR_VCiazSiwiK3Qco"",""frames"":6199,""reason"":null,""staleSec"":0,""probation"":false},{""key"":""camfeed-a-side-85a03b34:TR_VC6cRdqSsicRiY"",""frames"":6000,""reason"":null,""staleSec"":0,""probation"":false},{""key"":""camfeed-a-close-883f2976:TR_VCToTYNatDX5PC"",""frames"":6755,""reason"":null,""staleSec"":0,""probation"":false}],""trackCount"":3,""ineligibleCount"":0}"
2026-08-28T19:34:52.528593+00:00,2026-08-28T19:34:51.386+00:00,pub_stats,,a,show-qfstpj50,2983828,6566280,3000000,60,60,0,30,30,58.35,none,f,f+h+q,3,1080,1920,1080,1920,"SimulcastEncoderAdapter (libvpx, libvpx, libvpx)",35,0,16,0,0,0.000477,0.024,0,,,,,,,live:a,"{""qualityLimitationDurations"":{""cpu"":0,""none"":1522.02,""other"":0,""bandwidth"":24.389}}"
2026-08-28T19:34:54.546142+00:00,2026-08-28T19:34:53.386+00:00,director_heartbeat,,a,show-qfstpj50,,,,,,,,,,,,,,,,,,,,,,,,,,,,,,,,,,"{""state"":""suspended""}"
2026-08-28T19:34:54.546142+00:00,2026-08-28T19:34:53.386+00:00,pub_stats,,a,show-qfstpj50,3036392,6566280,3000000,60,60,0,30,30,55.82,none,f,f+h+q,3,1080,1920,1080,1920,"SimulcastEncoderAdapter (libvpx, libvpx, libvpx)",35,0,16,0,0,0.0005,0.023,0,,,,,,,live:a,"{""qualityLimitationDurations"":{""cpu"":0,""none"":1524.02,""other"":0,""bandwidth"":24.389}}"
2026-08-28T19:34:54.546142+00:00,2026-08-28T19:34:53.655+00:00,mic_level_sample,,a,show-qfstpj50,,,,,,,,,,,,,,,,,,,,,,,,,,,,,,,,,,"{""deviceId"":""39fae2b7de1ac0ad5463a5ba3dd688ee748a5433d1272fa9afbea3233dae361b"",""inputRms"":0.01900676490517421,""outputRms"":0.07779949696440679,""deviceLabel"":""MacBook Air Microphone (Built-in)"",""audioContextState"":""running""}"
2026-08-28T19:34:56.526493+00:00,2026-08-28T19:34:55.386+00:00,pub_stats,,a,show-qfstpj50,2954088,6566280,3000000,60,60,0,30,30,56.75,none,f,f+h+q,3,1080,1920,1080,1920,"SimulcastEncoderAdapter (libvpx, libvpx, libvpx)",35,0,16,0,0,0.000544,0.023,0,,,,,,,live:a,"{""qualityLimitationDurations"":{""cpu"":0,""none"":1526.02,""other"":0,""bandwidth"":24.389}}"
2026-08-28T19:34:56.526493+00:00,2026-08-28T19:34:55.885+00:00,track_liveness_snapshot,,a,show-qfstpj50,,,,,,,,,,,,,,,,,,,,,,,,,,,,,,,,,,"{""entries"":[{""key"":""contestant-a-297a1aba:TR_VCiazSiwiK3Qco"",""frames"":null,""reason"":null,""staleSec"":1550,""probation"":false},{""key"":""camfeed-a-side-85a03b34:TR_VC6cRdqSsicRiY"",""frames"":11871,""reason"":null,""staleSec"":1,""probation"":false},{""key"":""camfeed-a-close-883f2976:TR_VCToTYNatDX5PC"",""frames"":8878,""reason"":null,""staleSec"":1,""probation"":false}],""trackCount"":3,""ineligibleCount"":0}"
2026-08-28T19:34:57.135066+00:00,2026-08-28T19:34:55.949+00:00,track_liveness_snapshot,,viewer,show-qfstpj50,,,,,,,,,,,,,,,,,,,,,,,,,,,,,,,,,,"{""entries"":[{""key"":""contestant-a-297a1aba:TR_VCiazSiwiK3Qco"",""frames"":6349,""reason"":null,""staleSec"":0,""probation"":false},{""key"":""camfeed-a-side-85a03b34:TR_VC6cRdqSsicRiY"",""frames"":6141,""reason"":null,""staleSec"":0,""probation"":false},{""key"":""camfeed-a-close-883f2976:TR_VCToTYNatDX5PC"",""frames"":6904,""reason"":null,""staleSec"":0,""probation"":false}],""trackCount"":3,""ineligibleCount"":0}"
2026-08-28T19:34:58.540166+00:00,2026-08-28T19:34:57.386+00:00,pub_stats,,a,show-qfstpj50,3158576,6566280,2911320,60,60,0,30,30,62.37,none,f,f+h+q,3,1080,1920,1080,1920,"SimulcastEncoderAdapter (libvpx, libvpx, libvpx)",35,0,16,0,0,0.000722,0.021,0,,,,,,,live:a,"{""qualityLimitationDurations"":{""cpu"":0,""none"":1528.021,""other"":0,""bandwidth"":24.389}}"
2026-08-28T19:34:59.526418+00:00,2026-08-28T19:34:58.654+00:00,mic_level_sample,,a,show-qfstpj50,,,,,,,,,,,,,,,,,,,,,,,,,,,,,,,,,,"{""deviceId"":""39fae2b7de1ac0ad5463a5ba3dd688ee748a5433d1272fa9afbea3233dae361b"",""inputRms"":0.01729302307360792,""outputRms"":0.19452790984463933,""deviceLabel"":""MacBook Air Microphone (Built-in)"",""audioContextState"":""running""}"
2026-08-28T19:35:00.554327+00:00,2026-08-28T19:34:59.386+00:00,pub_stats,,a,show-qfstpj50,2791952,6566280,3000000,60,60,0,30,30,65.4,none,f,f+h+q,3,1080,1920,1080,1920,"SimulcastEncoderAdapter (libvpx, libvpx, libvpx)",35,0,16,0,0,0.000455,0.022,0,,,,,,,live:a,"{""qualityLimitationDurations"":{""cpu"":0,""none"":1530.02,""other"":0,""bandwidth"":24.389}}"
2026-08-28T19:35:01.544478+00:00,2026-08-28T19:35:00.886+00:00,track_liveness_snapshot,,a,show-qfstpj50,,,,,,,,,,,,,,,,,,,,,,,,,,,,,,,,,,"{""entries"":[{""key"":""contestant-a-297a1aba:TR_VCiazSiwiK3Qco"",""frames"":null,""reason"":null,""staleSec"":1556,""probation"":false},{""key"":""camfeed-a-side-85a03b34:TR_VC6cRdqSsicRiY"",""frames"":11990,""reason"":null,""staleSec"":1,""probation"":false},{""key"":""camfeed-a-close-883f2976:TR_VCToTYNatDX5PC"",""frames"":9028,""reason"":null,""staleSec"":1,""probation"":false}],""trackCount"":3,""ineligibleCount"":0}"
2026-08-28T19:35:02.147296+00:00,2026-08-28T19:35:00.957+00:00,track_liveness_snapshot,,viewer,show-qfstpj50,,,,,,,,,,,,,,,,,,,,,,,,,,,,,,,,,,"{""entries"":[{""key"":""contestant-a-297a1aba:TR_VCiazSiwiK3Qco"",""frames"":6499,""reason"":null,""staleSec"":0,""probation"":false},{""key"":""camfeed-a-side-85a03b34:TR_VC6cRdqSsicRiY"",""frames"":6263,""reason"":null,""staleSec"":0,""probation"":false},{""key"":""camfeed-a-close-883f2976:TR_VCToTYNatDX5PC"",""frames"":7054,""reason"":null,""staleSec"":0,""probation"":false}],""trackCount"":3,""ineligibleCount"":0}"
2026-08-28T19:35:02.51935+00:00,2026-08-28T19:35:01.385+00:00,pub_stats,,a,show-qfstpj50,3110987,6703431,2925253,60,60,0,30,30,53.42,none,f,f+h+q,3,1080,1920,1080,1920,"SimulcastEncoderAdapter (libvpx, libvpx, libvpx)",35,0,16,0,0,0.00041099999999999996,0.022,0,,,,,,,live:a,"{""qualityLimitationDurations"":{""cpu"":0,""none"":1532.019,""other"":0,""bandwidth"":24.389}}"
2026-08-28T19:35:04.525452+00:00,2026-08-28T19:35:03.385+00:00,pub_stats,,a,show-qfstpj50,2936216,6703431,3000000,60,60,0,30,30,50.88,none,f,f+h+q,3,1080,1920,1080,1920,"SimulcastEncoderAdapter (libvpx, libvpx, libvpx)",35,0,16,0,0,0.000566,0.022,0,,,,,,,live:a,"{""qualityLimitationDurations"":{""cpu"":0,""none"":1534.019,""other"":0,""bandwidth"":24.389}}"
2026-08-28T19:35:04.525452+00:00,2026-08-28T19:35:03.386+00:00,director_heartbeat,,a,show-qfstpj50,,,,,,,,,,,,,,,,,,,,,,,,,,,,,,,,,,"{""state"":""suspended""}"
2026-08-28T19:35:04.525452+00:00,2026-08-28T19:35:03.655+00:00,mic_level_sample,,a,show-qfstpj50,,,,,,,,,,,,,,,,,,,,,,,,,,,,,,,,,,"{""deviceId"":""39fae2b7de1ac0ad5463a5ba3dd688ee748a5433d1272fa9afbea3233dae361b"",""inputRms"":0.00035828581232650697,""outputRms"":0.10889886356032055,""deviceLabel"":""MacBook Air Microphone (Built-in)"",""audioContextState"":""running""}"
2026-08-28T19:35:06.573416+00:00,2026-08-28T19:35:05.385+00:00,pub_stats,,a,show-qfstpj50,2968968,6703431,2995580,60,60,0,30,30,47.25,none,f,f+h+q,3,1080,1920,1080,1920,"SimulcastEncoderAdapter (libvpx, libvpx, libvpx)",35,0,16,0,0,0.000611,0.022,0,,,,,,,live:a,"{""qualityLimitationDurations"":{""cpu"":0,""none"":1536.019,""other"":0,""bandwidth"":24.389}}"
2026-08-28T19:35:07.015525+00:00,2026-08-28T19:35:05.965+00:00,track_liveness_snapshot,,viewer,show-qfstpj50,,,,,,,,,,,,,,,,,,,,,,,,,,,,,,,,,,"{""entries"":[{""key"":""contestant-a-297a1aba:TR_VCiazSiwiK3Qco"",""frames"":6649,""reason"":null,""staleSec"":0,""probation"":false},{""key"":""camfeed-a-side-85a03b34:TR_VC6cRdqSsicRiY"",""frames"":6392,""reason"":null,""staleSec"":0,""probation"":false},{""key"":""camfeed-a-close-883f2976:TR_VCToTYNatDX5PC"",""frames"":7204,""reason"":null,""staleSec"":0,""probation"":false}],""trackCount"":3,""ineligibleCount"":0}"
2026-08-28T19:35:06.573416+00:00,2026-08-28T19:35:06.385+00:00,track_liveness_snapshot,,a,show-qfstpj50,,,,,,,,,,,,,,,,,,,,,,,,,,,,,,,,,,"{""entries"":[{""key"":""contestant-a-297a1aba:TR_VCiazSiwiK3Qco"",""frames"":null,""reason"":null,""staleSec"":1561,""probation"":false},{""key"":""camfeed-a-side-85a03b34:TR_VC6cRdqSsicRiY"",""frames"":12124,""reason"":null,""staleSec"":1,""probation"":false},{""key"":""camfeed-a-close-883f2976:TR_VCToTYNatDX5PC"",""frames"":9178,""reason"":null,""staleSec"":1,""probation"":false}],""trackCount"":3,""ineligibleCount"":0}"
2026-08-28T19:35:08.704501+00:00,2026-08-28T19:35:07.386+00:00,pub_stats,,a,show-qfstpj50,2988402,6703431,3000000,60,60,0,30,30,48,none,f,f+h+q,3,1080,1920,1080,1920,"SimulcastEncoderAdapter (libvpx, libvpx, libvpx)",35,0,16,0,0,0.000488,0.022,0,,,,,,,live:a,"{""qualityLimitationDurations"":{""cpu"":0,""none"":1538.02,""other"":0,""bandwidth"":24.389}}"
2026-08-28T19:35:09.522756+00:00,2026-08-28T19:35:08.654+00:00,mic_level_sample,,a,show-qfstpj50,,,,,,,,,,,,,,,,,,,,,,,,,,,,,,,,,,"{""deviceId"":""39fae2b7de1ac0ad5463a5ba3dd688ee748a5433d1272fa9afbea3233dae361b"",""inputRms"":0.00026156301586933577,""outputRms"":0.07587015195938618,""deviceLabel"":""MacBook Air Microphone (Built-in)"",""audioContextState"":""running""}"
2026-08-28T19:35:10.538211+00:00,2026-08-28T19:35:09.385+00:00,pub_stats,,a,show-qfstpj50,2946005,6703431,3000000,59,59,0,29,30,52.31,none,f,f+h+q,3,1080,1920,1080,1920,"SimulcastEncoderAdapter (libvpx, libvpx, libvpx)",35,0,16,0,0,0.0006,0.024,0,,,,,,,live:a,"{""qualityLimitationDurations"":{""cpu"":0,""none"":1540.019,""other"":0,""bandwidth"":24.389}}"
2026-08-28T19:35:10.538211+00:00,2026-08-28T19:35:09.465+00:00,shot_publish_success,,a,show-qfstpj50,,,,,,,,,,,,,,,,,,,,,,,,,,,,,,,,,,"{""shot"":""zoomIn"",""slot"":""a"",""commandId"":""b81ba110-ec63-4f2e-915d-fd242c83ee27"",""decisionSource"":""cue"",""connectionState"":""connected""}"
2026-08-28T19:35:10.538211+00:00,2026-08-28T19:35:09.465+00:00,cue_fired,,a,show-qfstpj50,,,,,,,,,,,,,,,,,,,,,,,,,,,,,,,,,,"{""shot"":""zoomIn"",""clipId"":null,""sheetId"":6,""slotRole"":""main"",""timestampMs"":3019,""resolvedTarget"":""contestant-a-297a1aba""}"
2026-08-28T19:35:11.98702+00:00,2026-08-28T19:35:10.97+00:00,track_liveness_snapshot,,viewer,show-qfstpj50,,,,,,,,,,,,,,,,,,,,,,,,,,,,,,,,,,"{""entries"":[{""key"":""contestant-a-297a1aba:TR_VCiazSiwiK3Qco"",""frames"":6799,""reason"":null,""staleSec"":0,""probation"":false},{""key"":""camfeed-a-side-85a03b34:TR_VC6cRdqSsicRiY"",""frames"":6510,""reason"":null,""staleSec"":0,""probation"":false},{""key"":""camfeed-a-close-883f2976:TR_VCToTYNatDX5PC"",""frames"":7353,""reason"":null,""staleSec"":0,""probation"":false}],""trackCount"":3,""ineligibleCount"":0}"
2026-08-28T19:35:12.526713+00:00,2026-08-28T19:35:11.385+00:00,pub_stats,,a,show-qfstpj50,2988000,6703431,3000000,60,60,0,29,31,55,none,f,f+h+q,3,1080,1920,1080,1920,"SimulcastEncoderAdapter (libvpx, libvpx, libvpx)",35,0,16,0,0,0.0005,0.024,0,,,,,,,live:a,"{""qualityLimitationDurations"":{""cpu"":0,""none"":1542.019,""other"":0,""bandwidth"":24.389}}"
2026-08-28T19:35:12.526713+00:00,2026-08-28T19:35:11.885+00:00,track_liveness_snapshot,,a,show-qfstpj50,,,,,,,,,,,,,,,,,,,,,,,,,,,,,,,,,,"{""entries"":[{""key"":""contestant-a-297a1aba:TR_VCiazSiwiK3Qco"",""frames"":null,""reason"":null,""staleSec"":1566,""probation"":false},{""key"":""camfeed-a-side-85a03b34:TR_VC6cRdqSsicRiY"",""frames"":12263,""reason"":null,""staleSec"":1,""probation"":false},{""key"":""camfeed-a-close-883f2976:TR_VCToTYNatDX5PC"",""frames"":9358,""reason"":null,""staleSec"":1,""probation"":false}],""trackCount"":3,""ineligibleCount"":0}"
2026-08-28T19:35:12.526713+00:00,2026-08-28T19:35:12.065+00:00,shot_publish_success,,a,show-qfstpj50,,,,,,,,,,,,,,,,,,,,,,,,,,,,,,,,,,"{""shot"":""mediumCU"",""slot"":""a"",""commandId"":""71b0c90b-8f08-4e4d-af85-b95fb2a06ddd"",""decisionSource"":""cue"",""connectionState"":""connected""}"
2026-08-28T19:35:12.526713+00:00,2026-08-28T19:35:12.065+00:00,cue_fired,,a,show-qfstpj50,,,,,,,,,,,,,,,,,,,,,,,,,,,,,,,,,,"{""shot"":""mediumCU"",""clipId"":null,""sheetId"":6,""slotRole"":""close"",""timestampMs"":5683,""resolvedTarget"":""camfeed-a-close-883f2976""}"
2026-08-28T19:35:14.536878+00:00,2026-08-28T19:35:13.386+00:00,pub_stats,,a,show-qfstpj50,3016140,6703431,3000000,60,60,0,29,31,53.1,none,f,f+h+q,3,1080,1920,1080,1920,"SimulcastEncoderAdapter (libvpx, libvpx, libvpx)",35,0,16,0,0,0.000588,0.024,0,,,,,,,live:a,"{""qualityLimitationDurations"":{""cpu"":0,""none"":1544.02,""other"":0,""bandwidth"":24.389}}"
2026-08-28T19:35:14.536878+00:00,2026-08-28T19:35:13.387+00:00,director_heartbeat,,a,show-qfstpj50,,,,,,,,,,,,,,,,,,,,,,,,,,,,,,,,,,"{""state"":""suspended""}"
2026-08-28T19:35:14.536878+00:00,2026-08-28T19:35:13.655+00:00,mic_level_sample,,a,show-qfstpj50,,,,,,,,,,,,,,,,,,,,,,,,,,,,,,,,,,"{""deviceId"":""39fae2b7de1ac0ad5463a5ba3dd688ee748a5433d1272fa9afbea3233dae361b"",""inputRms"":0.0004022309525911763,""outputRms"":0.11382346151218296,""deviceLabel"":""MacBook Air Microphone (Built-in)"",""audioContextState"":""running""}"
2026-08-28T19:35:16.619863+00:00,2026-08-28T19:35:15.385+00:00,pub_stats,,a,show-qfstpj50,2952704,6703431,3000000,60,60,0,29,31,52.87,none,f,f+h+q,3,1080,1920,1080,1920,"SimulcastEncoderAdapter (libvpx, libvpx, libvpx)",35,0,16,0,0,0.000833,0.024,0,,,,,,,live:a,"{""qualityLimitationDurations"":{""cpu"":0,""none"":1546.02,""other"":0,""bandwidth"":24.389}}"
2026-08-28T19:35:17.006712+00:00,2026-08-28T19:35:15.979+00:00,track_liveness_snapshot,,viewer,show-qfstpj50,,,,,,,,,,,,,,,,,,,,,,,,,,,,,,,,,,"{""entries"":[{""key"":""contestant-a-297a1aba:TR_VCiazSiwiK3Qco"",""frames"":6949,""reason"":null,""staleSec"":0,""probation"":false},{""key"":""camfeed-a-side-85a03b34:TR_VC6cRdqSsicRiY"",""frames"":6634,""reason"":null,""staleSec"":0,""probation"":false},{""key"":""camfeed-a-close-883f2976:TR_VCToTYNatDX5PC"",""frames"":7504,""reason"":null,""staleSec"":0,""probation"":false}],""trackCount"":3,""ineligibleCount"":0}"
2026-08-28T19:35:17.527653+00:00,2026-08-28T19:35:16.885+00:00,track_liveness_snapshot,,a,show-qfstpj50,,,,,,,,,,,,,,,,,,,,,,,,,,,,,,,,,,"{""entries"":[{""key"":""contestant-a-297a1aba:TR_VCiazSiwiK3Qco"",""frames"":null,""reason"":null,""staleSec"":1571,""probation"":false},{""key"":""camfeed-a-side-85a03b34:TR_VC6cRdqSsicRiY"",""frames"":12387,""reason"":null,""staleSec"":1,""probation"":false},{""key"":""camfeed-a-close-883f2976:TR_VCToTYNatDX5PC"",""frames"":9508,""reason"":null,""staleSec"":1,""probation"":false}],""trackCount"":3,""ineligibleCount"":0}"
2026-08-28T19:35:17.527653+00:00,2026-08-28T19:35:17.265+00:00,shot_publish_success,,a,show-qfstpj50,,,,,,,,,,,,,,,,,,,,,,,,,,,,,,,,,,"{""shot"":""closeUp"",""slot"":""a"",""commandId"":""bef9e647-3baf-4bdd-8447-01f97322c32a"",""decisionSource"":""cue"",""connectionState"":""connected""}"
2026-08-28T19:35:17.527653+00:00,2026-08-28T19:35:17.265+00:00,cue_fired,,a,show-qfstpj50,,,,,,,,,,,,,,,,,,,,,,,,,,,,,,,,,,"{""shot"":""closeUp"",""clipId"":null,""sheetId"":6,""slotRole"":""side"",""timestampMs"":10948,""resolvedTarget"":""camfeed-a-side-85a03b34""}"
2026-08-28T19:35:18.761449+00:00,2026-08-28T19:35:17.385+00:00,pub_stats,,a,show-qfstpj50,3031900,6703431,3000000,60,60,0,30,31,52.4,none,f,f+h+q,3,1080,1920,1080,1920,"SimulcastEncoderAdapter (libvpx, libvpx, libvpx)",35,0,16,0,0,0.0006439999999999999,0.024,0,,,,,,,live:a,"{""qualityLimitationDurations"":{""cpu"":0,""none"":1548.019,""other"":0,""bandwidth"":24.389}}"
2026-08-28T19:35:19.537687+00:00,2026-08-28T19:35:18.654+00:00,mic_level_sample,,a,show-qfstpj50,,,,,,,,,,,,,,,,,,,,,,,,,,,,,,,,,,"{""deviceId"":""39fae2b7de1ac0ad5463a5ba3dd688ee748a5433d1272fa9afbea3233dae361b"",""inputRms"":0.0007480623225081498,""outputRms"":0.27869241234327036,""deviceLabel"":""MacBook Air Microphone (Built-in)"",""audioContextState"":""running""}"
2026-08-28T19:35:19.537687+00:00,2026-08-28T19:35:19.064+00:00,cue_fired,,a,show-qfstpj50,,,,,,,,,,,,,,,,,,,,,,,,,,,,,,,,,,"{""shot"":""bRollClip"",""clipId"":""d2931782-016a-4333-8381-a6d04684a131"",""sheetId"":6,""slotRole"":""broll"",""timestampMs"":12765,""resolvedTarget"":null}"
2026-08-28T19:35:19.537687+00:00,2026-08-28T19:35:19.066+00:00,cue_playback_stopped,,a,show-qfstpj50,,,,,,,,,,,,,,,,,,,,,,,,,,,,,,,,,,"{""sheetId"":6}"
2026-08-28T19:35:19.537687+00:00,2026-08-28T19:35:19.066+00:00,cue_playback_started,,a,show-qfstpj50,,,,,,,,,,,,,,,,,,,,,,,,,,,,,,,,,,"{""sheetId"":6,""cueCount"":11}"
2026-08-28T19:35:20.526348+00:00,2026-08-28T19:35:19.385+00:00,pub_stats,,a,show-qfstpj50,2995656,6703431,3000000,60,60,0,30,31,55.85,none,f,f+h+q,3,1080,1920,1080,1920,"SimulcastEncoderAdapter (libvpx, libvpx, libvpx)",35,0,16,0,0,0.000722,0.024,0,,,,,,,live:a,"{""qualityLimitationDurations"":{""cpu"":0,""none"":1550.019,""other"":0,""bandwidth"":24.389}}"
2026-08-28T19:35:20.526348+00:00,2026-08-28T19:35:20.355+00:00,broll_published,,a,show-qfstpj50,,,,,,,,,,,,,,,,,,,,,,,,,,,,,,,,,,"{""title"":""VID_20260823_173651"",""clipId"":""d2931782-016a-4333-8381-a6d04684a131"",""trackSid"":""TR_VSqWbfdpwNmjni"",""durationMs"":null}"
2026-08-28T19:35:20.526348+00:00,2026-08-28T19:35:20.355+00:00,track_local_published,,a,show-qfstpj50,,,,,,,,,,,,,,,,,,,,,,,,,,,,,,,screen_share,,,"{""kind"":""video"",""trackSid"":""TR_VSqWbfdpwNmjni"",""participantIdentity"":""contestant-a-297a1aba""}"
2026-08-28T19:35:20.526348+00:00,2026-08-28T19:35:20.355+00:00,pub_track_published,,a,show-qfstpj50,,,,,,,,,,,,,,,,,,,,,,,,,,,,,,,screen_share,TR_VSqWbfdpwNmjni,,
2026-08-28T19:35:20.526348+00:00,2026-08-28T19:35:20.356+00:00,shot_publish_success,,a,show-qfstpj50,,,,,,,,,,,,,,,,,,,,,,,,,,,,,,,,,,"{""shot"":""bRollClip"",""slot"":""a"",""commandId"":""e29e630a-5470-4abd-a6ec-ce1b7f93d6cc"",""decisionSource"":""human"",""connectionState"":""connected""}"
2026-08-28T19:35:20.526348+00:00,2026-08-28T19:35:20.357+00:00,cue_playback_started,,a,show-qfstpj50,,,,,,,,,,,,,,,,,,,,,,,,,,,,,,,,,,"{""sheetId"":6,""cueCount"":11}"
2026-08-28T19:35:20.526348+00:00,2026-08-28T19:35:20.357+00:00,cue_playback_stopped,,a,show-qfstpj50,,,,,,,,,,,,,,,,,,,,,,,,,,,,,,,,,,"{""sheetId"":6}"
2026-08-28T19:35:20.526348+00:00,2026-08-28T19:35:20.385+00:00,track_liveness_snapshot,,a,show-qfstpj50,,,,,,,,,,,,,,,,,,,,,,,,,,,,,,,,,,"{""entries"":[{""key"":""contestant-a-297a1aba:TR_VCiazSiwiK3Qco"",""frames"":null,""reason"":null,""staleSec"":1575,""probation"":false},{""key"":""camfeed-a-side-85a03b34:TR_VC6cRdqSsicRiY"",""frames"":12434,""reason"":null,""staleSec"":1,""probation"":false},{""key"":""camfeed-a-close-883f2976:TR_VCToTYNatDX5PC"",""frames"":9598,""reason"":null,""staleSec"":1,""probation"":false},{""key"":""contestant-a-297a1aba:TR_VSqWbfdpwNmjni"",""frames"":null,""reason"":null,""staleSec"":0,""probation"":false}],""trackCount"":4,""ineligibleCount"":0}"
2026-08-28T19:35:22.034602+00:00,2026-08-28T19:35:20.982+00:00,track_liveness_snapshot,,viewer,show-qfstpj50,,,,,,,,,,,,,,,,,,,,,,,,,,,,,,,,,,"{""entries"":[{""key"":""contestant-a-297a1aba:TR_VCiazSiwiK3Qco"",""frames"":7099,""reason"":null,""staleSec"":0,""probation"":false},{""key"":""camfeed-a-side-85a03b34:TR_VC6cRdqSsicRiY"",""frames"":6714,""reason"":null,""staleSec"":0,""probation"":false},{""key"":""camfeed-a-close-883f2976:TR_VCToTYNatDX5PC"",""frames"":7654,""reason"":null,""staleSec"":0,""probation"":false}],""trackCount"":3,""ineligibleCount"":0}"
2026-08-28T19:35:22.534836+00:00,2026-08-28T19:35:21.388+00:00,pub_stats,,a,show-qfstpj50,2570329,5114174,800000,60,60,0,30,31,69.42,none,f,f+h+q,3,1080,1920,1080,1920,"SimulcastEncoderAdapter (libvpx, libvpx, libvpx)",36,0,16,0,0,0.0035329999999999997,0.022,0,,,,,,,live:a,"{""qualityLimitationDurations"":{""cpu"":0,""none"":1552.012,""other"":0,""bandwidth"":24.397}}"
2026-08-28T19:35:24.544944+00:00,2026-08-28T19:35:23.385+00:00,pub_stats,,a,show-qfstpj50,1076423,5155932,2243190,45,45,0,26,31,102.93,none,f,f+h+q,3,1080,1920,1080,1920,"SimulcastEncoderAdapter (libvpx, libvpx, libvpx)",36,0,16,0,0,0.001377,0.022,0,,,,,,,live:a,"{""qualityLimitationDurations"":{""cpu"":0,""none"":1554.011,""other"":0,""bandwidth"":24.397}}"
2026-08-28T19:35:24.544944+00:00,2026-08-28T19:35:23.387+00:00,director_heartbeat,,a,show-qfstpj50,,,,,,,,,,,,,,,,,,,,,,,,,,,,,,,,,,"{""state"":""suspended""}"
2026-08-28T19:35:24.544944+00:00,2026-08-28T19:35:23.654+00:00,mic_level_sample,,a,show-qfstpj50,,,,,,,,,,,,,,,,,,,,,,,,,,,,,,,,,,"{""deviceId"":""39fae2b7de1ac0ad5463a5ba3dd688ee748a5433d1272fa9afbea3233dae361b"",""inputRms"":0.00808897985096306,""outputRms"":0.12636224662170736,""deviceLabel"":""MacBook Air Microphone (Built-in)"",""audioContextState"":""running""}"
2026-08-28T19:35:24.544944+00:00,2026-08-28T19:35:23.758+00:00,shot_publish_success,,a,show-qfstpj50,,,,,,,,,,,,,,,,,,,,,,,,,,,,,,,,,,"{""shot"":""wide"",""slot"":""a"",""commandId"":""8d924abd-6e05-4f63-ae1d-a4d88091a92a"",""decisionSource"":""cue"",""connectionState"":""connected""}"
2026-08-28T19:35:24.544944+00:00,2026-08-28T19:35:23.758+00:00,cue_fired,,a,show-qfstpj50,,,,,,,,,,,,,,,,,,,,,,,,,,,,,,,,,,"{""shot"":""wide"",""clipId"":null,""sheetId"":6,""slotRole"":""main"",""timestampMs"":17316,""resolvedTarget"":""contestant-a-297a1aba""}"
2026-08-28T19:35:24.544944+00:00,2026-08-28T19:35:24.26+00:00,broll_stopped,,a,show-qfstpj50,,,,,,,,,,,,,,,,,,,,,,,,,,,,,off_air,,,,,
2026-08-28T19:35:24.544944+00:00,2026-08-28T19:35:24.261+00:00,track_local_unpublished,,a,show-qfstpj50,,,,,,,,,,,,,,,,,,,,,,,,,,,,,,,screen_share,,,"{""kind"":""video"",""trackSid"":""TR_VSqWbfdpwNmjni"",""participantIdentity"":""contestant-a-297a1aba""}"
2026-08-28T19:35:24.544944+00:00,2026-08-28T19:35:24.261+00:00,pub_track_unpublished,,a,show-qfstpj50,,,,,,,,,,,,,,,,,,,,,,,,,,,,,,,screen_share,TR_VSqWbfdpwNmjni,,
2026-08-28T19:35:24.544944+00:00,2026-08-28T19:35:24.263+00:00,cue_playback_stopped,,a,show-qfstpj50,,,,,,,,,,,,,,,,,,,,,,,,,,,,,,,,,,"{""sheetId"":6}"
2026-08-28T19:35:24.544944+00:00,2026-08-28T19:35:24.263+00:00,cue_playback_started,,a,show-qfstpj50,,,,,,,,,,,,,,,,,,,,,,,,,,,,,,,,,,"{""sheetId"":6,""cueCount"":11}"
2026-08-28T19:35:24.544944+00:00,2026-08-28T19:35:24.336+00:00,broll_unpublished,,a,show-qfstpj50,,,,,,,,,,,,,,,,,,,,,,,,,,,,,,,,,,"{""clipId"":""d2931782-016a-4333-8381-a6d04684a131""}"
2026-08-28T19:35:24.544944+00:00,2026-08-28T19:35:24.384+00:00,track_liveness_snapshot,,a,show-qfstpj50,,,,,,,,,,,,,,,,,,,,,,,,,,,,,,,,,,"{""entries"":[{""key"":""contestant-a-297a1aba:TR_VCiazSiwiK3Qco"",""frames"":null,""reason"":null,""staleSec"":1579,""probation"":false},{""key"":""camfeed-a-side-85a03b34:TR_VC6cRdqSsicRiY"",""frames"":12515,""reason"":null,""staleSec"":1,""probation"":false},{""key"":""camfeed-a-close-883f2976:TR_VCToTYNatDX5PC"",""frames"":9717,""reason"":null,""staleSec"":1,""probation"":false}],""trackCount"":3,""ineligibleCount"":0}"
2026-08-28T19:35:24.544944+00:00,2026-08-28T19:35:24.384+00:00,broll_source_ended,,a,show-qfstpj50,,,,,,,,,,,,,,,,,,,,,,,,,,,,,,,,,,"{""key"":""contestant-a-297a1aba:TR_VSqWbfdpwNmjni"",""identity"":""contestant-a-297a1aba""}"
2026-08-28T19:35:26.539603+00:00,2026-08-28T19:35:25.386+00:00,pub_quality_limitation_changed,,a,show-qfstpj50,,,,,,,,,78.4,,,,,,,,,,,,,,,,,,none,bandwidth,,,,,,"{""durations"":{""cpu"":0,""none"":1554.991,""other"":0,""bandwidth"":25.419}}"
2026-08-28T19:35:26.539603+00:00,2026-08-28T19:35:25.386+00:00,pub_stats,,a,show-qfstpj50,1152644,1079474,,30,30,0,1,31,78.4,bandwidth,f,f+h+q,3,1080,1920,1080,1920,"SimulcastEncoderAdapter (libvpx, libvpx)",37,0,16,0,0,0.010532999999999999,0.023,0,,,,,,,live:a,"{""qualityLimitationDurations"":{""cpu"":0,""none"":1554.991,""other"":0,""bandwidth"":25.419}}"
2026-08-28T19:35:27.019562+00:00,2026-08-28T19:35:25.987+00:00,track_liveness_snapshot,,viewer,show-qfstpj50,,,,,,,,,,,,,,,,,,,,,,,,,,,,,,,,,,"{""entries"":[{""key"":""contestant-a-297a1aba:TR_VCiazSiwiK3Qco"",""frames"":7199,""reason"":null,""staleSec"":0,""probation"":false},{""key"":""camfeed-a-side-85a03b34:TR_VC6cRdqSsicRiY"",""frames"":6847,""reason"":null,""staleSec"":0,""probation"":false},{""key"":""camfeed-a-close-883f2976:TR_VCToTYNatDX5PC"",""frames"":7779,""reason"":null,""staleSec"":0,""probation"":false}],""trackCount"":3,""ineligibleCount"":0}"
2026-08-28T19:35:28.527787+00:00,2026-08-28T19:35:27.387+00:00,pub_stats,,a,show-qfstpj50,0,1221027,,0,0,0,,31,,bandwidth,f,h+q,3,1080,1920,1080,1920,"SimulcastEncoderAdapter (libvpx, libvpx)",37,0,16,0,0,0.003333,0.023,0,,,,,,,live:a,"{""qualityLimitationDurations"":{""cpu"":0,""none"":1554.991,""other"":0,""bandwidth"":27.419}}"
2026-08-28T19:35:28.527787+00:00,2026-08-28T19:35:27.387+00:00,pub_simulcast_switch,,a,show-qfstpj50,0,1221027,,,,,,,,,,,,,,,,,,,,,,,,,f+h+q,h+q,bandwidth,,,,,
2026-08-28T19:35:28.527787+00:00,2026-08-28T19:35:27.864+00:00,cue_fired,,a,show-qfstpj50,,,,,,,,,,,,,,,,,,,,,,,,,,,,,,,,,,"{""shot"":""closeUp"",""clipId"":null,""sheetId"":6,""slotRole"":""side"",""timestampMs"":21548,""resolvedTarget"":""camfeed-a-side-85a03b34""}"
2026-08-28T19:35:28.527787+00:00,2026-08-28T19:35:27.864+00:00,shot_publish_success,,a,show-qfstpj50,,,,,,,,,,,,,,,,,,,,,,,,,,,,,,,,,,"{""shot"":""closeUp"",""slot"":""a"",""commandId"":""5520a467-916e-4a57-a0e1-5a6071b8cda1"",""decisionSource"":""cue"",""connectionState"":""connected""}"
2026-08-28T19:35:29.61694+00:00,2026-08-28T19:35:28.654+00:00,mic_level_sample,,a,show-qfstpj50,,,,,,,,,,,,,,,,,,,,,,,,,,,,,,,,,,"{""deviceId"":""39fae2b7de1ac0ad5463a5ba3dd688ee748a5433d1272fa9afbea3233dae361b"",""inputRms"":0.002425768164153471,""outputRms"":0.22426398588400023,""deviceLabel"":""MacBook Air Microphone (Built-in)"",""audioContextState"":""running""}"
2026-08-28T19:35:29.61694+00:00,2026-08-28T19:35:29.385+00:00,track_liveness_snapshot,,a,show-qfstpj50,,,,,,,,,,,,,,,,,,,,,,,,,,,,,,,,,,"{""entries"":[{""key"":""contestant-a-297a1aba:TR_VCiazSiwiK3Qco"",""frames"":null,""reason"":null,""staleSec"":1584,""probation"":false},{""key"":""camfeed-a-side-85a03b34:TR_VC6cRdqSsicRiY"",""frames"":12663,""reason"":null,""staleSec"":1,""probation"":false},{""key"":""camfeed-a-close-883f2976:TR_VCToTYNatDX5PC"",""frames"":9832,""reason"":null,""staleSec"":1,""probation"":false}],""trackCount"":3,""ineligibleCount"":0}"
2026-08-28T19:35:30.534635+00:00,2026-08-28T19:35:29.387+00:00,pub_stats,,a,show-qfstpj50,0,1402960,,0,0,0,,30,,bandwidth,f,h+q,3,,,1080,1920,"SimulcastEncoderAdapter (libvpx, libvpx)",37,0,16,0,0,0.000966,0.023,0,,,,,,,live:a,"{""qualityLimitationDurations"":{""cpu"":0,""none"":1554.991,""other"":0,""bandwidth"":29.418}}"
2026-08-28T19:35:31.543958+00:00,2026-08-28T19:35:30.465+00:00,cue_fired,,a,show-qfstpj50,,,,,,,,,,,,,,,,,,,,,,,,,,,,,,,,,,"{""shot"":""bRollClip"",""clipId"":""2e926653-1420-470a-ad3b-eb15cd798117"",""sheetId"":6,""slotRole"":""broll"",""timestampMs"":24085,""resolvedTarget"":null}"
2026-08-28T19:35:31.543958+00:00,2026-08-28T19:35:30.466+00:00,cue_playback_stopped,,a,show-qfstpj50,,,,,,,,,,,,,,,,,,,,,,,,,,,,,,,,,,"{""sheetId"":6}"
2026-08-28T19:35:31.543958+00:00,2026-08-28T19:35:30.466+00:00,cue_playback_started,,a,show-qfstpj50,,,,,,,,,,,,,,,,,,,,,,,,,,,,,,,,,,"{""sheetId"":6,""cueCount"":11}"
2026-08-28T19:35:32.038573+00:00,2026-08-28T19:35:30.995+00:00,track_liveness_snapshot,,viewer,show-qfstpj50,,,,,,,,,,,,,,,,,,,,,,,,,,,,,,,,,,"{""entries"":[{""key"":""contestant-a-297a1aba:TR_VCiazSiwiK3Qco"",""frames"":7299,""reason"":null,""staleSec"":0,""probation"":false},{""key"":""camfeed-a-side-85a03b34:TR_VC6cRdqSsicRiY"",""frames"":6992,""reason"":null,""staleSec"":0,""probation"":false},{""key"":""camfeed-a-close-883f2976:TR_VCToTYNatDX5PC"",""frames"":7894,""reason"":null,""staleSec"":0,""probation"":false}],""trackCount"":3,""ineligibleCount"":0}"
2026-08-28T19:35:31.543958+00:00,2026-08-28T19:35:31.38+00:00,visibility_hidden,,a,show-qfstpj50,,,,,,,,,,,,,,,,,,,,,,,,,,,,,,,,,,"{""audioContextState"":""running""}"
2026-08-28T19:35:31.543958+00:00,2026-08-28T19:35:31.38+00:00,wake_lock_released_by_system,,a,show-qfstpj50,,,,,,,,,,,,,,,,,,,,,,,,,,,,,,,,,live:a,
2026-08-28T19:35:31.543958+00:00,2026-08-28T19:35:31.38+00:00,window_blur,,a,show-qfstpj50,,,,,,,,,,,,,,,,,,,,,,,,,,,,,,,,,,
2026-08-28T19:35:32.53589+00:00,2026-08-28T19:35:31.386+00:00,pub_stats,,a,show-qfstpj50,0,1633484,,0,0,0,,30,,bandwidth,f,h+q,3,,,1080,1920,"SimulcastEncoderAdapter (libvpx, libvpx)",37,0,16,0,0,0.0007,0.021,0,,,,,,,live:a,"{""qualityLimitationDurations"":{""cpu"":0,""none"":1554.991,""other"":0,""bandwidth"":31.418}}"
2026-08-28T19:35:32.53589+00:00,2026-08-28T19:35:31.628+00:00,cue_playback_stopped,,a,show-qfstpj50,,,,,,,,,,,,,,,,,,,,,,,,,,,,,,,,,,"{""sheetId"":6}"
2026-08-28T19:35:32.53589+00:00,2026-08-28T19:35:31.628+00:00,cue_playback_started,,a,show-qfstpj50,,,,,,,,,,,,,,,,,,,,,,,,,,,,,,,,,,"{""sheetId"":6,""cueCount"":11}"
2026-08-28T19:35:34.557567+00:00,2026-08-28T19:35:33.386+00:00,pub_stats,,a,show-qfstpj50,1197536,1920034,800001,21,21,0,11,30,83.52,none,f,f+h+q,3,1080,1920,1080,1920,"SimulcastEncoderAdapter (libvpx, libvpx, libvpx)",38,0,16,0,0,0.013366,0.023,0,,,,,,,live:a,"{""qualityLimitationDurations"":{""cpu"":0,""none"":1556.93,""other"":0,""bandwidth"":31.479}}"
2026-08-28T19:35:34.557567+00:00,2026-08-28T19:35:33.386+00:00,pub_quality_limitation_changed,,a,show-qfstpj50,,,,,,,,,83.52,,,,,,,,,,,,,,,,,,bandwidth,none,,,,,,"{""durations"":{""cpu"":0,""none"":1556.93,""other"":0,""bandwidth"":31.479}}"
2026-08-28T19:35:34.557567+00:00,2026-08-28T19:35:33.386+00:00,pub_simulcast_switch,,a,show-qfstpj50,1197536,1920034,,,,,,,,,,,,,,,,,,,,,,,,,h+q,f+h+q,none,,,,,
2026-08-28T19:35:34.557567+00:00,2026-08-28T19:35:33.387+00:00,director_heartbeat,,a,show-qfstpj50,,,,,,,,,,,,,,,,,,,,,,,,,,,,,,,,,,"{""state"":""suspended""}"
2026-08-28T19:35:34.557567+00:00,2026-08-28T19:35:33.556+00:00,pub_connection_quality,,a,show-qfstpj50,,,,,,,,,,,,,,,,,,,,,,,,,,,,,,good,,,,
2026-08-28T19:35:34.557567+00:00,2026-08-28T19:35:33.654+00:00,mic_level_sample,,a,show-qfstpj50,,,,,,,,,,,,,,,,,,,,,,,,,,,,,,,,,,"{""deviceId"":""39fae2b7de1ac0ad5463a5ba3dd688ee748a5433d1272fa9afbea3233dae361b"",""inputRms"":0.0003283094028073188,""outputRms"":0.13360465497849752,""deviceLabel"":""MacBook Air Microphone (Built-in)"",""audioContextState"":""running""}"
2026-08-28T19:35:34.557567+00:00,2026-08-28T19:35:34.386+00:00,track_liveness_snapshot,,a,show-qfstpj50,,,,,,,,,,,,,,,,,,,,,,,,,,,,,,,,,,"{""entries"":[{""key"":""contestant-a-297a1aba:TR_VCiazSiwiK3Qco"",""frames"":null,""reason"":null,""staleSec"":1589,""probation"":false},{""key"":""camfeed-a-side-85a03b34:TR_VC6cRdqSsicRiY"",""frames"":12803,""reason"":null,""staleSec"":1,""probation"":false},{""key"":""camfeed-a-close-883f2976:TR_VCToTYNatDX5PC"",""frames"":9932,""reason"":null,""staleSec"":1,""probation"":false}],""trackCount"":3,""ineligibleCount"":0}"
2026-08-28T19:35:36.543843+00:00,2026-08-28T19:35:35.385+00:00,pub_stats,,a,show-qfstpj50,807364,2041803,903807,51,51,0,30,30,106,none,f,f+h+q,3,1080,1920,1080,1920,"SimulcastEncoderAdapter (libvpx, libvpx, libvpx)",38,0,16,0,0,0.0022329999999999997,0.023,0,,,,,,,live:a,"{""qualityLimitationDurations"":{""cpu"":0,""none"":1558.93,""other"":0,""bandwidth"":31.479}}"
2026-08-28T19:35:37.007473+00:00,2026-08-28T19:35:36.001+00:00,track_liveness_snapshot,,viewer,show-qfstpj50,,,,,,,,,,,,,,,,,,,,,,,,,,,,,,,,,,"{""entries"":[{""key"":""contestant-a-297a1aba:TR_VCiazSiwiK3Qco"",""frames"":7399,""reason"":null,""staleSec"":0,""probation"":false},{""key"":""camfeed-a-side-85a03b34:TR_VC6cRdqSsicRiY"",""frames"":7134,""reason"":null,""staleSec"":0,""probation"":false},{""key"":""camfeed-a-close-883f2976:TR_VCToTYNatDX5PC"",""frames"":7996,""reason"":null,""staleSec"":0,""probation"":false}],""trackCount"":3,""ineligibleCount"":0}"
2026-08-28T19:35:38.532596+00:00,2026-08-28T19:35:37.385+00:00,pub_stats,,a,show-qfstpj50,1175992,2340768,1593132,60,60,0,30,30,102.92,none,f,f+h+q,3,1080,1920,1080,1920,"SimulcastEncoderAdapter (libvpx, libvpx, libvpx)",38,0,16,0,0,0.000655,0.021,0,,,,,,,live:a,"{""qualityLimitationDurations"":{""cpu"":0,""none"":1560.93,""other"":0,""bandwidth"":31.479}}"
2026-08-28T19:35:38.532596+00:00,2026-08-28T19:35:37.629+00:00,cue_fired,,a,show-qfstpj50,,,,,,,,,,,,,,,,,,,,,,,,,,,,,,,,,,"{""shot"":""wide"",""clipId"":null,""sheetId"":6,""slotRole"":""close"",""timestampMs"":31231,""resolvedTarget"":""camfeed-a-close-883f2976""}"
2026-08-28T19:35:38.532596+00:00,2026-08-28T19:35:37.629+00:00,shot_publish_success,,a,show-qfstpj50,,,,,,,,,,,,,,,,,,,,,,,,,,,,,,,,,,"{""shot"":""wide"",""slot"":""a"",""commandId"":""fbe06b74-8904-4f71-baea-614feeb6c8e0"",""decisionSource"":""cue"",""connectionState"":""connected""}"
2026-08-28T19:35:39.766105+00:00,2026-08-28T19:35:38.654+00:00,mic_level_sample,,a,show-qfstpj50,,,,,,,,,,,,,,,,,,,,,,,,,,,,,,,,,,"{""deviceId"":""39fae2b7de1ac0ad5463a5ba3dd688ee748a5433d1272fa9afbea3233dae361b"",""inputRms"":0.004695613914067375,""outputRms"":0.1047577280064571,""deviceLabel"":""MacBook Air Microphone (Built-in)"",""audioContextState"":""running""}"
2026-08-28T19:35:39.766105+00:00,2026-08-28T19:35:39.386+00:00,track_liveness_snapshot,,a,show-qfstpj50,,,,,,,,,,,,,,,,,,,,,,,,,,,,,,,,,,"{""entries"":[{""key"":""contestant-a-297a1aba:TR_VCiazSiwiK3Qco"",""frames"":null,""reason"":null,""staleSec"":1594,""probation"":false},{""key"":""camfeed-a-side-85a03b34:TR_VC6cRdqSsicRiY"",""frames"":12908,""reason"":null,""staleSec"":1,""probation"":false},{""key"":""camfeed-a-close-883f2976:TR_VCToTYNatDX5PC"",""frames"":10059,""reason"":null,""staleSec"":1,""probation"":false}],""trackCount"":3,""ineligibleCount"":0}"
2026-08-28T19:35:40.622367+00:00,2026-08-28T19:35:39.387+00:00,pub_stats,,a,show-qfstpj50,1515632,2739102,1981347,60,60,0,30,30,77.93,none,f,f+h+q,3,1080,1920,1080,1920,"SimulcastEncoderAdapter (libvpx, libvpx, libvpx)",38,0,16,0,0,0.0005549999999999999,0.021,0,,,,,,,live:a,"{""qualityLimitationDurations"":{""cpu"":0,""none"":1562.931,""other"":0,""bandwidth"":31.479}}"
2026-08-28T19:35:42.013894+00:00,2026-08-28T19:35:41.007+00:00,track_liveness_snapshot,,viewer,show-qfstpj50,,,,,,,,,,,,,,,,,,,,,,,,,,,,,,,,,,"{""entries"":[{""key"":""contestant-a-297a1aba:TR_VCiazSiwiK3Qco"",""frames"":7499,""reason"":null,""staleSec"":0,""probation"":false},{""key"":""camfeed-a-side-85a03b34:TR_VC6cRdqSsicRiY"",""frames"":7194,""reason"":null,""staleSec"":0,""probation"":false},{""key"":""camfeed-a-close-883f2976:TR_VCToTYNatDX5PC"",""frames"":8146,""reason"":null,""staleSec"":0,""probation"":false}],""trackCount"":3,""ineligibleCount"":0}"
2026-08-28T19:35:42.580516+00:00,2026-08-28T19:35:41.386+00:00,pub_stats,,a,show-qfstpj50,2038299,3209921,2423708,60,60,0,30,30,57.8,none,f,f+h+q,3,1080,1920,1080,1920,"SimulcastEncoderAdapter (libvpx, libvpx, libvpx)",38,0,16,0,0,0.000977,0.023,0,,,,,,,live:a,"{""qualityLimitationDurations"":{""cpu"":0,""none"":1564.93,""other"":0,""bandwidth"":31.479}}"
2026-08-28T19:35:44.570227+00:00,2026-08-28T19:35:43.386+00:00,pub_stats,,a,show-qfstpj50,2524996,3736539,2869425,60,60,0,30,30,52.88,none,f,f+h+q,3,1080,1920,1080,1920,"SimulcastEncoderAdapter (libvpx, libvpx, libvpx)",39,0,17,0,0,0.002944,0.023,0,,,,,,,live:a,"{""qualityLimitationDurations"":{""cpu"":0,""none"":1566.93,""other"":0,""bandwidth"":31.479}}"
2026-08-28T19:35:44.570227+00:00,2026-08-28T19:35:43.386+00:00,director_heartbeat,,a,show-qfstpj50,,,,,,,,,,,,,,,,,,,,,,,,,,,,,,,,,,"{""state"":""suspended""}"
2026-08-28T19:35:44.570227+00:00,2026-08-28T19:35:43.654+00:00,mic_level_sample,,a,show-qfstpj50,,,,,,,,,,,,,,,,,,,,,,,,,,,,,,,,,,"{""deviceId"":""39fae2b7de1ac0ad5463a5ba3dd688ee748a5433d1272fa9afbea3233dae361b"",""inputRms"":0.0009063121632142428,""outputRms"":0.10707109339507216,""deviceLabel"":""MacBook Air Microphone (Built-in)"",""audioContextState"":""running""}"
2026-08-28T19:35:45.712795+00:00,2026-08-28T19:35:44.886+00:00,track_liveness_snapshot,,a,show-qfstpj50,,,,,,,,,,,,,,,,,,,,,,,,,,,,,,,,,,"{""entries"":[{""key"":""contestant-a-297a1aba:TR_VCiazSiwiK3Qco"",""frames"":null,""reason"":null,""staleSec"":1600,""probation"":false},{""key"":""camfeed-a-side-85a03b34:TR_VC6cRdqSsicRiY"",""frames"":12976,""reason"":null,""staleSec"":1,""probation"":false},{""key"":""camfeed-a-close-883f2976:TR_VCToTYNatDX5PC"",""frames"":10239,""reason"":null,""staleSec"":1,""probation"":false}],""trackCount"":3,""ineligibleCount"":0}"
2026-08-28T19:35:46.522141+00:00,2026-08-28T19:35:45.385+00:00,pub_stats,,a,show-qfstpj50,2760672,4313999,3000000,60,60,0,30,30,52.38,none,f,f+h+q,3,1080,1920,1080,1920,"SimulcastEncoderAdapter (libvpx, libvpx, libvpx)",39,0,17,0,0,0.0013,0.023,0,,,,,,,live:a,"{""qualityLimitationDurations"":{""cpu"":0,""none"":1568.93,""other"":0,""bandwidth"":31.479}}"
2026-08-28T19:35:47.041695+00:00,2026-08-28T19:35:46.016+00:00,track_liveness_snapshot,,viewer,show-qfstpj50,,,,,,,,,,,,,,,,,,,,,,,,,,,,,,,,,,"{""entries"":[{""key"":""contestant-a-297a1aba:TR_VCiazSiwiK3Qco"",""frames"":7644,""reason"":null,""staleSec"":0,""probation"":false},{""key"":""camfeed-a-side-85a03b34:TR_VC6cRdqSsicRiY"",""frames"":7255,""reason"":null,""staleSec"":0,""probation"":false},{""key"":""camfeed-a-close-883f2976:TR_VCToTYNatDX5PC"",""frames"":8296,""reason"":null,""staleSec"":0,""probation"":false}],""trackCount"":3,""ineligibleCount"":0}"
2026-08-28T19:35:48.536027+00:00,2026-08-28T19:35:47.386+00:00,pub_stats,,a,show-qfstpj50,3030933,5079268,3000000,60,60,0,30,30,46.77,none,f,f+h+q,3,1080,1920,1080,1920,"SimulcastEncoderAdapter (libvpx, libvpx, libvpx)",39,0,17,0,0,0.001144,0.023,0,,,,,,,live:a,"{""qualityLimitationDurations"":{""cpu"":0,""none"":1570.93,""other"":0,""bandwidth"":31.479}}"
2026-08-28T19:35:48.536027+00:00,2026-08-28T19:35:48.029+00:00,cue_fired,,a,show-qfstpj50,,,,,,,,,,,,,,,,,,,,,,,,,,,,,,,,,,"{""shot"":""wide"",""clipId"":null,""sheetId"":6,""slotRole"":""side"",""timestampMs"":41651,""resolvedTarget"":""camfeed-a-side-85a03b34""}"
2026-08-28T19:35:48.536027+00:00,2026-08-28T19:35:48.029+00:00,shot_publish_success,,a,show-qfstpj50,,,,,,,,,,,,,,,,,,,,,,,,,,,,,,,,,,"{""shot"":""wide"",""slot"":""a"",""commandId"":""5ae16f5c-fc73-4440-877c-ac11cd226470"",""decisionSource"":""cue"",""connectionState"":""connected""}"
2026-08-28T19:35:49.524666+00:00,2026-08-28T19:35:48.654+00:00,mic_level_sample,,a,show-qfstpj50,,,,,,,,,,,,,,,,,,,,,,,,,,,,,,,,,,"{""deviceId"":""39fae2b7de1ac0ad5463a5ba3dd688ee748a5433d1272fa9afbea3233dae361b"",""inputRms"":0.009568944405476074,""outputRms"":0.27428385817630035,""deviceLabel"":""MacBook Air Microphone (Built-in)"",""audioContextState"":""running""}"
2026-08-28T19:35:50.535382+00:00,2026-08-28T19:35:49.385+00:00,pub_stats,,a,show-qfstpj50,3028618,5868105,2984575,60,60,0,30,30,46.57,none,f,f+h+q,3,1080,1920,1080,1920,"SimulcastEncoderAdapter (libvpx, libvpx, libvpx)",39,0,17,0,0,0.0005769999999999999,0.025,0,,,,,,,live:a,"{""qualityLimitationDurations"":{""cpu"":0,""none"":1572.93,""other"":0,""bandwidth"":31.479}}"
2026-08-28T19:35:50.535382+00:00,2026-08-28T19:35:50.385+00:00,track_liveness_snapshot,,a,show-qfstpj50,,,,,,,,,,,,,,,,,,,,,,,,,,,,,,,,,,"{""entries"":[{""key"":""contestant-a-297a1aba:TR_VCiazSiwiK3Qco"",""frames"":null,""reason"":null,""staleSec"":1605,""probation"":false},{""key"":""camfeed-a-side-85a03b34:TR_VC6cRdqSsicRiY"",""frames"":13041,""reason"":null,""staleSec"":1,""probation"":false},{""key"":""camfeed-a-close-883f2976:TR_VCToTYNatDX5PC"",""frames"":10388,""reason"":null,""staleSec"":1,""probation"":false}],""trackCount"":3,""ineligibleCount"":0}"
2026-08-28T19:35:52.185208+00:00,2026-08-28T19:35:51.022+00:00,track_liveness_snapshot,,viewer,show-qfstpj50,,,,,,,,,,,,,,,,,,,,,,,,,,,,,,,,,,"{""entries"":[{""key"":""contestant-a-297a1aba:TR_VCiazSiwiK3Qco"",""frames"":7794,""reason"":null,""staleSec"":0,""probation"":false},{""key"":""camfeed-a-side-85a03b34:TR_VC6cRdqSsicRiY"",""frames"":7320,""reason"":null,""staleSec"":0,""probation"":false},{""key"":""camfeed-a-close-883f2976:TR_VCToTYNatDX5PC"",""frames"":8446,""reason"":null,""staleSec"":0,""probation"":false}],""trackCount"":3,""ineligibleCount"":0}"
2026-08-28T19:35:52.52005+00:00,2026-08-28T19:35:51.386+00:00,pub_stats,,a,show-qfstpj50,2981469,6095224,3000000,60,60,0,30,30,44.28,none,f,f+h+q,3,1080,1920,1080,1920,"SimulcastEncoderAdapter (libvpx, libvpx, libvpx)",39,0,17,0,0,0.0005549999999999999,0.025,0,,,,,,,live:a,"{""qualityLimitationDurations"":{""cpu"":0,""none"":1574.93,""other"":0,""bandwidth"":31.479}}"
2026-08-28T19:35:53.52639+00:00,2026-08-28T19:35:53.23+00:00,cue_fired,,a,show-qfstpj50,,,,,,,,,,,,,,,,,,,,,,,,,,,,,,,,,,"{""shot"":""zoomIn"",""clipId"":null,""sheetId"":6,""slotRole"":""close"",""timestampMs"":46814,""resolvedTarget"":""camfeed-a-close-883f2976""}"
2026-08-28T19:35:53.52639+00:00,2026-08-28T19:35:53.23+00:00,shot_publish_success,,a,show-qfstpj50,,,,,,,,,,,,,,,,,,,,,,,,,,,,,,,,,,"{""shot"":""zoomIn"",""slot"":""a"",""commandId"":""2b8a11e9-0ff4-4be6-8e1c-fde4761ea5e7"",""decisionSource"":""cue"",""connectionState"":""connected""}"
2026-08-28T19:35:54.525945+00:00,2026-08-28T19:35:53.386+00:00,pub_stats,,a,show-qfstpj50,2997660,6163215,2995065,60,60,0,30,30,46.5,none,f,f+h+q,3,1080,1920,1080,1920,"SimulcastEncoderAdapter (libvpx, libvpx, libvpx)",39,0,17,0,0,0.00043299999999999995,0.023,0,,,,,,,live:a,"{""qualityLimitationDurations"":{""cpu"":0,""none"":1576.93,""other"":0,""bandwidth"":31.479}}"
2026-08-28T19:35:54.525945+00:00,2026-08-28T19:35:53.387+00:00,director_heartbeat,,a,show-qfstpj50,,,,,,,,,,,,,,,,,,,,,,,,,,,,,,,,,,"{""state"":""suspended""}"
2026-08-28T19:35:54.525945+00:00,2026-08-28T19:35:53.553+00:00,pub_connection_quality,,a,show-qfstpj50,,,,,,,,,,,,,,,,,,,,,,,,,,,,,,excellent,,,,
2026-08-28T19:35:54.525945+00:00,2026-08-28T19:35:53.654+00:00,mic_level_sample,,a,show-qfstpj50,,,,,,,,,,,,,,,,,,,,,,,,,,,,,,,,,,"{""deviceId"":""39fae2b7de1ac0ad5463a5ba3dd688ee748a5433d1272fa9afbea3233dae361b"",""inputRms"":0.018702054250455784,""outputRms"":0.14211098819377768,""deviceLabel"":""MacBook Air Microphone (Built-in)"",""audioContextState"":""running""}"
2026-08-28T19:35:55.556448+00:00,2026-08-28T19:35:54.52+00:00,visibility_visible,,a,show-qfstpj50,,,,,,,,,,,,,,,,,,,,,,,,,,,,,,,,,,"{""audioContextState"":""running""}"
2026-08-28T19:35:55.556448+00:00,2026-08-28T19:35:54.521+00:00,window_focus,,a,show-qfstpj50,,,,,,,,,,,,,,,,,,,,,,,,,,,,,,,,,,
2026-08-28T19:35:55.556448+00:00,2026-08-28T19:35:54.529+00:00,wake_lock_acquired,,a,show-qfstpj50,,,,,,,,,,,,,,,,,,,,,,,,,,,,,,,,,live:a,
2026-08-28T19:35:56.535293+00:00,2026-08-28T19:35:55.385+00:00,pub_stats,,a,show-qfstpj50,3157959,6489641,2885078,60,60,0,30,30,50.27,none,f,f+h+q,3,1080,1920,1080,1920,"SimulcastEncoderAdapter (libvpx, libvpx, libvpx)",39,0,17,0,0,0.003266,0.023,0,,,,,,,live:a,"{""qualityLimitationDurations"":{""cpu"":0,""none"":1578.929,""other"":0,""bandwidth"":31.479}}"
2026-08-28T19:35:56.535293+00:00,2026-08-28T19:35:55.885+00:00,track_liveness_snapshot,,a,show-qfstpj50,,,,,,,,,,,,,,,,,,,,,,,,,,,,,,,,,,"{""entries"":[{""key"":""contestant-a-297a1aba:TR_VCiazSiwiK3Qco"",""frames"":null,""reason"":null,""staleSec"":1610,""probation"":false},{""key"":""camfeed-a-side-85a03b34:TR_VC6cRdqSsicRiY"",""frames"":13099,""reason"":null,""staleSec"":1,""probation"":false},{""key"":""camfeed-a-close-883f2976:TR_VCToTYNatDX5PC"",""frames"":10568,""reason"":null,""staleSec"":1,""probation"":false}],""trackCount"":3,""ineligibleCount"":0}"
2026-08-28T19:35:57.053155+00:00,2026-08-28T19:35:56.03+00:00,track_liveness_snapshot,,viewer,show-qfstpj50,,,,,,,,,,,,,,,,,,,,,,,,,,,,,,,,,,"{""entries"":[{""key"":""contestant-a-297a1aba:TR_VCiazSiwiK3Qco"",""frames"":7944,""reason"":null,""staleSec"":0,""probation"":false},{""key"":""camfeed-a-side-85a03b34:TR_VC6cRdqSsicRiY"",""frames"":7365,""reason"":null,""staleSec"":0,""probation"":false},{""key"":""camfeed-a-close-883f2976:TR_VCToTYNatDX5PC"",""frames"":8596,""reason"":null,""staleSec"":0,""probation"":false}],""trackCount"":3,""ineligibleCount"":0}"
2026-08-28T19:35:57.522342+00:00,2026-08-28T19:35:56.629+00:00,shot_publish_success,,a,show-qfstpj50,,,,,,,,,,,,,,,,,,,,,,,,,,,,,,,,,,"{""shot"":""wide"",""slot"":""a"",""commandId"":""83963b3f-a25e-4409-9544-c1e12ebbe27d"",""decisionSource"":""cue"",""connectionState"":""connected""}"
2026-08-28T19:35:57.522342+00:00,2026-08-28T19:35:56.629+00:00,cue_fired,,a,show-qfstpj50,,,,,,,,,,,,,,,,,,,,,,,,,,,,,,,,,,"{""shot"":""wide"",""clipId"":null,""sheetId"":6,""slotRole"":""main"",""timestampMs"":50300,""resolvedTarget"":""contestant-a-297a1aba""}"
2026-08-28T19:35:58.527142+00:00,2026-08-28T19:35:57.385+00:00,pub_stats,,a,show-qfstpj50,2799500,6590635,3000000,60,60,0,30,30,65,none,f,f+h+q,3,1080,1920,1080,1920,"SimulcastEncoderAdapter (libvpx, libvpx, libvpx)",39,0,17,0,0,0.000677,0.024,0,,,,,,,live:a,"{""qualityLimitationDurations"":{""cpu"":0,""none"":1580.929,""other"":0,""bandwidth"":31.479}}"
2026-08-28T19:35:59.553047+00:00,2026-08-28T19:35:58.653+00:00,mic_level_sample,,a,show-qfstpj50,,,,,,,,,,,,,,,,,,,,,,,,,,,,,,,,,,"{""deviceId"":""39fae2b7de1ac0ad5463a5ba3dd688ee748a5433d1272fa9afbea3233dae361b"",""inputRms"":0.012750641827157756,""outputRms"":0.15754660206439272,""deviceLabel"":""MacBook Air Microphone (Built-in)"",""audioContextState"":""running""}"
2026-08-28T19:36:00.520501+00:00,2026-08-28T19:35:59.385+00:00,pub_stats,,a,show-qfstpj50,2949916,6590635,3000000,60,60,0,30,30,58.5,none,f,f+h+q,3,1080,1920,1080,1920,"SimulcastEncoderAdapter (libvpx, libvpx, libvpx)",39,0,17,0,0,0.000522,0.024,0,,,,,,,live:a,"{""qualityLimitationDurations"":{""cpu"":0,""none"":1582.929,""other"":0,""bandwidth"":31.479}}"
2026-08-28T19:36:01.5381+00:00,2026-08-28T19:36:00.885+00:00,track_liveness_snapshot,,a,show-qfstpj50,,,,,,,,,,,,,,,,,,,,,,,,,,,,,,,,,,"{""entries"":[{""key"":""contestant-a-297a1aba:TR_VCiazSiwiK3Qco"",""frames"":null,""reason"":null,""staleSec"":1615,""probation"":false},{""key"":""camfeed-a-side-85a03b34:TR_VC6cRdqSsicRiY"",""frames"":13184,""reason"":null,""staleSec"":1,""probation"":false},{""key"":""camfeed-a-close-883f2976:TR_VCToTYNatDX5PC"",""frames"":10719,""reason"":null,""staleSec"":1,""probation"":false}],""trackCount"":3,""ineligibleCount"":0}"
2026-08-28T19:36:02.038743+00:00,2026-08-28T19:36:01.036+00:00,track_liveness_snapshot,,viewer,show-qfstpj50,,,,,,,,,,,,,,,,,,,,,,,,,,,,,,,,,,"{""entries"":[{""key"":""contestant-a-297a1aba:TR_VCiazSiwiK3Qco"",""frames"":8094,""reason"":null,""staleSec"":0,""probation"":false},{""key"":""camfeed-a-side-85a03b34:TR_VC6cRdqSsicRiY"",""frames"":7454,""reason"":null,""staleSec"":0,""probation"":false},{""key"":""camfeed-a-close-883f2976:TR_VCToTYNatDX5PC"",""frames"":8746,""reason"":null,""staleSec"":0,""probation"":false}],""trackCount"":3,""ineligibleCount"":0}"
2026-08-28T19:36:02.529979+00:00,2026-08-28T19:36:01.385+00:00,pub_stats,,a,show-qfstpj50,3021576,6590635,2974180,60,60,0,30,30,58.47,none,f,f+h+q,3,1080,1920,1080,1920,"SimulcastEncoderAdapter (libvpx, libvpx, libvpx)",39,0,17,0,0,0.000944,0.022,0,,,,,,,live:a,"{""qualityLimitationDurations"":{""cpu"":0,""none"":1584.929,""other"":0,""bandwidth"":31.479}}"
2026-08-28T19:36:04.611412+00:00,2026-08-28T19:36:03.386+00:00,pub_stats,,a,show-qfstpj50,3003490,6590635,2986578,60,60,0,30,30,73.9,none,f,f+h+q,3,1080,1920,1080,1920,"SimulcastEncoderAdapter (libvpx, libvpx, libvpx)",39,0,17,0,0,0.000522,0.024,0,,,,,,,live:a,"{""qualityLimitationDurations"":{""cpu"":0,""none"":1586.931,""other"":0,""bandwidth"":31.479}}"
2026-08-28T19:36:04.611412+00:00,2026-08-28T19:36:03.386+00:00,director_heartbeat,,a,show-qfstpj50,,,,,,,,,,,,,,,,,,,,,,,,,,,,,,,,,,"{""state"":""suspended""}"
2026-08-28T19:36:04.611412+00:00,2026-08-28T19:36:03.654+00:00,mic_level_sample,,a,show-qfstpj50,,,,,,,,,,,,,,,,,,,,,,,,,,,,,,,,,,"{""deviceId"":""39fae2b7de1ac0ad5463a5ba3dd688ee748a5433d1272fa9afbea3233dae361b"",""inputRms"":0.08240401094179671,""outputRms"":0.10799115683070036,""deviceLabel"":""MacBook Air Microphone (Built-in)"",""audioContextState"":""running""}"
2026-08-28T19:36:06.531378+00:00,2026-08-28T19:36:05.386+00:00,pub_stats,,a,show-qfstpj50,2959564,6590635,3000000,60,60,0,30,30,68.73,none,f,f+h+q,3,1080,1920,1080,1920,"SimulcastEncoderAdapter (libvpx, libvpx, libvpx)",39,0,17,0,0,0.0006,0.021,0,,,,,,,live:a,"{""qualityLimitationDurations"":{""cpu"":0,""none"":1588.93,""other"":0,""bandwidth"":31.479}}"
2026-08-28T19:36:07.013689+00:00,2026-08-28T19:36:06.043+00:00,track_liveness_snapshot,,viewer,show-qfstpj50,,,,,,,,,,,,,,,,,,,,,,,,,,,,,,,,,,"{""entries"":[{""key"":""contestant-a-297a1aba:TR_VCiazSiwiK3Qco"",""frames"":8244,""reason"":null,""staleSec"":0,""probation"":false},{""key"":""camfeed-a-side-85a03b34:TR_VC6cRdqSsicRiY"",""frames"":7584,""reason"":null,""staleSec"":0,""probation"":false},{""key"":""camfeed-a-close-883f2976:TR_VCToTYNatDX5PC"",""frames"":8896,""reason"":null,""staleSec"":0,""probation"":false}],""trackCount"":3,""ineligibleCount"":0}"
2026-08-28T19:36:06.531378+00:00,2026-08-28T19:36:06.385+00:00,track_liveness_snapshot,,a,show-qfstpj50,,,,,,,,,,,,,,,,,,,,,,,,,,,,,,,,,,"{""entries"":[{""key"":""contestant-a-297a1aba:TR_VCiazSiwiK3Qco"",""frames"":null,""reason"":null,""staleSec"":1621,""probation"":false},{""key"":""camfeed-a-side-85a03b34:TR_VC6cRdqSsicRiY"",""frames"":13316,""reason"":null,""staleSec"":1,""probation"":false},{""key"":""camfeed-a-close-883f2976:TR_VCToTYNatDX5PC"",""frames"":10869,""reason"":null,""staleSec"":1,""probation"":false}],""trackCount"":3,""ineligibleCount"":0}"
2026-08-28T19:36:08.533412+00:00,2026-08-28T19:36:07.385+00:00,pub_stats,,a,show-qfstpj50,2978953,6900961,2958558,60,60,0,31,30,64.97,none,f,f+h+q,3,1080,1920,1080,1920,"SimulcastEncoderAdapter (libvpx, libvpx, libvpx)",39,0,17,0,0,0.000511,0.021,0,,,,,,,live:a,"{""qualityLimitationDurations"":{""cpu"":0,""none"":1590.93,""other"":0,""bandwidth"":31.479}}"
2026-08-28T19:36:09.555619+00:00,2026-08-28T19:36:08.654+00:00,mic_level_sample,,a,show-qfstpj50,,,,,,,,,,,,,,,,,,,,,,,,,,,,,,,,,,"{""deviceId"":""39fae2b7de1ac0ad5463a5ba3dd688ee748a5433d1272fa9afbea3233dae361b"",""inputRms"":0.009441152314983589,""outputRms"":0.12175096890957894,""deviceLabel"":""MacBook Air Microphone (Built-in)"",""audioContextState"":""running""}"
2026-08-28T19:36:10.583665+00:00,2026-08-28T19:36:09.386+00:00,pub_stats,,a,show-qfstpj50,3062613,6900961,2983303,60,60,0,31,31,66.73,none,f,f+h+q,3,1080,1920,1080,1920,"SimulcastEncoderAdapter (libvpx, libvpx, libvpx)",39,0,17,0,0,0.0007769999999999999,0.021,0,,,,,,,live:a,"{""qualityLimitationDurations"":{""cpu"":0,""none"":1592.93,""other"":0,""bandwidth"":31.479}}"
2026-08-28T19:36:12.209104+00:00,2026-08-28T19:36:11.052+00:00,track_liveness_snapshot,,viewer,show-qfstpj50,,,,,,,,,,,,,,,,,,,,,,,,,,,,,,,,,,"{""entries"":[{""key"":""contestant-a-297a1aba:TR_VCiazSiwiK3Qco"",""frames"":8394,""reason"":null,""staleSec"":0,""probation"":false},{""key"":""camfeed-a-side-85a03b34:TR_VC6cRdqSsicRiY"",""frames"":7700,""reason"":null,""staleSec"":0,""probation"":false},{""key"":""camfeed-a-close-883f2976:TR_VCToTYNatDX5PC"",""frames"":9045,""reason"":null,""staleSec"":0,""probation"":false}],""trackCount"":3,""ineligibleCount"":0}"
2026-08-28T19:36:11.57019+00:00,2026-08-28T19:36:11.385+00:00,track_liveness_snapshot,,a,show-qfstpj50,,,,,,,,,,,,,,,,,,,,,,,,,,,,,,,,,,"{""entries"":[{""key"":""contestant-a-297a1aba:TR_VCiazSiwiK3Qco"",""frames"":null,""reason"":null,""staleSec"":1626,""probation"":false},{""key"":""camfeed-a-side-85a03b34:TR_VC6cRdqSsicRiY"",""frames"":13426,""reason"":null,""staleSec"":1,""probation"":false},{""key"":""camfeed-a-close-883f2976:TR_VCToTYNatDX5PC"",""frames"":11018,""reason"":null,""staleSec"":1,""probation"":false}],""trackCount"":3,""ineligibleCount"":0}"
2026-08-28T19:36:12.521579+00:00,2026-08-28T19:36:11.385+00:00,pub_stats,,a,show-qfstpj50,2857013,6900961,3000000,59,59,0,30,31,70.59,none,f,f+h+q,3,1080,1920,1080,1920,"SimulcastEncoderAdapter (libvpx, libvpx, libvpx)",39,0,17,0,0,0.0005,0.023,0,,,,,,,live:a,"{""qualityLimitationDurations"":{""cpu"":0,""none"":1594.93,""other"":0,""bandwidth"":31.479}}"
2026-08-28T19:36:14.524478+00:00,2026-08-28T19:36:13.385+00:00,pub_stats,,a,show-qfstpj50,3014716,6904954,2993237,60,60,0,30,31,72.37,none,f,f+h+q,3,1080,1920,1080,1920,"SimulcastEncoderAdapter (libvpx, libvpx, libvpx)",39,0,17,0,0,0.00043299999999999995,0.022,0,,,,,,,live:a,"{""qualityLimitationDurations"":{""cpu"":0,""none"":1596.93,""other"":0,""bandwidth"":31.479}}"
2026-08-28T19:36:14.524478+00:00,2026-08-28T19:36:13.386+00:00,director_heartbeat,,a,show-qfstpj50,,,,,,,,,,,,,,,,,,,,,,,,,,,,,,,,,,"{""state"":""suspended""}"
2026-08-28T19:36:14.524478+00:00,2026-08-28T19:36:13.654+00:00,mic_level_sample,,a,show-qfstpj50,,,,,,,,,,,,,,,,,,,,,,,,,,,,,,,,,,"{""deviceId"":""39fae2b7de1ac0ad5463a5ba3dd688ee748a5433d1272fa9afbea3233dae361b"",""inputRms"":0.0009635910097230367,""outputRms"":0.14862384008647342,""deviceLabel"":""MacBook Air Microphone (Built-in)"",""audioContextState"":""running""}"
2026-08-28T19:36:16.514967+00:00,2026-08-28T19:36:15.386+00:00,pub_stats,,a,show-qfstpj50,2951196,6904954,3000000,60,60,0,30,31,65.67,none,f,f+h+q,3,1080,1920,1080,1920,"SimulcastEncoderAdapter (libvpx, libvpx, libvpx)",39,0,17,0,0,0.0006219999999999999,0.022,0,,,,,,,live:a,"{""qualityLimitationDurations"":{""cpu"":0,""none"":1598.93,""other"":0,""bandwidth"":31.479}}"
2026-08-28T19:36:17.054263+00:00,2026-08-28T19:36:16.058+00:00,track_liveness_snapshot,,viewer,show-qfstpj50,,,,,,,,,,,,,,,,,,,,,,,,,,,,,,,,,,"{""entries"":[{""key"":""contestant-a-297a1aba:TR_VCiazSiwiK3Qco"",""frames"":8544,""reason"":null,""staleSec"":0,""probation"":false},{""key"":""camfeed-a-side-85a03b34:TR_VC6cRdqSsicRiY"",""frames"":7826,""reason"":null,""staleSec"":0,""probation"":false},{""key"":""camfeed-a-close-883f2976:TR_VCToTYNatDX5PC"",""frames"":9195,""reason"":null,""staleSec"":0,""probation"":false}],""trackCount"":3,""ineligibleCount"":0}"
2026-08-28T19:36:16.514967+00:00,2026-08-28T19:36:16.385+00:00,track_liveness_snapshot,,a,show-qfstpj50,,,,,,,,,,,,,,,,,,,,,,,,,,,,,,,,,,"{""entries"":[{""key"":""contestant-a-297a1aba:TR_VCiazSiwiK3Qco"",""frames"":null,""reason"":null,""staleSec"":1631,""probation"":false},{""key"":""camfeed-a-side-85a03b34:TR_VC6cRdqSsicRiY"",""frames"":13554,""reason"":null,""staleSec"":1,""probation"":false},{""key"":""camfeed-a-close-883f2976:TR_VCToTYNatDX5PC"",""frames"":11168,""reason"":null,""staleSec"":1,""probation"":false}],""trackCount"":3,""ineligibleCount"":0}"
2026-08-28T19:36:18.686778+00:00,2026-08-28T19:36:17.385+00:00,pub_stats,,a,show-qfstpj50,3022927,6904954,3000000,60,60,0,30,31,59.03,none,f,f+h+q,3,1080,1920,1080,1920,"SimulcastEncoderAdapter (libvpx, libvpx, libvpx)",39,0,17,0,0,0.001044,0.022,0,,,,,,,live:a,"{""qualityLimitationDurations"":{""cpu"":0,""none"":1600.93,""other"":0,""bandwidth"":31.479}}"
2026-08-28T19:36:19.520296+00:00,2026-08-28T19:36:18.654+00:00,mic_level_sample,,a,show-qfstpj50,,,,,,,,,,,,,,,,,,,,,,,,,,,,,,,,,,"{""deviceId"":""39fae2b7de1ac0ad5463a5ba3dd688ee748a5433d1272fa9afbea3233dae361b"",""inputRms"":0.01128618719373815,""outputRms"":0.19815523842666036,""deviceLabel"":""MacBook Air Microphone (Built-in)"",""audioContextState"":""running""}"
2026-08-28T19:36:20.558464+00:00,2026-08-28T19:36:19.386+00:00,pub_stats,,a,show-qfstpj50,2967160,6904954,3000000,60,60,0,30,31,49.58,none,f,f+h+q,3,1080,1920,1080,1920,"SimulcastEncoderAdapter (libvpx, libvpx, libvpx)",39,0,17,0,0,0.000788,0.025,0,,,,,,,live:a,"{""qualityLimitationDurations"":{""cpu"":0,""none"":1602.93,""other"":0,""bandwidth"":31.479}}"
2026-08-28T19:36:22.034458+00:00,2026-08-28T19:36:21.063+00:00,track_liveness_snapshot,,viewer,show-qfstpj50,,,,,,,,,,,,,,,,,,,,,,,,,,,,,,,,,,"{""entries"":[{""key"":""contestant-a-297a1aba:TR_VCiazSiwiK3Qco"",""frames"":8694,""reason"":null,""staleSec"":0,""probation"":false},{""key"":""camfeed-a-side-85a03b34:TR_VC6cRdqSsicRiY"",""frames"":7949,""reason"":null,""staleSec"":0,""probation"":false},{""key"":""camfeed-a-close-883f2976:TR_VCToTYNatDX5PC"",""frames"":9345,""reason"":null,""staleSec"":0,""probation"":false}],""trackCount"":3,""ineligibleCount"":0}"
2026-08-28T19:36:22.542357+00:00,2026-08-28T19:36:21.385+00:00,pub_stats,,a,show-qfstpj50,3026789,6904954,2932803,60,60,0,30,31,42.4,none,f,f+h+q,3,1080,1920,1080,1920,"SimulcastEncoderAdapter (libvpx, libvpx, libvpx)",39,0,17,0,0,0.0005329999999999999,0.021,0,,,,,,,live:a,"{""qualityLimitationDurations"":{""cpu"":0,""none"":1604.929,""other"":0,""bandwidth"":31.479}}"
2026-08-28T19:36:22.542357+00:00,2026-08-28T19:36:21.884+00:00,track_liveness_snapshot,,a,show-qfstpj50,,,,,,,,,,,,,,,,,,,,,,,,,,,,,,,,,,"{""entries"":[{""key"":""contestant-a-297a1aba:TR_VCiazSiwiK3Qco"",""frames"":null,""reason"":null,""staleSec"":1636,""probation"":false},{""key"":""camfeed-a-side-85a03b34:TR_VC6cRdqSsicRiY"",""frames"":13704,""reason"":null,""staleSec"":1,""probation"":false},{""key"":""camfeed-a-close-883f2976:TR_VCToTYNatDX5PC"",""frames"":11348,""reason"":null,""staleSec"":1,""probation"":false}],""trackCount"":3,""ineligibleCount"":0}"
2026-08-28T19:36:24.525841+00:00,2026-08-28T19:36:23.386+00:00,pub_stats,,a,show-qfstpj50,3056672,6904954,2949912,60,60,0,30,31,47.13,none,f,f+h+q,3,1080,1920,1080,1920,"SimulcastEncoderAdapter (libvpx, libvpx, libvpx)",39,0,17,0,0,0.000511,0.021,0,,,,,,,live:a,"{""qualityLimitationDurations"":{""cpu"":0,""none"":1606.93,""other"":0,""bandwidth"":31.479}}"
2026-08-28T19:36:24.525841+00:00,2026-08-28T19:36:23.387+00:00,director_heartbeat,,a,show-qfstpj50,,,,,,,,,,,,,,,,,,,,,,,,,,,,,,,,,,"{""state"":""suspended""}"
2026-08-28T19:36:24.525841+00:00,2026-08-28T19:36:23.654+00:00,mic_level_sample,,a,show-qfstpj50,,,,,,,,,,,,,,,,,,,,,,,,,,,,,,,,,,"{""deviceId"":""39fae2b7de1ac0ad5463a5ba3dd688ee748a5433d1272fa9afbea3233dae361b"",""inputRms"":0.0008888882311830157,""outputRms"":0.0008888882311830157,""deviceLabel"":""MacBook Air Microphone (Built-in)"",""audioContextState"":""running""}"
2026-08-28T19:36:26.529543+00:00,2026-08-28T19:36:25.386+00:00,pub_stats,,a,show-qfstpj50,2846228,6904954,3000000,60,60,0,30,30,51.57,none,f,f+h+q,3,1080,1920,1080,1920,"SimulcastEncoderAdapter (libvpx, libvpx, libvpx)",39,0,17,0,0,0.0006659999999999999,0.022,0,,,,,,,live:a,"{""qualityLimitationDurations"":{""cpu"":0,""none"":1608.93,""other"":0,""bandwidth"":31.479}}"
2026-08-28T19:36:27.022947+00:00,2026-08-28T19:36:26.066+00:00,track_liveness_snapshot,,viewer,show-qfstpj50,,,,,,,,,,,,,,,,,,,,,,,,,,,,,,,,,,"{""entries"":[{""key"":""contestant-a-297a1aba:TR_VCiazSiwiK3Qco"",""frames"":8844,""reason"":null,""staleSec"":0,""probation"":false},{""key"":""camfeed-a-side-85a03b34:TR_VC6cRdqSsicRiY"",""frames"":8074,""reason"":null,""staleSec"":0,""probation"":false},{""key"":""camfeed-a-close-883f2976:TR_VCToTYNatDX5PC"",""frames"":9496,""reason"":null,""staleSec"":0,""probation"":false}],""trackCount"":3,""ineligibleCount"":0}"
2026-08-28T19:36:27.530536+00:00,2026-08-28T19:36:26.885+00:00,track_liveness_snapshot,,a,show-qfstpj50,,,,,,,,,,,,,,,,,,,,,,,,,,,,,,,,,,"{""entries"":[{""key"":""contestant-a-297a1aba:TR_VCiazSiwiK3Qco"",""frames"":null,""reason"":null,""staleSec"":1641,""probation"":false},{""key"":""camfeed-a-side-85a03b34:TR_VC6cRdqSsicRiY"",""frames"":13827,""reason"":null,""staleSec"":1,""probation"":false},{""key"":""camfeed-a-close-883f2976:TR_VCToTYNatDX5PC"",""frames"":11498,""reason"":null,""staleSec"":1,""probation"":false}],""trackCount"":3,""ineligibleCount"":0}"
2026-08-28T19:36:28.530481+00:00,2026-08-28T19:36:27.385+00:00,pub_stats,,a,show-qfstpj50,3006799,6904954,3000000,60,60,0,30,30,40.65,none,f,f+h+q,3,1080,1920,1080,1920,"SimulcastEncoderAdapter (libvpx, libvpx, libvpx)",39,0,17,0,0,0.000588,0.023,0,,,,,,,live:a,"{""qualityLimitationDurations"":{""cpu"":0,""none"":1610.93,""other"":0,""bandwidth"":31.479}}"
2026-08-28T19:36:29.532747+00:00,2026-08-28T19:36:28.655+00:00,mic_level_sample,,a,show-qfstpj50,,,,,,,,,,,,,,,,,,,,,,,,,,,,,,,,,,"{""deviceId"":""39fae2b7de1ac0ad5463a5ba3dd688ee748a5433d1272fa9afbea3233dae361b"",""inputRms"":0.00011649317146446879,""outputRms"":0.00011649317146446879,""deviceLabel"":""MacBook Air Microphone (Built-in)"",""audioContextState"":""running""}"
2026-08-28T19:36:30.535428+00:00,2026-08-28T19:36:29.385+00:00,pub_stats,,a,show-qfstpj50,2996252,6904954,3000000,60,60,0,30,30,50.4,none,f,f+h+q,3,1080,1920,1080,1920,"SimulcastEncoderAdapter (libvpx, libvpx, libvpx)",39,0,17,0,0,0.0005549999999999999,0.023,0,,,,,,,live:a,"{""qualityLimitationDurations"":{""cpu"":0,""none"":1612.929,""other"":0,""bandwidth"":31.479}}"
2026-08-28T19:36:32.060293+00:00,2026-08-28T19:36:31.072+00:00,track_liveness_snapshot,,viewer,show-qfstpj50,,,,,,,,,,,,,,,,,,,,,,,,,,,,,,,,,,"{""entries"":[{""key"":""contestant-a-297a1aba:TR_VCiazSiwiK3Qco"",""frames"":8994,""reason"":null,""staleSec"":0,""probation"":false},{""key"":""camfeed-a-side-85a03b34:TR_VC6cRdqSsicRiY"",""frames"":8210,""reason"":null,""staleSec"":0,""probation"":false},{""key"":""camfeed-a-close-883f2976:TR_VCToTYNatDX5PC"",""frames"":9646,""reason"":null,""staleSec"":0,""probation"":false}],""trackCount"":3,""ineligibleCount"":0}"
2026-08-28T19:36:32.526183+00:00,2026-08-28T19:36:31.385+00:00,pub_stats,,a,show-qfstpj50,3025504,6904954,3000000,60,60,0,30,30,48.73,none,f,f+h+q,3,1080,1920,1080,1920,"SimulcastEncoderAdapter (libvpx, libvpx, libvpx)",39,0,17,0,0,0.000488,0.023,0,,,,,,,live:a,"{""qualityLimitationDurations"":{""cpu"":0,""none"":1614.929,""other"":0,""bandwidth"":31.479}}"
2026-08-28T19:36:32.526183+00:00,2026-08-28T19:36:31.885+00:00,track_liveness_snapshot,,a,show-qfstpj50,,,,,,,,,,,,,,,,,,,,,,,,,,,,,,,,,,"{""entries"":[{""key"":""contestant-a-297a1aba:TR_VCiazSiwiK3Qco"",""frames"":null,""reason"":null,""staleSec"":1646,""probation"":false},{""key"":""camfeed-a-side-85a03b34:TR_VC6cRdqSsicRiY"",""frames"":13964,""reason"":null,""staleSec"":1,""probation"":false},{""key"":""camfeed-a-close-883f2976:TR_VCToTYNatDX5PC"",""frames"":11649,""reason"":null,""staleSec"":1,""probation"":false}],""trackCount"":3,""ineligibleCount"":0}"
2026-08-28T19:36:34.517263+00:00,2026-08-28T19:36:33.385+00:00,pub_stats,,a,show-qfstpj50,2899732,6904954,3000000,60,60,0,30,30,55.75,none,f,f+h+q,3,1080,1920,1080,1920,"SimulcastEncoderAdapter (libvpx, libvpx, libvpx)",39,0,17,0,0,0.00043299999999999995,0.022,0,,,,,,,live:a,"{""qualityLimitationDurations"":{""cpu"":0,""none"":1616.929,""other"":0,""bandwidth"":31.479}}"
2026-08-28T19:36:34.517263+00:00,2026-08-28T19:36:33.387+00:00,director_heartbeat,,a,show-qfstpj50,,,,,,,,,,,,,,,,,,,,,,,,,,,,,,,,,,"{""state"":""suspended""}"
2026-08-28T19:36:34.517263+00:00,2026-08-28T19:36:33.653+00:00,mic_level_sample,,a,show-qfstpj50,,,,,,,,,,,,,,,,,,,,,,,,,,,,,,,,,,"{""deviceId"":""39fae2b7de1ac0ad5463a5ba3dd688ee748a5433d1272fa9afbea3233dae361b"",""inputRms"":0.0006269571956385699,""outputRms"":0.0006269571956385699,""deviceLabel"":""MacBook Air Microphone (Built-in)"",""audioContextState"":""running""}"
2026-08-28T19:36:34.517263+00:00,2026-08-28T19:36:33.654+00:00,mic_silent,,a,show-qfstpj50,,,,,,,,,,,,,,,,,,,,,,,,,,,,,,,,,,"{""inputRms"":0.0006269571956385699,""outputRms"":0.0006269571956385699,""silentSinceMs"":1787945783654,""audioContextState"":""running""}"
2026-08-28T19:36:36.539584+00:00,2026-08-28T19:36:35.385+00:00,pub_stats,,a,show-qfstpj50,3020336,6904954,3000000,60,60,0,30,30,46.05,none,f,f+h+q,3,1080,1920,1080,1920,"SimulcastEncoderAdapter (libvpx, libvpx, libvpx)",39,0,17,0,0,0.0006659999999999999,0.024,0,,,,,,,live:a,"{""qualityLimitationDurations"":{""cpu"":0,""none"":1618.929,""other"":0,""bandwidth"":31.479}}"
2026-08-28T19:36:37.222185+00:00,2026-08-28T19:36:36.079+00:00,track_liveness_snapshot,,viewer,show-qfstpj50,,,,,,,,,,,,,,,,,,,,,,,,,,,,,,,,,,"{""entries"":[{""key"":""contestant-a-297a1aba:TR_VCiazSiwiK3Qco"",""frames"":9144,""reason"":null,""staleSec"":0,""probation"":false},{""key"":""camfeed-a-side-85a03b34:TR_VC6cRdqSsicRiY"",""frames"":8347,""reason"":null,""staleSec"":0,""probation"":false},{""key"":""camfeed-a-close-883f2976:TR_VCToTYNatDX5PC"",""frames"":9796,""reason"":null,""staleSec"":0,""probation"":false}],""trackCount"":3,""ineligibleCount"":0}"
2026-08-28T19:36:37.557074+00:00,2026-08-28T19:36:37.385+00:00,track_liveness_snapshot,,a,show-qfstpj50,,,,,,,,,,,,,,,,,,,,,,,,,,,,,,,,,,"{""entries"":[{""key"":""contestant-a-297a1aba:TR_VCiazSiwiK3Qco"",""frames"":null,""reason"":null,""staleSec"":1652,""probation"":false},{""key"":""camfeed-a-side-85a03b34:TR_VC6cRdqSsicRiY"",""frames"":14102,""reason"":null,""staleSec"":1,""probation"":false},{""key"":""camfeed-a-close-883f2976:TR_VCToTYNatDX5PC"",""frames"":11799,""reason"":null,""staleSec"":1,""probation"":false}],""trackCount"":3,""ineligibleCount"":0}"
2026-08-28T19:36:38.717821+00:00,2026-08-28T19:36:37.386+00:00,pub_stats,,a,show-qfstpj50,3017439,6904954,2979967,60,60,0,30,30,45.7,none,f,f+h+q,3,1080,1920,1080,1920,"SimulcastEncoderAdapter (libvpx, libvpx, libvpx)",39,0,17,0,0,0.0005769999999999999,0.024,0,,,,,,,live:a,"{""qualityLimitationDurations"":{""cpu"":0,""none"":1620.93,""other"":0,""bandwidth"":31.479}}"
2026-08-28T19:36:39.529188+00:00,2026-08-28T19:36:38.654+00:00,mic_level_sample,,a,show-qfstpj50,,,,,,,,,,,,,,,,,,,,,,,,,,,,,,,,,,"{""deviceId"":""39fae2b7de1ac0ad5463a5ba3dd688ee748a5433d1272fa9afbea3233dae361b"",""inputRms"":0.00013689184161396105,""outputRms"":0.00013689184161396105,""deviceLabel"":""MacBook Air Microphone (Built-in)"",""audioContextState"":""running""}"
2026-08-28T19:36:40.51947+00:00,2026-08-28T19:36:39.386+00:00,pub_stats,,a,show-qfstpj50,3003350,6904954,3000000,60,60,0,30,30,37.93,none,f,f+h+q,3,1080,1920,1080,1920,"SimulcastEncoderAdapter (libvpx, libvpx, libvpx)",39,0,17,0,0,0.000588,0.024,0,,,,,,,live:a,"{""qualityLimitationDurations"":{""cpu"":0,""none"":1622.929,""other"":0,""bandwidth"":31.479}}"
2026-08-28T19:36:42.047279+00:00,2026-08-28T19:36:41.087+00:00,track_liveness_snapshot,,viewer,show-qfstpj50,,,,,,,,,,,,,,,,,,,,,,,,,,,,,,,,,,"{""entries"":[{""key"":""contestant-a-297a1aba:TR_VCiazSiwiK3Qco"",""frames"":9294,""reason"":null,""staleSec"":0,""probation"":false},{""key"":""camfeed-a-side-85a03b34:TR_VC6cRdqSsicRiY"",""frames"":8486,""reason"":null,""staleSec"":0,""probation"":false},{""key"":""camfeed-a-close-883f2976:TR_VCToTYNatDX5PC"",""frames"":9946,""reason"":null,""staleSec"":0,""probation"":false}],""trackCount"":3,""ineligibleCount"":0}"
2026-08-28T19:36:42.613206+00:00,2026-08-28T19:36:41.387+00:00,pub_stats,,a,show-qfstpj50,2984108,6904954,2949190,60,60,0,30,30,29.43,none,f,f+h+q,3,1080,1920,1080,1920,"SimulcastEncoderAdapter (libvpx, libvpx, libvpx)",39,0,17,0,0,0.000611,0.022,0,,,,,,,live:a,"{""qualityLimitationDurations"":{""cpu"":0,""none"":1624.931,""other"":0,""bandwidth"":31.479}}"
2026-08-28T19:36:42.613206+00:00,2026-08-28T19:36:42.385+00:00,track_liveness_snapshot,,a,show-qfstpj50,,,,,,,,,,,,,,,,,,,,,,,,,,,,,,,,,,"{""entries"":[{""key"":""contestant-a-297a1aba:TR_VCiazSiwiK3Qco"",""frames"":null,""reason"":null,""staleSec"":1657,""probation"":false},{""key"":""camfeed-a-side-85a03b34:TR_VC6cRdqSsicRiY"",""frames"":14241,""reason"":null,""staleSec"":1,""probation"":false},{""key"":""camfeed-a-close-883f2976:TR_VCToTYNatDX5PC"",""frames"":11949,""reason"":null,""staleSec"":1,""probation"":false}],""trackCount"":3,""ineligibleCount"":0}"
2026-08-28T19:36:44.531337+00:00,2026-08-28T19:36:43.387+00:00,director_heartbeat,,a,show-qfstpj50,,,,,,,,,,,,,,,,,,,,,,,,,,,,,,,,,,"{""state"":""suspended""}"
2026-08-28T19:36:44.531337+00:00,2026-08-28T19:36:43.387+00:00,pub_stats,,a,show-qfstpj50,3046988,6904954,2961652,60,60,0,30,30,31.78,none,f,f+h+q,3,1080,1920,1080,1920,"SimulcastEncoderAdapter (libvpx, libvpx, libvpx)",39,0,17,0,0,0.0005329999999999999,0.023,0,,,,,,,live:a,"{""qualityLimitationDurations"":{""cpu"":0,""none"":1626.93,""other"":0,""bandwidth"":31.479}}"
2026-08-28T19:36:44.531337+00:00,2026-08-28T19:36:43.654+00:00,mic_level_sample,,a,show-qfstpj50,,,,,,,,,,,,,,,,,,,,,,,,,,,,,,,,,,"{""deviceId"":""39fae2b7de1ac0ad5463a5ba3dd688ee748a5433d1272fa9afbea3233dae361b"",""inputRms"":0.02707396535225993,""outputRms"":0.11645538028011164,""deviceLabel"":""MacBook Air Microphone (Built-in)"",""audioContextState"":""running""}"
2026-08-28T19:36:44.531337+00:00,2026-08-28T19:36:43.654+00:00,mic_recovered,,a,show-qfstpj50,,,,,,,,,,,,,,,,,,,,,,,,,,,,,,,,,,"{""inputRms"":0.02707396535225993,""outputRms"":0.11645538028011164,""silentDurationMs"":20000,""audioContextState"":""running""}"
2026-08-28T19:36:45.525736+00:00,2026-08-28T19:36:44.628+00:00,cue_seek_detected,,a,show-qfstpj50,,,,,,,,,,,,,,,,,,,,,,,,,,,,,,,,,,"{""toMs"":55657.295891500326,""fromMs"":1764.7165532880535,""sheetId"":6}"
2026-08-28T19:36:46.523676+00:00,2026-08-28T19:36:45.385+00:00,pub_stats,,a,show-qfstpj50,2989694,6904954,3000000,60,60,0,30,30,29.12,none,f,f+h+q,3,1080,1920,1080,1920,"SimulcastEncoderAdapter (libvpx, libvpx, libvpx)",39,0,17,0,0,0.0007109999999999999,0.022,0,,,,,,,live:a,"{""qualityLimitationDurations"":{""cpu"":0,""none"":1628.929,""other"":0,""bandwidth"":31.479}}"
2026-08-28T19:36:47.257931+00:00,2026-08-28T19:36:46.095+00:00,track_liveness_snapshot,,viewer,show-qfstpj50,,,,,,,,,,,,,,,,,,,,,,,,,,,,,,,,,,"{""entries"":[{""key"":""contestant-a-297a1aba:TR_VCiazSiwiK3Qco"",""frames"":9444,""reason"":null,""staleSec"":0,""probation"":false},{""key"":""camfeed-a-side-85a03b34:TR_VC6cRdqSsicRiY"",""frames"":8629,""reason"":null,""staleSec"":0,""probation"":false},{""key"":""camfeed-a-close-883f2976:TR_VCToTYNatDX5PC"",""frames"":10096,""reason"":null,""staleSec"":0,""probation"":false}],""trackCount"":3,""ineligibleCount"":0}"
2026-08-28T19:36:47.536892+00:00,2026-08-28T19:36:47.385+00:00,track_liveness_snapshot,,a,show-qfstpj50,,,,,,,,,,,,,,,,,,,,,,,,,,,,,,,,,,"{""entries"":[{""key"":""contestant-a-297a1aba:TR_VCiazSiwiK3Qco"",""frames"":null,""reason"":null,""staleSec"":1662,""probation"":false},{""key"":""camfeed-a-side-85a03b34:TR_VC6cRdqSsicRiY"",""frames"":14384,""reason"":null,""staleSec"":1,""probation"":false},{""key"":""camfeed-a-close-883f2976:TR_VCToTYNatDX5PC"",""frames"":12099,""reason"":null,""staleSec"":1,""probation"":false}],""trackCount"":3,""ineligibleCount"":0}"
2026-08-28T19:36:48.522398+00:00,2026-08-28T19:36:47.386+00:00,pub_stats,,a,show-qfstpj50,2935272,6904954,2989135,60,60,0,30,30,30.53,none,f,f+h+q,3,1080,1920,1080,1920,"SimulcastEncoderAdapter (libvpx, libvpx, libvpx)",39,0,17,0,0,0.0008439999999999999,0.022,0,,,,,,,live:a,"{""qualityLimitationDurations"":{""cpu"":0,""none"":1630.93,""other"":0,""bandwidth"":31.479}}"
2026-08-28T19:36:49.530805+00:00,2026-08-28T19:36:48.654+00:00,mic_level_sample,,a,show-qfstpj50,,,,,,,,,,,,,,,,,,,,,,,,,,,,,,,,,,"{""deviceId"":""39fae2b7de1ac0ad5463a5ba3dd688ee748a5433d1272fa9afbea3233dae361b"",""inputRms"":0.00009398179468556641,""outputRms"":0.05372805762021861,""deviceLabel"":""MacBook Air Microphone (Built-in)"",""audioContextState"":""running""}"
2026-08-28T19:36:50.59656+00:00,2026-08-28T19:36:49.386+00:00,pub_stats,,a,show-qfstpj50,3018276,6904954,3000000,60,60,0,30,30,29.2,none,f,f+h+q,3,1080,1920,1080,1920,"SimulcastEncoderAdapter (libvpx, libvpx, libvpx)",39,0,17,0,0,0.000588,0.022,0,,,,,,,live:a,"{""qualityLimitationDurations"":{""cpu"":0,""none"":1632.93,""other"":0,""bandwidth"":31.479}}"
2026-08-28T19:36:52.059464+00:00,2026-08-28T19:36:51.101+00:00,track_liveness_snapshot,,viewer,show-qfstpj50,,,,,,,,,,,,,,,,,,,,,,,,,,,,,,,,,,"{""entries"":[{""key"":""contestant-a-297a1aba:TR_VCiazSiwiK3Qco"",""frames"":9594,""reason"":null,""staleSec"":0,""probation"":false},{""key"":""camfeed-a-side-85a03b34:TR_VC6cRdqSsicRiY"",""frames"":8767,""reason"":null,""staleSec"":0,""probation"":false},{""key"":""camfeed-a-close-883f2976:TR_VCToTYNatDX5PC"",""frames"":10247,""reason"":null,""staleSec"":0,""probation"":false}],""trackCount"":3,""ineligibleCount"":0}"
2026-08-28T19:36:52.554303+00:00,2026-08-28T19:36:51.386+00:00,pub_stats,,a,show-qfstpj50,3001176,6904954,2969325,60,60,0,30,30,34.33,none,f,f+h+q,3,1080,1920,1080,1920,"SimulcastEncoderAdapter (libvpx, libvpx, libvpx)",39,0,17,0,0,0.0006,0.023,0,,,,,,,live:a,"{""qualityLimitationDurations"":{""cpu"":0,""none"":1634.93,""other"":0,""bandwidth"":31.479}}"
2026-08-28T19:36:52.554303+00:00,2026-08-28T19:36:52.39+00:00,track_liveness_snapshot,,a,show-qfstpj50,,,,,,,,,,,,,,,,,,,,,,,,,,,,,,,,,,"{""entries"":[{""key"":""contestant-a-297a1aba:TR_VCiazSiwiK3Qco"",""frames"":null,""reason"":null,""staleSec"":1667,""probation"":false},{""key"":""camfeed-a-side-85a03b34:TR_VC6cRdqSsicRiY"",""frames"":14522,""reason"":null,""staleSec"":1,""probation"":false},{""key"":""camfeed-a-close-883f2976:TR_VCToTYNatDX5PC"",""frames"":12249,""reason"":null,""staleSec"":1,""probation"":false}],""trackCount"":3,""ineligibleCount"":0}"
2026-08-28T19:36:54.604847+00:00,2026-08-28T19:36:53.386+00:00,pub_stats,,a,show-qfstpj50,2978568,6904954,3000000,60,60,0,30,30,33.28,none,f,f+h+q,3,1080,1920,1080,1920,"SimulcastEncoderAdapter (libvpx, libvpx, libvpx)",39,0,17,0,0,0.000444,0.022,0,,,,,,,live:a,"{""qualityLimitationDurations"":{""cpu"":0,""none"":1636.93,""other"":0,""bandwidth"":31.479}}"
2026-08-28T19:36:54.604847+00:00,2026-08-28T19:36:53.387+00:00,director_heartbeat,,a,show-qfstpj50,,,,,,,,,,,,,,,,,,,,,,,,,,,,,,,,,,"{""state"":""suspended""}"
2026-08-28T19:36:54.604847+00:00,2026-08-28T19:36:53.654+00:00,mic_level_sample,,a,show-qfstpj50,,,,,,,,,,,,,,,,,,,,,,,,,,,,,,,,,,"{""deviceId"":""39fae2b7de1ac0ad5463a5ba3dd688ee748a5433d1272fa9afbea3233dae361b"",""inputRms"":0.00013530403761232657,""outputRms"":0.3460587760496973,""deviceLabel"":""MacBook Air Microphone (Built-in)"",""audioContextState"":""running""}"
2026-08-28T19:36:56.556024+00:00,2026-08-28T19:36:55.385+00:00,pub_stats,,a,show-qfstpj50,3030743,6904954,2945717,60,60,0,30,30,45.62,none,f,f+h+q,3,1080,1920,1080,1920,"SimulcastEncoderAdapter (libvpx, libvpx, libvpx)",39,0,17,0,0,0.00043299999999999995,0.022,0,,,,,,,live:a,"{""qualityLimitationDurations"":{""cpu"":0,""none"":1638.93,""other"":0,""bandwidth"":31.479}}"
2026-08-28T19:36:57.06361+00:00,2026-08-28T19:36:56.11+00:00,track_liveness_snapshot,,viewer,show-qfstpj50,,,,,,,,,,,,,,,,,,,,,,,,,,,,,,,,,,"{""entries"":[{""key"":""contestant-a-297a1aba:TR_VCiazSiwiK3Qco"",""frames"":9744,""reason"":null,""staleSec"":0,""probation"":false},{""key"":""camfeed-a-side-85a03b34:TR_VC6cRdqSsicRiY"",""frames"":8899,""reason"":null,""staleSec"":0,""probation"":false},{""key"":""camfeed-a-close-883f2976:TR_VCToTYNatDX5PC"",""frames"":10397,""reason"":null,""staleSec"":0,""probation"":false}],""trackCount"":3,""ineligibleCount"":0}"
2026-08-28T19:36:58.604121+00:00,2026-08-28T19:36:57.385+00:00,pub_stats,,a,show-qfstpj50,2934560,6904954,3000000,60,60,0,30,30,49.4,none,f,f+h+q,3,1080,1920,1080,1920,"SimulcastEncoderAdapter (libvpx, libvpx, libvpx)",39,0,17,0,0,0.000544,0.021,0,,,,,,,live:a,"{""qualityLimitationDurations"":{""cpu"":0,""none"":1640.929,""other"":0,""bandwidth"":31.479}}"
2026-08-28T19:36:58.604121+00:00,2026-08-28T19:36:57.885+00:00,track_liveness_snapshot,,a,show-qfstpj50,,,,,,,,,,,,,,,,,,,,,,,,,,,,,,,,,,"{""entries"":[{""key"":""contestant-a-297a1aba:TR_VCiazSiwiK3Qco"",""frames"":null,""reason"":null,""staleSec"":1672,""probation"":false},{""key"":""camfeed-a-side-85a03b34:TR_VC6cRdqSsicRiY"",""frames"":14681,""reason"":null,""staleSec"":1,""probation"":false},{""key"":""camfeed-a-close-883f2976:TR_VCToTYNatDX5PC"",""frames"":12429,""reason"":null,""staleSec"":1,""probation"":false}],""trackCount"":3,""ineligibleCount"":0}"
2026-08-28T19:36:59.54461+00:00,2026-08-28T19:36:58.655+00:00,mic_level_sample,,a,show-qfstpj50,,,,,,,,,,,,,,,,,,,,,,,,,,,,,,,,,,"{""deviceId"":""39fae2b7de1ac0ad5463a5ba3dd688ee748a5433d1272fa9afbea3233dae361b"",""inputRms"":0.0053542609541879825,""outputRms"":0.2124533191284231,""deviceLabel"":""MacBook Air Microphone (Built-in)"",""audioContextState"":""running""}"
2026-08-28T19:37:00.51261+00:00,2026-08-28T19:36:59.386+00:00,pub_stats,,a,show-qfstpj50,2956314,6904954,3000000,60,60,0,30,30,49.55,none,f,f+h+q,3,1080,1920,1080,1920,"SimulcastEncoderAdapter (libvpx, libvpx, libvpx)",39,0,17,0,0,0.000855,0.021,0,,,,,,,live:a,"{""qualityLimitationDurations"":{""cpu"":0,""none"":1642.931,""other"":0,""bandwidth"":31.479}}"
2026-08-28T19:37:02.244377+00:00,2026-08-28T19:37:01.118+00:00,track_liveness_snapshot,,viewer,show-qfstpj50,,,,,,,,,,,,,,,,,,,,,,,,,,,,,,,,,,"{""entries"":[{""key"":""contestant-a-297a1aba:TR_VCiazSiwiK3Qco"",""frames"":9894,""reason"":null,""staleSec"":0,""probation"":false},{""key"":""camfeed-a-side-85a03b34:TR_VC6cRdqSsicRiY"",""frames"":9041,""reason"":null,""staleSec"":0,""probation"":false},{""key"":""camfeed-a-close-883f2976:TR_VCToTYNatDX5PC"",""frames"":10547,""reason"":null,""staleSec"":0,""probation"":false}],""trackCount"":3,""ineligibleCount"":0}"
2026-08-28T19:37:02.533031+00:00,2026-08-28T19:37:01.385+00:00,pub_stats,,a,show-qfstpj50,2996438,6904954,3000000,60,60,0,30,30,47.1,none,f,f+h+q,3,1080,1920,1080,1920,"SimulcastEncoderAdapter (libvpx, libvpx, libvpx)",39,0,17,0,0,0.0006659999999999999,0.022,0,,,,,,,live:a,"{""qualityLimitationDurations"":{""cpu"":0,""none"":1644.93,""other"":0,""bandwidth"":31.479}}"
2026-08-28T19:37:03.537343+00:00,2026-08-28T19:37:03.385+00:00,track_liveness_snapshot,,a,show-qfstpj50,,,,,,,,,,,,,,,,,,,,,,,,,,,,,,,,,,"{""entries"":[{""key"":""contestant-a-297a1aba:TR_VCiazSiwiK3Qco"",""frames"":null,""reason"":null,""staleSec"":1678,""probation"":false},{""key"":""camfeed-a-side-85a03b34:TR_VC6cRdqSsicRiY"",""frames"":14819,""reason"":null,""staleSec"":1,""probation"":false},{""key"":""camfeed-a-close-883f2976:TR_VCToTYNatDX5PC"",""frames"":12579,""reason"":null,""staleSec"":1,""probation"":false}],""trackCount"":3,""ineligibleCount"":0}"
2026-08-28T19:37:04.636783+00:00,2026-08-28T19:37:03.386+00:00,pub_stats,,a,show-qfstpj50,3023268,6904954,2998413,60,60,0,30,31,39.58,none,f,f+h+q,3,1080,1920,1080,1920,"SimulcastEncoderAdapter (libvpx, libvpx, libvpx)",39,0,17,0,0,0.0006,0.022,0,,,,,,,live:a,"{""qualityLimitationDurations"":{""cpu"":0,""none"":1646.93,""other"":0,""bandwidth"":31.479}}"
2026-08-28T19:37:04.636783+00:00,2026-08-28T19:37:03.387+00:00,director_heartbeat,,a,show-qfstpj50,,,,,,,,,,,,,,,,,,,,,,,,,,,,,,,,,,"{""state"":""suspended""}"
2026-08-28T19:37:04.636783+00:00,2026-08-28T19:37:03.654+00:00,mic_level_sample,,a,show-qfstpj50,,,,,,,,,,,,,,,,,,,,,,,,,,,,,,,,,,"{""deviceId"":""39fae2b7de1ac0ad5463a5ba3dd688ee748a5433d1272fa9afbea3233dae361b"",""inputRms"":0.00012655913340375974,""outputRms"":0.1733058403530695,""deviceLabel"":""MacBook Air Microphone (Built-in)"",""audioContextState"":""running""}"
2026-08-28T19:37:06.523469+00:00,2026-08-28T19:37:05.386+00:00,pub_stats,,a,show-qfstpj50,2968496,6904954,2981092,59,59,0,29,31,39.81,none,f,f+h+q,3,1080,1920,1080,1920,"SimulcastEncoderAdapter (libvpx, libvpx, libvpx)",39,0,17,0,0,0.000588,0.021,0,,,,,,,live:a,"{""qualityLimitationDurations"":{""cpu"":0,""none"":1648.93,""other"":0,""bandwidth"":31.479}}"
2026-08-28T19:37:07.087443+00:00,2026-08-28T19:37:06.126+00:00,track_liveness_snapshot,,viewer,show-qfstpj50,,,,,,,,,,,,,,,,,,,,,,,,,,,,,,,,,,"{""entries"":[{""key"":""contestant-a-297a1aba:TR_VCiazSiwiK3Qco"",""frames"":10044,""reason"":null,""staleSec"":0,""probation"":false},{""key"":""camfeed-a-side-85a03b34:TR_VC6cRdqSsicRiY"",""frames"":9177,""reason"":null,""staleSec"":0,""probation"":false},{""key"":""camfeed-a-close-883f2976:TR_VCToTYNatDX5PC"",""frames"":10697,""reason"":null,""staleSec"":0,""probation"":false}],""trackCount"":3,""ineligibleCount"":0}"
2026-08-28T19:37:08.594881+00:00,2026-08-28T19:37:07.386+00:00,pub_stats,,a,show-qfstpj50,3045204,6904954,2977323,60,60,0,29,31,45.77,none,f,f+h+q,3,1080,1920,1080,1920,"SimulcastEncoderAdapter (libvpx, libvpx, libvpx)",39,0,17,0,0,0.0008219999999999999,0.023,0,,,,,,,live:a,"{""qualityLimitationDurations"":{""cpu"":0,""none"":1650.93,""other"":0,""bandwidth"":31.479}}"
2026-08-28T19:37:08.594881+00:00,2026-08-28T19:37:08.384+00:00,track_liveness_snapshot,,a,show-qfstpj50,,,,,,,,,,,,,,,,,,,,,,,,,,,,,,,,,,"{""entries"":[{""key"":""contestant-a-297a1aba:TR_VCiazSiwiK3Qco"",""frames"":null,""reason"":null,""staleSec"":1683,""probation"":false},{""key"":""camfeed-a-side-85a03b34:TR_VC6cRdqSsicRiY"",""frames"":14957,""reason"":null,""staleSec"":1,""probation"":false},{""key"":""camfeed-a-close-883f2976:TR_VCToTYNatDX5PC"",""frames"":12728,""reason"":null,""staleSec"":1,""probation"":false}],""trackCount"":3,""ineligibleCount"":0}"
2026-08-28T19:37:09.530292+00:00,2026-08-28T19:37:08.654+00:00,mic_level_sample,,a,show-qfstpj50,,,,,,,,,,,,,,,,,,,,,,,,,,,,,,,,,,"{""deviceId"":""39fae2b7de1ac0ad5463a5ba3dd688ee748a5433d1272fa9afbea3233dae361b"",""inputRms"":0.00040178549656102444,""outputRms"":0.13972624044299461,""deviceLabel"":""MacBook Air Microphone (Built-in)"",""audioContextState"":""running""}"
2026-08-28T19:37:10.523163+00:00,2026-08-28T19:37:09.385+00:00,pub_stats,,a,show-qfstpj50,2936484,6904954,2989708,60,60,0,30,31,54.38,none,f,f+h+q,3,1080,1920,1080,1920,"SimulcastEncoderAdapter (libvpx, libvpx, libvpx)",39,0,17,0,0,0.0005769999999999999,0.022,0,,,,,,,live:a,"{""qualityLimitationDurations"":{""cpu"":0,""none"":1652.929,""other"":0,""bandwidth"":31.479}}"
2026-08-28T19:37:12.050513+00:00,2026-08-28T19:37:11.13+00:00,track_liveness_snapshot,,viewer,show-qfstpj50,,,,,,,,,,,,,,,,,,,,,,,,,,,,,,,,,,"{""entries"":[{""key"":""contestant-a-297a1aba:TR_VCiazSiwiK3Qco"",""frames"":10194,""reason"":null,""staleSec"":0,""probation"":false},{""key"":""camfeed-a-side-85a03b34:TR_VC6cRdqSsicRiY"",""frames"":9311,""reason"":null,""staleSec"":0,""probation"":false},{""key"":""camfeed-a-close-883f2976:TR_VCToTYNatDX5PC"",""frames"":10846,""reason"":null,""staleSec"":0,""probation"":false}],""trackCount"":3,""ineligibleCount"":0}"
2026-08-28T19:37:12.542562+00:00,2026-08-28T19:37:11.386+00:00,pub_stats,,a,show-qfstpj50,2955934,6904954,3000000,60,60,0,30,31,51.35,none,f,f+h+q,3,1080,1920,1080,1920,"SimulcastEncoderAdapter (libvpx, libvpx, libvpx)",39,0,17,0,0,0.0006879999999999999,0.022,0,,,,,,,live:a,"{""qualityLimitationDurations"":{""cpu"":0,""none"":1654.93,""other"":0,""bandwidth"":31.479}}"
2026-08-28T19:37:13.572356+00:00,2026-08-28T19:37:13.384+00:00,track_liveness_snapshot,,a,show-qfstpj50,,,,,,,,,,,,,,,,,,,,,,,,,,,,,,,,,,"{""entries"":[{""key"":""contestant-a-297a1aba:TR_VCiazSiwiK3Qco"",""frames"":null,""reason"":null,""staleSec"":1688,""probation"":false},{""key"":""camfeed-a-side-85a03b34:TR_VC6cRdqSsicRiY"",""frames"":15092,""reason"":null,""staleSec"":1,""probation"":false},{""key"":""camfeed-a-close-883f2976:TR_VCToTYNatDX5PC"",""frames"":12878,""reason"":null,""staleSec"":1,""probation"":false}],""trackCount"":3,""ineligibleCount"":0}"
2026-08-28T19:37:14.524642+00:00,2026-08-28T19:37:13.385+00:00,pub_stats,,a,show-qfstpj50,3007652,6904954,3000000,60,60,0,30,31,43.08,none,f,f+h+q,3,1080,1920,1080,1920,"SimulcastEncoderAdapter (libvpx, libvpx, libvpx)",39,0,17,0,0,0.0006,0.023,0,,,,,,,live:a,"{""qualityLimitationDurations"":{""cpu"":0,""none"":1656.929,""other"":0,""bandwidth"":31.479}}"
2026-08-28T19:37:14.524642+00:00,2026-08-28T19:37:13.386+00:00,director_heartbeat,,a,show-qfstpj50,,,,,,,,,,,,,,,,,,,,,,,,,,,,,,,,,,"{""state"":""suspended""}"
2026-08-28T19:37:14.524642+00:00,2026-08-28T19:37:13.654+00:00,mic_level_sample,,a,show-qfstpj50,,,,,,,,,,,,,,,,,,,,,,,,,,,,,,,,,,"{""deviceId"":""39fae2b7de1ac0ad5463a5ba3dd688ee748a5433d1272fa9afbea3233dae361b"",""inputRms"":0.002386509064702903,""outputRms"":0.15325039155538112,""deviceLabel"":""MacBook Air Microphone (Built-in)"",""audioContextState"":""running""}"
2026-08-28T19:37:16.558829+00:00,2026-08-28T19:37:15.385+00:00,pub_stats,,a,show-qfstpj50,3152484,6904954,2966065,60,60,0,30,31,33.32,none,f,f+h+q,3,1080,1920,1080,1920,"SimulcastEncoderAdapter (libvpx, libvpx, libvpx)",39,0,17,0,0,0.0005329999999999999,0.026,0,,,,,,,live:a,"{""qualityLimitationDurations"":{""cpu"":0,""none"":1658.929,""other"":0,""bandwidth"":31.479}}"
2026-08-28T19:37:17.082614+00:00,2026-08-28T19:37:16.138+00:00,track_liveness_snapshot,,viewer,show-qfstpj50,,,,,,,,,,,,,,,,,,,,,,,,,,,,,,,,,,"{""entries"":[{""key"":""contestant-a-297a1aba:TR_VCiazSiwiK3Qco"",""frames"":10344,""reason"":null,""staleSec"":0,""probation"":false},{""key"":""camfeed-a-side-85a03b34:TR_VC6cRdqSsicRiY"",""frames"":9457,""reason"":null,""staleSec"":0,""probation"":false},{""key"":""camfeed-a-close-883f2976:TR_VCToTYNatDX5PC"",""frames"":10996,""reason"":null,""staleSec"":0,""probation"":false}],""trackCount"":3,""ineligibleCount"":0}"
2026-08-28T19:37:18.794438+00:00,2026-08-28T19:37:17.385+00:00,pub_stats,,a,show-qfstpj50,2845736,6904954,3000000,60,60,0,30,31,58.28,none,f,f+h+q,3,1080,1920,1080,1920,"SimulcastEncoderAdapter (libvpx, libvpx, libvpx)",39,0,17,0,0,0.000811,0.024,0,,,,,,,live:a,"{""qualityLimitationDurations"":{""cpu"":0,""none"":1660.93,""other"":0,""bandwidth"":31.479}}"
2026-08-28T19:37:18.794438+00:00,2026-08-28T19:37:18.384+00:00,track_liveness_snapshot,,a,show-qfstpj50,,,,,,,,,,,,,,,,,,,,,,,,,,,,,,,,,,"{""entries"":[{""key"":""contestant-a-297a1aba:TR_VCiazSiwiK3Qco"",""frames"":null,""reason"":null,""staleSec"":1693,""probation"":false},{""key"":""camfeed-a-side-85a03b34:TR_VC6cRdqSsicRiY"",""frames"":15243,""reason"":null,""staleSec"":1,""probation"":false},{""key"":""camfeed-a-close-883f2976:TR_VCToTYNatDX5PC"",""frames"":13028,""reason"":null,""staleSec"":1,""probation"":false}],""trackCount"":3,""ineligibleCount"":0}"
2026-08-28T19:37:19.549117+00:00,2026-08-28T19:37:18.654+00:00,mic_level_sample,,a,show-qfstpj50,,,,,,,,,,,,,,,,,,,,,,,,,,,,,,,,,,"{""deviceId"":""39fae2b7de1ac0ad5463a5ba3dd688ee748a5433d1272fa9afbea3233dae361b"",""inputRms"":0.0011235928354269811,""outputRms"":0.10287372321701609,""deviceLabel"":""MacBook Air Microphone (Built-in)"",""audioContextState"":""running""}"
2026-08-28T19:37:20.569812+00:00,2026-08-28T19:37:19.386+00:00,pub_stats,,a,show-qfstpj50,2933013,6904954,3000000,60,60,0,30,31,55.67,none,f,f+h+q,3,1080,1920,1080,1920,"SimulcastEncoderAdapter (libvpx, libvpx, libvpx)",39,0,17,0,0,0.000466,0.024,0,,,,,,,live:a,"{""qualityLimitationDurations"":{""cpu"":0,""none"":1662.93,""other"":0,""bandwidth"":31.479}}"
2026-08-28T19:37:22.073254+00:00,2026-08-28T19:37:21.145+00:00,track_liveness_snapshot,,viewer,show-qfstpj50,,,,,,,,,,,,,,,,,,,,,,,,,,,,,,,,,,"{""entries"":[{""key"":""contestant-a-297a1aba:TR_VCiazSiwiK3Qco"",""frames"":10495,""reason"":null,""staleSec"":0,""probation"":false},{""key"":""camfeed-a-side-85a03b34:TR_VC6cRdqSsicRiY"",""frames"":9605,""reason"":null,""staleSec"":0,""probation"":false},{""key"":""camfeed-a-close-883f2976:TR_VCToTYNatDX5PC"",""frames"":11147,""reason"":null,""staleSec"":0,""probation"":false}],""trackCount"":3,""ineligibleCount"":0}"
2026-08-28T19:37:22.830196+00:00,2026-08-28T19:37:21.387+00:00,pub_stats,,a,show-qfstpj50,2949533,6904954,3000000,60,60,0,30,30,52.27,none,f,f+h+q,3,1080,1920,1080,1920,"SimulcastEncoderAdapter (libvpx, libvpx, libvpx)",39,0,17,0,0,0.000444,0.024,0,,,,,,,live:a,"{""qualityLimitationDurations"":{""cpu"":0,""none"":1664.93,""other"":0,""bandwidth"":31.479}}"
2026-08-28T19:37:23.725127+00:00,2026-08-28T19:37:23.386+00:00,track_liveness_snapshot,,a,show-qfstpj50,,,,,,,,,,,,,,,,,,,,,,,,,,,,,,,,,,"{""entries"":[{""key"":""contestant-a-297a1aba:TR_VCiazSiwiK3Qco"",""frames"":null,""reason"":null,""staleSec"":1698,""probation"":false},{""key"":""camfeed-a-side-85a03b34:TR_VC6cRdqSsicRiY"",""frames"":15388,""reason"":null,""staleSec"":1,""probation"":false},{""key"":""camfeed-a-close-883f2976:TR_VCToTYNatDX5PC"",""frames"":13178,""reason"":null,""staleSec"":1,""probation"":false}],""trackCount"":3,""ineligibleCount"":0}"
2026-08-28T19:37:24.741366+00:00,2026-08-28T19:37:23.386+00:00,director_heartbeat,,a,show-qfstpj50,,,,,,,,,,,,,,,,,,,,,,,,,,,,,,,,,,"{""state"":""suspended""}"
2026-08-28T19:37:24.741366+00:00,2026-08-28T19:37:23.388+00:00,pub_stats,,a,show-qfstpj50,3089459,6904954,2946475,60,60,0,30,30,37.83,none,f,f+h+q,3,1080,1920,1080,1920,"SimulcastEncoderAdapter (libvpx, libvpx, libvpx)",40,0,17,0,0,0.0013549999999999999,0.025,0,,,,,,,live:a,"{""qualityLimitationDurations"":{""cpu"":0,""none"":1666.931,""other"":0,""bandwidth"":31.479}}"
2026-08-28T19:37:24.741366+00:00,2026-08-28T19:37:23.655+00:00,mic_level_sample,,a,show-qfstpj50,,,,,,,,,,,,,,,,,,,,,,,,,,,,,,,,,,"{""deviceId"":""39fae2b7de1ac0ad5463a5ba3dd688ee748a5433d1272fa9afbea3233dae361b"",""inputRms"":0.0036015167202247816,""outputRms"":0.30991068151115325,""deviceLabel"":""MacBook Air Microphone (Built-in)"",""audioContextState"":""running""}"
2026-08-28T19:37:26.565336+00:00,2026-08-28T19:37:25.386+00:00,pub_stats,,a,show-qfstpj50,2936124,6904954,2986758,60,60,0,30,30,36.15,none,f,f+h+q,3,1080,1920,1080,1920,"SimulcastEncoderAdapter (libvpx, libvpx, libvpx)",40,0,17,0,0,0.0006439999999999999,0.022,0,,,,,,,live:a,"{""qualityLimitationDurations"":{""cpu"":0,""none"":1668.93,""other"":0,""bandwidth"":31.479}}"
2026-08-28T19:37:27.100826+00:00,2026-08-28T19:37:26.153+00:00,track_liveness_snapshot,,viewer,show-qfstpj50,,,,,,,,,,,,,,,,,,,,,,,,,,,,,,,,,,"{""entries"":[{""key"":""contestant-a-297a1aba:TR_VCiazSiwiK3Qco"",""frames"":10645,""reason"":null,""staleSec"":0,""probation"":false},{""key"":""camfeed-a-side-85a03b34:TR_VC6cRdqSsicRiY"",""frames"":9746,""reason"":null,""staleSec"":0,""probation"":false},{""key"":""camfeed-a-close-883f2976:TR_VCToTYNatDX5PC"",""frames"":11297,""reason"":null,""staleSec"":0,""probation"":false}],""trackCount"":3,""ineligibleCount"":0}"
2026-08-28T19:37:28.56447+00:00,2026-08-28T19:37:27.386+00:00,pub_stats,,a,show-qfstpj50,2963920,6904954,3000000,60,60,0,30,30,50.08,none,f,f+h+q,3,1080,1920,1080,1920,"SimulcastEncoderAdapter (libvpx, libvpx, libvpx)",40,0,17,0,0,0.0006439999999999999,0.023,0,,,,,,,live:a,"{""qualityLimitationDurations"":{""cpu"":0,""none"":1670.93,""other"":0,""bandwidth"":31.479}}"
2026-08-28T19:37:28.56447+00:00,2026-08-28T19:37:28.385+00:00,track_liveness_snapshot,,a,show-qfstpj50,,,,,,,,,,,,,,,,,,,,,,,,,,,,,,,,,,"{""entries"":[{""key"":""contestant-a-297a1aba:TR_VCiazSiwiK3Qco"",""frames"":null,""reason"":null,""staleSec"":1703,""probation"":false},{""key"":""camfeed-a-side-85a03b34:TR_VC6cRdqSsicRiY"",""frames"":15530,""reason"":null,""staleSec"":1,""probation"":false},{""key"":""camfeed-a-close-883f2976:TR_VCToTYNatDX5PC"",""frames"":13328,""reason"":null,""staleSec"":1,""probation"":false}],""trackCount"":3,""ineligibleCount"":0}"
2026-08-28T19:37:29.555512+00:00,2026-08-28T19:37:28.655+00:00,mic_level_sample,,a,show-qfstpj50,,,,,,,,,,,,,,,,,,,,,,,,,,,,,,,,,,"{""deviceId"":""39fae2b7de1ac0ad5463a5ba3dd688ee748a5433d1272fa9afbea3233dae361b"",""inputRms"":0.003575509426517009,""outputRms"":0.003575509426517009,""deviceLabel"":""MacBook Air Microphone (Built-in)"",""audioContextState"":""running""}"
2026-08-28T19:37:30.554071+00:00,2026-08-28T19:37:29.386+00:00,pub_stats,,a,show-qfstpj50,3046548,6904954,3000000,60,60,0,30,30,44.05,none,f,f+h+q,3,1080,1920,1080,1920,"SimulcastEncoderAdapter (libvpx, libvpx, libvpx)",40,0,17,0,0,0.000877,0.023,0,,,,,,,live:a,"{""qualityLimitationDurations"":{""cpu"":0,""none"":1672.931,""other"":0,""bandwidth"":31.479}}"
2026-08-28T19:37:32.088912+00:00,2026-08-28T19:37:31.158+00:00,track_liveness_snapshot,,viewer,show-qfstpj50,,,,,,,,,,,,,,,,,,,,,,,,,,,,,,,,,,"{""entries"":[{""key"":""contestant-a-297a1aba:TR_VCiazSiwiK3Qco"",""frames"":10794,""reason"":null,""staleSec"":0,""probation"":false},{""key"":""camfeed-a-side-85a03b34:TR_VC6cRdqSsicRiY"",""frames"":9891,""reason"":null,""staleSec"":0,""probation"":false},{""key"":""camfeed-a-close-883f2976:TR_VCToTYNatDX5PC"",""frames"":11447,""reason"":null,""staleSec"":0,""probation"":false}],""trackCount"":3,""ineligibleCount"":0}"
2026-08-28T19:37:32.526523+00:00,2026-08-28T19:37:31.385+00:00,pub_stats,,a,show-qfstpj50,2970717,6904954,2980190,60,60,0,30,30,51.03,none,f,f+h+q,3,1080,1920,1080,1920,"SimulcastEncoderAdapter (libvpx, libvpx, libvpx)",40,0,17,0,0,0.000922,0.024,0,,,,,,,live:a,"{""qualityLimitationDurations"":{""cpu"":0,""none"":1674.93,""other"":0,""bandwidth"":31.479}}"
2026-08-28T19:37:33.536582+00:00,2026-08-28T19:37:33.385+00:00,track_liveness_snapshot,,a,show-qfstpj50,,,,,,,,,,,,,,,,,,,,,,,,,,,,,,,,,,"{""entries"":[{""key"":""contestant-a-297a1aba:TR_VCiazSiwiK3Qco"",""frames"":null,""reason"":null,""staleSec"":1708,""probation"":false},{""key"":""camfeed-a-side-85a03b34:TR_VC6cRdqSsicRiY"",""frames"":15676,""reason"":null,""staleSec"":1,""probation"":false},{""key"":""camfeed-a-close-883f2976:TR_VCToTYNatDX5PC"",""frames"":13478,""reason"":null,""staleSec"":1,""probation"":false}],""trackCount"":3,""ineligibleCount"":0}"
2026-08-28T19:37:34.534107+00:00,2026-08-28T19:37:33.386+00:00,pub_stats,,a,show-qfstpj50,3026247,6904954,2977337,60,60,0,30,30,45.53,none,f,f+h+q,3,1080,1920,1080,1920,"SimulcastEncoderAdapter (libvpx, libvpx, libvpx)",40,0,17,0,0,0.000677,0.024,0,,,,,,,live:a,"{""qualityLimitationDurations"":{""cpu"":0,""none"":1676.93,""other"":0,""bandwidth"":31.479}}"
2026-08-28T19:37:34.534107+00:00,2026-08-28T19:37:33.387+00:00,director_heartbeat,,a,show-qfstpj50,,,,,,,,,,,,,,,,,,,,,,,,,,,,,,,,,,"{""state"":""suspended""}"
2026-08-28T19:37:34.534107+00:00,2026-08-28T19:37:33.655+00:00,mic_level_sample,,a,show-qfstpj50,,,,,,,,,,,,,,,,,,,,,,,,,,,,,,,,,,"{""deviceId"":""39fae2b7de1ac0ad5463a5ba3dd688ee748a5433d1272fa9afbea3233dae361b"",""inputRms"":0.0002345704647380083,""outputRms"":0.0002345704647380083,""deviceLabel"":""MacBook Air Microphone (Built-in)"",""audioContextState"":""running""}"
2026-08-28T19:37:36.530622+00:00,2026-08-28T19:37:35.385+00:00,pub_stats,,a,show-qfstpj50,3040548,6904954,2923542,60,60,0,30,30,45.03,none,f,f+h+q,3,1080,1920,1080,1920,"SimulcastEncoderAdapter (libvpx, libvpx, libvpx)",40,0,17,0,0,0.000788,0.023,0,,,,,,,live:a,"{""qualityLimitationDurations"":{""cpu"":0,""none"":1678.929,""other"":0,""bandwidth"":31.479}}"
2026-08-28T19:37:37.113578+00:00,2026-08-28T19:37:36.162+00:00,track_liveness_snapshot,,viewer,show-qfstpj50,,,,,,,,,,,,,,,,,,,,,,,,,,,,,,,,,,"{""entries"":[{""key"":""contestant-a-297a1aba:TR_VCiazSiwiK3Qco"",""frames"":10944,""reason"":null,""staleSec"":0,""probation"":false},{""key"":""camfeed-a-side-85a03b34:TR_VC6cRdqSsicRiY"",""frames"":10039,""reason"":null,""staleSec"":0,""probation"":false},{""key"":""camfeed-a-close-883f2976:TR_VCToTYNatDX5PC"",""frames"":11597,""reason"":null,""staleSec"":0,""probation"":false}],""trackCount"":3,""ineligibleCount"":0}"
2026-08-28T19:37:38.527959+00:00,2026-08-28T19:37:37.386+00:00,pub_stats,,a,show-qfstpj50,2889271,6904954,3000000,60,60,0,30,30,43.22,none,f,f+h+q,3,1080,1920,1080,1920,"SimulcastEncoderAdapter (libvpx, libvpx, libvpx)",40,0,17,0,0,0.001055,0.023,0,,,,,,,live:a,"{""qualityLimitationDurations"":{""cpu"":0,""none"":1680.93,""other"":0,""bandwidth"":31.479}}"
2026-08-28T19:37:38.527959+00:00,2026-08-28T19:37:38.385+00:00,track_liveness_snapshot,,a,show-qfstpj50,,,,,,,,,,,,,,,,,,,,,,,,,,,,,,,,,,"{""entries"":[{""key"":""contestant-a-297a1aba:TR_VCiazSiwiK3Qco"",""frames"":null,""reason"":null,""staleSec"":1713,""probation"":false},{""key"":""camfeed-a-side-85a03b34:TR_VC6cRdqSsicRiY"",""frames"":15822,""reason"":null,""staleSec"":1,""probation"":false},{""key"":""camfeed-a-close-883f2976:TR_VCToTYNatDX5PC"",""frames"":13628,""reason"":null,""staleSec"":1,""probation"":false}],""trackCount"":3,""ineligibleCount"":0}"
2026-08-28T19:37:39.529651+00:00,2026-08-28T19:37:38.655+00:00,mic_level_sample,,a,show-qfstpj50,,,,,,,,,,,,,,,,,,,,,,,,,,,,,,,,,,"{""deviceId"":""39fae2b7de1ac0ad5463a5ba3dd688ee748a5433d1272fa9afbea3233dae361b"",""inputRms"":0.0007653007161047637,""outputRms"":0.0007653007161047637,""deviceLabel"":""MacBook Air Microphone (Built-in)"",""audioContextState"":""running""}"
2026-08-28T19:37:40.667278+00:00,2026-08-28T19:37:39.386+00:00,pub_stats,,a,show-qfstpj50,2908612,6904954,3000000,60,60,0,30,30,53.93,none,f,f+h+q,3,1080,1920,1080,1920,"SimulcastEncoderAdapter (libvpx, libvpx, libvpx)",40,0,17,0,0,0.000588,0.023,0,,,,,,,live:a,"{""qualityLimitationDurations"":{""cpu"":0,""none"":1682.93,""other"":0,""bandwidth"":31.479}}"
2026-08-28T19:37:42.078538+00:00,2026-08-28T19:37:41.165+00:00,track_liveness_snapshot,,viewer,show-qfstpj50,,,,,,,,,,,,,,,,,,,,,,,,,,,,,,,,,,"{""entries"":[{""key"":""contestant-a-297a1aba:TR_VCiazSiwiK3Qco"",""frames"":11094,""reason"":null,""staleSec"":0,""probation"":false},{""key"":""camfeed-a-side-85a03b34:TR_VC6cRdqSsicRiY"",""frames"":10184,""reason"":null,""staleSec"":0,""probation"":false},{""key"":""camfeed-a-close-883f2976:TR_VCToTYNatDX5PC"",""frames"":11747,""reason"":null,""staleSec"":0,""probation"":false}],""trackCount"":3,""ineligibleCount"":0}"
2026-08-28T19:37:42.526454+00:00,2026-08-28T19:37:41.385+00:00,pub_stats,,a,show-qfstpj50,3014515,6904954,3000000,60,60,0,30,30,46.23,none,f,f+h+q,3,1080,1920,1080,1920,"SimulcastEncoderAdapter (libvpx, libvpx, libvpx)",40,0,17,0,0,0.000444,0.024,0,,,,,,,live:a,"{""qualityLimitationDurations"":{""cpu"":0,""none"":1684.93,""other"":0,""bandwidth"":31.479}}"
2026-08-28T19:37:43.540441+00:00,2026-08-28T19:37:43.385+00:00,track_liveness_snapshot,,a,show-qfstpj50,,,,,,,,,,,,,,,,,,,,,,,,,,,,,,,,,,"{""entries"":[{""key"":""contestant-a-297a1aba:TR_VCiazSiwiK3Qco"",""frames"":null,""reason"":null,""staleSec"":1718,""probation"":false},{""key"":""camfeed-a-side-85a03b34:TR_VC6cRdqSsicRiY"",""frames"":15965,""reason"":null,""staleSec"":1,""probation"":false},{""key"":""camfeed-a-close-883f2976:TR_VCToTYNatDX5PC"",""frames"":13778,""reason"":null,""staleSec"":1,""probation"":false}],""trackCount"":3,""ineligibleCount"":0}"
2026-08-28T19:37:44.538636+00:00,2026-08-28T19:37:43.386+00:00,pub_stats,,a,show-qfstpj50,2983816,6904954,3000000,60,60,0,30,30,47.83,none,f,f+h+q,3,1080,1920,1080,1920,"SimulcastEncoderAdapter (libvpx, libvpx, libvpx)",40,0,17,0,0,0.00041099999999999996,0.021,0,,,,,,,live:a,"{""qualityLimitationDurations"":{""cpu"":0,""none"":1686.93,""other"":0,""bandwidth"":31.479}}"
2026-08-28T19:37:44.538636+00:00,2026-08-28T19:37:43.387+00:00,director_heartbeat,,a,show-qfstpj50,,,,,,,,,,,,,,,,,,,,,,,,,,,,,,,,,,"{""state"":""suspended""}"
2026-08-28T19:37:44.538636+00:00,2026-08-28T19:37:43.654+00:00,mic_level_sample,,a,show-qfstpj50,,,,,,,,,,,,,,,,,,,,,,,,,,,,,,,,,,"{""deviceId"":""39fae2b7de1ac0ad5463a5ba3dd688ee748a5433d1272fa9afbea3233dae361b"",""inputRms"":0.00005586308433987186,""outputRms"":0.00005586308433987186,""deviceLabel"":""MacBook Air Microphone (Built-in)"",""audioContextState"":""running""}"
2026-08-28T19:37:46.599479+00:00,2026-08-28T19:37:45.385+00:00,pub_stats,,a,show-qfstpj50,3015616,6904954,3000000,60,60,0,30,30,39.37,none,f,f+h+q,3,1080,1920,1080,1920,"SimulcastEncoderAdapter (libvpx, libvpx, libvpx)",40,0,17,0,0,0.0006,0.021,0,,,,,,,live:a,"{""qualityLimitationDurations"":{""cpu"":0,""none"":1688.93,""other"":0,""bandwidth"":31.479}}"
2026-08-28T19:37:47.096735+00:00,2026-08-28T19:37:46.168+00:00,track_liveness_snapshot,,viewer,show-qfstpj50,,,,,,,,,,,,,,,,,,,,,,,,,,,,,,,,,,"{""entries"":[{""key"":""contestant-a-297a1aba:TR_VCiazSiwiK3Qco"",""frames"":11244,""reason"":null,""staleSec"":0,""probation"":false},{""key"":""camfeed-a-side-85a03b34:TR_VC6cRdqSsicRiY"",""frames"":10326,""reason"":null,""staleSec"":0,""probation"":false},{""key"":""camfeed-a-close-883f2976:TR_VCToTYNatDX5PC"",""frames"":11896,""reason"":null,""staleSec"":0,""probation"":false}],""trackCount"":3,""ineligibleCount"":0}"
2026-08-28T19:37:48.517339+00:00,2026-08-28T19:37:47.385+00:00,pub_stats,,a,show-qfstpj50,3019168,6904954,2996572,60,60,0,30,30,43.67,none,f,f+h+q,3,1080,1920,1080,1920,"SimulcastEncoderAdapter (libvpx, libvpx, libvpx)",40,0,17,0,0,0.0012879999999999999,0.022,0,,,,,,,live:a,"{""qualityLimitationDurations"":{""cpu"":0,""none"":1690.93,""other"":0,""bandwidth"":31.479}}"
2026-08-28T19:37:49.551858+00:00,2026-08-28T19:37:48.655+00:00,mic_silent,,a,show-qfstpj50,,,,,,,,,,,,,,,,,,,,,,,,,,,,,,,,,,"{""inputRms"":0.000250674195340715,""outputRms"":0.000250674195340715,""silentSinceMs"":1787945853655,""audioContextState"":""running""}"
2026-08-28T19:37:49.551858+00:00,2026-08-28T19:37:48.655+00:00,mic_level_sample,,a,show-qfstpj50,,,,,,,,,,,,,,,,,,,,,,,,,,,,,,,,,,"{""deviceId"":""39fae2b7de1ac0ad5463a5ba3dd688ee748a5433d1272fa9afbea3233dae361b"",""inputRms"":0.000250674195340715,""outputRms"":0.000250674195340715,""deviceLabel"":""MacBook Air Microphone (Built-in)"",""audioContextState"":""running""}"
2026-08-28T19:37:49.551858+00:00,2026-08-28T19:37:48.885+00:00,track_liveness_snapshot,,a,show-qfstpj50,,,,,,,,,,,,,,,,,,,,,,,,,,,,,,,,,,"{""entries"":[{""key"":""contestant-a-297a1aba:TR_VCiazSiwiK3Qco"",""frames"":null,""reason"":null,""staleSec"":1723,""probation"":false},{""key"":""camfeed-a-side-85a03b34:TR_VC6cRdqSsicRiY"",""frames"":16140,""reason"":null,""staleSec"":1,""probation"":false},{""key"":""camfeed-a-close-883f2976:TR_VCToTYNatDX5PC"",""frames"":13957,""reason"":null,""staleSec"":1,""probation"":false}],""trackCount"":3,""ineligibleCount"":0}"
2026-08-28T19:37:50.604061+00:00,2026-08-28T19:37:49.385+00:00,pub_stats,,a,show-qfstpj50,3051868,6904954,2966358,60,60,0,30,30,35.88,none,f,f+h+q,3,1080,1920,1080,1920,"SimulcastEncoderAdapter (libvpx, libvpx, libvpx)",40,0,17,0,0,0.000655,0.024,0,,,,,,,live:a,"{""qualityLimitationDurations"":{""cpu"":0,""none"":1692.929,""other"":0,""bandwidth"":31.479}}"
2026-08-28T19:37:52.285067+00:00,2026-08-28T19:37:51.173+00:00,track_liveness_snapshot,,viewer,show-qfstpj50,,,,,,,,,,,,,,,,,,,,,,,,,,,,,,,,,,"{""entries"":[{""key"":""contestant-a-297a1aba:TR_VCiazSiwiK3Qco"",""frames"":11394,""reason"":null,""staleSec"":0,""probation"":false},{""key"":""camfeed-a-side-85a03b34:TR_VC6cRdqSsicRiY"",""frames"":10472,""reason"":null,""staleSec"":0,""probation"":false},{""key"":""camfeed-a-close-883f2976:TR_VCToTYNatDX5PC"",""frames"":12046,""reason"":null,""staleSec"":0,""probation"":false}],""trackCount"":3,""ineligibleCount"":0}"
2026-08-28T19:37:52.612522+00:00,2026-08-28T19:37:51.386+00:00,pub_stats,,a,show-qfstpj50,3018971,6904954,2903587,60,60,0,30,30,46.43,none,f,f+h+q,3,1080,1920,1080,1920,"SimulcastEncoderAdapter (libvpx, libvpx, libvpx)",40,0,17,0,0,0.000744,0.024,0,,,,,,,live:a,"{""qualityLimitationDurations"":{""cpu"":0,""none"":1694.93,""other"":0,""bandwidth"":31.479}}"
2026-08-28T19:37:54.548445+00:00,2026-08-28T19:37:53.385+00:00,pub_stats,,a,show-qfstpj50,2800920,6904954,3000000,60,60,0,31,30,61.2,none,f,f+h+q,3,1080,1920,1080,1920,"SimulcastEncoderAdapter (libvpx, libvpx, libvpx)",40,0,17,0,0,0.00042199999999999996,0.024,0,,,,,,,live:a,"{""qualityLimitationDurations"":{""cpu"":0,""none"":1696.93,""other"":0,""bandwidth"":31.479}}"
2026-08-28T19:37:54.548445+00:00,2026-08-28T19:37:53.387+00:00,director_heartbeat,,a,show-qfstpj50,,,,,,,,,,,,,,,,,,,,,,,,,,,,,,,,,,"{""state"":""suspended""}"
2026-08-28T19:37:54.548445+00:00,2026-08-28T19:37:53.655+00:00,mic_recovered,,a,show-qfstpj50,,,,,,,,,,,,,,,,,,,,,,,,,,,,,,,,,,"{""inputRms"":0.0036335363791840576,""outputRms"":0.0036335363791840576,""silentDurationMs"":20000,""audioContextState"":""running""}"
2026-08-28T19:37:54.548445+00:00,2026-08-28T19:37:53.655+00:00,mic_level_sample,,a,show-qfstpj50,,,,,,,,,,,,,,,,,,,,,,,,,,,,,,,,,,"{""deviceId"":""39fae2b7de1ac0ad5463a5ba3dd688ee748a5433d1272fa9afbea3233dae361b"",""inputRms"":0.0036335363791840576,""outputRms"":0.0036335363791840576,""deviceLabel"":""MacBook Air Microphone (Built-in)"",""audioContextState"":""running""}"
2026-08-28T19:37:54.548445+00:00,2026-08-28T19:37:54.386+00:00,track_liveness_snapshot,,a,show-qfstpj50,,,,,,,,,,,,,,,,,,,,,,,,,,,,,,,,,,"{""entries"":[{""key"":""contestant-a-297a1aba:TR_VCiazSiwiK3Qco"",""frames"":null,""reason"":null,""staleSec"":1729,""probation"":false},{""key"":""camfeed-a-side-85a03b34:TR_VC6cRdqSsicRiY"",""frames"":16284,""reason"":null,""staleSec"":1,""probation"":false},{""key"":""camfeed-a-close-883f2976:TR_VCToTYNatDX5PC"",""frames"":14108,""reason"":null,""staleSec"":1,""probation"":false}],""trackCount"":3,""ineligibleCount"":0}"
2026-08-28T19:37:56.548802+00:00,2026-08-28T19:37:55.385+00:00,pub_stats,,a,show-qfstpj50,3165448,7082567,3000000,60,60,0,31,30,54.02,none,f,f+h+q,3,1080,1920,1080,1920,"SimulcastEncoderAdapter (libvpx, libvpx, libvpx)",40,0,17,0,0,0.00042199999999999996,0.023,0,,,,,,,live:a,"{""qualityLimitationDurations"":{""cpu"":0,""none"":1698.93,""other"":0,""bandwidth"":31.479}}"
2026-08-28T19:37:57.089939+00:00,2026-08-28T19:37:56.179+00:00,track_liveness_snapshot,,viewer,show-qfstpj50,,,,,,,,,,,,,,,,,,,,,,,,,,,,,,,,,,"{""entries"":[{""key"":""contestant-a-297a1aba:TR_VCiazSiwiK3Qco"",""frames"":11544,""reason"":null,""staleSec"":0,""probation"":false},{""key"":""camfeed-a-side-85a03b34:TR_VC6cRdqSsicRiY"",""frames"":10615,""reason"":null,""staleSec"":0,""probation"":false},{""key"":""camfeed-a-close-883f2976:TR_VCToTYNatDX5PC"",""frames"":12197,""reason"":null,""staleSec"":0,""probation"":false}],""trackCount"":3,""ineligibleCount"":0}"
2026-08-28T19:37:58.52135+00:00,2026-08-28T19:37:57.386+00:00,pub_stats,,a,show-qfstpj50,2886389,7082567,2936960,60,60,0,31,30,45.53,none,f,f+h+q,3,1080,1920,1080,1920,"SimulcastEncoderAdapter (libvpx, libvpx, libvpx)",40,0,17,0,0,0.0009549999999999999,0.022,0,,,,,,,live:a,"{""qualityLimitationDurations"":{""cpu"":0,""none"":1700.93,""other"":0,""bandwidth"":31.479}}"
2026-08-28T19:37:59.528367+00:00,2026-08-28T19:37:58.654+00:00,mic_level_sample,,a,show-qfstpj50,,,,,,,,,,,,,,,,,,,,,,,,,,,,,,,,,,"{""deviceId"":""39fae2b7de1ac0ad5463a5ba3dd688ee748a5433d1272fa9afbea3233dae361b"",""inputRms"":0.0006856940981777707,""outputRms"":0.0006856940981777707,""deviceLabel"":""MacBook Air Microphone (Built-in)"",""audioContextState"":""running""}"
2026-08-28T19:38:00.632782+00:00,2026-08-28T19:37:59.385+00:00,pub_stats,,a,show-qfstpj50,3043990,7082567,2933757,59,59,0,30,31,30.64,none,f,f+h+q,3,1080,1920,1080,1920,"SimulcastEncoderAdapter (libvpx, libvpx, libvpx)",40,0,17,0,0,0.0006879999999999999,0.023,0,,,,,,,live:a,"{""qualityLimitationDurations"":{""cpu"":0,""none"":1702.93,""other"":0,""bandwidth"":31.479}}"
2026-08-28T19:38:00.632782+00:00,2026-08-28T19:37:59.884+00:00,track_liveness_snapshot,,a,show-qfstpj50,,,,,,,,,,,,,,,,,,,,,,,,,,,,,,,,,,"{""entries"":[{""key"":""contestant-a-297a1aba:TR_VCiazSiwiK3Qco"",""frames"":null,""reason"":null,""staleSec"":1734,""probation"":false},{""key"":""camfeed-a-side-85a03b34:TR_VC6cRdqSsicRiY"",""frames"":16450,""reason"":null,""staleSec"":0,""probation"":false},{""key"":""camfeed-a-close-883f2976:TR_VCToTYNatDX5PC"",""frames"":14288,""reason"":null,""staleSec"":0,""probation"":false}],""trackCount"":3,""ineligibleCount"":0}"
2026-08-28T19:38:02.312114+00:00,2026-08-28T19:38:01.186+00:00,track_liveness_snapshot,,viewer,show-qfstpj50,,,,,,,,,,,,,,,,,,,,,,,,,,,,,,,,,,"{""entries"":[{""key"":""contestant-a-297a1aba:TR_VCiazSiwiK3Qco"",""frames"":11695,""reason"":null,""staleSec"":0,""probation"":false},{""key"":""camfeed-a-side-85a03b34:TR_VC6cRdqSsicRiY"",""frames"":10751,""reason"":null,""staleSec"":0,""probation"":false},{""key"":""camfeed-a-close-883f2976:TR_VCToTYNatDX5PC"",""frames"":12347,""reason"":null,""staleSec"":0,""probation"":false}],""trackCount"":3,""ineligibleCount"":0}"
2026-08-28T19:38:02.528447+00:00,2026-08-28T19:38:01.385+00:00,pub_stats,,a,show-qfstpj50,2828596,7082567,3000000,60,60,0,30,31,38.9,none,f,f+h+q,3,1080,1920,1080,1920,"SimulcastEncoderAdapter (libvpx, libvpx, libvpx)",40,0,17,0,0,0.0009549999999999999,0.023,0,,,,,,,live:a,"{""qualityLimitationDurations"":{""cpu"":0,""none"":1704.93,""other"":0,""bandwidth"":31.479}}"
2026-08-28T19:38:04.530202+00:00,2026-08-28T19:38:03.385+00:00,pub_stats,,a,show-qfstpj50,3198524,7082567,2956380,60,60,0,30,31,37.3,none,f,f+h+q,3,1080,1920,1080,1920,"SimulcastEncoderAdapter (libvpx, libvpx, libvpx)",40,0,17,0,0,0.001166,0.024,0,,,,,,,live:a,"{""qualityLimitationDurations"":{""cpu"":0,""none"":1706.93,""other"":0,""bandwidth"":31.479}}"
2026-08-28T19:38:04.530202+00:00,2026-08-28T19:38:03.386+00:00,director_heartbeat,,a,show-qfstpj50,,,,,,,,,,,,,,,,,,,,,,,,,,,,,,,,,,"{""state"":""suspended""}"
2026-08-28T19:38:04.530202+00:00,2026-08-28T19:38:03.654+00:00,mic_level_sample,,a,show-qfstpj50,,,,,,,,,,,,,,,,,,,,,,,,,,,,,,,,,,"{""deviceId"":""39fae2b7de1ac0ad5463a5ba3dd688ee748a5433d1272fa9afbea3233dae361b"",""inputRms"":0.003981111771055183,""outputRms"":0.003981111771055183,""deviceLabel"":""MacBook Air Microphone (Built-in)"",""audioContextState"":""running""}"
2026-08-28T19:38:05.537012+00:00,2026-08-28T19:38:04.885+00:00,track_liveness_snapshot,,a,show-qfstpj50,,,,,,,,,,,,,,,,,,,,,,,,,,,,,,,,,,"{""entries"":[{""key"":""contestant-a-297a1aba:TR_VCiazSiwiK3Qco"",""frames"":null,""reason"":null,""staleSec"":1739,""probation"":false},{""key"":""camfeed-a-side-85a03b34:TR_VC6cRdqSsicRiY"",""frames"":16586,""reason"":null,""staleSec"":0,""probation"":false},{""key"":""camfeed-a-close-883f2976:TR_VCToTYNatDX5PC"",""frames"":14438,""reason"":null,""staleSec"":0,""probation"":false}],""trackCount"":3,""ineligibleCount"":0}"
2026-08-28T19:38:06.534275+00:00,2026-08-28T19:38:05.385+00:00,pub_stats,,a,show-qfstpj50,2804804,7082567,3000000,60,60,0,30,31,44.38,none,f,f+h+q,3,1080,1920,1080,1920,"SimulcastEncoderAdapter (libvpx, libvpx, libvpx)",40,0,17,0,0,0.0006439999999999999,0.022,0,,,,,,,live:a,"{""qualityLimitationDurations"":{""cpu"":0,""none"":1708.93,""other"":0,""bandwidth"":31.479}}"
2026-08-28T19:38:07.107399+00:00,2026-08-28T19:38:06.193+00:00,track_liveness_snapshot,,viewer,show-qfstpj50,,,,,,,,,,,,,,,,,,,,,,,,,,,,,,,,,,"{""entries"":[{""key"":""contestant-a-297a1aba:TR_VCiazSiwiK3Qco"",""frames"":11845,""reason"":null,""staleSec"":0,""probation"":false},{""key"":""camfeed-a-side-85a03b34:TR_VC6cRdqSsicRiY"",""frames"":10889,""reason"":null,""staleSec"":0,""probation"":false},{""key"":""camfeed-a-close-883f2976:TR_VCToTYNatDX5PC"",""frames"":12496,""reason"":null,""staleSec"":0,""probation"":false}],""trackCount"":3,""ineligibleCount"":0}"
2026-08-28T19:38:08.526343+00:00,2026-08-28T19:38:07.385+00:00,pub_stats,,a,show-qfstpj50,2947476,7082567,2958305,60,60,0,30,31,55.1,none,f,f+h+q,3,1080,1920,1080,1920,"SimulcastEncoderAdapter (libvpx, libvpx, libvpx)",40,0,17,0,0,0.0009,0.024,0,,,,,,,live:a,"{""qualityLimitationDurations"":{""cpu"":0,""none"":1710.929,""other"":0,""bandwidth"":31.479}}"
2026-08-28T19:38:09.529002+00:00,2026-08-28T19:38:08.654+00:00,mic_level_sample,,a,show-qfstpj50,,,,,,,,,,,,,,,,,,,,,,,,,,,,,,,,,,"{""deviceId"":""39fae2b7de1ac0ad5463a5ba3dd688ee748a5433d1272fa9afbea3233dae361b"",""inputRms"":0.009218684096989452,""outputRms"":0.009218684096989452,""deviceLabel"":""MacBook Air Microphone (Built-in)"",""audioContextState"":""running""}"
2026-08-28T19:38:10.521513+00:00,2026-08-28T19:38:09.385+00:00,pub_stats,,a,show-qfstpj50,3013432,7082567,3000000,60,60,0,30,31,46.18,none,f,f+h+q,3,1080,1920,1080,1920,"SimulcastEncoderAdapter (libvpx, libvpx, libvpx)",40,1,17,0,0,0.000677,0.024,1133,,,,,,,live:a,"{""qualityLimitationDurations"":{""cpu"":0,""none"":1712.929,""other"":0,""bandwidth"":31.479}}"
2026-08-28T19:38:10.521513+00:00,2026-08-28T19:38:09.885+00:00,track_liveness_snapshot,,a,show-qfstpj50,,,,,,,,,,,,,,,,,,,,,,,,,,,,,,,,,,"{""entries"":[{""key"":""contestant-a-297a1aba:TR_VCiazSiwiK3Qco"",""frames"":null,""reason"":null,""staleSec"":1744,""probation"":false},{""key"":""camfeed-a-side-85a03b34:TR_VC6cRdqSsicRiY"",""frames"":16728,""reason"":null,""staleSec"":1,""probation"":false},{""key"":""camfeed-a-close-883f2976:TR_VCToTYNatDX5PC"",""frames"":14587,""reason"":null,""staleSec"":1,""probation"":false}],""trackCount"":3,""ineligibleCount"":0}"
2026-08-28T19:38:12.11391+00:00,2026-08-28T19:38:11.202+00:00,track_liveness_snapshot,,viewer,show-qfstpj50,,,,,,,,,,,,,,,,,,,,,,,,,,,,,,,,,,"{""entries"":[{""key"":""contestant-a-297a1aba:TR_VCiazSiwiK3Qco"",""frames"":11995,""reason"":null,""staleSec"":0,""probation"":false},{""key"":""camfeed-a-side-85a03b34:TR_VC6cRdqSsicRiY"",""frames"":11032,""reason"":null,""staleSec"":0,""probation"":false},{""key"":""camfeed-a-close-883f2976:TR_VCToTYNatDX5PC"",""frames"":12646,""reason"":null,""staleSec"":0,""probation"":false}],""trackCount"":3,""ineligibleCount"":0}"
2026-08-28T19:38:12.566029+00:00,2026-08-28T19:38:11.385+00:00,pub_stats,,a,show-qfstpj50,3111232,7082567,2901782,60,60,0,30,31,47.47,none,f,f+h+q,3,1080,1920,1080,1920,"SimulcastEncoderAdapter (libvpx, libvpx, libvpx)",40,1,17,0,0,0.0005329999999999999,0.023,1133,,,,,,,live:a,"{""qualityLimitationDurations"":{""cpu"":0,""none"":1714.929,""other"":0,""bandwidth"":31.479}}"
2026-08-28T19:38:14.531981+00:00,2026-08-28T19:38:13.386+00:00,pub_stats,,a,show-qfstpj50,2955330,7082567,3000000,60,60,0,30,31,53.95,none,f,f+h+q,3,1080,1920,1080,1920,"SimulcastEncoderAdapter (libvpx, libvpx, libvpx)",40,1,17,0,0,0.000522,0.022,1133,,,,,,,live:a,"{""qualityLimitationDurations"":{""cpu"":0,""none"":1716.93,""other"":0,""bandwidth"":31.479}}"
2026-08-28T19:38:14.531981+00:00,2026-08-28T19:38:13.387+00:00,director_heartbeat,,a,show-qfstpj50,,,,,,,,,,,,,,,,,,,,,,,,,,,,,,,,,,"{""state"":""suspended""}"
2026-08-28T19:38:14.531981+00:00,2026-08-28T19:38:13.654+00:00,mic_level_sample,,a,show-qfstpj50,,,,,,,,,,,,,,,,,,,,,,,,,,,,,,,,,,"{""deviceId"":""39fae2b7de1ac0ad5463a5ba3dd688ee748a5433d1272fa9afbea3233dae361b"",""inputRms"":0.00037486152421795744,""outputRms"":0.00037486152421795744,""deviceLabel"":""MacBook Air Microphone (Built-in)"",""audioContextState"":""running""}"
2026-08-28T19:38:15.70556+00:00,2026-08-28T19:38:15.385+00:00,track_liveness_snapshot,,a,show-qfstpj50,,,,,,,,,,,,,,,,,,,,,,,,,,,,,,,,,,"{""entries"":[{""key"":""contestant-a-297a1aba:TR_VCiazSiwiK3Qco"",""frames"":null,""reason"":null,""staleSec"":1750,""probation"":false},{""key"":""camfeed-a-side-85a03b34:TR_VC6cRdqSsicRiY"",""frames"":16870,""reason"":null,""staleSec"":1,""probation"":false},{""key"":""camfeed-a-close-883f2976:TR_VCToTYNatDX5PC"",""frames"":14737,""reason"":null,""staleSec"":1,""probation"":false}],""trackCount"":3,""ineligibleCount"":0}"
2026-08-28T19:38:16.616864+00:00,2026-08-28T19:38:15.386+00:00,pub_stats,,a,show-qfstpj50,2803936,7082567,3000000,60,60,0,30,30,60.88,none,f,f+h+q,3,1080,1920,1080,1920,"SimulcastEncoderAdapter (libvpx, libvpx, libvpx)",40,1,17,0,0,0.000566,0.023,1133,,,,,,,live:a,"{""qualityLimitationDurations"":{""cpu"":0,""none"":1718.93,""other"":0,""bandwidth"":31.479}}"
2026-08-28T19:38:17.133721+00:00,2026-08-28T19:38:16.208+00:00,track_liveness_snapshot,,viewer,show-qfstpj50,,,,,,,,,,,,,,,,,,,,,,,,,,,,,,,,,,"{""entries"":[{""key"":""contestant-a-297a1aba:TR_VCiazSiwiK3Qco"",""frames"":12145,""reason"":null,""staleSec"":0,""probation"":false},{""key"":""camfeed-a-side-85a03b34:TR_VC6cRdqSsicRiY"",""frames"":11176,""reason"":null,""staleSec"":0,""probation"":false},{""key"":""camfeed-a-close-883f2976:TR_VCToTYNatDX5PC"",""frames"":12796,""reason"":null,""staleSec"":0,""probation"":false}],""trackCount"":3,""ineligibleCount"":0}"
2026-08-28T19:38:18.525392+00:00,2026-08-28T19:38:17.385+00:00,pub_stats,,a,show-qfstpj50,3195978,7183954,3000000,60,60,0,30,30,37.03,none,f,f+h+q,3,1080,1920,1080,1920,"SimulcastEncoderAdapter (libvpx, libvpx, libvpx)",40,1,17,0,0,0.001166,0.023,1133,,,,,,,live:a,"{""qualityLimitationDurations"":{""cpu"":0,""none"":1720.929,""other"":0,""bandwidth"":31.479}}"
2026-08-28T19:38:19.730183+00:00,2026-08-28T19:38:18.654+00:00,mic_level_sample,,a,show-qfstpj50,,,,,,,,,,,,,,,,,,,,,,,,,,,,,,,,,,"{""deviceId"":""39fae2b7de1ac0ad5463a5ba3dd688ee748a5433d1272fa9afbea3233dae361b"",""inputRms"":0.00009472985479571905,""outputRms"":0.00009472985479571905,""deviceLabel"":""MacBook Air Microphone (Built-in)"",""audioContextState"":""running""}"
2026-08-28T19:38:20.70534+00:00,2026-08-28T19:38:19.385+00:00,pub_stats,,a,show-qfstpj50,3035388,7183954,2982477,60,60,0,30,30,32.87,none,f,f+h+q,3,1080,1920,1080,1920,"SimulcastEncoderAdapter (libvpx, libvpx, libvpx)",40,1,17,0,0,0.000566,0.023,1133,,,,,,,live:a,"{""qualityLimitationDurations"":{""cpu"":0,""none"":1722.929,""other"":0,""bandwidth"":31.479}}"
2026-08-28T19:38:20.70534+00:00,2026-08-28T19:38:20.385+00:00,track_liveness_snapshot,,a,show-qfstpj50,,,,,,,,,,,,,,,,,,,,,,,,,,,,,,,,,,"{""entries"":[{""key"":""contestant-a-297a1aba:TR_VCiazSiwiK3Qco"",""frames"":null,""reason"":null,""staleSec"":1755,""probation"":false},{""key"":""camfeed-a-side-85a03b34:TR_VC6cRdqSsicRiY"",""frames"":17019,""reason"":null,""staleSec"":1,""probation"":false},{""key"":""camfeed-a-close-883f2976:TR_VCToTYNatDX5PC"",""frames"":14887,""reason"":null,""staleSec"":1,""probation"":false}],""trackCount"":3,""ineligibleCount"":0}"
2026-08-28T19:38:22.12107+00:00,2026-08-28T19:38:21.213+00:00,track_liveness_snapshot,,viewer,show-qfstpj50,,,,,,,,,,,,,,,,,,,,,,,,,,,,,,,,,,"{""entries"":[{""key"":""contestant-a-297a1aba:TR_VCiazSiwiK3Qco"",""frames"":12295,""reason"":null,""staleSec"":0,""probation"":false},{""key"":""camfeed-a-side-85a03b34:TR_VC6cRdqSsicRiY"",""frames"":11324,""reason"":null,""staleSec"":0,""probation"":false},{""key"":""camfeed-a-close-883f2976:TR_VCToTYNatDX5PC"",""frames"":12947,""reason"":null,""staleSec"":0,""probation"":false}],""trackCount"":3,""ineligibleCount"":0}"
2026-08-28T19:38:22.527603+00:00,2026-08-28T19:38:21.385+00:00,pub_stats,,a,show-qfstpj50,3042496,7183954,2950215,60,60,0,30,30,48.57,none,f,f+h+q,3,1080,1920,1080,1920,"SimulcastEncoderAdapter (libvpx, libvpx, libvpx)",40,1,17,0,0,0.0005329999999999999,0.022,1133,,,,,,,live:a,"{""qualityLimitationDurations"":{""cpu"":0,""none"":1724.929,""other"":0,""bandwidth"":31.479}}"
2026-08-28T19:38:24.562978+00:00,2026-08-28T19:38:23.385+00:00,pub_stats,,a,show-qfstpj50,2677448,7183954,3000000,60,60,0,30,30,57.35,none,f,f+h+q,3,1080,1920,1080,1920,"SimulcastEncoderAdapter (libvpx, libvpx, libvpx)",40,1,17,0,0,0.0006439999999999999,0.022,1133,,,,,,,live:a,"{""qualityLimitationDurations"":{""cpu"":0,""none"":1726.93,""other"":0,""bandwidth"":31.479}}"
2026-08-28T19:38:24.562978+00:00,2026-08-28T19:38:23.386+00:00,director_heartbeat,,a,show-qfstpj50,,,,,,,,,,,,,,,,,,,,,,,,,,,,,,,,,,"{""state"":""suspended""}"
2026-08-28T19:38:24.562978+00:00,2026-08-28T19:38:23.654+00:00,mic_level_sample,,a,show-qfstpj50,,,,,,,,,,,,,,,,,,,,,,,,,,,,,,,,,,"{""deviceId"":""39fae2b7de1ac0ad5463a5ba3dd688ee748a5433d1272fa9afbea3233dae361b"",""inputRms"":0.0007746534478019985,""outputRms"":0.0007746534478019985,""deviceLabel"":""MacBook Air Microphone (Built-in)"",""audioContextState"":""running""}"
2026-08-28T19:38:24.562978+00:00,2026-08-28T19:38:23.654+00:00,mic_silent,,a,show-qfstpj50,,,,,,,,,,,,,,,,,,,,,,,,,,,,,,,,,,"{""inputRms"":0.0007746534478019985,""outputRms"":0.0007746534478019985,""silentSinceMs"":1787945893654,""audioContextState"":""running""}"
2026-08-28T19:38:26.526523+00:00,2026-08-28T19:38:25.384+00:00,pub_stats,,a,show-qfstpj50,3056624,7183954,3000000,60,60,0,30,30,41.05,none,f,f+h+q,3,1080,1920,1080,1920,"SimulcastEncoderAdapter (libvpx, libvpx, libvpx)",40,1,17,0,0,0.0007,0.022,1133,,,,,,,live:a,"{""qualityLimitationDurations"":{""cpu"":0,""none"":1728.929,""other"":0,""bandwidth"":31.479}}"
2026-08-28T19:38:26.526523+00:00,2026-08-28T19:38:25.885+00:00,track_liveness_snapshot,,a,show-qfstpj50,,,,,,,,,,,,,,,,,,,,,,,,,,,,,,,,,,"{""entries"":[{""key"":""contestant-a-297a1aba:TR_VCiazSiwiK3Qco"",""frames"":null,""reason"":null,""staleSec"":1760,""probation"":false},{""key"":""camfeed-a-side-85a03b34:TR_VC6cRdqSsicRiY"",""frames"":17192,""reason"":null,""staleSec"":1,""probation"":false},{""key"":""camfeed-a-close-883f2976:TR_VCToTYNatDX5PC"",""frames"":15059,""reason"":null,""staleSec"":1,""probation"":false}],""trackCount"":3,""ineligibleCount"":0}"
2026-08-28T19:38:27.136812+00:00,2026-08-28T19:38:26.215+00:00,track_liveness_snapshot,,viewer,show-qfstpj50,,,,,,,,,,,,,,,,,,,,,,,,,,,,,,,,,,"{""entries"":[{""key"":""contestant-a-297a1aba:TR_VCiazSiwiK3Qco"",""frames"":12445,""reason"":null,""staleSec"":0,""probation"":false},{""key"":""camfeed-a-side-85a03b34:TR_VC6cRdqSsicRiY"",""frames"":11468,""reason"":null,""staleSec"":0,""probation"":false},{""key"":""camfeed-a-close-883f2976:TR_VCToTYNatDX5PC"",""frames"":13072,""reason"":null,""staleSec"":0,""probation"":false}],""trackCount"":3,""ineligibleCount"":0}"
2026-08-28T19:38:28.534143+00:00,2026-08-28T19:38:27.385+00:00,pub_stats,,a,show-qfstpj50,3097619,7183954,2958108,60,60,0,30,30,42.73,none,f,f+h+q,3,1080,1920,1080,1920,"SimulcastEncoderAdapter (libvpx, libvpx, libvpx)",40,1,17,0,0,0.0010659999999999999,0.023,1133,,,,,,,live:a,"{""qualityLimitationDurations"":{""cpu"":0,""none"":1730.93,""other"":0,""bandwidth"":31.479}}"
2026-08-28T19:38:29.565549+00:00,2026-08-28T19:38:28.653+00:00,mic_level_sample,,a,show-qfstpj50,,,,,,,,,,,,,,,,,,,,,,,,,,,,,,,,,,"{""deviceId"":""39fae2b7de1ac0ad5463a5ba3dd688ee748a5433d1272fa9afbea3233dae361b"",""inputRms"":0.0003683807934122696,""outputRms"":0.0003683807934122696,""deviceLabel"":""MacBook Air Microphone (Built-in)"",""audioContextState"":""running""}"
2026-08-28T19:38:30.610068+00:00,2026-08-28T19:38:29.385+00:00,pub_stats,,a,show-qfstpj50,2923860,7183954,2987812,60,60,0,30,30,40.43,none,f,f+h+q,3,1080,1920,1080,1920,"SimulcastEncoderAdapter (libvpx, libvpx, libvpx)",40,1,17,0,0,0.000466,0.023,1133,,,,,,,live:a,"{""qualityLimitationDurations"":{""cpu"":0,""none"":1732.93,""other"":0,""bandwidth"":31.479}}"
2026-08-28T19:38:31.528957+00:00,2026-08-28T19:38:30.885+00:00,track_liveness_snapshot,,a,show-qfstpj50,,,,,,,,,,,,,,,,,,,,,,,,,,,,,,,,,,"{""entries"":[{""key"":""contestant-a-297a1aba:TR_VCiazSiwiK3Qco"",""frames"":null,""reason"":null,""staleSec"":1765,""probation"":false},{""key"":""camfeed-a-side-85a03b34:TR_VC6cRdqSsicRiY"",""frames"":17340,""reason"":null,""staleSec"":1,""probation"":false},{""key"":""camfeed-a-close-883f2976:TR_VCToTYNatDX5PC"",""frames"":15171,""reason"":null,""staleSec"":1,""probation"":false}],""trackCount"":3,""ineligibleCount"":0}"
2026-08-28T19:38:32.144166+00:00,2026-08-28T19:38:31.22+00:00,track_liveness_snapshot,,viewer,show-qfstpj50,,,,,,,,,,,,,,,,,,,,,,,,,,,,,,,,,,"{""entries"":[{""key"":""contestant-a-297a1aba:TR_VCiazSiwiK3Qco"",""frames"":12595,""reason"":null,""staleSec"":0,""probation"":false},{""key"":""camfeed-a-side-85a03b34:TR_VC6cRdqSsicRiY"",""frames"":11616,""reason"":null,""staleSec"":0,""probation"":false},{""key"":""camfeed-a-close-883f2976:TR_VCToTYNatDX5PC"",""frames"":13196,""reason"":null,""staleSec"":0,""probation"":false}],""trackCount"":3,""ineligibleCount"":0}"
2026-08-28T19:38:32.650516+00:00,2026-08-28T19:38:31.386+00:00,pub_stats,,a,show-qfstpj50,3067694,7183954,2882352,60,60,0,30,30,39.6,none,f,f+h+q,3,1080,1920,1080,1920,"SimulcastEncoderAdapter (libvpx, libvpx, libvpx)",40,1,17,0,0,0.000677,0.021,1133,,,,,,,live:a,"{""qualityLimitationDurations"":{""cpu"":0,""none"":1734.929,""other"":0,""bandwidth"":31.479}}"
2026-08-28T19:38:34.956635+00:00,2026-08-28T19:38:33.387+00:00,pub_stats,,a,show-qfstpj50,2891178,7183954,3000000,60,60,0,30,30,47.98,none,f,f+h+q,3,1080,1920,1080,1920,"SimulcastEncoderAdapter (libvpx, libvpx, libvpx)",40,1,17,0,0,0.000455,0.021,1133,,,,,,,live:a,"{""qualityLimitationDurations"":{""cpu"":0,""none"":1736.932,""other"":0,""bandwidth"":31.479}}"
2026-08-28T19:38:34.956635+00:00,2026-08-28T19:38:33.387+00:00,director_heartbeat,,a,show-qfstpj50,,,,,,,,,,,,,,,,,,,,,,,,,,,,,,,,,,"{""state"":""suspended""}"
2026-08-28T19:38:34.956635+00:00,2026-08-28T19:38:33.654+00:00,mic_level_sample,,a,show-qfstpj50,,,,,,,,,,,,,,,,,,,,,,,,,,,,,,,,,,"{""deviceId"":""39fae2b7de1ac0ad5463a5ba3dd688ee748a5433d1272fa9afbea3233dae361b"",""inputRms"":0.0010769424102073342,""outputRms"":0.0010769424102073342,""deviceLabel"":""MacBook Air Microphone (Built-in)"",""audioContextState"":""running""}"
2026-08-28T19:38:34.956635+00:00,2026-08-28T19:38:33.654+00:00,mic_recovered,,a,show-qfstpj50,,,,,,,,,,,,,,,,,,,,,,,,,,,,,,,,,,"{""inputRms"":0.0010769424102073342,""outputRms"":0.0010769424102073342,""silentDurationMs"":20000,""audioContextState"":""running""}"
2026-08-28T19:38:36.538445+00:00,2026-08-28T19:38:35.385+00:00,pub_stats,,a,show-qfstpj50,2922739,7183954,3000000,60,60,0,30,30,50.75,none,f,f+h+q,3,1080,1920,1080,1920,"SimulcastEncoderAdapter (libvpx, libvpx, libvpx)",40,1,17,0,0,0.000855,0.021,1133,,,,,,,live:a,"{""qualityLimitationDurations"":{""cpu"":0,""none"":1738.929,""other"":0,""bandwidth"":31.479}}"
2026-08-28T19:38:36.538445+00:00,2026-08-28T19:38:35.885+00:00,track_liveness_snapshot,,a,show-qfstpj50,,,,,,,,,,,,,,,,,,,,,,,,,,,,,,,,,,"{""entries"":[{""key"":""contestant-a-297a1aba:TR_VCiazSiwiK3Qco"",""frames"":null,""reason"":null,""staleSec"":1770,""probation"":false},{""key"":""camfeed-a-side-85a03b34:TR_VC6cRdqSsicRiY"",""frames"":17482,""reason"":null,""staleSec"":1,""probation"":false},{""key"":""camfeed-a-close-883f2976:TR_VCToTYNatDX5PC"",""frames"":15271,""reason"":null,""staleSec"":1,""probation"":false}],""trackCount"":3,""ineligibleCount"":0}"
2026-08-28T19:38:37.168421+00:00,2026-08-28T19:38:36.228+00:00,track_liveness_snapshot,,viewer,show-qfstpj50,,,,,,,,,,,,,,,,,,,,,,,,,,,,,,,,,,"{""entries"":[{""key"":""contestant-a-297a1aba:TR_VCiazSiwiK3Qco"",""frames"":12745,""reason"":null,""staleSec"":0,""probation"":false},{""key"":""camfeed-a-side-85a03b34:TR_VC6cRdqSsicRiY"",""frames"":11758,""reason"":null,""staleSec"":0,""probation"":false},{""key"":""camfeed-a-close-883f2976:TR_VCToTYNatDX5PC"",""frames"":13299,""reason"":null,""staleSec"":0,""probation"":false}],""trackCount"":3,""ineligibleCount"":0}"
2026-08-28T19:38:38.577394+00:00,2026-08-28T19:38:37.386+00:00,pub_stats,,a,show-qfstpj50,3035998,7183954,2962430,60,60,0,30,30,39.73,none,f,f+h+q,3,1080,1920,1080,1920,"SimulcastEncoderAdapter (libvpx, libvpx, libvpx)",40,1,17,0,0,0.000488,0.023,1133,,,,,,,live:a,"{""qualityLimitationDurations"":{""cpu"":0,""none"":1740.93,""other"":0,""bandwidth"":31.479}}"
2026-08-28T19:38:39.562135+00:00,2026-08-28T19:38:38.655+00:00,mic_level_sample,,a,show-qfstpj50,,,,,,,,,,,,,,,,,,,,,,,,,,,,,,,,,,"{""deviceId"":""39fae2b7de1ac0ad5463a5ba3dd688ee748a5433d1272fa9afbea3233dae361b"",""inputRms"":0.006083385214320976,""outputRms"":0.006083385214320976,""deviceLabel"":""MacBook Air Microphone (Built-in)"",""audioContextState"":""running""}"
2026-08-28T19:38:40.545952+00:00,2026-08-28T19:38:39.385+00:00,pub_stats,,a,show-qfstpj50,2969813,7183954,3000000,60,60,0,30,30,37.87,none,f,f+h+q,3,1080,1920,1080,1920,"SimulcastEncoderAdapter (libvpx, libvpx, libvpx)",40,1,17,0,0,0.0005549999999999999,0.024,1133,,,,,,,live:a,"{""qualityLimitationDurations"":{""cpu"":0,""none"":1742.93,""other"":0,""bandwidth"":31.479}}"
2026-08-28T19:38:42.16086+00:00,2026-08-28T19:38:41.234+00:00,track_liveness_snapshot,,viewer,show-qfstpj50,,,,,,,,,,,,,,,,,,,,,,,,,,,,,,,,,,"{""entries"":[{""key"":""contestant-a-297a1aba:TR_VCiazSiwiK3Qco"",""frames"":12895,""reason"":null,""staleSec"":0,""probation"":false},{""key"":""camfeed-a-side-85a03b34:TR_VC6cRdqSsicRiY"",""frames"":11902,""reason"":null,""staleSec"":0,""probation"":false},{""key"":""camfeed-a-close-883f2976:TR_VCToTYNatDX5PC"",""frames"":13449,""reason"":null,""staleSec"":0,""probation"":false}],""trackCount"":3,""ineligibleCount"":0}"
2026-08-28T19:38:41.518918+00:00,2026-08-28T19:38:41.384+00:00,track_liveness_snapshot,,a,show-qfstpj50,,,,,,,,,,,,,,,,,,,,,,,,,,,,,,,,,,"{""entries"":[{""key"":""contestant-a-297a1aba:TR_VCiazSiwiK3Qco"",""frames"":null,""reason"":null,""staleSec"":1776,""probation"":false},{""key"":""camfeed-a-side-85a03b34:TR_VC6cRdqSsicRiY"",""frames"":17625,""reason"":null,""staleSec"":1,""probation"":false},{""key"":""camfeed-a-close-883f2976:TR_VCToTYNatDX5PC"",""frames"":15418,""reason"":null,""staleSec"":1,""probation"":false}],""trackCount"":3,""ineligibleCount"":0}"
2026-08-28T19:38:42.562876+00:00,2026-08-28T19:38:41.385+00:00,pub_stats,,a,show-qfstpj50,3001416,7183954,3000000,60,60,0,30,30,36.55,none,f,f+h+q,3,1080,1920,1080,1920,"SimulcastEncoderAdapter (libvpx, libvpx, libvpx)",40,1,17,0,0,0.0007,0.024,1133,,,,,,,live:a,"{""qualityLimitationDurations"":{""cpu"":0,""none"":1744.929,""other"":0,""bandwidth"":31.479}}"
2026-08-28T19:38:44.648995+00:00,2026-08-28T19:38:43.386+00:00,pub_stats,,a,show-qfstpj50,2959120,7183954,2993728,60,60,0,30,30,33.28,none,f,f+h+q,3,1080,1920,1080,1920,"SimulcastEncoderAdapter (libvpx, libvpx, libvpx)",40,1,17,0,0,0.000522,0.022,1133,,,,,,,live:a,"{""qualityLimitationDurations"":{""cpu"":0,""none"":1746.93,""other"":0,""bandwidth"":31.479}}"
2026-08-28T19:38:44.648995+00:00,2026-08-28T19:38:43.386+00:00,director_heartbeat,,a,show-qfstpj50,,,,,,,,,,,,,,,,,,,,,,,,,,,,,,,,,,"{""state"":""suspended""}"
2026-08-28T19:38:44.648995+00:00,2026-08-28T19:38:43.654+00:00,mic_level_sample,,a,show-qfstpj50,,,,,,,,,,,,,,,,,,,,,,,,,,,,,,,,,,"{""deviceId"":""39fae2b7de1ac0ad5463a5ba3dd688ee748a5433d1272fa9afbea3233dae361b"",""inputRms"":0.010112973398535568,""outputRms"":0.010112973398535568,""deviceLabel"":""MacBook Air Microphone (Built-in)"",""audioContextState"":""running""}"
2026-08-28T19:38:46.564267+00:00,2026-08-28T19:38:45.385+00:00,pub_stats,,a,show-qfstpj50,3073741,7183954,3000000,60,60,0,30,30,30.48,none,f,f+h+q,3,1080,1920,1080,1920,"SimulcastEncoderAdapter (libvpx, libvpx, libvpx)",40,1,17,0,0,0.000511,0.021,1133,,,,,,,live:a,"{""qualityLimitationDurations"":{""cpu"":0,""none"":1748.93,""other"":0,""bandwidth"":31.479}}"
2026-08-28T19:38:47.151671+00:00,2026-08-28T19:38:46.24+00:00,track_liveness_snapshot,,viewer,show-qfstpj50,,,,,,,,,,,,,,,,,,,,,,,,,,,,,,,,,,"{""entries"":[{""key"":""contestant-a-297a1aba:TR_VCiazSiwiK3Qco"",""frames"":13045,""reason"":null,""staleSec"":0,""probation"":false},{""key"":""camfeed-a-side-85a03b34:TR_VC6cRdqSsicRiY"",""frames"":12052,""reason"":null,""staleSec"":0,""probation"":false},{""key"":""camfeed-a-close-883f2976:TR_VCToTYNatDX5PC"",""frames"":13599,""reason"":null,""staleSec"":0,""probation"":false}],""trackCount"":3,""ineligibleCount"":0}"
2026-08-28T19:38:46.564267+00:00,2026-08-28T19:38:46.385+00:00,track_liveness_snapshot,,a,show-qfstpj50,,,,,,,,,,,,,,,,,,,,,,,,,,,,,,,,,,"{""entries"":[{""key"":""contestant-a-297a1aba:TR_VCiazSiwiK3Qco"",""frames"":null,""reason"":null,""staleSec"":1781,""probation"":false},{""key"":""camfeed-a-side-85a03b34:TR_VC6cRdqSsicRiY"",""frames"":17775,""reason"":null,""staleSec"":1,""probation"":false},{""key"":""camfeed-a-close-883f2976:TR_VCToTYNatDX5PC"",""frames"":15569,""reason"":null,""staleSec"":1,""probation"":false}],""trackCount"":3,""ineligibleCount"":0}"
2026-08-28T19:38:48.567695+00:00,2026-08-28T19:38:47.386+00:00,pub_stats,,a,show-qfstpj50,2961163,7183954,2975383,60,60,0,30,30,39.5,none,f,f+h+q,3,1080,1920,1080,1920,"SimulcastEncoderAdapter (libvpx, libvpx, libvpx)",40,1,17,0,0,0.000611,0.022,1133,,,,,,,live:a,"{""qualityLimitationDurations"":{""cpu"":0,""none"":1750.93,""other"":0,""bandwidth"":31.479}}"
2026-08-28T19:38:49.604218+00:00,2026-08-28T19:38:48.654+00:00,mic_level_sample,,a,show-qfstpj50,,,,,,,,,,,,,,,,,,,,,,,,,,,,,,,,,,"{""deviceId"":""39fae2b7de1ac0ad5463a5ba3dd688ee748a5433d1272fa9afbea3233dae361b"",""inputRms"":0.0037603800545513524,""outputRms"":0.0037603800545513524,""deviceLabel"":""MacBook Air Microphone (Built-in)"",""audioContextState"":""running""}"
2026-08-28T19:38:50.57335+00:00,2026-08-28T19:38:49.386+00:00,pub_stats,,a,show-qfstpj50,2985948,7183954,3000000,60,60,0,30,30,42.12,none,f,f+h+q,3,1080,1920,1080,1920,"SimulcastEncoderAdapter (libvpx, libvpx, libvpx)",40,1,17,0,0,0.000466,0.022,1133,,,,,,,live:a,"{""qualityLimitationDurations"":{""cpu"":0,""none"":1752.93,""other"":0,""bandwidth"":31.479}}"
2026-08-28T19:38:52.34155+00:00,2026-08-28T19:38:51.246+00:00,track_liveness_snapshot,,viewer,show-qfstpj50,,,,,,,,,,,,,,,,,,,,,,,,,,,,,,,,,,"{""entries"":[{""key"":""contestant-a-297a1aba:TR_VCiazSiwiK3Qco"",""frames"":13195,""reason"":null,""staleSec"":0,""probation"":false},{""key"":""camfeed-a-side-85a03b34:TR_VC6cRdqSsicRiY"",""frames"":12201,""reason"":null,""staleSec"":0,""probation"":false},{""key"":""camfeed-a-close-883f2976:TR_VCToTYNatDX5PC"",""frames"":13749,""reason"":null,""staleSec"":0,""probation"":false}],""trackCount"":3,""ineligibleCount"":0}"
2026-08-28T19:38:51.54009+00:00,2026-08-28T19:38:51.385+00:00,track_liveness_snapshot,,a,show-qfstpj50,,,,,,,,,,,,,,,,,,,,,,,,,,,,,,,,,,"{""entries"":[{""key"":""contestant-a-297a1aba:TR_VCiazSiwiK3Qco"",""frames"":null,""reason"":null,""staleSec"":1786,""probation"":false},{""key"":""camfeed-a-side-85a03b34:TR_VC6cRdqSsicRiY"",""frames"":17924,""reason"":null,""staleSec"":1,""probation"":false},{""key"":""camfeed-a-close-883f2976:TR_VCToTYNatDX5PC"",""frames"":15719,""reason"":null,""staleSec"":1,""probation"":false}],""trackCount"":3,""ineligibleCount"":0}"
2026-08-28T19:38:52.800783+00:00,2026-08-28T19:38:51.386+00:00,pub_stats,,a,show-qfstpj50,2898008,7183954,3000000,60,60,0,31,30,44.27,none,f,f+h+q,3,1080,1920,1080,1920,"SimulcastEncoderAdapter (libvpx, libvpx, libvpx)",40,1,17,0,0,0.000611,0.022,1133,,,,,,,live:a,"{""qualityLimitationDurations"":{""cpu"":0,""none"":1754.93,""other"":0,""bandwidth"":31.479}}"
2026-08-28T19:38:54.517148+00:00,2026-08-28T19:38:53.385+00:00,pub_stats,,a,show-qfstpj50,3116382,7183954,2951568,60,60,0,31,30,38.88,none,f,f+h+q,3,1080,1920,1080,1920,"SimulcastEncoderAdapter (libvpx, libvpx, libvpx)",40,1,17,0,0,0.000566,0.024,1133,,,,,,,live:a,"{""qualityLimitationDurations"":{""cpu"":0,""none"":1756.929,""other"":0,""bandwidth"":31.479}}"
2026-08-28T19:38:54.517148+00:00,2026-08-28T19:38:53.387+00:00,director_heartbeat,,a,show-qfstpj50,,,,,,,,,,,,,,,,,,,,,,,,,,,,,,,,,,"{""state"":""suspended""}"
2026-08-28T19:38:54.517148+00:00,2026-08-28T19:38:53.654+00:00,mic_level_sample,,a,show-qfstpj50,,,,,,,,,,,,,,,,,,,,,,,,,,,,,,,,,,"{""deviceId"":""39fae2b7de1ac0ad5463a5ba3dd688ee748a5433d1272fa9afbea3233dae361b"",""inputRms"":0.001869894386780093,""outputRms"":0.001869894386780093,""deviceLabel"":""MacBook Air Microphone (Built-in)"",""audioContextState"":""running""}"
2026-08-28T19:38:56.599045+00:00,2026-08-28T19:38:55.386+00:00,pub_stats,,a,show-qfstpj50,2956010,7183954,3000000,60,60,0,31,31,41.35,none,f,f+h+q,3,1080,1920,1080,1920,"SimulcastEncoderAdapter (libvpx, libvpx, libvpx)",40,1,17,0,0,0.0007,0.021,1133,,,,,,,live:a,"{""qualityLimitationDurations"":{""cpu"":0,""none"":1758.931,""other"":0,""bandwidth"":31.479}}"
2026-08-28T19:38:57.148103+00:00,2026-08-28T19:38:56.254+00:00,track_liveness_snapshot,,viewer,show-qfstpj50,,,,,,,,,,,,,,,,,,,,,,,,,,,,,,,,,,"{""entries"":[{""key"":""contestant-a-297a1aba:TR_VCiazSiwiK3Qco"",""frames"":13345,""reason"":null,""staleSec"":0,""probation"":false},{""key"":""camfeed-a-side-85a03b34:TR_VC6cRdqSsicRiY"",""frames"":12350,""reason"":null,""staleSec"":0,""probation"":false},{""key"":""camfeed-a-close-883f2976:TR_VCToTYNatDX5PC"",""frames"":13900,""reason"":null,""staleSec"":0,""probation"":false}],""trackCount"":3,""ineligibleCount"":0}"
2026-08-28T19:38:57.520689+00:00,2026-08-28T19:38:56.885+00:00,track_liveness_snapshot,,a,show-qfstpj50,,,,,,,,,,,,,,,,,,,,,,,,,,,,,,,,,,"{""entries"":[{""key"":""contestant-a-297a1aba:TR_VCiazSiwiK3Qco"",""frames"":null,""reason"":null,""staleSec"":1791,""probation"":false},{""key"":""camfeed-a-side-85a03b34:TR_VC6cRdqSsicRiY"",""frames"":18103,""reason"":null,""staleSec"":1,""probation"":false},{""key"":""camfeed-a-close-883f2976:TR_VCToTYNatDX5PC"",""frames"":15899,""reason"":null,""staleSec"":1,""probation"":false}],""trackCount"":3,""ineligibleCount"":0}"
2026-08-28T19:38:58.529229+00:00,2026-08-28T19:38:57.385+00:00,pub_stats,,a,show-qfstpj50,2879332,7183954,3000000,59,59,0,30,31,41.1,none,f,f+h+q,3,1080,1920,1080,1920,"SimulcastEncoderAdapter (libvpx, libvpx, libvpx)",40,1,17,0,0,0.000466,0.021,1133,,,,,,,live:a,"{""qualityLimitationDurations"":{""cpu"":0,""none"":1760.93,""other"":0,""bandwidth"":31.479}}"
2026-08-28T19:38:59.526995+00:00,2026-08-28T19:38:58.654+00:00,mic_level_sample,,a,show-qfstpj50,,,,,,,,,,,,,,,,,,,,,,,,,,,,,,,,,,"{""deviceId"":""39fae2b7de1ac0ad5463a5ba3dd688ee748a5433d1272fa9afbea3233dae361b"",""inputRms"":0.017818491826931536,""outputRms"":0.017818491826931536,""deviceLabel"":""MacBook Air Microphone (Built-in)"",""audioContextState"":""running""}"
2026-08-28T19:39:00.543672+00:00,2026-08-28T19:38:59.385+00:00,pub_stats,,a,show-qfstpj50,3051932,7183954,2942348,60,60,0,30,31,35.1,none,f,f+h+q,3,1080,1920,1080,1920,"SimulcastEncoderAdapter (libvpx, libvpx, libvpx)",40,1,17,0,0,0.000566,0.024,1133,,,,,,,live:a,"{""qualityLimitationDurations"":{""cpu"":0,""none"":1762.929,""other"":0,""bandwidth"":31.479}}"
2026-08-28T19:39:02.156679+00:00,2026-08-28T19:39:01.263+00:00,track_liveness_snapshot,,viewer,show-qfstpj50,,,,,,,,,,,,,,,,,,,,,,,,,,,,,,,,,,"{""entries"":[{""key"":""contestant-a-297a1aba:TR_VCiazSiwiK3Qco"",""frames"":13495,""reason"":null,""staleSec"":0,""probation"":false},{""key"":""camfeed-a-side-85a03b34:TR_VC6cRdqSsicRiY"",""frames"":12495,""reason"":null,""staleSec"":0,""probation"":false},{""key"":""camfeed-a-close-883f2976:TR_VCToTYNatDX5PC"",""frames"":14049,""reason"":null,""staleSec"":0,""probation"":false}],""trackCount"":3,""ineligibleCount"":0}"
2026-08-28T19:39:02.530972+00:00,2026-08-28T19:39:01.385+00:00,pub_stats,,a,show-qfstpj50,2995996,7183954,2928385,60,60,0,30,31,49.75,none,f,f+h+q,3,1080,1920,1080,1920,"SimulcastEncoderAdapter (libvpx, libvpx, libvpx)",40,1,17,0,0,0.000633,0.024,1133,,,,,,,live:a,"{""qualityLimitationDurations"":{""cpu"":0,""none"":1764.929,""other"":0,""bandwidth"":31.479}}"
2026-08-28T19:39:02.530972+00:00,2026-08-28T19:39:01.885+00:00,track_liveness_snapshot,,a,show-qfstpj50,,,,,,,,,,,,,,,,,,,,,,,,,,,,,,,,,,"{""entries"":[{""key"":""contestant-a-297a1aba:TR_VCiazSiwiK3Qco"",""frames"":null,""reason"":null,""staleSec"":1796,""probation"":false},{""key"":""camfeed-a-side-85a03b34:TR_VC6cRdqSsicRiY"",""frames"":18247,""reason"":null,""staleSec"":1,""probation"":false},{""key"":""camfeed-a-close-883f2976:TR_VCToTYNatDX5PC"",""frames"":16048,""reason"":null,""staleSec"":1,""probation"":false}],""trackCount"":3,""ineligibleCount"":0}"
2026-08-28T19:39:04.588322+00:00,2026-08-28T19:39:03.385+00:00,pub_stats,,a,show-qfstpj50,2833212,7183954,3000000,60,60,0,30,31,53.78,none,f,f+h+q,3,1080,1920,1080,1920,"SimulcastEncoderAdapter (libvpx, libvpx, libvpx)",41,1,17,0,0,0.001377,0.022,1133,,,,,,,live:a,"{""qualityLimitationDurations"":{""cpu"":0,""none"":1766.93,""other"":0,""bandwidth"":31.479}}"
2026-08-28T19:39:04.588322+00:00,2026-08-28T19:39:03.386+00:00,director_heartbeat,,a,show-qfstpj50,,,,,,,,,,,,,,,,,,,,,,,,,,,,,,,,,,"{""state"":""suspended""}"
2026-08-28T19:39:04.588322+00:00,2026-08-28T19:39:03.654+00:00,mic_level_sample,,a,show-qfstpj50,,,,,,,,,,,,,,,,,,,,,,,,,,,,,,,,,,"{""deviceId"":""39fae2b7de1ac0ad5463a5ba3dd688ee748a5433d1272fa9afbea3233dae361b"",""inputRms"":0.005970960234435831,""outputRms"":0.005970960234435831,""deviceLabel"":""MacBook Air Microphone (Built-in)"",""audioContextState"":""running""}"
2026-08-28T19:39:06.557381+00:00,2026-08-28T19:39:05.385+00:00,pub_stats,,a,show-qfstpj50,3032100,7183954,3000000,60,60,0,30,31,44.05,none,f,f+h+q,3,1080,1920,1080,1920,"SimulcastEncoderAdapter (libvpx, libvpx, libvpx)",41,1,17,0,0,0.0008219999999999999,0.022,1133,,,,,,,live:a,"{""qualityLimitationDurations"":{""cpu"":0,""none"":1768.929,""other"":0,""bandwidth"":31.479}}"
2026-08-28T19:39:07.162636+00:00,2026-08-28T19:39:06.269+00:00,track_liveness_snapshot,,viewer,show-qfstpj50,,,,,,,,,,,,,,,,,,,,,,,,,,,,,,,,,,"{""entries"":[{""key"":""contestant-a-297a1aba:TR_VCiazSiwiK3Qco"",""frames"":13645,""reason"":null,""staleSec"":0,""probation"":false},{""key"":""camfeed-a-side-85a03b34:TR_VC6cRdqSsicRiY"",""frames"":12639,""reason"":null,""staleSec"":0,""probation"":false},{""key"":""camfeed-a-close-883f2976:TR_VCToTYNatDX5PC"",""frames"":14198,""reason"":null,""staleSec"":0,""probation"":false}],""trackCount"":3,""ineligibleCount"":0}"
2026-08-28T19:39:07.552671+00:00,2026-08-28T19:39:07.384+00:00,track_liveness_snapshot,,a,show-qfstpj50,,,,,,,,,,,,,,,,,,,,,,,,,,,,,,,,,,"{""entries"":[{""key"":""contestant-a-297a1aba:TR_VCiazSiwiK3Qco"",""frames"":null,""reason"":null,""staleSec"":1802,""probation"":false},{""key"":""camfeed-a-side-85a03b34:TR_VC6cRdqSsicRiY"",""frames"":18393,""reason"":null,""staleSec"":1,""probation"":false},{""key"":""camfeed-a-close-883f2976:TR_VCToTYNatDX5PC"",""frames"":16197,""reason"":null,""staleSec"":1,""probation"":false}],""trackCount"":3,""ineligibleCount"":0}"
2026-08-28T19:39:08.546746+00:00,2026-08-28T19:39:07.385+00:00,pub_stats,,a,show-qfstpj50,2970436,7183954,2997715,60,60,0,30,31,42.8,none,f,f+h+q,3,1080,1920,1080,1920,"SimulcastEncoderAdapter (libvpx, libvpx, libvpx)",41,1,17,0,0,0.000633,0.024,1133,,,,,,,live:a,"{""qualityLimitationDurations"":{""cpu"":0,""none"":1770.929,""other"":0,""bandwidth"":31.479}}"
2026-08-28T19:39:09.539657+00:00,2026-08-28T19:39:08.654+00:00,mic_level_sample,,a,show-qfstpj50,,,,,,,,,,,,,,,,,,,,,,,,,,,,,,,,,,"{""deviceId"":""39fae2b7de1ac0ad5463a5ba3dd688ee748a5433d1272fa9afbea3233dae361b"",""inputRms"":0.0019331166259145725,""outputRms"":0.0019331166259145725,""deviceLabel"":""MacBook Air Microphone (Built-in)"",""audioContextState"":""running""}"
2026-08-28T19:39:10.528554+00:00,2026-08-28T19:39:09.386+00:00,pub_stats,,a,show-qfstpj50,2974121,7183954,3000000,60,60,0,30,31,39.93,none,f,f+h+q,3,1080,1920,1080,1920,"SimulcastEncoderAdapter (libvpx, libvpx, libvpx)",41,1,17,0,0,0.0009109999999999999,0.022,1133,,,,,,,live:a,"{""qualityLimitationDurations"":{""cpu"":0,""none"":1772.93,""other"":0,""bandwidth"":31.479}}"
2026-08-28T19:39:12.143969+00:00,2026-08-28T19:39:11.279+00:00,track_liveness_snapshot,,viewer,show-qfstpj50,,,,,,,,,,,,,,,,,,,,,,,,,,,,,,,,,,"{""entries"":[{""key"":""contestant-a-297a1aba:TR_VCiazSiwiK3Qco"",""frames"":13795,""reason"":null,""staleSec"":0,""probation"":false},{""key"":""camfeed-a-side-85a03b34:TR_VC6cRdqSsicRiY"",""frames"":12788,""reason"":null,""staleSec"":0,""probation"":false},{""key"":""camfeed-a-close-883f2976:TR_VCToTYNatDX5PC"",""frames"":14348,""reason"":null,""staleSec"":0,""probation"":false}],""trackCount"":3,""ineligibleCount"":0}"
2026-08-28T19:39:12.593816+00:00,2026-08-28T19:39:11.386+00:00,pub_stats,,a,show-qfstpj50,3118548,7183954,2966845,60,60,0,30,30,36.2,none,f,f+h+q,3,1080,1920,1080,1920,"SimulcastEncoderAdapter (libvpx, libvpx, libvpx)",41,1,17,0,0,0.0009,0.022,1133,,,,,,,live:a,"{""qualityLimitationDurations"":{""cpu"":0,""none"":1774.931,""other"":0,""bandwidth"":31.479}}"
2026-08-28T19:39:12.593816+00:00,2026-08-28T19:39:12.384+00:00,track_liveness_snapshot,,a,show-qfstpj50,,,,,,,,,,,,,,,,,,,,,,,,,,,,,,,,,,"{""entries"":[{""key"":""contestant-a-297a1aba:TR_VCiazSiwiK3Qco"",""frames"":null,""reason"":null,""staleSec"":1807,""probation"":false},{""key"":""camfeed-a-side-85a03b34:TR_VC6cRdqSsicRiY"",""frames"":18541,""reason"":null,""staleSec"":1,""probation"":false},{""key"":""camfeed-a-close-883f2976:TR_VCToTYNatDX5PC"",""frames"":16347,""reason"":null,""staleSec"":1,""probation"":false}],""trackCount"":3,""ineligibleCount"":0}"
2026-08-28T19:39:14.55625+00:00,2026-08-28T19:39:13.385+00:00,pub_stats,,a,show-qfstpj50,2938617,7183954,2957065,60,60,0,30,30,52.03,none,f,f+h+q,3,1080,1920,1080,1920,"SimulcastEncoderAdapter (libvpx, libvpx, libvpx)",41,1,17,0,0,0.0005549999999999999,0.022,1133,,,,,,,live:a,"{""qualityLimitationDurations"":{""cpu"":0,""none"":1776.93,""other"":0,""bandwidth"":31.479}}"
2026-08-28T19:39:14.55625+00:00,2026-08-28T19:39:13.386+00:00,director_heartbeat,,a,show-qfstpj50,,,,,,,,,,,,,,,,,,,,,,,,,,,,,,,,,,"{""state"":""suspended""}"
2026-08-28T19:39:14.55625+00:00,2026-08-28T19:39:13.654+00:00,mic_level_sample,,a,show-qfstpj50,,,,,,,,,,,,,,,,,,,,,,,,,,,,,,,,,,"{""deviceId"":""39fae2b7de1ac0ad5463a5ba3dd688ee748a5433d1272fa9afbea3233dae361b"",""inputRms"":0.00020100632221146364,""outputRms"":0.00020100632221146364,""deviceLabel"":""MacBook Air Microphone (Built-in)"",""audioContextState"":""running""}"
2026-08-28T19:39:16.560151+00:00,2026-08-28T19:39:15.386+00:00,pub_stats,,a,show-qfstpj50,3063328,7183954,2979710,60,60,0,30,30,45.8,none,f,f+h+q,3,1080,1920,1080,1920,"SimulcastEncoderAdapter (libvpx, libvpx, libvpx)",41,1,17,0,0,0.0005,0.024,1133,,,,,,,live:a,"{""qualityLimitationDurations"":{""cpu"":0,""none"":1778.93,""other"":0,""bandwidth"":31.479}}"
2026-08-28T19:39:17.154423+00:00,2026-08-28T19:39:16.286+00:00,track_liveness_snapshot,,viewer,show-qfstpj50,,,,,,,,,,,,,,,,,,,,,,,,,,,,,,,,,,"{""entries"":[{""key"":""contestant-a-297a1aba:TR_VCiazSiwiK3Qco"",""frames"":13945,""reason"":null,""staleSec"":0,""probation"":false},{""key"":""camfeed-a-side-85a03b34:TR_VC6cRdqSsicRiY"",""frames"":12933,""reason"":null,""staleSec"":0,""probation"":false},{""key"":""camfeed-a-close-883f2976:TR_VCToTYNatDX5PC"",""frames"":14498,""reason"":null,""staleSec"":0,""probation"":false}],""trackCount"":3,""ineligibleCount"":0}"
2026-08-28T19:39:17.533115+00:00,2026-08-28T19:39:17.384+00:00,track_liveness_snapshot,,a,show-qfstpj50,,,,,,,,,,,,,,,,,,,,,,,,,,,,,,,,,,"{""entries"":[{""key"":""contestant-a-297a1aba:TR_VCiazSiwiK3Qco"",""frames"":null,""reason"":null,""staleSec"":1812,""probation"":false},{""key"":""camfeed-a-side-85a03b34:TR_VC6cRdqSsicRiY"",""frames"":18684,""reason"":null,""staleSec"":1,""probation"":false},{""key"":""camfeed-a-close-883f2976:TR_VCToTYNatDX5PC"",""frames"":16497,""reason"":null,""staleSec"":1,""probation"":false}],""trackCount"":3,""ineligibleCount"":0}"
2026-08-28T19:39:18.52718+00:00,2026-08-28T19:39:17.385+00:00,pub_stats,,a,show-qfstpj50,2802029,7183954,2963753,60,60,0,30,30,54.62,none,f,f+h+q,3,1080,1920,1080,1920,"SimulcastEncoderAdapter (libvpx, libvpx, libvpx)",41,1,17,0,0,0.0005769999999999999,0.021,1133,,,,,,,live:a,"{""qualityLimitationDurations"":{""cpu"":0,""none"":1780.93,""other"":0,""bandwidth"":31.479}}"
2026-08-28T19:39:19.60353+00:00,2026-08-28T19:39:18.654+00:00,mic_level_sample,,a,show-qfstpj50,,,,,,,,,,,,,,,,,,,,,,,,,,,,,,,,,,"{""deviceId"":""39fae2b7de1ac0ad5463a5ba3dd688ee748a5433d1272fa9afbea3233dae361b"",""inputRms"":0.011272978878863839,""outputRms"":0.011272978878863839,""deviceLabel"":""MacBook Air Microphone (Built-in)"",""audioContextState"":""running""}"
2026-08-28T19:39:20.529869+00:00,2026-08-28T19:39:19.385+00:00,pub_stats,,a,show-qfstpj50,3059524,7183954,3000000,60,60,0,30,30,47.37,none,f,f+h+q,3,1080,1920,1080,1920,"SimulcastEncoderAdapter (libvpx, libvpx, libvpx)",41,1,17,0,0,0.0007,0.022,1133,,,,,,,live:a,"{""qualityLimitationDurations"":{""cpu"":0,""none"":1782.929,""other"":0,""bandwidth"":31.479}}"
2026-08-28T19:39:22.178322+00:00,2026-08-28T19:39:21.293+00:00,track_liveness_snapshot,,viewer,show-qfstpj50,,,,,,,,,,,,,,,,,,,,,,,,,,,,,,,,,,"{""entries"":[{""key"":""contestant-a-297a1aba:TR_VCiazSiwiK3Qco"",""frames"":14095,""reason"":null,""staleSec"":0,""probation"":false},{""key"":""camfeed-a-side-85a03b34:TR_VC6cRdqSsicRiY"",""frames"":13078,""reason"":null,""staleSec"":0,""probation"":false},{""key"":""camfeed-a-close-883f2976:TR_VCToTYNatDX5PC"",""frames"":14648,""reason"":null,""staleSec"":0,""probation"":false}],""trackCount"":3,""ineligibleCount"":0}"
2026-08-28T19:39:22.768334+00:00,2026-08-28T19:39:21.386+00:00,pub_stats,,a,show-qfstpj50,2934577,7183954,3000000,60,60,0,30,30,43.05,none,f,f+h+q,3,1080,1920,1080,1920,"SimulcastEncoderAdapter (libvpx, libvpx, libvpx)",41,1,17,0,0,0.000588,0.022,1133,,,,,,,live:a,"{""qualityLimitationDurations"":{""cpu"":0,""none"":1784.93,""other"":0,""bandwidth"":31.479}}"
2026-08-28T19:39:22.768334+00:00,2026-08-28T19:39:22.385+00:00,track_liveness_snapshot,,a,show-qfstpj50,,,,,,,,,,,,,,,,,,,,,,,,,,,,,,,,,,"{""entries"":[{""key"":""contestant-a-297a1aba:TR_VCiazSiwiK3Qco"",""frames"":null,""reason"":null,""staleSec"":1817,""probation"":false},{""key"":""camfeed-a-side-85a03b34:TR_VC6cRdqSsicRiY"",""frames"":18830,""reason"":null,""staleSec"":1,""probation"":false},{""key"":""camfeed-a-close-883f2976:TR_VCToTYNatDX5PC"",""frames"":16647,""reason"":null,""staleSec"":1,""probation"":false}],""trackCount"":3,""ineligibleCount"":0}"
2026-08-28T19:39:24.567001+00:00,2026-08-28T19:39:23.386+00:00,pub_stats,,a,show-qfstpj50,3112376,7183954,2952433,60,60,0,30,30,32.52,none,f,f+h+q,3,1080,1920,1080,1920,"SimulcastEncoderAdapter (libvpx, libvpx, libvpx)",41,1,17,0,0,0.000488,0.023,1133,,,,,,,live:a,"{""qualityLimitationDurations"":{""cpu"":0,""none"":1786.93,""other"":0,""bandwidth"":31.479}}"
2026-08-28T19:39:24.567001+00:00,2026-08-28T19:39:23.386+00:00,director_heartbeat,,a,show-qfstpj50,,,,,,,,,,,,,,,,,,,,,,,,,,,,,,,,,,"{""state"":""suspended""}"
2026-08-28T19:39:24.567001+00:00,2026-08-28T19:39:23.653+00:00,mic_level_sample,,a,show-qfstpj50,,,,,,,,,,,,,,,,,,,,,,,,,,,,,,,,,,"{""deviceId"":""39fae2b7de1ac0ad5463a5ba3dd688ee748a5433d1272fa9afbea3233dae361b"",""inputRms"":0.0003509818562108732,""outputRms"":0.0003509818562108732,""deviceLabel"":""MacBook Air Microphone (Built-in)"",""audioContextState"":""running""}"
2026-08-28T19:39:26.672422+00:00,2026-08-28T19:39:25.386+00:00,pub_stats,,a,show-qfstpj50,2878648,7183954,2992223,60,60,0,30,30,35.97,none,f,f+h+q,3,1080,1920,1080,1920,"SimulcastEncoderAdapter (libvpx, libvpx, libvpx)",41,1,17,0,0,0.0005,0.023,1133,,,,,,,live:a,"{""qualityLimitationDurations"":{""cpu"":0,""none"":1788.93,""other"":0,""bandwidth"":31.479}}"
2026-08-28T19:39:27.189562+00:00,2026-08-28T19:39:26.296+00:00,track_liveness_snapshot,,viewer,show-qfstpj50,,,,,,,,,,,,,,,,,,,,,,,,,,,,,,,,,,"{""entries"":[{""key"":""contestant-a-297a1aba:TR_VCiazSiwiK3Qco"",""frames"":14245,""reason"":null,""staleSec"":0,""probation"":false},{""key"":""camfeed-a-side-85a03b34:TR_VC6cRdqSsicRiY"",""frames"":13226,""reason"":null,""staleSec"":0,""probation"":false},{""key"":""camfeed-a-close-883f2976:TR_VCToTYNatDX5PC"",""frames"":14798,""reason"":null,""staleSec"":0,""probation"":false}],""trackCount"":3,""ineligibleCount"":0}"
2026-08-28T19:39:27.569957+00:00,2026-08-28T19:39:27.385+00:00,track_liveness_snapshot,,a,show-qfstpj50,,,,,,,,,,,,,,,,,,,,,,,,,,,,,,,,,,"{""entries"":[{""key"":""contestant-a-297a1aba:TR_VCiazSiwiK3Qco"",""frames"":null,""reason"":null,""staleSec"":1822,""probation"":false},{""key"":""camfeed-a-side-85a03b34:TR_VC6cRdqSsicRiY"",""frames"":18977,""reason"":null,""staleSec"":1,""probation"":false},{""key"":""camfeed-a-close-883f2976:TR_VCToTYNatDX5PC"",""frames"":16797,""reason"":null,""staleSec"":1,""probation"":false}],""trackCount"":3,""ineligibleCount"":0}"
2026-08-28T19:39:28.541637+00:00,2026-08-28T19:39:27.385+00:00,pub_stats,,a,show-qfstpj50,2992336,7183954,3000000,60,60,0,30,30,35.85,none,f,f+h+q,3,1080,1920,1080,1920,"SimulcastEncoderAdapter (libvpx, libvpx, libvpx)",41,1,17,0,0,0.000511,0.023,1133,,,,,,,live:a,"{""qualityLimitationDurations"":{""cpu"":0,""none"":1790.93,""other"":0,""bandwidth"":31.479}}"
2026-08-28T19:39:29.589352+00:00,2026-08-28T19:39:28.655+00:00,mic_level_sample,,a,show-qfstpj50,,,,,,,,,,,,,,,,,,,,,,,,,,,,,,,,,,"{""deviceId"":""39fae2b7de1ac0ad5463a5ba3dd688ee748a5433d1272fa9afbea3233dae361b"",""inputRms"":0.004718437427004807,""outputRms"":0.004718437427004807,""deviceLabel"":""MacBook Air Microphone (Built-in)"",""audioContextState"":""running""}"
2026-08-28T19:39:30.551025+00:00,2026-08-28T19:39:29.386+00:00,pub_stats,,a,show-qfstpj50,3084902,7183954,3000000,60,60,0,30,30,49.83,none,f,f+h+q,3,1080,1920,1080,1920,"SimulcastEncoderAdapter (libvpx, libvpx, libvpx)",41,1,17,0,0,0.0005549999999999999,0.023,1133,,,,,,,live:a,"{""qualityLimitationDurations"":{""cpu"":0,""none"":1792.93,""other"":0,""bandwidth"":31.479}}"
2026-08-28T19:39:32.340115+00:00,2026-08-28T19:39:31.302+00:00,track_liveness_snapshot,,viewer,show-qfstpj50,,,,,,,,,,,,,,,,,,,,,,,,,,,,,,,,,,"{""entries"":[{""key"":""contestant-a-297a1aba:TR_VCiazSiwiK3Qco"",""frames"":14394,""reason"":null,""staleSec"":0,""probation"":false},{""key"":""camfeed-a-side-85a03b34:TR_VC6cRdqSsicRiY"",""frames"":13374,""reason"":null,""staleSec"":0,""probation"":false},{""key"":""camfeed-a-close-883f2976:TR_VCToTYNatDX5PC"",""frames"":14949,""reason"":null,""staleSec"":0,""probation"":false}],""trackCount"":3,""ineligibleCount"":0}"
2026-08-28T19:39:32.561556+00:00,2026-08-28T19:39:31.386+00:00,pub_stats,,a,show-qfstpj50,2806136,7183954,3000000,60,60,0,30,30,59.45,none,f,f+h+q,3,1080,1920,1080,1920,"SimulcastEncoderAdapter (libvpx, libvpx, libvpx)",41,1,17,0,0,0.000611,0.021,1133,,,,,,,live:a,"{""qualityLimitationDurations"":{""cpu"":0,""none"":1794.93,""other"":0,""bandwidth"":31.479}}"
2026-08-28T19:39:32.561556+00:00,2026-08-28T19:39:31.829+00:00,cue_fired,,a,show-qfstpj50,,,,,,,,,,,,,,,,,,,,,,,,,,,,,,,,,,"{""shot"":""zoomIn"",""clipId"":null,""sheetId"":6,""slotRole"":""main"",""timestampMs"":3019,""resolvedTarget"":""contestant-a-297a1aba""}"
2026-08-28T19:39:32.561556+00:00,2026-08-28T19:39:31.829+00:00,shot_publish_success,,a,show-qfstpj50,,,,,,,,,,,,,,,,,,,,,,,,,,,,,,,,,,"{""shot"":""zoomIn"",""slot"":""a"",""commandId"":""fc696390-2863-41b4-908d-9cc9375a1989"",""decisionSource"":""cue"",""connectionState"":""connected""}"
2026-08-28T19:39:33.542962+00:00,2026-08-28T19:39:32.885+00:00,track_liveness_snapshot,,a,show-qfstpj50,,,,,,,,,,,,,,,,,,,,,,,,,,,,,,,,,,"{""entries"":[{""key"":""contestant-a-297a1aba:TR_VCiazSiwiK3Qco"",""frames"":null,""reason"":null,""staleSec"":1827,""probation"":false},{""key"":""camfeed-a-side-85a03b34:TR_VC6cRdqSsicRiY"",""frames"":19152,""reason"":null,""staleSec"":1,""probation"":false},{""key"":""camfeed-a-close-883f2976:TR_VCToTYNatDX5PC"",""frames"":16978,""reason"":null,""staleSec"":1,""probation"":false}],""trackCount"":3,""ineligibleCount"":0}"
2026-08-28T19:39:34.551787+00:00,2026-08-28T19:39:33.385+00:00,pub_stats,,a,show-qfstpj50,3213775,7183954,2973655,60,60,0,30,30,43.18,none,f,f+h+q,3,1080,1920,1080,1920,"SimulcastEncoderAdapter (libvpx, libvpx, libvpx)",41,1,17,0,0,0.0007329999999999999,0.022,1133,,,,,,,live:a,"{""qualityLimitationDurations"":{""cpu"":0,""none"":1796.929,""other"":0,""bandwidth"":31.479}}"
2026-08-28T19:39:34.551787+00:00,2026-08-28T19:39:33.386+00:00,director_heartbeat,,a,show-qfstpj50,,,,,,,,,,,,,,,,,,,,,,,,,,,,,,,,,,"{""state"":""suspended""}"
2026-08-28T19:39:34.551787+00:00,2026-08-28T19:39:33.654+00:00,mic_level_sample,,a,show-qfstpj50,,,,,,,,,,,,,,,,,,,,,,,,,,,,,,,,,,"{""deviceId"":""39fae2b7de1ac0ad5463a5ba3dd688ee748a5433d1272fa9afbea3233dae361b"",""inputRms"":0.023559517248673365,""outputRms"":0.11532602583329041,""deviceLabel"":""MacBook Air Microphone (Built-in)"",""audioContextState"":""running""}"
2026-08-28T19:39:35.541785+00:00,2026-08-28T19:39:34.429+00:00,cue_fired,,a,show-qfstpj50,,,,,,,,,,,,,,,,,,,,,,,,,,,,,,,,,,"{""shot"":""mediumCU"",""clipId"":null,""sheetId"":6,""slotRole"":""close"",""timestampMs"":5683,""resolvedTarget"":""camfeed-a-close-883f2976""}"
2026-08-28T19:39:35.541785+00:00,2026-08-28T19:39:34.429+00:00,shot_publish_success,,a,show-qfstpj50,,,,,,,,,,,,,,,,,,,,,,,,,,,,,,,,,,"{""shot"":""mediumCU"",""slot"":""a"",""commandId"":""8c798848-7e09-4bec-b6f2-6eaa28ef38d1"",""decisionSource"":""cue"",""connectionState"":""connected""}"
2026-08-28T19:39:36.545733+00:00,2026-08-28T19:39:35.386+00:00,pub_stats,,a,show-qfstpj50,2980458,7183954,2977793,60,60,0,30,30,57.62,none,f,f+h+q,3,1080,1920,1080,1920,"SimulcastEncoderAdapter (libvpx, libvpx, libvpx)",41,1,17,0,0,0.000744,0.022,1133,,,,,,,live:a,"{""qualityLimitationDurations"":{""cpu"":0,""none"":1798.93,""other"":0,""bandwidth"":31.479}}"
2026-08-28T19:39:37.45164+00:00,2026-08-28T19:39:36.307+00:00,track_liveness_snapshot,,viewer,show-qfstpj50,,,,,,,,,,,,,,,,,,,,,,,,,,,,,,,,,,"{""entries"":[{""key"":""contestant-a-297a1aba:TR_VCiazSiwiK3Qco"",""frames"":14544,""reason"":null,""staleSec"":0,""probation"":false},{""key"":""camfeed-a-side-85a03b34:TR_VC6cRdqSsicRiY"",""frames"":13511,""reason"":null,""staleSec"":0,""probation"":false},{""key"":""camfeed-a-close-883f2976:TR_VCToTYNatDX5PC"",""frames"":15099,""reason"":null,""staleSec"":0,""probation"":false}],""trackCount"":3,""ineligibleCount"":0}"
2026-08-28T19:39:38.547164+00:00,2026-08-28T19:39:37.386+00:00,pub_stats,,a,show-qfstpj50,2725664,7183954,3000000,60,60,0,30,30,64.47,none,f,f+h+q,3,1080,1920,1080,1920,"SimulcastEncoderAdapter (libvpx, libvpx, libvpx)",41,1,17,0,0,0.0006659999999999999,0.022,1133,,,,,,,live:a,"{""qualityLimitationDurations"":{""cpu"":0,""none"":1800.93,""other"":0,""bandwidth"":31.479}}"
2026-08-28T19:39:38.547164+00:00,2026-08-28T19:39:37.885+00:00,track_liveness_snapshot,,a,show-qfstpj50,,,,,,,,,,,,,,,,,,,,,,,,,,,,,,,,,,"{""entries"":[{""key"":""contestant-a-297a1aba:TR_VCiazSiwiK3Qco"",""frames"":null,""reason"":null,""staleSec"":1832,""probation"":false},{""key"":""camfeed-a-side-85a03b34:TR_VC6cRdqSsicRiY"",""frames"":19281,""reason"":null,""staleSec"":1,""probation"":false},{""key"":""camfeed-a-close-883f2976:TR_VCToTYNatDX5PC"",""frames"":17128,""reason"":null,""staleSec"":1,""probation"":false}],""trackCount"":3,""ineligibleCount"":0}"
2026-08-28T19:39:39.537172+00:00,2026-08-28T19:39:38.654+00:00,mic_level_sample,,a,show-qfstpj50,,,,,,,,,,,,,,,,,,,,,,,,,,,,,,,,,,"{""deviceId"":""39fae2b7de1ac0ad5463a5ba3dd688ee748a5433d1272fa9afbea3233dae361b"",""inputRms"":0.004632695058815521,""outputRms"":0.09288680995776756,""deviceLabel"":""MacBook Air Microphone (Built-in)"",""audioContextState"":""running""}"
2026-08-28T19:39:40.53543+00:00,2026-08-28T19:39:39.386+00:00,pub_stats,,a,show-qfstpj50,3139992,7183954,2975478,60,60,0,30,30,43.12,none,f,f+h+q,3,1080,1920,1080,1920,"SimulcastEncoderAdapter (libvpx, libvpx, libvpx)",41,1,17,0,0,0.000833,0.023,1133,,,,,,,live:a,"{""qualityLimitationDurations"":{""cpu"":0,""none"":1802.93,""other"":0,""bandwidth"":31.479}}"
2026-08-28T19:39:40.53543+00:00,2026-08-28T19:39:39.829+00:00,shot_publish_success,,a,show-qfstpj50,,,,,,,,,,,,,,,,,,,,,,,,,,,,,,,,,,"{""shot"":""closeUp"",""slot"":""a"",""commandId"":""0581ec37-a971-4d2d-a0ab-57880ba28a8a"",""decisionSource"":""cue"",""connectionState"":""connected""}"
2026-08-28T19:39:40.53543+00:00,2026-08-28T19:39:39.829+00:00,cue_fired,,a,show-qfstpj50,,,,,,,,,,,,,,,,,,,,,,,,,,,,,,,,,,"{""shot"":""closeUp"",""clipId"":null,""sheetId"":6,""slotRole"":""side"",""timestampMs"":10948,""resolvedTarget"":""camfeed-a-side-85a03b34""}"
2026-08-28T19:39:42.19567+00:00,2026-08-28T19:39:41.315+00:00,track_liveness_snapshot,,viewer,show-qfstpj50,,,,,,,,,,,,,,,,,,,,,,,,,,,,,,,,,,"{""entries"":[{""key"":""contestant-a-297a1aba:TR_VCiazSiwiK3Qco"",""frames"":14694,""reason"":null,""staleSec"":0,""probation"":false},{""key"":""camfeed-a-side-85a03b34:TR_VC6cRdqSsicRiY"",""frames"":13569,""reason"":null,""staleSec"":0,""probation"":false},{""key"":""camfeed-a-close-883f2976:TR_VCToTYNatDX5PC"",""frames"":15249,""reason"":null,""staleSec"":0,""probation"":false}],""trackCount"":3,""ineligibleCount"":0}"
2026-08-28T19:39:42.510563+00:00,2026-08-28T19:39:41.385+00:00,pub_stats,,a,show-qfstpj50,2916902,7183954,3000000,60,60,0,30,30,39.07,none,f,f+h+q,3,1080,1920,1080,1920,"SimulcastEncoderAdapter (libvpx, libvpx, libvpx)",41,1,17,0,0,0.000766,0.022,1133,,,,,,,live:a,"{""qualityLimitationDurations"":{""cpu"":0,""none"":1804.93,""other"":0,""bandwidth"":31.479}}"
2026-08-28T19:39:42.510563+00:00,2026-08-28T19:39:41.629+00:00,cue_fired,,a,show-qfstpj50,,,,,,,,,,,,,,,,,,,,,,,,,,,,,,,,,,"{""shot"":""bRollClip"",""clipId"":""d2931782-016a-4333-8381-a6d04684a131"",""sheetId"":6,""slotRole"":""broll"",""timestampMs"":12765,""resolvedTarget"":null}"
2026-08-28T19:39:42.510563+00:00,2026-08-28T19:39:41.63+00:00,cue_playback_started,,a,show-qfstpj50,,,,,,,,,,,,,,,,,,,,,,,,,,,,,,,,,,"{""sheetId"":6,""cueCount"":11}"
2026-08-28T19:39:42.510563+00:00,2026-08-28T19:39:41.63+00:00,cue_playback_stopped,,a,show-qfstpj50,,,,,,,,,,,,,,,,,,,,,,,,,,,,,,,,,,"{""sheetId"":6}"
2026-08-28T19:39:43.553333+00:00,2026-08-28T19:39:42.885+00:00,track_liveness_snapshot,,a,show-qfstpj50,,,,,,,,,,,,,,,,,,,,,,,,,,,,,,,,,,"{""entries"":[{""key"":""contestant-a-297a1aba:TR_VCiazSiwiK3Qco"",""frames"":null,""reason"":null,""staleSec"":1837,""probation"":false},{""key"":""camfeed-a-side-85a03b34:TR_VC6cRdqSsicRiY"",""frames"":19322,""reason"":null,""staleSec"":1,""probation"":false},{""key"":""camfeed-a-close-883f2976:TR_VCToTYNatDX5PC"",""frames"":17278,""reason"":null,""staleSec"":1,""probation"":false}],""trackCount"":3,""ineligibleCount"":0}"
2026-08-28T19:39:44.80694+00:00,2026-08-28T19:39:43.385+00:00,pub_stats,,a,show-qfstpj50,2978420,7183954,3000000,60,60,0,30,30,33.4,none,f,f+h+q,3,1080,1920,1080,1920,"SimulcastEncoderAdapter (libvpx, libvpx, libvpx)",41,1,17,0,0,0.000722,0.021,1133,,,,,,,live:a,"{""qualityLimitationDurations"":{""cpu"":0,""none"":1806.93,""other"":0,""bandwidth"":31.479}}"
2026-08-28T19:39:44.80694+00:00,2026-08-28T19:39:43.386+00:00,director_heartbeat,,a,show-qfstpj50,,,,,,,,,,,,,,,,,,,,,,,,,,,,,,,,,,"{""state"":""suspended""}"
2026-08-28T19:39:44.80694+00:00,2026-08-28T19:39:43.654+00:00,mic_level_sample,,a,show-qfstpj50,,,,,,,,,,,,,,,,,,,,,,,,,,,,,,,,,,"{""deviceId"":""39fae2b7de1ac0ad5463a5ba3dd688ee748a5433d1272fa9afbea3233dae361b"",""inputRms"":0.007763575076030169,""outputRms"":0.15031244172392288,""deviceLabel"":""MacBook Air Microphone (Built-in)"",""audioContextState"":""running""}"
2026-08-28T19:39:44.80694+00:00,2026-08-28T19:39:43.668+00:00,track_local_published,,a,show-qfstpj50,,,,,,,,,,,,,,,,,,,,,,,,,,,,,,,screen_share,,,"{""kind"":""video"",""trackSid"":""TR_VS8yYx8FnhGjiD"",""participantIdentity"":""contestant-a-297a1aba""}"
2026-08-28T19:39:44.80694+00:00,2026-08-28T19:39:43.668+00:00,pub_track_published,,a,show-qfstpj50,,,,,,,,,,,,,,,,,,,,,,,,,,,,,,,screen_share,TR_VS8yYx8FnhGjiD,,
2026-08-28T19:39:44.80694+00:00,2026-08-28T19:39:43.668+00:00,broll_published,,a,show-qfstpj50,,,,,,,,,,,,,,,,,,,,,,,,,,,,,,,,,,"{""title"":""VID_20260823_173651"",""clipId"":""d2931782-016a-4333-8381-a6d04684a131"",""trackSid"":""TR_VS8yYx8FnhGjiD"",""durationMs"":null}"
2026-08-28T19:39:44.80694+00:00,2026-08-28T19:39:43.669+00:00,shot_publish_success,,a,show-qfstpj50,,,,,,,,,,,,,,,,,,,,,,,,,,,,,,,,,,"{""shot"":""bRollClip"",""slot"":""a"",""commandId"":""55d53c81-c05e-4481-a776-21f13d449c66"",""decisionSource"":""human"",""connectionState"":""connected""}"
2026-08-28T19:39:44.80694+00:00,2026-08-28T19:39:43.671+00:00,cue_playback_stopped,,a,show-qfstpj50,,,,,,,,,,,,,,,,,,,,,,,,,,,,,,,,,,"{""sheetId"":6}"
2026-08-28T19:39:44.80694+00:00,2026-08-28T19:39:43.671+00:00,cue_playback_started,,a,show-qfstpj50,,,,,,,,,,,,,,,,,,,,,,,,,,,,,,,,,,"{""sheetId"":6,""cueCount"":11}"
2026-08-28T19:39:44.80694+00:00,2026-08-28T19:39:44.384+00:00,track_liveness_snapshot,,a,show-qfstpj50,,,,,,,,,,,,,,,,,,,,,,,,,,,,,,,,,,"{""entries"":[{""key"":""contestant-a-297a1aba:TR_VCiazSiwiK3Qco"",""frames"":null,""reason"":null,""staleSec"":1839,""probation"":false},{""key"":""camfeed-a-side-85a03b34:TR_VC6cRdqSsicRiY"",""frames"":19333,""reason"":null,""staleSec"":1,""probation"":false},{""key"":""camfeed-a-close-883f2976:TR_VCToTYNatDX5PC"",""frames"":17308,""reason"":null,""staleSec"":1,""probation"":false},{""key"":""contestant-a-297a1aba:TR_VS8yYx8FnhGjiD"",""frames"":null,""reason"":null,""staleSec"":1,""probation"":false}],""trackCount"":4,""ineligibleCount"":0}"
2026-08-28T19:39:46.589073+00:00,2026-08-28T19:39:45.385+00:00,pub_stats,,a,show-qfstpj50,1640836,5077781,800000,58,58,0,30,30,86.97,none,f,f+h+q,3,1080,1920,1080,1920,"SimulcastEncoderAdapter (libvpx, libvpx, libvpx)",42,1,17,0,0,0.0017109999999999998,0.021,1133,,,,,,,live:a,"{""qualityLimitationDurations"":{""cpu"":0,""none"":1808.864,""other"":0,""bandwidth"":31.545}}"
2026-08-28T19:39:46.589073+00:00,2026-08-28T19:39:46.072+00:00,cue_fired,,a,show-qfstpj50,,,,,,,,,,,,,,,,,,,,,,,,,,,,,,,,,,"{""shot"":""wide"",""clipId"":null,""sheetId"":6,""slotRole"":""main"",""timestampMs"":17316,""resolvedTarget"":""contestant-a-297a1aba""}"
2026-08-28T19:39:46.589073+00:00,2026-08-28T19:39:46.072+00:00,shot_publish_success,,a,show-qfstpj50,,,,,,,,,,,,,,,,,,,,,,,,,,,,,,,,,,"{""shot"":""wide"",""slot"":""a"",""commandId"":""1cc2a92d-788a-488b-b114-89385703dfa1"",""decisionSource"":""cue"",""connectionState"":""connected""}"
2026-08-28T19:39:47.349335+00:00,2026-08-28T19:39:46.324+00:00,track_liveness_snapshot,,viewer,show-qfstpj50,,,,,,,,,,,,,,,,,,,,,,,,,,,,,,,,,,"{""entries"":[{""key"":""contestant-a-297a1aba:TR_VCiazSiwiK3Qco"",""frames"":14839,""reason"":null,""staleSec"":0,""probation"":false},{""key"":""camfeed-a-side-85a03b34:TR_VC6cRdqSsicRiY"",""frames"":13609,""reason"":null,""staleSec"":0,""probation"":false},{""key"":""camfeed-a-close-883f2976:TR_VCToTYNatDX5PC"",""frames"":15398,""reason"":null,""staleSec"":0,""probation"":false}],""trackCount"":3,""ineligibleCount"":0}"
2026-08-28T19:39:47.547092+00:00,2026-08-28T19:39:46.576+00:00,broll_stopped,,a,show-qfstpj50,,,,,,,,,,,,,,,,,,,,,,,,,,,,,off_air,,,,,
2026-08-28T19:39:47.547092+00:00,2026-08-28T19:39:46.577+00:00,track_local_unpublished,,a,show-qfstpj50,,,,,,,,,,,,,,,,,,,,,,,,,,,,,,,screen_share,,,"{""kind"":""video"",""trackSid"":""TR_VS8yYx8FnhGjiD"",""participantIdentity"":""contestant-a-297a1aba""}"
2026-08-28T19:39:47.547092+00:00,2026-08-28T19:39:46.577+00:00,pub_track_unpublished,,a,show-qfstpj50,,,,,,,,,,,,,,,,,,,,,,,,,,,,,,,screen_share,TR_VS8yYx8FnhGjiD,,
2026-08-28T19:39:47.547092+00:00,2026-08-28T19:39:46.579+00:00,cue_playback_stopped,,a,show-qfstpj50,,,,,,,,,,,,,,,,,,,,,,,,,,,,,,,,,,"{""sheetId"":6}"
2026-08-28T19:39:47.547092+00:00,2026-08-28T19:39:46.579+00:00,cue_playback_started,,a,show-qfstpj50,,,,,,,,,,,,,,,,,,,,,,,,,,,,,,,,,,"{""sheetId"":6,""cueCount"":11}"
2026-08-28T19:39:47.547092+00:00,2026-08-28T19:39:46.655+00:00,broll_unpublished,,a,show-qfstpj50,,,,,,,,,,,,,,,,,,,,,,,,,,,,,,,,,,"{""clipId"":""d2931782-016a-4333-8381-a6d04684a131""}"
2026-08-28T19:39:47.547092+00:00,2026-08-28T19:39:46.885+00:00,track_liveness_snapshot,,a,show-qfstpj50,,,,,,,,,,,,,,,,,,,,,,,,,,,,,,,,,,"{""entries"":[{""key"":""contestant-a-297a1aba:TR_VCiazSiwiK3Qco"",""frames"":null,""reason"":null,""staleSec"":1841,""probation"":false},{""key"":""camfeed-a-side-85a03b34:TR_VC6cRdqSsicRiY"",""frames"":19351,""reason"":null,""staleSec"":1,""probation"":false},{""key"":""camfeed-a-close-883f2976:TR_VCToTYNatDX5PC"",""frames"":17397,""reason"":null,""staleSec"":1,""probation"":false}],""trackCount"":3,""ineligibleCount"":0}"
2026-08-28T19:39:47.547092+00:00,2026-08-28T19:39:46.885+00:00,broll_source_ended,,a,show-qfstpj50,,,,,,,,,,,,,,,,,,,,,,,,,,,,,,,,,,"{""key"":""contestant-a-297a1aba:TR_VS8yYx8FnhGjiD"",""identity"":""contestant-a-297a1aba""}"
2026-08-28T19:39:48.530292+00:00,2026-08-28T19:39:47.385+00:00,pub_quality_limitation_changed,,a,show-qfstpj50,,,,,,,,,91.41,,,,,,,,,,,,,,,,,,none,bandwidth,,,,,,"{""durations"":{""cpu"":0,""none"":1810.136,""other"":0,""bandwidth"":32.273}}"
2026-08-28T19:39:48.530292+00:00,2026-08-28T19:39:47.385+00:00,pub_stats,,a,show-qfstpj50,715120,1046893,,34,34,0,8,30,91.41,bandwidth,f,f+h+q,3,1080,1920,1080,1920,"SimulcastEncoderAdapter (libvpx, libvpx)",42,1,17,0,0,0.0007769999999999999,0.024,1133,,,,,,,live:a,"{""qualityLimitationDurations"":{""cpu"":0,""none"":1810.136,""other"":0,""bandwidth"":32.273}}"
2026-08-28T19:39:49.724157+00:00,2026-08-28T19:39:48.654+00:00,mic_level_sample,,a,show-qfstpj50,,,,,,,,,,,,,,,,,,,,,,,,,,,,,,,,,,"{""deviceId"":""39fae2b7de1ac0ad5463a5ba3dd688ee748a5433d1272fa9afbea3233dae361b"",""inputRms"":0.00032541455490553396,""outputRms"":0.19662029172280776,""deviceLabel"":""MacBook Air Microphone (Built-in)"",""audioContextState"":""running""}"
2026-08-28T19:39:50.602408+00:00,2026-08-28T19:39:49.385+00:00,pub_stats,,a,show-qfstpj50,0,1186078,,0,0,0,,31,,bandwidth,f,h+q,3,1080,1920,1080,1920,"SimulcastEncoderAdapter (libvpx, libvpx)",42,1,17,0,0,0.003044,0.023,1133,,,,,,,live:a,"{""qualityLimitationDurations"":{""cpu"":0,""none"":1810.136,""other"":0,""bandwidth"":34.272}}"
2026-08-28T19:39:50.602408+00:00,2026-08-28T19:39:49.385+00:00,pub_simulcast_switch,,a,show-qfstpj50,0,1186078,,,,,,,,,,,,,,,,,,,,,,,,,f+h+q,h+q,bandwidth,,,,,
2026-08-28T19:39:50.602408+00:00,2026-08-28T19:39:50.38+00:00,cue_fired,,a,show-qfstpj50,,,,,,,,,,,,,,,,,,,,,,,,,,,,,,,,,,"{""shot"":""closeUp"",""clipId"":null,""sheetId"":6,""slotRole"":""side"",""timestampMs"":21548,""resolvedTarget"":""camfeed-a-side-85a03b34""}"
2026-08-28T19:39:50.602408+00:00,2026-08-28T19:39:50.38+00:00,shot_publish_success,,a,show-qfstpj50,,,,,,,,,,,,,,,,,,,,,,,,,,,,,,,,,,"{""shot"":""closeUp"",""slot"":""a"",""commandId"":""9ac8a040-a1b3-44af-a3e4-443c4ab1d542"",""decisionSource"":""cue"",""connectionState"":""connected""}"
2026-08-28T19:39:51.54869+00:00,2026-08-28T19:39:51.217+00:00,visibility_hidden,,a,show-qfstpj50,,,,,,,,,,,,,,,,,,,,,,,,,,,,,,,,,,"{""audioContextState"":""running""}"
2026-08-28T19:39:51.54869+00:00,2026-08-28T19:39:51.217+00:00,window_blur,,a,show-qfstpj50,,,,,,,,,,,,,,,,,,,,,,,,,,,,,,,,,,
2026-08-28T19:39:51.54869+00:00,2026-08-28T19:39:51.217+00:00,wake_lock_released_by_system,,a,show-qfstpj50,,,,,,,,,,,,,,,,,,,,,,,,,,,,,,,,,live:a,
2026-08-28T19:39:52.187465+00:00,2026-08-28T19:39:51.33+00:00,track_liveness_snapshot,,viewer,show-qfstpj50,,,,,,,,,,,,,,,,,,,,,,,,,,,,,,,,,,"{""entries"":[{""key"":""contestant-a-297a1aba:TR_VCiazSiwiK3Qco"",""frames"":14931,""reason"":null,""staleSec"":0,""probation"":false},{""key"":""camfeed-a-side-85a03b34:TR_VC6cRdqSsicRiY"",""frames"":13671,""reason"":null,""staleSec"":0,""probation"":false},{""key"":""camfeed-a-close-883f2976:TR_VCToTYNatDX5PC"",""frames"":15548,""reason"":null,""staleSec"":0,""probation"":false}],""trackCount"":3,""ineligibleCount"":0}"
2026-08-28T19:39:52.619644+00:00,2026-08-28T19:39:51.385+00:00,pub_stats,,a,show-qfstpj50,0,1380158,,0,0,0,,31,,bandwidth,f,h+q,3,1080,1920,1080,1920,"SimulcastEncoderAdapter (libvpx, libvpx)",42,1,17,0,0,0.001022,0.022,1133,,,,,,,live:a,"{""qualityLimitationDurations"":{""cpu"":0,""none"":1810.136,""other"":0,""bandwidth"":36.272}}"
2026-08-28T19:39:52.619644+00:00,2026-08-28T19:39:51.885+00:00,track_liveness_snapshot,,a,show-qfstpj50,,,,,,,,,,,,,,,,,,,,,,,,,,,,,,,,,,"{""entries"":[{""key"":""contestant-a-297a1aba:TR_VCiazSiwiK3Qco"",""frames"":null,""reason"":null,""staleSec"":1846,""probation"":false},{""key"":""camfeed-a-side-85a03b34:TR_VC6cRdqSsicRiY"",""frames"":19417,""reason"":null,""staleSec"":1,""probation"":false},{""key"":""camfeed-a-close-883f2976:TR_VCToTYNatDX5PC"",""frames"":17547,""reason"":null,""staleSec"":1,""probation"":false}],""trackCount"":3,""ineligibleCount"":0}"
2026-08-28T19:39:53.678702+00:00,2026-08-28T19:39:52.98+00:00,cue_fired,,a,show-qfstpj50,,,,,,,,,,,,,,,,,,,,,,,,,,,,,,,,,,"{""shot"":""bRollClip"",""clipId"":""2e926653-1420-470a-ad3b-eb15cd798117"",""sheetId"":6,""slotRole"":""broll"",""timestampMs"":24085,""resolvedTarget"":null}"
2026-08-28T19:39:53.678702+00:00,2026-08-28T19:39:52.983+00:00,cue_playback_started,,a,show-qfstpj50,,,,,,,,,,,,,,,,,,,,,,,,,,,,,,,,,,"{""sheetId"":6,""cueCount"":11}"
2026-08-28T19:39:53.678702+00:00,2026-08-28T19:39:52.983+00:00,cue_playback_stopped,,a,show-qfstpj50,,,,,,,,,,,,,,,,,,,,,,,,,,,,,,,,,,"{""sheetId"":6}"
2026-08-28T19:39:54.54269+00:00,2026-08-28T19:39:53.385+00:00,pub_stats,,a,show-qfstpj50,0,1620921,,0,0,0,,31,,bandwidth,f,h+q,3,,,1080,1920,"SimulcastEncoderAdapter (libvpx, libvpx)",42,1,17,0,0,0.0007329999999999999,0.022,1133,,,,,,,live:a,"{""qualityLimitationDurations"":{""cpu"":0,""none"":1810.136,""other"":0,""bandwidth"":38.272}}"
2026-08-28T19:39:54.54269+00:00,2026-08-28T19:39:53.386+00:00,director_heartbeat,,a,show-qfstpj50,,,,,,,,,,,,,,,,,,,,,,,,,,,,,,,,,,"{""state"":""suspended""}"
2026-08-28T19:39:54.54269+00:00,2026-08-28T19:39:53.654+00:00,mic_level_sample,,a,show-qfstpj50,,,,,,,,,,,,,,,,,,,,,,,,,,,,,,,,,,"{""deviceId"":""39fae2b7de1ac0ad5463a5ba3dd688ee748a5433d1272fa9afbea3233dae361b"",""inputRms"":0.012142124796892672,""outputRms"":0.1555855276920689,""deviceLabel"":""MacBook Air Microphone (Built-in)"",""audioContextState"":""running""}"
2026-08-28T19:39:55.523114+00:00,2026-08-28T19:39:54.542+00:00,cue_playback_started,,a,show-qfstpj50,,,,,,,,,,,,,,,,,,,,,,,,,,,,,,,,,,"{""sheetId"":6,""cueCount"":11}"
2026-08-28T19:39:55.523114+00:00,2026-08-28T19:39:54.542+00:00,cue_playback_stopped,,a,show-qfstpj50,,,,,,,,,,,,,,,,,,,,,,,,,,,,,,,,,,"{""sheetId"":6}"
2026-08-28T19:39:56.543877+00:00,2026-08-28T19:39:55.385+00:00,pub_quality_limitation_changed,,a,show-qfstpj50,,,,,,,,,80.12,,,,,,,,,,,,,,,,,,bandwidth,none,,,,,,"{""durations"":{""cpu"":0,""none"":1811.883,""other"":0,""bandwidth"":38.526}}"
2026-08-28T19:39:56.543877+00:00,2026-08-28T19:39:55.385+00:00,pub_stats,,a,show-qfstpj50,939680,1869506,800001,52,52,0,30,31,80.12,none,f,f+h+q,3,1080,1920,1080,1920,"SimulcastEncoderAdapter (libvpx, libvpx, libvpx)",43,1,17,0,0,0.0098,0.022,1133,,,,,,,live:a,"{""qualityLimitationDurations"":{""cpu"":0,""none"":1811.883,""other"":0,""bandwidth"":38.526}}"
2026-08-28T19:39:56.543877+00:00,2026-08-28T19:39:55.385+00:00,pub_simulcast_switch,,a,show-qfstpj50,939680,1869506,,,,,,,,,,,,,,,,,,,,,,,,,h+q,f+h+q,none,,,,,
2026-08-28T19:39:57.169313+00:00,2026-08-28T19:39:56.338+00:00,track_liveness_snapshot,,viewer,show-qfstpj50,,,,,,,,,,,,,,,,,,,,,,,,,,,,,,,,,,"{""entries"":[{""key"":""contestant-a-297a1aba:TR_VCiazSiwiK3Qco"",""frames"":15031,""reason"":null,""staleSec"":0,""probation"":false},{""key"":""camfeed-a-side-85a03b34:TR_VC6cRdqSsicRiY"",""frames"":13735,""reason"":null,""staleSec"":0,""probation"":false},{""key"":""camfeed-a-close-883f2976:TR_VCToTYNatDX5PC"",""frames"":15698,""reason"":null,""staleSec"":0,""probation"":false}],""trackCount"":3,""ineligibleCount"":0}"
2026-08-28T19:39:57.545088+00:00,2026-08-28T19:39:56.885+00:00,track_liveness_snapshot,,a,show-qfstpj50,,,,,,,,,,,,,,,,,,,,,,,,,,,,,,,,,,"{""entries"":[{""key"":""contestant-a-297a1aba:TR_VCiazSiwiK3Qco"",""frames"":null,""reason"":null,""staleSec"":1851,""probation"":false},{""key"":""camfeed-a-side-85a03b34:TR_VC6cRdqSsicRiY"",""frames"":19480,""reason"":null,""staleSec"":1,""probation"":false},{""key"":""camfeed-a-close-883f2976:TR_VCToTYNatDX5PC"",""frames"":17697,""reason"":null,""staleSec"":1,""probation"":false}],""trackCount"":3,""ineligibleCount"":0}"
2026-08-28T19:39:58.74512+00:00,2026-08-28T19:39:57.385+00:00,pub_stats,,a,show-qfstpj50,1054592,2209259,1340164,59,59,0,29,31,104.41,none,f,f+h+q,3,1080,1920,1080,1920,"SimulcastEncoderAdapter (libvpx, libvpx, libvpx)",43,1,17,0,0,0.0026769999999999997,0.022,1133,,,,,,,live:a,"{""qualityLimitationDurations"":{""cpu"":0,""none"":1813.882,""other"":0,""bandwidth"":38.526}}"
2026-08-28T19:39:59.723927+00:00,2026-08-28T19:39:58.551+00:00,pub_connection_quality,,a,show-qfstpj50,,,,,,,,,,,,,,,,,,,,,,,,,,,,,,good,,,,
2026-08-28T19:39:59.723927+00:00,2026-08-28T19:39:58.654+00:00,mic_level_sample,,a,show-qfstpj50,,,,,,,,,,,,,,,,,,,,,,,,,,,,,,,,,,"{""deviceId"":""39fae2b7de1ac0ad5463a5ba3dd688ee748a5433d1272fa9afbea3233dae361b"",""inputRms"":0.0003763247657342983,""outputRms"":0.05286380600401924,""deviceLabel"":""MacBook Air Microphone (Built-in)"",""audioContextState"":""running""}"
2026-08-28T19:40:00.617333+00:00,2026-08-28T19:39:59.385+00:00,pub_stats,,a,show-qfstpj50,1194896,2554477,1738468,60,60,0,30,31,89.65,none,f,f+h+q,3,1080,1920,1080,1920,"SimulcastEncoderAdapter (libvpx, libvpx, libvpx)",43,1,17,0,0,0.0006219999999999999,0.024,1133,,,,,,,live:a,"{""qualityLimitationDurations"":{""cpu"":0,""none"":1815.882,""other"":0,""bandwidth"":38.526}}"
2026-08-28T19:40:00.617333+00:00,2026-08-28T19:40:00.144+00:00,cue_fired,,a,show-qfstpj50,,,,,,,,,,,,,,,,,,,,,,,,,,,,,,,,,,"{""shot"":""wide"",""clipId"":null,""sheetId"":6,""slotRole"":""close"",""timestampMs"":31231,""resolvedTarget"":""camfeed-a-close-883f2976""}"
2026-08-28T19:40:00.617333+00:00,2026-08-28T19:40:00.144+00:00,shot_publish_success,,a,show-qfstpj50,,,,,,,,,,,,,,,,,,,,,,,,,,,,,,,,,,"{""shot"":""wide"",""slot"":""a"",""commandId"":""ba0ca092-1f99-4693-ace4-b6f32649cc54"",""decisionSource"":""cue"",""connectionState"":""connected""}"
2026-08-28T19:40:02.223466+00:00,2026-08-28T19:40:01.348+00:00,track_liveness_snapshot,,viewer,show-qfstpj50,,,,,,,,,,,,,,,,,,,,,,,,,,,,,,,,,,"{""entries"":[{""key"":""contestant-a-297a1aba:TR_VCiazSiwiK3Qco"",""frames"":15131,""reason"":null,""staleSec"":0,""probation"":false},{""key"":""camfeed-a-side-85a03b34:TR_VC6cRdqSsicRiY"",""frames"":13827,""reason"":null,""staleSec"":0,""probation"":false},{""key"":""camfeed-a-close-883f2976:TR_VCToTYNatDX5PC"",""frames"":15849,""reason"":null,""staleSec"":0,""probation"":false}],""trackCount"":3,""ineligibleCount"":0}"
2026-08-28T19:40:02.528296+00:00,2026-08-28T19:40:01.385+00:00,pub_stats,,a,show-qfstpj50,1816884,3011590,2236291,60,60,0,30,31,61.18,none,f,f+h+q,3,1080,1920,1080,1920,"SimulcastEncoderAdapter (libvpx, libvpx, libvpx)",43,1,17,0,0,0.004444,0.024,1133,,,,,,,live:a,"{""qualityLimitationDurations"":{""cpu"":0,""none"":1817.883,""other"":0,""bandwidth"":38.526}}"
2026-08-28T19:40:02.528296+00:00,2026-08-28T19:40:02.384+00:00,track_liveness_snapshot,,a,show-qfstpj50,,,,,,,,,,,,,,,,,,,,,,,,,,,,,,,,,,"{""entries"":[{""key"":""contestant-a-297a1aba:TR_VCiazSiwiK3Qco"",""frames"":null,""reason"":null,""staleSec"":1857,""probation"":false},{""key"":""camfeed-a-side-85a03b34:TR_VC6cRdqSsicRiY"",""frames"":19578,""reason"":null,""staleSec"":1,""probation"":false},{""key"":""camfeed-a-close-883f2976:TR_VCToTYNatDX5PC"",""frames"":17847,""reason"":null,""staleSec"":1,""probation"":false}],""trackCount"":3,""ineligibleCount"":0}"
2026-08-28T19:40:04.617077+00:00,2026-08-28T19:40:03.385+00:00,pub_stats,,a,show-qfstpj50,2293184,3451548,2650677,60,60,0,30,31,44.32,none,f,f+h+q,3,1080,1920,1080,1920,"SimulcastEncoderAdapter (libvpx, libvpx, libvpx)",43,1,17,0,0,0.000766,0.023,1133,,,,,,,live:a,"{""qualityLimitationDurations"":{""cpu"":0,""none"":1819.882,""other"":0,""bandwidth"":38.526}}"
2026-08-28T19:40:04.617077+00:00,2026-08-28T19:40:03.387+00:00,director_heartbeat,,a,show-qfstpj50,,,,,,,,,,,,,,,,,,,,,,,,,,,,,,,,,,"{""state"":""suspended""}"
2026-08-28T19:40:04.617077+00:00,2026-08-28T19:40:03.653+00:00,mic_level_sample,,a,show-qfstpj50,,,,,,,,,,,,,,,,,,,,,,,,,,,,,,,,,,"{""deviceId"":""39fae2b7de1ac0ad5463a5ba3dd688ee748a5433d1272fa9afbea3233dae361b"",""inputRms"":0.006282415009846514,""outputRms"":0.38427717134714007,""deviceLabel"":""MacBook Air Microphone (Built-in)"",""audioContextState"":""running""}"
2026-08-28T19:40:06.544859+00:00,2026-08-28T19:40:05.386+00:00,pub_stats,,a,show-qfstpj50,2771202,4091283,3000000,60,60,0,30,30,32.57,none,f,f+h+q,3,1080,1920,1080,1920,"SimulcastEncoderAdapter (libvpx, libvpx, libvpx)",44,1,18,0,0,0.005987999999999999,0.024,1133,,,,,,,live:a,"{""qualityLimitationDurations"":{""cpu"":0,""none"":1821.883,""other"":0,""bandwidth"":38.526}}"
2026-08-28T19:40:07.203637+00:00,2026-08-28T19:40:06.355+00:00,track_liveness_snapshot,,viewer,show-qfstpj50,,,,,,,,,,,,,,,,,,,,,,,,,,,,,,,,,,"{""entries"":[{""key"":""contestant-a-297a1aba:TR_VCiazSiwiK3Qco"",""frames"":15257,""reason"":null,""staleSec"":0,""probation"":false},{""key"":""camfeed-a-side-85a03b34:TR_VC6cRdqSsicRiY"",""frames"":13965,""reason"":null,""staleSec"":0,""probation"":false},{""key"":""camfeed-a-close-883f2976:TR_VCToTYNatDX5PC"",""frames"":15998,""reason"":null,""staleSec"":0,""probation"":false}],""trackCount"":3,""ineligibleCount"":0}"
2026-08-28T19:40:07.610836+00:00,2026-08-28T19:40:07.384+00:00,track_liveness_snapshot,,a,show-qfstpj50,,,,,,,,,,,,,,,,,,,,,,,,,,,,,,,,,,"{""entries"":[{""key"":""contestant-a-297a1aba:TR_VCiazSiwiK3Qco"",""frames"":null,""reason"":null,""staleSec"":1862,""probation"":false},{""key"":""camfeed-a-side-85a03b34:TR_VC6cRdqSsicRiY"",""frames"":19717,""reason"":null,""staleSec"":1,""probation"":false},{""key"":""camfeed-a-close-883f2976:TR_VCToTYNatDX5PC"",""frames"":17996,""reason"":null,""staleSec"":1,""probation"":false}],""trackCount"":3,""ineligibleCount"":0}"
2026-08-28T19:40:08.536389+00:00,2026-08-28T19:40:07.385+00:00,pub_stats,,a,show-qfstpj50,3052322,4725570,3000000,60,60,0,30,30,30.68,none,f,f+h+q,3,1080,1920,1080,1920,"SimulcastEncoderAdapter (libvpx, libvpx, libvpx)",44,1,18,0,0,0.002933,0.022,1133,,,,,,,live:a,"{""qualityLimitationDurations"":{""cpu"":0,""none"":1823.883,""other"":0,""bandwidth"":38.526}}"
2026-08-28T19:40:09.531407+00:00,2026-08-28T19:40:08.654+00:00,mic_level_sample,,a,show-qfstpj50,,,,,,,,,,,,,,,,,,,,,,,,,,,,,,,,,,"{""deviceId"":""39fae2b7de1ac0ad5463a5ba3dd688ee748a5433d1272fa9afbea3233dae361b"",""inputRms"":0.00041400662652098057,""outputRms"":0.07979646705860836,""deviceLabel"":""MacBook Air Microphone (Built-in)"",""audioContextState"":""running""}"
2026-08-28T19:40:10.530055+00:00,2026-08-28T19:40:09.386+00:00,pub_stats,,a,show-qfstpj50,2833855,5480967,3000000,60,60,0,30,30,34.95,none,f,f+h+q,3,1080,1920,1080,1920,"SimulcastEncoderAdapter (libvpx, libvpx, libvpx)",44,1,18,0,0,0.000744,0.022,1133,,,,,,,live:a,"{""qualityLimitationDurations"":{""cpu"":0,""none"":1825.883,""other"":0,""bandwidth"":38.526}}"
2026-08-28T19:40:11.560757+00:00,2026-08-28T19:40:10.544+00:00,shot_publish_success,,a,show-qfstpj50,,,,,,,,,,,,,,,,,,,,,,,,,,,,,,,,,,"{""shot"":""wide"",""slot"":""a"",""commandId"":""36e76575-43b2-490a-a2ae-0c868e1454cb"",""decisionSource"":""cue"",""connectionState"":""connected""}"
2026-08-28T19:40:11.560757+00:00,2026-08-28T19:40:10.544+00:00,cue_fired,,a,show-qfstpj50,,,,,,,,,,,,,,,,,,,,,,,,,,,,,,,,,,"{""shot"":""wide"",""clipId"":null,""sheetId"":6,""slotRole"":""side"",""timestampMs"":41651,""resolvedTarget"":""camfeed-a-side-85a03b34""}"
2026-08-28T19:40:12.371139+00:00,2026-08-28T19:40:11.36+00:00,track_liveness_snapshot,,viewer,show-qfstpj50,,,,,,,,,,,,,,,,,,,,,,,,,,,,,,,,,,"{""entries"":[{""key"":""contestant-a-297a1aba:TR_VCiazSiwiK3Qco"",""frames"":15408,""reason"":null,""staleSec"":0,""probation"":false},{""key"":""camfeed-a-side-85a03b34:TR_VC6cRdqSsicRiY"",""frames"":14092,""reason"":null,""staleSec"":0,""probation"":false},{""key"":""camfeed-a-close-883f2976:TR_VCToTYNatDX5PC"",""frames"":16148,""reason"":null,""staleSec"":0,""probation"":false}],""trackCount"":3,""ineligibleCount"":0}"
2026-08-28T19:40:12.571156+00:00,2026-08-28T19:40:11.386+00:00,pub_stats,,a,show-qfstpj50,3036772,6106348,2983328,60,60,0,30,30,28.33,none,f,f+h+q,3,1080,1920,1080,1920,"SimulcastEncoderAdapter (libvpx, libvpx, libvpx)",44,1,18,0,0,0.000377,0.022,1133,,,,,,,live:a,"{""qualityLimitationDurations"":{""cpu"":0,""none"":1827.883,""other"":0,""bandwidth"":38.526}}"
2026-08-28T19:40:12.571156+00:00,2026-08-28T19:40:12.385+00:00,track_liveness_snapshot,,a,show-qfstpj50,,,,,,,,,,,,,,,,,,,,,,,,,,,,,,,,,,"{""entries"":[{""key"":""contestant-a-297a1aba:TR_VCiazSiwiK3Qco"",""frames"":null,""reason"":null,""staleSec"":1867,""probation"":false},{""key"":""camfeed-a-side-85a03b34:TR_VC6cRdqSsicRiY"",""frames"":19838,""reason"":null,""staleSec"":1,""probation"":false},{""key"":""camfeed-a-close-883f2976:TR_VCToTYNatDX5PC"",""frames"":18146,""reason"":null,""staleSec"":1,""probation"":false}],""trackCount"":3,""ineligibleCount"":0}"
2026-08-28T19:40:14.549423+00:00,2026-08-28T19:40:13.385+00:00,pub_stats,,a,show-qfstpj50,2964402,6379001,3000000,60,60,0,30,30,38.48,none,f,f+h+q,3,1080,1920,1080,1920,"SimulcastEncoderAdapter (libvpx, libvpx, libvpx)",44,1,18,0,0,0.0005,0.023,1133,,,,,,,live:a,"{""qualityLimitationDurations"":{""cpu"":0,""none"":1829.883,""other"":0,""bandwidth"":38.526}}"
2026-08-28T19:40:14.549423+00:00,2026-08-28T19:40:13.386+00:00,director_heartbeat,,a,show-qfstpj50,,,,,,,,,,,,,,,,,,,,,,,,,,,,,,,,,,"{""state"":""suspended""}"
2026-08-28T19:40:14.549423+00:00,2026-08-28T19:40:13.553+00:00,pub_connection_quality,,a,show-qfstpj50,,,,,,,,,,,,,,,,,,,,,,,,,,,,,,excellent,,,,
2026-08-28T19:40:14.549423+00:00,2026-08-28T19:40:13.654+00:00,mic_level_sample,,a,show-qfstpj50,,,,,,,,,,,,,,,,,,,,,,,,,,,,,,,,,,"{""deviceId"":""39fae2b7de1ac0ad5463a5ba3dd688ee748a5433d1272fa9afbea3233dae361b"",""inputRms"":0.00025864463609051835,""outputRms"":0.054482095435349834,""deviceLabel"":""MacBook Air Microphone (Built-in)"",""audioContextState"":""running""}"
2026-08-28T19:40:16.771001+00:00,2026-08-28T19:40:15.385+00:00,pub_stats,,a,show-qfstpj50,2940792,6379001,3000000,60,60,0,30,30,43.97,none,f,f+h+q,3,1080,1920,1080,1920,"SimulcastEncoderAdapter (libvpx, libvpx, libvpx)",44,1,18,0,0,0.0007329999999999999,0.024,1133,,,,,,,live:a,"{""qualityLimitationDurations"":{""cpu"":0,""none"":1831.882,""other"":0,""bandwidth"":38.526}}"
2026-08-28T19:40:16.771001+00:00,2026-08-28T19:40:15.544+00:00,shot_publish_success,,a,show-qfstpj50,,,,,,,,,,,,,,,,,,,,,,,,,,,,,,,,,,"{""shot"":""zoomIn"",""slot"":""a"",""commandId"":""07e7d265-0ca1-44b3-8e8a-91378865a5be"",""decisionSource"":""cue"",""connectionState"":""connected""}"
2026-08-28T19:40:16.771001+00:00,2026-08-28T19:40:15.544+00:00,cue_fired,,a,show-qfstpj50,,,,,,,,,,,,,,,,,,,,,,,,,,,,,,,,,,"{""shot"":""zoomIn"",""clipId"":null,""sheetId"":6,""slotRole"":""close"",""timestampMs"":46814,""resolvedTarget"":""camfeed-a-close-883f2976""}"
2026-08-28T19:40:17.632939+00:00,2026-08-28T19:40:16.367+00:00,track_liveness_snapshot,,viewer,show-qfstpj50,,,,,,,,,,,,,,,,,,,,,,,,,,,,,,,,,,"{""entries"":[{""key"":""contestant-a-297a1aba:TR_VCiazSiwiK3Qco"",""frames"":15558,""reason"":null,""staleSec"":0,""probation"":false},{""key"":""camfeed-a-side-85a03b34:TR_VC6cRdqSsicRiY"",""frames"":14199,""reason"":null,""staleSec"":0,""probation"":false},{""key"":""camfeed-a-close-883f2976:TR_VCToTYNatDX5PC"",""frames"":16298,""reason"":null,""staleSec"":0,""probation"":false}],""trackCount"":3,""ineligibleCount"":0}"
2026-08-28T19:40:17.581591+00:00,2026-08-28T19:40:17.385+00:00,track_liveness_snapshot,,a,show-qfstpj50,,,,,,,,,,,,,,,,,,,,,,,,,,,,,,,,,,"{""entries"":[{""key"":""contestant-a-297a1aba:TR_VCiazSiwiK3Qco"",""frames"":null,""reason"":null,""staleSec"":1872,""probation"":false},{""key"":""camfeed-a-side-85a03b34:TR_VC6cRdqSsicRiY"",""frames"":19950,""reason"":null,""staleSec"":1,""probation"":false},{""key"":""camfeed-a-close-883f2976:TR_VCToTYNatDX5PC"",""frames"":18296,""reason"":null,""staleSec"":1,""probation"":false}],""trackCount"":3,""ineligibleCount"":0}"
2026-08-28T19:40:18.552549+00:00,2026-08-28T19:40:17.386+00:00,pub_stats,,a,show-qfstpj50,3105371,6527284,3000000,60,60,0,30,30,41.47,none,f,f+h+q,3,1080,1920,1080,1920,"SimulcastEncoderAdapter (libvpx, libvpx, libvpx)",44,1,18,0,0,0.000655,0.023,1133,,,,,,,live:a,"{""qualityLimitationDurations"":{""cpu"":0,""none"":1833.883,""other"":0,""bandwidth"":38.526}}"
2026-08-28T19:40:19.534264+00:00,2026-08-28T19:40:18.655+00:00,mic_level_sample,,a,show-qfstpj50,,,,,,,,,,,,,,,,,,,,,,,,,,,,,,,,,,"{""deviceId"":""39fae2b7de1ac0ad5463a5ba3dd688ee748a5433d1272fa9afbea3233dae361b"",""inputRms"":0.01983011808050741,""outputRms"":0.47542425271433053,""deviceLabel"":""MacBook Air Microphone (Built-in)"",""audioContextState"":""running""}"
2026-08-28T19:40:19.534264+00:00,2026-08-28T19:40:19.144+00:00,cue_fired,,a,show-qfstpj50,,,,,,,,,,,,,,,,,,,,,,,,,,,,,,,,,,"{""shot"":""wide"",""clipId"":null,""sheetId"":6,""slotRole"":""main"",""timestampMs"":50300,""resolvedTarget"":""contestant-a-297a1aba""}"