created_at,client_ts,event_type,participant_identity,role,show_id,uplinkBps,availableOutgoingBitrate,targetBitrate,framesEncodedDelta,framesSentDelta,framesNotSent,fps,sourceFps,avgQp,qualityLimitationReason,rid,activeLayers,layerCount,width,height,sourceWidth,sourceHeight,encoder,keyFramesEncoded,nackCount,pliCount,firCount,packetsLost,jitter,rttSec,retransmittedBytesSent,from,to,reason,quality,source,sid,label,extra
2026-08-30T16:21:06.067821+00:00,2026-08-30T16:21:04.522+00:00,room_state_at_mount,,a,show-jm6rlv90,,,,,,,,,,,,,,,,,,,,,,,,,,,,,,,,,,"{""state"":""disconnected"",""transport"":{""pcState"":""new"",""signalWs"":null,""available"":true,""roomState"":""disconnected"",""hasPcManager"":false,""publisherIce"":null,""subscriberIce"":null,""verifyTransport"":false,""pcTransportState"":null,""publisherPromiseSet"":false,""publisherIceConnected"":null}}"
2026-08-30T16:21:06.067821+00:00,2026-08-30T16:21:04.522+00:00,live_audio_effect_entered,,a,show-jm6rlv90,,,,,,,,,,,,,,,,,,,,,,,,,,,,,,,,,,"{""run"":1,""roomChanged"":false}"
2026-08-30T16:21:06.067821+00:00,2026-08-30T16:21:04.522+00:00,audio_graph_reused,,a,show-jm6rlv90,,,,,,,,,,,,,,,,,,,,,,,,,,,,,already_live,,,,,
2026-08-30T16:21:06.067821+00:00,2026-08-30T16:21:04.524+00:00,audio_publish_attempt,,a,show-jm6rlv90,,,,,,,,,,,,,,,,,,,,,,,,,,,,,,,,,,
2026-08-30T16:21:06.067821+00:00,2026-08-30T16:21:04.526+00:00,room_connection_state_changed,,a,show-jm6rlv90,,,,,,,,,,,,,,,,,,,,,,,,,,,,,,,,,,"{""state"":""connecting""}"
2026-08-30T16:21:06.067821+00:00,2026-08-30T16:21:04.54+00:00,wake_lock_acquired,,a,show-jm6rlv90,,,,,,,,,,,,,,,,,,,,,,,,,,,,,,,,,live:a,
2026-08-30T16:21:06.067821+00:00,2026-08-30T16:21:04.587+00:00,backing_deck_raf,,a,show-jm6rlv90,,,,,,,,,,,,,,,,,,,,,,,,,,,,,teardown,,,,,"{""elapsedMs"":34,""idleFrames"":3,""hasDuration"":false,""activeFrames"":0,""changedLabel"":0,""changedWidth"":0,""playingFrames"":0}"
2026-08-30T16:21:06.067821+00:00,2026-08-30T16:21:04.587+00:00,backing_deck_loaded,,a,show-jm6rlv90,,,,,,,,,,,,,,,,,,,,,,,,,,,,,,,rehydrate,,,"{""durationSec"":195,""waveformPoints"":180,""approxBufferBytes"":68952064}"
2026-08-30T16:21:06.067821+00:00,2026-08-30T16:21:04.7+00:00,signal_connected,,a,show-jm6rlv90,,,,,,,,,,,,,,,,,,,,,,,,,,,,,,,,,,"{""transport"":{""pcState"":""new"",""signalWs"":""open"",""available"":true,""roomState"":""connecting"",""hasPcManager"":true,""publisherIce"":""new"",""subscriberIce"":null,""verifyTransport"":false,""pcTransportState"":0,""publisherPromiseSet"":false,""publisherIceConnected"":false},""occurrence"":1}"
2026-08-30T16:21:06.067821+00:00,2026-08-30T16:21:04.704+00:00,audio_publish_failure,,a,show-jm6rlv90,,,,,,,,,,,,,,,,,,,,,,,,,,,,,,,,,,"{""error"":""a track with the same ID has already been published"",""durationMs"":180}"
2026-08-30T16:21:06.067821+00:00,2026-08-30T16:21:04.767+00:00,pub_track_published,,a,show-jm6rlv90,,,,,,,,,,,,,,,,,,,,,,,,,,,,,,,microphone,TR_AMfWhxuh6GURzb,,
2026-08-30T16:21:06.067821+00:00,2026-08-30T16:21:04.767+00:00,track_local_published,,a,show-jm6rlv90,,,,,,,,,,,,,,,,,,,,,,,,,,,,,,,microphone,,,"{""kind"":""audio"",""trackSid"":""TR_AMfWhxuh6GURzb"",""participantIdentity"":""contestant-a-c79e4705""}"
2026-08-30T16:21:06.067821+00:00,2026-08-30T16:21:04.767+00:00,ensure_audio_published,,a,show-jm6rlv90,,,,,,,,,,,,,,,,,,,,,,,,,,,,,,,,,,"{""action"":""republished"",""trigger"":""signal_connected""}"
2026-08-30T16:21:06.067821+00:00,2026-08-30T16:21:04.856+00:00,room_connection_state_changed,,a,show-jm6rlv90,,,,,,,,,,,,,,,,,,,,,,,,,,,,,,,,,,"{""state"":""connected""}"
2026-08-30T16:21:06.067821+00:00,2026-08-30T16:21:04.856+00:00,room_connected,,a,show-jm6rlv90,,,,,,,,,,,,,,,,,,,,,,,,,,,,,,,,,,"{""state"":""connected"",""transport"":{""pcState"":""connected"",""signalWs"":""open"",""available"":true,""roomState"":""connected"",""hasPcManager"":true,""publisherIce"":""connected"",""subscriberIce"":null,""verifyTransport"":true,""pcTransportState"":2,""publisherPromiseSet"":false,""publisherIceConnected"":true}}"
2026-08-30T16:21:06.067821+00:00,2026-08-30T16:21:04.858+00:00,start_preflight_begin,,a,show-jm6rlv90,,,,,,,,,,,,,,,,,,,,,,,,,,,,,,,,,,"{""waited"":false,""timedOut"":false,""transport"":{""pcState"":""connected"",""signalWs"":""open"",""available"":true,""roomState"":""connected"",""hasPcManager"":true,""publisherIce"":""connected"",""subscriberIce"":null,""verifyTransport"":true,""pcTransportState"":2,""publisherPromiseSet"":false,""publisherIceConnected"":true}}"
2026-08-30T16:21:06.067821+00:00,2026-08-30T16:21:04.91+00:00,health_probe_publish_success,,a,show-jm6rlv90,,,,,,,,,,,,,,,,,,,,,,,,,,,,,,,,,,"{""connectionState"":""connected""}"
2026-08-30T16:21:06.067821+00:00,2026-08-30T16:21:04.91+00:00,start_preflight_outcome,,a,show-jm6rlv90,,,,,,,,,,,,,,,,,,,,,,,,,,,,,,,,,,"{""outcome"":""clean"",""recovered"":false,""transport"":{""pcState"":""connected"",""signalWs"":""open"",""available"":true,""roomState"":""connected"",""hasPcManager"":true,""publisherIce"":""connected"",""subscriberIce"":null,""verifyTransport"":true,""pcTransportState"":2,""publisherPromiseSet"":true,""publisherIceConnected"":true}}"
2026-08-30T16:21:06.067821+00:00,2026-08-30T16:21:04.91+00:00,mode_changed,,a,show-jm6rlv90,,,,,,,,,,,,,,,,,,,,,,,,,,,,,,,,,,"{""mode"":""auto""}"
2026-08-30T16:21:06.067821+00:00,2026-08-30T16:21:04.91+00:00,director_loop_started,,a,show-jm6rlv90,,,,,,,,,,,,,,,,,,,,,,,,,,,,,transition,,,,,"{""preflight"":""clean"",""transport"":{""pcState"":""connected"",""signalWs"":""open"",""available"":true,""roomState"":""connected"",""hasPcManager"":true,""publisherIce"":""connected"",""subscriberIce"":null,""verifyTransport"":true,""pcTransportState"":2,""publisherPromiseSet"":true,""publisherIceConnected"":true}}"
2026-08-30T16:21:06.067821+00:00,2026-08-30T16:21:04.934+00:00,session_state_subscribed,,a,show-jm6rlv90,,,,,,,,,,,,,,,,,,,,,,,,,,,,,,,,,,"{""showId"":""3332840d-362d-4c03-89f9-2f4e88e500fa""}"
2026-08-30T16:21:06.662726+00:00,2026-08-30T16:21:05.602+00:00,egress_command_failed,,a,show-jm6rlv90,,,,,,,,,,,,,,,,,,,,,,,,,,,,,,,,,,"{""room"":""show-jm6rlv90"",""stage"":""refused (500)"",""action"":""start"",""detail"":""Server missing egress environment variables""}"
2026-08-30T16:21:06.662726+00:00,2026-08-30T16:21:06.031+00:00,pub_track_published,,a,show-jm6rlv90,,,,,,,,,,,,,,,,,,,,,,,,,,,,,,,camera,TR_VC5tpJKFMjd7Vk,,
2026-08-30T16:21:06.662726+00:00,2026-08-30T16:21:06.031+00:00,track_local_published,,a,show-jm6rlv90,,,,,,,,,,,,,,,,,,,,,,,,,,,,,,,camera,,,"{""kind"":""video"",""trackSid"":""TR_VC5tpJKFMjd7Vk"",""participantIdentity"":""contestant-a-c79e4705""}"
2026-08-30T16:21:06.662726+00:00,2026-08-30T16:21:06.522+00:00,track_liveness_snapshot,,a,show-jm6rlv90,,,,,,,,,,,,,,,,,,,,,,,,,,,,,,,,,,"{""entries"":[{""key"":""contestant-a-c79e4705:TR_VC5tpJKFMjd7Vk"",""frames"":null,""reason"":null,""staleSec"":0,""probation"":false}],""trackCount"":1,""ineligibleCount"":0}"
2026-08-30T16:21:07.694918+00:00,2026-08-30T16:21:06.525+00:00,pub_stats,,a,show-jm6rlv90,,1023664,375000,,,,22,32.05128205128205,,bandwidth,h,,3,360,640,1080,1920,"SimulcastEncoderAdapter (libvpx, libvpx)",1,0,0,0,,,0.025,0,,,,,,,live:a,"{""qualityLimitationDurations"":{""cpu"":0,""none"":0.036,""other"":0,""bandwidth"":0.458}}"
2026-08-30T16:21:09.698563+00:00,2026-08-30T16:21:08.523+00:00,pub_stats,,a,show-jm6rlv90,879247,1195203,450000,40,40,0,20,31,53.58,bandwidth,h,h+q,3,360,640,1080,1920,"SimulcastEncoderAdapter (libvpx, libvpx)",2,0,1,0,0,0.0006439999999999999,0.026,0,,,,,,,live:a,"{""qualityLimitationDurations"":{""cpu"":0,""none"":0.036,""other"":0,""bandwidth"":2.458}}"
2026-08-30T16:21:09.698563+00:00,2026-08-30T16:21:08.912+00:00,director_shot_emitted,,a,show-jm6rlv90,,,,,,,,,,,,,,,,,,,,,,,,,,,,,,,,,,"{""shot"":""pan"",""slot"":""a"",""sourceRole"":""main"",""decisionSource"":""auto"",""targetIdentity"":""contestant-a-c79e4705""}"
2026-08-30T16:21:09.698563+00:00,2026-08-30T16:21:08.912+00:00,shot_publish_success,,a,show-jm6rlv90,,,,,,,,,,,,,,,,,,,,,,,,,,,,,,,,,,"{""shot"":""pan"",""slot"":""a"",""commandId"":""b83e32c2-4278-4a31-b519-d2782e1f1ebb"",""decisionSource"":""auto"",""connectionState"":""connected""}"
2026-08-30T16:21:10.679543+00:00,2026-08-30T16:21:09.554+00:00,mic_level_sample,,a,show-jm6rlv90,,,,,,,,,,,,,,,,,,,,,,,,,,,,,,,,,,"{""deviceId"":""a58e21953fa187ebbfa035f4c18fb6d2d3f12f0c3a35994d56f0781fea8405af"",""inputRms"":0.0876500821636965,""outputRms"":0.29023236903087174,""deviceLabel"":""MacBook Air Microphone (Built-in)"",""audioContextState"":""running""}"
2026-08-30T16:21:10.679543+00:00,2026-08-30T16:21:09.692+00:00,pub_connection_quality,,a,show-jm6rlv90,,,,,,,,,,,,,,,,,,,,,,,,,,,,,,excellent,,,,
2026-08-30T16:21:11.661453+00:00,2026-08-30T16:21:10.523+00:00,pub_stats,,a,show-jm6rlv90,1023312,1394190,450000,40,40,0,20,30,24.68,bandwidth,h,h+q,3,360,640,1080,1920,"SimulcastEncoderAdapter (libvpx, libvpx)",2,0,1,0,0,0.0007999999999999999,0.025,0,,,,,,,live:a,"{""qualityLimitationDurations"":{""cpu"":0,""none"":0.036,""other"":0,""bandwidth"":4.458}}"
2026-08-30T16:21:11.661453+00:00,2026-08-30T16:21:11.522+00:00,track_liveness_snapshot,,a,show-jm6rlv90,,,,,,,,,,,,,,,,,,,,,,,,,,,,,,,,,,"{""entries"":[{""key"":""contestant-a-c79e4705:TR_VC5tpJKFMjd7Vk"",""frames"":null,""reason"":null,""staleSec"":5,""probation"":false}],""trackCount"":1,""ineligibleCount"":0}"
2026-08-30T16:21:13.673297+00:00,2026-08-30T16:21:12.523+00:00,pub_stats,,a,show-jm6rlv90,1189784,1584793,450000,40,40,0,20,30,18.3,bandwidth,h,h+q,3,360,640,1080,1920,"SimulcastEncoderAdapter (libvpx, libvpx)",2,0,1,0,0,0.0007999999999999999,0.025,0,,,,,,,live:a,"{""qualityLimitationDurations"":{""cpu"":0,""none"":0.036,""other"":0,""bandwidth"":6.458}}"
2026-08-30T16:21:15.728348+00:00,2026-08-30T16:21:14.522+00:00,pub_stats,,a,show-jm6rlv90,539882,1793321,281773,40,40,0,20,30,47.33,none,h,f+h+q,3,360,640,1080,1920,"SimulcastEncoderAdapter (libvpx, libvpx, libvpx)",4,0,1,0,0,0.004455,0.026,0,,,,,,,live:a,"{""qualityLimitationDurations"":{""cpu"":0,""none"":1.656,""other"":0,""bandwidth"":6.837}}"
2026-08-30T16:21:15.728348+00:00,2026-08-30T16:21:14.522+00:00,pub_simulcast_switch,,a,show-jm6rlv90,539882,1793321,,,,,,,,,,,,,,,,,,,,,,,,,h+q,f+h+q,none,,,,,
2026-08-30T16:21:15.728348+00:00,2026-08-30T16:21:14.522+00:00,pub_quality_limitation_changed,,a,show-jm6rlv90,,,,,,,,,47.33,,,,,,,,,,,,,,,,,,bandwidth,none,,,,,,"{""durations"":{""cpu"":0,""none"":1.656,""other"":0,""bandwidth"":6.837}}"
2026-08-30T16:21:15.728348+00:00,2026-08-30T16:21:14.525+00:00,director_heartbeat,,a,show-jm6rlv90,,,,,,,,,,,,,,,,,,,,,,,,,,,,,,,,,,"{""state"":""running""}"
2026-08-30T16:21:15.728348+00:00,2026-08-30T16:21:14.554+00:00,mic_level_sample,,a,show-jm6rlv90,,,,,,,,,,,,,,,,,,,,,,,,,,,,,,,,,,"{""deviceId"":""a58e21953fa187ebbfa035f4c18fb6d2d3f12f0c3a35994d56f0781fea8405af"",""inputRms"":0.03610654789896794,""outputRms"":0.164138013858909,""deviceLabel"":""MacBook Air Microphone (Built-in)"",""audioContextState"":""running""}"
2026-08-30T16:21:17.739494+00:00,2026-08-30T16:21:16.523+00:00,pub_stats,,a,show-jm6rlv90,303832,2178945,373258,40,40,0,20,30,43.7,none,h,f+h+q,3,360,640,1080,1920,"SimulcastEncoderAdapter (libvpx, libvpx, libvpx)",4,0,1,0,0,0.000855,0.027,0,,,,,,,live:a,"{""qualityLimitationDurations"":{""cpu"":0,""none"":3.657,""other"":0,""bandwidth"":6.837}}"
2026-08-30T16:21:17.739494+00:00,2026-08-30T16:21:17.021+00:00,track_liveness_snapshot,,a,show-jm6rlv90,,,,,,,,,,,,,,,,,,,,,,,,,,,,,,,,,,"{""entries"":[{""key"":""contestant-a-c79e4705:TR_VC5tpJKFMjd7Vk"",""frames"":null,""reason"":null,""staleSec"":10,""probation"":false}],""trackCount"":1,""ineligibleCount"":0}"
2026-08-30T16:21:19.663598+00:00,2026-08-30T16:21:18.523+00:00,pub_stats,,a,show-jm6rlv90,431464,2581385,395048,40,40,0,20,31,43.63,none,h,f+h+q,3,360,640,1080,1920,"SimulcastEncoderAdapter (libvpx, libvpx, libvpx)",4,0,1,0,0,0.006633,0.025,0,,,,,,,live:a,"{""qualityLimitationDurations"":{""cpu"":0,""none"":5.657,""other"":0,""bandwidth"":6.837}}"
2026-08-30T16:21:20.67733+00:00,2026-08-30T16:21:19.555+00:00,mic_level_sample,,a,show-jm6rlv90,,,,,,,,,,,,,,,,,,,,,,,,,,,,,,,,,,"{""deviceId"":""a58e21953fa187ebbfa035f4c18fb6d2d3f12f0c3a35994d56f0781fea8405af"",""inputRms"":0.05588341388480419,""outputRms"":0.09286745599176385,""deviceLabel"":""MacBook Air Microphone (Built-in)"",""audioContextState"":""running""}"
2026-08-30T16:21:21.654321+00:00,2026-08-30T16:21:20.523+00:00,pub_stats,,a,show-jm6rlv90,664404,2959318,2089237,,,,30,30,,none,f,f+h+q,3,1080,1920,1080,1920,"SimulcastEncoderAdapter (libvpx, libvpx, libvpx)",2,0,1,0,0,0.0034,0.025,0,,,,,,,live:a,"{""qualityLimitationDurations"":{""cpu"":0,""none"":7.657,""other"":0,""bandwidth"":6.837}}"
2026-08-30T16:21:21.654321+00:00,2026-08-30T16:21:21.164+00:00,wake_lock_released_by_system,,a,show-jm6rlv90,,,,,,,,,,,,,,,,,,,,,,,,,,,,,,,,,live:a,
2026-08-30T16:21:21.654321+00:00,2026-08-30T16:21:21.164+00:00,window_blur,,a,show-jm6rlv90,,,,,,,,,,,,,,,,,,,,,,,,,,,,,,,,,,
2026-08-30T16:21:21.654321+00:00,2026-08-30T16:21:21.164+00:00,visibility_hidden,,a,show-jm6rlv90,,,,,,,,,,,,,,,,,,,,,,,,,,,,,,,,,,"{""audioContextState"":""running""}"
2026-08-30T16:21:22.657146+00:00,2026-08-30T16:21:22.022+00:00,track_liveness_snapshot,,a,show-jm6rlv90,,,,,,,,,,,,,,,,,,,,,,,,,,,,,,,,,,"{""entries"":[{""key"":""contestant-a-c79e4705:TR_VC5tpJKFMjd7Vk"",""frames"":null,""reason"":null,""staleSec"":16,""probation"":false}],""trackCount"":1,""ineligibleCount"":0}"
2026-08-30T16:21:23.661502+00:00,2026-08-30T16:21:22.523+00:00,pub_stats,,a,show-jm6rlv90,2170364,3432721,2594273,60,60,0,30,30,61.58,none,f,f+h+q,3,1080,1920,1080,1920,"SimulcastEncoderAdapter (libvpx, libvpx, libvpx)",2,0,1,0,0,0.006366,0.026,0,,,,,,,live:a,"{""qualityLimitationDurations"":{""cpu"":0,""none"":9.657,""other"":0,""bandwidth"":6.837}}"
2026-08-30T16:21:25.743614+00:00,2026-08-30T16:21:24.523+00:00,pub_stats,,a,show-jm6rlv90,2514800,4014430,3000000,60,60,0,30,30,37.58,none,f,f+h+q,3,1080,1920,1080,1920,"SimulcastEncoderAdapter (libvpx, libvpx, libvpx)",2,0,1,0,0,0.0034549999999999997,0.025,0,,,,,,,live:a,"{""qualityLimitationDurations"":{""cpu"":0,""none"":11.657,""other"":0,""bandwidth"":6.837}}"
2026-08-30T16:21:25.743614+00:00,2026-08-30T16:21:24.525+00:00,director_heartbeat,,a,show-jm6rlv90,,,,,,,,,,,,,,,,,,,,,,,,,,,,,,,,,,"{""state"":""running""}"
2026-08-30T16:21:25.743614+00:00,2026-08-30T16:21:24.554+00:00,mic_level_sample,,a,show-jm6rlv90,,,,,,,,,,,,,,,,,,,,,,,,,,,,,,,,,,"{""deviceId"":""a58e21953fa187ebbfa035f4c18fb6d2d3f12f0c3a35994d56f0781fea8405af"",""inputRms"":0.020805240887630777,""outputRms"":0.07448976742002288,""deviceLabel"":""MacBook Air Microphone (Built-in)"",""audioContextState"":""running""}"
2026-08-30T16:21:27.654088+00:00,2026-08-30T16:21:26.523+00:00,pub_stats,,a,show-jm6rlv90,3030360,4729660,3000000,60,60,0,30,30,28.75,none,f,f+h+q,3,1080,1920,1080,1920,"SimulcastEncoderAdapter (libvpx, libvpx, libvpx)",2,0,1,0,0,0.0034219999999999997,0.024,0,,,,,,,live:a,"{""qualityLimitationDurations"":{""cpu"":0,""none"":13.657,""other"":0,""bandwidth"":6.837}}"
2026-08-30T16:21:27.654088+00:00,2026-08-30T16:21:27.022+00:00,track_liveness_snapshot,,a,show-jm6rlv90,,,,,,,,,,,,,,,,,,,,,,,,,,,,,,,,,,"{""entries"":[{""key"":""contestant-a-c79e4705:TR_VC5tpJKFMjd7Vk"",""frames"":null,""reason"":null,""staleSec"":21,""probation"":false}],""trackCount"":1,""ineligibleCount"":0}"
2026-08-30T16:21:29.665635+00:00,2026-08-30T16:21:28.523+00:00,pub_stats,,a,show-jm6rlv90,3009000,5464084,3000000,60,60,0,30,30,21.88,none,f,f+h+q,3,1080,1920,1080,1920,"SimulcastEncoderAdapter (libvpx, libvpx, libvpx)",2,0,1,0,0,0.003,0.024,0,,,,,,,live:a,"{""qualityLimitationDurations"":{""cpu"":0,""none"":15.657,""other"":0,""bandwidth"":6.837}}"
2026-08-30T16:21:30.668892+00:00,2026-08-30T16:21:29.555+00:00,mic_level_sample,,a,show-jm6rlv90,,,,,,,,,,,,,,,,,,,,,,,,,,,,,,,,,,"{""deviceId"":""a58e21953fa187ebbfa035f4c18fb6d2d3f12f0c3a35994d56f0781fea8405af"",""inputRms"":0.04986629765235651,""outputRms"":0.37311620146625657,""deviceLabel"":""MacBook Air Microphone (Built-in)"",""audioContextState"":""running""}"
2026-08-30T16:21:31.656666+00:00,2026-08-30T16:21:30.523+00:00,pub_stats,,a,show-jm6rlv90,3040544,6085090,2895127,60,60,0,30,30,21.13,none,f,f+h+q,3,1080,1920,1080,1920,"SimulcastEncoderAdapter (libvpx, libvpx, libvpx)",2,0,1,0,0,0.002933,0.024,0,,,,,,,live:a,"{""qualityLimitationDurations"":{""cpu"":0,""none"":17.657,""other"":0,""bandwidth"":6.837}}"
2026-08-30T16:21:32.663398+00:00,2026-08-30T16:21:32.023+00:00,track_liveness_snapshot,,a,show-jm6rlv90,,,,,,,,,,,,,,,,,,,,,,,,,,,,,,,,,,"{""entries"":[{""key"":""contestant-a-c79e4705:TR_VC5tpJKFMjd7Vk"",""frames"":null,""reason"":null,""staleSec"":26,""probation"":false}],""trackCount"":1,""ineligibleCount"":0}"
2026-08-30T16:21:33.662635+00:00,2026-08-30T16:21:32.523+00:00,pub_stats,,a,show-jm6rlv90,2871700,6243560,2964410,60,60,0,31,30,20.82,none,f,f+h+q,3,1080,1920,1080,1920,"SimulcastEncoderAdapter (libvpx, libvpx, libvpx)",2,0,1,0,0,0.002833,0.026,0,,,,,,,live:a,"{""qualityLimitationDurations"":{""cpu"":0,""none"":19.657,""other"":0,""bandwidth"":6.837}}"
2026-08-30T16:21:35.667986+00:00,2026-08-30T16:21:34.522+00:00,pub_stats,,a,show-jm6rlv90,3139746,6508316,2918283,60,60,0,31,30,22.85,none,f,f+h+q,3,1080,1920,1080,1920,"SimulcastEncoderAdapter (libvpx, libvpx, libvpx)",2,0,1,0,0,0.003055,0.025,0,,,,,,,live:a,"{""qualityLimitationDurations"":{""cpu"":0,""none"":21.656,""other"":0,""bandwidth"":6.837}}"
2026-08-30T16:21:35.667986+00:00,2026-08-30T16:21:34.525+00:00,director_heartbeat,,a,show-jm6rlv90,,,,,,,,,,,,,,,,,,,,,,,,,,,,,,,,,,"{""state"":""running""}"
2026-08-30T16:21:35.667986+00:00,2026-08-30T16:21:34.555+00:00,mic_level_sample,,a,show-jm6rlv90,,,,,,,,,,,,,,,,,,,,,,,,,,,,,,,,,,"{""deviceId"":""a58e21953fa187ebbfa035f4c18fb6d2d3f12f0c3a35994d56f0781fea8405af"",""inputRms"":0.085233733592133,""outputRms"":0.11036104385579318,""deviceLabel"":""MacBook Air Microphone (Built-in)"",""audioContextState"":""running""}"
2026-08-30T16:21:37.656113+00:00,2026-08-30T16:21:36.523+00:00,pub_stats,,a,show-jm6rlv90,2916814,6675652,2953405,60,60,0,31,30,26.83,none,f,f+h+q,3,1080,1920,1080,1920,"SimulcastEncoderAdapter (libvpx, libvpx, libvpx)",2,0,1,0,0,0.002722,0.025,0,,,,,,,live:a,"{""qualityLimitationDurations"":{""cpu"":0,""none"":23.657,""other"":0,""bandwidth"":6.837}}"
2026-08-30T16:21:37.656113+00:00,2026-08-30T16:21:37.023+00:00,track_liveness_snapshot,,a,show-jm6rlv90,,,,,,,,,,,,,,,,,,,,,,,,,,,,,,,,,,"{""entries"":[{""key"":""contestant-a-c79e4705:TR_VC5tpJKFMjd7Vk"",""frames"":null,""reason"":null,""staleSec"":31,""probation"":false}],""trackCount"":1,""ineligibleCount"":0}"
2026-08-30T16:21:39.652667+00:00,2026-08-30T16:21:38.523+00:00,pub_stats,,a,show-jm6rlv90,3082980,6738756,2994362,60,60,0,31,30,33.9,none,f,f+h+q,3,1080,1920,1080,1920,"SimulcastEncoderAdapter (libvpx, libvpx, libvpx)",2,0,1,0,0,0.002533,0.025,0,,,,,,,live:a,"{""qualityLimitationDurations"":{""cpu"":0,""none"":25.657,""other"":0,""bandwidth"":6.837}}"
2026-08-30T16:21:39.652667+00:00,2026-08-30T16:21:38.805+00:00,visibility_visible,,a,show-jm6rlv90,,,,,,,,,,,,,,,,,,,,,,,,,,,,,,,,,,"{""audioContextState"":""running""}"
2026-08-30T16:21:39.652667+00:00,2026-08-30T16:21:38.806+00:00,window_focus,,a,show-jm6rlv90,,,,,,,,,,,,,,,,,,,,,,,,,,,,,,,,,,
2026-08-30T16:21:39.652667+00:00,2026-08-30T16:21:38.809+00:00,backing_deck_raf,,a,show-jm6rlv90,,,,,,,,,,,,,,,,,,,,,,,,,,,,,interval,,,,,"{""elapsedMs"":34222,""idleFrames"":0,""hasDuration"":true,""activeFrames"":1551,""changedLabel"":18,""changedWidth"":1532,""playingFrames"":1551}"
2026-08-30T16:21:39.652667+00:00,2026-08-30T16:21:38.813+00:00,wake_lock_acquired,,a,show-jm6rlv90,,,,,,,,,,,,,,,,,,,,,,,,,,,,,,,,,live:a,
2026-08-30T16:21:40.732379+00:00,2026-08-30T16:21:39.554+00:00,mic_level_sample,,a,show-jm6rlv90,,,,,,,,,,,,,,,,,,,,,,,,,,,,,,,,,,"{""deviceId"":""a58e21953fa187ebbfa035f4c18fb6d2d3f12f0c3a35994d56f0781fea8405af"",""inputRms"":0.11336533524857152,""outputRms"":0.1639156825314533,""deviceLabel"":""MacBook Air Microphone (Built-in)"",""audioContextState"":""running""}"
2026-08-30T16:21:41.661142+00:00,2026-08-30T16:21:40.522+00:00,pub_stats,,a,show-jm6rlv90,3044166,6738756,2999585,60,60,0,31,30,48.17,none,f,f+h+q,3,1080,1920,1080,1920,"SimulcastEncoderAdapter (libvpx, libvpx, libvpx)",2,0,1,0,0,0.0030329999999999997,0.027,0,,,,,,,live:a,"{""qualityLimitationDurations"":{""cpu"":0,""none"":27.656,""other"":0,""bandwidth"":6.837}}"
2026-08-30T16:21:42.673051+00:00,2026-08-30T16:21:42.522+00:00,track_liveness_snapshot,,a,show-jm6rlv90,,,,,,,,,,,,,,,,,,,,,,,,,,,,,,,,,,"{""entries"":[{""key"":""contestant-a-c79e4705:TR_VC5tpJKFMjd7Vk"",""frames"":null,""reason"":null,""staleSec"":36,""probation"":false}],""trackCount"":1,""ineligibleCount"":0}"
2026-08-30T16:21:43.723436+00:00,2026-08-30T16:21:42.522+00:00,pub_stats,,a,show-jm6rlv90,2972052,6880773,3000000,60,60,0,31,30,62.42,none,f,f+h+q,3,1080,1920,1080,1920,"SimulcastEncoderAdapter (libvpx, libvpx, libvpx)",2,0,1,0,0,0.002911,0.026,0,,,,,,,live:a,"{""qualityLimitationDurations"":{""cpu"":0,""none"":29.656,""other"":0,""bandwidth"":6.837}}"
2026-08-30T16:21:45.673117+00:00,2026-08-30T16:21:44.523+00:00,pub_stats,,a,show-jm6rlv90,2795330,6880773,3000000,60,60,0,31,30,57.18,none,f,f+h+q,3,1080,1920,1080,1920,"SimulcastEncoderAdapter (libvpx, libvpx, libvpx)",2,0,1,0,0,0.0030659999999999997,0.026,0,,,,,,,live:a,"{""qualityLimitationDurations"":{""cpu"":0,""none"":31.657,""other"":0,""bandwidth"":6.837}}"
2026-08-30T16:21:45.673117+00:00,2026-08-30T16:21:44.524+00:00,director_heartbeat,,a,show-jm6rlv90,,,,,,,,,,,,,,,,,,,,,,,,,,,,,,,,,,"{""state"":""running""}"
2026-08-30T16:21:45.673117+00:00,2026-08-30T16:21:44.555+00:00,mic_level_sample,,a,show-jm6rlv90,,,,,,,,,,,,,,,,,,,,,,,,,,,,,,,,,,"{""deviceId"":""a58e21953fa187ebbfa035f4c18fb6d2d3f12f0c3a35994d56f0781fea8405af"",""inputRms"":0.006058560120360628,""outputRms"":0.006058560120360628,""deviceLabel"":""MacBook Air Microphone (Built-in)"",""audioContextState"":""running""}"
2026-08-30T16:21:47.664294+00:00,2026-08-30T16:21:46.523+00:00,pub_stats,,a,show-jm6rlv90,3125016,6880773,3000000,60,60,0,31,30,50.95,none,f,f+h+q,3,1080,1920,1080,1920,"SimulcastEncoderAdapter (libvpx, libvpx, libvpx)",2,0,1,0,0,0.0030659999999999997,0.026,0,,,,,,,live:a,"{""qualityLimitationDurations"":{""cpu"":0,""none"":33.657,""other"":0,""bandwidth"":6.837}}"
2026-08-30T16:21:47.664294+00:00,2026-08-30T16:21:47.522+00:00,track_liveness_snapshot,,a,show-jm6rlv90,,,,,,,,,,,,,,,,,,,,,,,,,,,,,,,,,,"{""entries"":[{""key"":""contestant-a-c79e4705:TR_VC5tpJKFMjd7Vk"",""frames"":null,""reason"":null,""staleSec"":41,""probation"":false}],""trackCount"":1,""ineligibleCount"":0}"
2026-08-30T16:21:49.66531+00:00,2026-08-30T16:21:48.523+00:00,pub_stats,,a,show-jm6rlv90,2981900,6880773,3000000,60,60,0,31,30,57.33,none,f,f+h+q,3,1080,1920,1080,1920,"SimulcastEncoderAdapter (libvpx, libvpx, libvpx)",2,0,1,0,0,0.0032549999999999996,0.024,0,,,,,,,live:a,"{""qualityLimitationDurations"":{""cpu"":0,""none"":35.657,""other"":0,""bandwidth"":6.837}}"
2026-08-30T16:21:50.672257+00:00,2026-08-30T16:21:49.554+00:00,mic_level_sample,,a,show-jm6rlv90,,,,,,,,,,,,,,,,,,,,,,,,,,,,,,,,,,"{""deviceId"":""a58e21953fa187ebbfa035f4c18fb6d2d3f12f0c3a35994d56f0781fea8405af"",""inputRms"":0.008869321149879497,""outputRms"":0.008869321149879497,""deviceLabel"":""MacBook Air Microphone (Built-in)"",""audioContextState"":""running""}"
2026-08-30T16:21:51.667656+00:00,2026-08-30T16:21:50.523+00:00,pub_stats,,a,show-jm6rlv90,3068832,6890268,2996003,60,60,0,31,30,63.43,none,f,f+h+q,3,1080,1920,1080,1920,"SimulcastEncoderAdapter (libvpx, libvpx, libvpx)",2,0,1,0,0,0.0034219999999999997,0.026,0,,,,,,,live:a,"{""qualityLimitationDurations"":{""cpu"":0,""none"":37.657,""other"":0,""bandwidth"":6.837}}"
2026-08-30T16:21:53.659171+00:00,2026-08-30T16:21:52.522+00:00,pub_stats,,a,show-jm6rlv90,2908786,6890268,3000000,60,60,0,31,30,62.8,none,f,f+h+q,3,1080,1920,1080,1920,"SimulcastEncoderAdapter (libvpx, libvpx, libvpx)",2,0,1,0,0,0.0032329999999999998,0.026,0,,,,,,,live:a,"{""qualityLimitationDurations"":{""cpu"":0,""none"":39.656,""other"":0,""bandwidth"":6.837}}"
2026-08-30T16:21:52.665323+00:00,2026-08-30T16:21:52.522+00:00,track_liveness_snapshot,,a,show-jm6rlv90,,,,,,,,,,,,,,,,,,,,,,,,,,,,,,,,,,"{""entries"":[{""key"":""contestant-a-c79e4705:TR_VC5tpJKFMjd7Vk"",""frames"":null,""reason"":null,""staleSec"":46,""probation"":false}],""trackCount"":1,""ineligibleCount"":0}"
2026-08-30T16:21:55.677709+00:00,2026-08-30T16:21:54.522+00:00,pub_stats,,a,show-jm6rlv90,2849460,6890268,3000000,60,60,0,31,30,44.83,none,f,f+h+q,3,1080,1920,1080,1920,"SimulcastEncoderAdapter (libvpx, libvpx, libvpx)",2,0,1,0,0,0.002722,0.026,0,,,,,,,live:a,"{""qualityLimitationDurations"":{""cpu"":0,""none"":41.656,""other"":0,""bandwidth"":6.837}}"
2026-08-30T16:21:55.677709+00:00,2026-08-30T16:21:54.525+00:00,director_heartbeat,,a,show-jm6rlv90,,,,,,,,,,,,,,,,,,,,,,,,,,,,,,,,,,"{""state"":""running""}"
2026-08-30T16:21:55.677709+00:00,2026-08-30T16:21:54.554+00:00,mic_level_sample,,a,show-jm6rlv90,,,,,,,,,,,,,,,,,,,,,,,,,,,,,,,,,,"{""deviceId"":""a58e21953fa187ebbfa035f4c18fb6d2d3f12f0c3a35994d56f0781fea8405af"",""inputRms"":0.011986283312881053,""outputRms"":0.011986283312881053,""deviceLabel"":""MacBook Air Microphone (Built-in)"",""audioContextState"":""running""}"
2026-08-30T16:21:57.816724+00:00,2026-08-30T16:21:56.523+00:00,pub_stats,,a,show-jm6rlv90,3125401,6890268,2981923,60,60,0,31,30,37.95,none,f,f+h+q,3,1080,1920,1080,1920,"SimulcastEncoderAdapter (libvpx, libvpx, libvpx)",2,0,1,0,0,0.003055,0.023,0,,,,,,,live:a,"{""qualityLimitationDurations"":{""cpu"":0,""none"":43.657,""other"":0,""bandwidth"":6.837}}"
2026-08-30T16:21:57.816724+00:00,2026-08-30T16:21:57.522+00:00,track_liveness_snapshot,,a,show-jm6rlv90,,,,,,,,,,,,,,,,,,,,,,,,,,,,,,,,,,"{""entries"":[{""key"":""contestant-a-c79e4705:TR_VC5tpJKFMjd7Vk"",""frames"":null,""reason"":null,""staleSec"":51,""probation"":false}],""trackCount"":1,""ineligibleCount"":0}"
2026-08-30T16:21:58.881689+00:00,2026-08-30T16:21:57.977+00:00,audio_host_track_loaded,,a,show-jm6rlv90,,,,,,,,,,,,,,,,,,,,,,,,,,,,,,,,,,"{""trackHash"":""22be9cd9e96cee1a7cdb84e0d3eac56648eb51c2b220c69da9f3e8115dc2aa8b"",""trackName"":""Korey - No Other Name""}"
2026-08-30T16:21:58.881689+00:00,2026-08-30T16:21:57.977+00:00,deck_track_adopted,,a,show-jm6rlv90,,,,,,,,,,,,,,,,,,,,,,,,,,,,,,,host,,,"{""hadPlayer"":true,""trackHash"":""22be9cd9e96cee1a7cdb84e0d3eac56648eb51c2b220c69da9f3e8115dc2aa8b""}"
2026-08-30T16:21:58.881689+00:00,2026-08-30T16:21:58.009+00:00,backing_deck_raf,,a,show-jm6rlv90,,,,,,,,,,,,,,,,,,,,,,,,,,,,,teardown,,,,,"{""elapsedMs"":19200,""idleFrames"":0,""hasDuration"":true,""activeFrames"":1930,""changedLabel"":6,""changedWidth"":671,""playingFrames"":680}"
2026-08-30T16:21:58.881689+00:00,2026-08-30T16:21:58.009+00:00,backing_deck_loaded,,a,show-jm6rlv90,,,,,,,,,,,,,,,,,,,,,,,,,,,,,,,uploaded,,,"{""durationSec"":294,""waveformPoints"":180,""approxBufferBytes"":103778232}"
2026-08-30T16:21:58.881689+00:00,2026-08-30T16:21:58.063+00:00,window_blur,,a,show-jm6rlv90,,,,,,,,,,,,,,,,,,,,,,,,,,,,,,,,,,
2026-08-30T16:21:59.775966+00:00,2026-08-30T16:21:58.523+00:00,pub_stats,,a,show-jm6rlv90,3070340,6890268,3000000,60,60,0,31,30,37.47,none,f,f+h+q,3,1080,1920,1080,1920,"SimulcastEncoderAdapter (libvpx, libvpx, libvpx)",2,0,1,0,0,0.003377,0.026,0,,,,,,,live:a,"{""qualityLimitationDurations"":{""cpu"":0,""none"":45.657,""other"":0,""bandwidth"":6.837}}"
2026-08-30T16:22:00.67029+00:00,2026-08-30T16:21:59.554+00:00,mic_level_sample,,a,show-jm6rlv90,,,,,,,,,,,,,,,,,,,,,,,,,,,,,,,,,,"{""deviceId"":""a58e21953fa187ebbfa035f4c18fb6d2d3f12f0c3a35994d56f0781fea8405af"",""inputRms"":0.004839620164798805,""outputRms"":0.004839620164798805,""deviceLabel"":""MacBook Air Microphone (Built-in)"",""audioContextState"":""running""}"
2026-08-30T16:22:01.885716+00:00,2026-08-30T16:22:00.523+00:00,pub_stats,,a,show-jm6rlv90,2854048,6890268,3000000,59,59,0,30,30,44.81,none,f,f+h+q,3,1080,1920,1080,1920,"SimulcastEncoderAdapter (libvpx, libvpx, libvpx)",2,0,1,0,0,0.0035329999999999997,0.026,0,,,,,,,live:a,"{""qualityLimitationDurations"":{""cpu"":0,""none"":47.657,""other"":0,""bandwidth"":6.837}}"
2026-08-30T16:22:02.684186+00:00,2026-08-30T16:22:02.523+00:00,track_liveness_snapshot,,a,show-jm6rlv90,,,,,,,,,,,,,,,,,,,,,,,,,,,,,,,,,,"{""entries"":[{""key"":""contestant-a-c79e4705:TR_VC5tpJKFMjd7Vk"",""frames"":null,""reason"":null,""staleSec"":56,""probation"":false}],""trackCount"":1,""ineligibleCount"":0}"
2026-08-30T16:22:03.663632+00:00,2026-08-30T16:22:02.524+00:00,pub_stats,,a,show-jm6rlv90,3017263,6890268,3000000,61,61,0,31,30,50.46,none,f,f+h+q,3,1080,1920,1080,1920,"SimulcastEncoderAdapter (libvpx, libvpx, libvpx)",2,0,1,0,0,0.0027879999999999997,0.025,0,,,,,,,live:a,"{""qualityLimitationDurations"":{""cpu"":0,""none"":49.657,""other"":0,""bandwidth"":6.837}}"
2026-08-30T16:22:05.656805+00:00,2026-08-30T16:22:04.523+00:00,pub_stats,,a,show-jm6rlv90,2934239,6890268,3000000,59,59,0,30,30,48.46,none,f,f+h+q,3,1080,1920,1080,1920,"SimulcastEncoderAdapter (libvpx, libvpx, libvpx)",2,0,1,0,0,0.002666,0.027,0,,,,,,,live:a,"{""qualityLimitationDurations"":{""cpu"":0,""none"":51.656,""other"":0,""bandwidth"":6.837}}"
2026-08-30T16:22:05.656805+00:00,2026-08-30T16:22:04.525+00:00,director_heartbeat,,a,show-jm6rlv90,,,,,,,,,,,,,,,,,,,,,,,,,,,,,,,,,,"{""state"":""running""}"
2026-08-30T16:22:05.656805+00:00,2026-08-30T16:22:04.554+00:00,mic_level_sample,,a,show-jm6rlv90,,,,,,,,,,,,,,,,,,,,,,,,,,,,,,,,,,"{""deviceId"":""a58e21953fa187ebbfa035f4c18fb6d2d3f12f0c3a35994d56f0781fea8405af"",""inputRms"":0.09767636030559221,""outputRms"":0.09767636030559221,""deviceLabel"":""MacBook Air Microphone (Built-in)"",""audioContextState"":""running""}"
2026-08-30T16:22:06.91012+00:00,2026-08-30T16:22:06.5+00:00,window_focus,,a,show-jm6rlv90,,,,,,,,,,,,,,,,,,,,,,,,,,,,,,,,,,
2026-08-30T16:22:07.674161+00:00,2026-08-30T16:22:06.523+00:00,pub_stats,,a,show-jm6rlv90,2956452,6890268,3000000,60,60,0,30,30,54.55,none,f,f+h+q,3,1080,1920,1080,1920,"SimulcastEncoderAdapter (libvpx, libvpx, libvpx)",2,0,1,0,0,0.0036439999999999997,0.025,0,,,,,,,live:a,"{""qualityLimitationDurations"":{""cpu"":0,""none"":53.657,""other"":0,""bandwidth"":6.837}}"
2026-08-30T16:22:08.644216+00:00,2026-08-30T16:22:08.022+00:00,track_liveness_snapshot,,a,show-jm6rlv90,,,,,,,,,,,,,,,,,,,,,,,,,,,,,,,,,,"{""entries"":[{""key"":""contestant-a-c79e4705:TR_VC5tpJKFMjd7Vk"",""frames"":null,""reason"":null,""staleSec"":62,""probation"":false}],""trackCount"":1,""ineligibleCount"":0}"
2026-08-30T16:22:09.653937+00:00,2026-08-30T16:22:08.522+00:00,pub_stats,,a,show-jm6rlv90,2918703,6890268,3000000,60,60,0,30,30,41,none,f,f+h+q,3,1080,1920,1080,1920,"SimulcastEncoderAdapter (libvpx, libvpx, libvpx)",2,0,1,0,0,0.003188,0.026,0,,,,,,,live:a,"{""qualityLimitationDurations"":{""cpu"":0,""none"":55.656,""other"":0,""bandwidth"":6.837}}"
2026-08-30T16:22:10.654825+00:00,2026-08-30T16:22:09.554+00:00,mic_level_sample,,a,show-jm6rlv90,,,,,,,,,,,,,,,,,,,,,,,,,,,,,,,,,,"{""deviceId"":""a58e21953fa187ebbfa035f4c18fb6d2d3f12f0c3a35994d56f0781fea8405af"",""inputRms"":0.015750976355602207,""outputRms"":0.015750976355602207,""deviceLabel"":""MacBook Air Microphone (Built-in)"",""audioContextState"":""running""}"
2026-08-30T16:22:11.688735+00:00,2026-08-30T16:22:10.523+00:00,pub_stats,,a,show-jm6rlv90,3078657,6890268,2962672,60,60,0,30,30,36.25,none,f,f+h+q,3,1080,1920,1080,1920,"SimulcastEncoderAdapter (libvpx, libvpx, libvpx)",2,0,1,0,0,0.0032329999999999998,0.026,0,,,,,,,live:a,"{""qualityLimitationDurations"":{""cpu"":0,""none"":57.656,""other"":0,""bandwidth"":6.837}}"
2026-08-30T16:22:13.73365+00:00,2026-08-30T16:22:12.523+00:00,pub_stats,,a,show-jm6rlv90,3048884,6890268,3000000,60,60,0,30,30,35.08,none,f,f+h+q,3,1080,1920,1080,1920,"SimulcastEncoderAdapter (libvpx, libvpx, libvpx)",2,0,1,0,0,0.0031999999999999997,0.027,0,,,,,,,live:a,"{""qualityLimitationDurations"":{""cpu"":0,""none"":59.657,""other"":0,""bandwidth"":6.837}}"
2026-08-30T16:22:13.73365+00:00,2026-08-30T16:22:13.022+00:00,track_liveness_snapshot,,a,show-jm6rlv90,,,,,,,,,,,,,,,,,,,,,,,,,,,,,,,,,,"{""entries"":[{""key"":""contestant-a-c79e4705:TR_VC5tpJKFMjd7Vk"",""frames"":null,""reason"":null,""staleSec"":67,""probation"":false}],""trackCount"":1,""ineligibleCount"":0}"
2026-08-30T16:22:15.700181+00:00,2026-08-30T16:22:14.524+00:00,pub_stats,,a,show-jm6rlv90,2964810,6890268,2964573,60,60,0,30,30,43.9,none,f,f+h+q,3,1080,1920,1080,1920,"SimulcastEncoderAdapter (libvpx, libvpx, libvpx)",2,0,1,0,0,0.0032329999999999998,0.026,0,,,,,,,live:a,"{""qualityLimitationDurations"":{""cpu"":0,""none"":61.657,""other"":0,""bandwidth"":6.837}}"
2026-08-30T16:22:15.700181+00:00,2026-08-30T16:22:14.525+00:00,director_heartbeat,,a,show-jm6rlv90,,,,,,,,,,,,,,,,,,,,,,,,,,,,,,,,,,"{""state"":""running""}"
2026-08-30T16:22:15.700181+00:00,2026-08-30T16:22:14.555+00:00,mic_level_sample,,a,show-jm6rlv90,,,,,,,,,,,,,,,,,,,,,,,,,,,,,,,,,,"{""deviceId"":""a58e21953fa187ebbfa035f4c18fb6d2d3f12f0c3a35994d56f0781fea8405af"",""inputRms"":0.0018008926591825051,""outputRms"":0.0018008926591825051,""deviceLabel"":""MacBook Air Microphone (Built-in)"",""audioContextState"":""running""}"
2026-08-30T16:22:17.651708+00:00,2026-08-30T16:22:16.523+00:00,pub_stats,,a,show-jm6rlv90,2969233,6890268,3000000,60,60,0,30,30,35.8,none,f,f+h+q,3,1080,1920,1080,1920,"SimulcastEncoderAdapter (libvpx, libvpx, libvpx)",2,0,1,0,0,0.003522,0.025,0,,,,,,,live:a,"{""qualityLimitationDurations"":{""cpu"":0,""none"":63.657,""other"":0,""bandwidth"":6.837}}"
2026-08-30T16:22:18.658867+00:00,2026-08-30T16:22:18.022+00:00,track_liveness_snapshot,,a,show-jm6rlv90,,,,,,,,,,,,,,,,,,,,,,,,,,,,,,,,,,"{""entries"":[{""key"":""contestant-a-c79e4705:TR_VC5tpJKFMjd7Vk"",""frames"":null,""reason"":null,""staleSec"":72,""probation"":false}],""trackCount"":1,""ineligibleCount"":0}"
2026-08-30T16:22:19.661842+00:00,2026-08-30T16:22:18.523+00:00,pub_stats,,a,show-jm6rlv90,3015052,6890268,2986725,60,60,0,30,30,35.65,none,f,f+h+q,3,1080,1920,1080,1920,"SimulcastEncoderAdapter (libvpx, libvpx, libvpx)",2,0,1,0,0,0.0029,0.025,0,,,,,,,live:a,"{""qualityLimitationDurations"":{""cpu"":0,""none"":65.656,""other"":0,""bandwidth"":6.837}}"
2026-08-30T16:22:20.660325+00:00,2026-08-30T16:22:19.554+00:00,mic_level_sample,,a,show-jm6rlv90,,,,,,,,,,,,,,,,,,,,,,,,,,,,,,,,,,"{""deviceId"":""a58e21953fa187ebbfa035f4c18fb6d2d3f12f0c3a35994d56f0781fea8405af"",""inputRms"":0.0029814518526035654,""outputRms"":0.0029814518526035654,""deviceLabel"":""MacBook Air Microphone (Built-in)"",""audioContextState"":""running""}"
2026-08-30T16:22:21.656228+00:00,2026-08-30T16:22:20.522+00:00,pub_stats,,a,show-jm6rlv90,3000420,6890268,2994885,60,60,0,30,30,36.4,none,f,f+h+q,3,1080,1920,1080,1920,"SimulcastEncoderAdapter (libvpx, libvpx, libvpx)",2,0,1,0,0,0.002966,0.026,0,,,,,,,live:a,"{""qualityLimitationDurations"":{""cpu"":0,""none"":67.656,""other"":0,""bandwidth"":6.837}}"
2026-08-30T16:22:23.644279+00:00,2026-08-30T16:22:22.523+00:00,pub_stats,,a,show-jm6rlv90,2963638,6890268,3000000,60,60,0,30,30,34.67,none,f,f+h+q,3,1080,1920,1080,1920,"SimulcastEncoderAdapter (libvpx, libvpx, libvpx)",2,0,1,0,0,0.0030329999999999997,0.025,0,,,,,,,live:a,"{""qualityLimitationDurations"":{""cpu"":0,""none"":69.657,""other"":0,""bandwidth"":6.837}}"
2026-08-30T16:22:23.644279+00:00,2026-08-30T16:22:23.022+00:00,track_liveness_snapshot,,a,show-jm6rlv90,,,,,,,,,,,,,,,,,,,,,,,,,,,,,,,,,,"{""entries"":[{""key"":""contestant-a-c79e4705:TR_VC5tpJKFMjd7Vk"",""frames"":null,""reason"":null,""staleSec"":77,""probation"":false}],""trackCount"":1,""ineligibleCount"":0}"
2026-08-30T16:22:23.644279+00:00,2026-08-30T16:22:23.13+00:00,deck_track_adopted,,a,show-jm6rlv90,,,,,,,,,,,,,,,,,,,,,,,,,,,,,,,host,,,"{""hadPlayer"":true,""trackHash"":""cb1a5d97f140508b8dcf44f0e214af0ca1f65e29ad9a997c0b6ffeadfbe2cd32""}"
2026-08-30T16:22:23.644279+00:00,2026-08-30T16:22:23.13+00:00,audio_host_track_loaded,,a,show-jm6rlv90,,,,,,,,,,,,,,,,,,,,,,,,,,,,,,,,,,"{""trackHash"":""cb1a5d97f140508b8dcf44f0e214af0ca1f65e29ad9a997c0b6ffeadfbe2cd32"",""trackName"":""YTDown.com_YouTube_SO-FINE-KOREY-OFFICIAL-MUSIC-VIDEO_Media_TbQQHot1YiY_009_128k""}"
2026-08-30T16:22:23.644279+00:00,2026-08-30T16:22:23.148+00:00,backing_deck_loaded,,a,show-jm6rlv90,,,,,,,,,,,,,,,,,,,,,,,,,,,,,,,uploaded,,,"{""durationSec"":195,""waveformPoints"":180,""approxBufferBytes"":68952064}"
2026-08-30T16:22:23.644279+00:00,2026-08-30T16:22:23.148+00:00,backing_deck_raf,,a,show-jm6rlv90,,,,,,,,,,,,,,,,,,,,,,,,,,,,,teardown,,,,,"{""elapsedMs"":25139,""idleFrames"":0,""hasDuration"":true,""activeFrames"":1584,""changedLabel"":1,""changedWidth"":1,""playingFrames"":0}"
2026-08-30T16:22:25.735517+00:00,2026-08-30T16:22:24.524+00:00,pub_stats,,a,show-jm6rlv90,3012014,6890268,2968553,60,60,0,30,30,35.45,none,f,f+h+q,3,1080,1920,1080,1920,"SimulcastEncoderAdapter (libvpx, libvpx, libvpx)",2,0,1,0,0,0.002911,0.028,0,,,,,,,live:a,"{""qualityLimitationDurations"":{""cpu"":0,""none"":71.657,""other"":0,""bandwidth"":6.837}}"
2026-08-30T16:22:25.735517+00:00,2026-08-30T16:22:24.525+00:00,director_heartbeat,,a,show-jm6rlv90,,,,,,,,,,,,,,,,,,,,,,,,,,,,,,,,,,"{""state"":""running""}"
2026-08-30T16:22:25.735517+00:00,2026-08-30T16:22:24.554+00:00,mic_level_sample,,a,show-jm6rlv90,,,,,,,,,,,,,,,,,,,,,,,,,,,,,,,,,,"{""deviceId"":""a58e21953fa187ebbfa035f4c18fb6d2d3f12f0c3a35994d56f0781fea8405af"",""inputRms"":0.0021356091334621143,""outputRms"":0.0021356091334621143,""deviceLabel"":""MacBook Air Microphone (Built-in)"",""audioContextState"":""running""}"
2026-08-30T16:22:25.735517+00:00,2026-08-30T16:22:24.62+00:00,audio_host_track_loaded,,a,show-jm6rlv90,,,,,,,,,,,,,,,,,,,,,,,,,,,,,,,,,,"{""trackHash"":""cb1a5d97f140508b8dcf44f0e214af0ca1f65e29ad9a997c0b6ffeadfbe2cd32"",""trackName"":""YTDown.com_YouTube_SO-FINE-KOREY-OFFICIAL-MUSIC-VIDEO_Media_TbQQHot1YiY_009_128k""}"
2026-08-30T16:22:27.666123+00:00,2026-08-30T16:22:26.523+00:00,pub_stats,,a,show-jm6rlv90,2978713,6890268,3000000,60,60,0,30,30,32.4,none,f,f+h+q,3,1080,1920,1080,1920,"SimulcastEncoderAdapter (libvpx, libvpx, libvpx)",2,0,1,0,0,0.002822,0.028,0,,,,,,,live:a,"{""qualityLimitationDurations"":{""cpu"":0,""none"":73.657,""other"":0,""bandwidth"":6.837}}"
2026-08-30T16:22:28.659035+00:00,2026-08-30T16:22:28.022+00:00,track_liveness_snapshot,,a,show-jm6rlv90,,,,,,,,,,,,,,,,,,,,,,,,,,,,,,,,,,"{""entries"":[{""key"":""contestant-a-c79e4705:TR_VC5tpJKFMjd7Vk"",""frames"":null,""reason"":null,""staleSec"":82,""probation"":false}],""trackCount"":1,""ineligibleCount"":0}"
2026-08-30T16:22:29.67196+00:00,2026-08-30T16:22:28.524+00:00,pub_stats,,a,show-jm6rlv90,3182489,6937492,2905727,60,60,0,30,30,57.97,none,f,f+h+q,3,1080,1920,1080,1920,"SimulcastEncoderAdapter (libvpx, libvpx, libvpx)",2,0,1,0,0,0.0035659999999999997,0.024,0,,,,,,,live:a,"{""qualityLimitationDurations"":{""cpu"":0,""none"":75.657,""other"":0,""bandwidth"":6.837}}"
2026-08-30T16:22:30.799282+00:00,2026-08-30T16:22:29.554+00:00,mic_level_sample,,a,show-jm6rlv90,,,,,,,,,,,,,,,,,,,,,,,,,,,,,,,,,,"{""deviceId"":""a58e21953fa187ebbfa035f4c18fb6d2d3f12f0c3a35994d56f0781fea8405af"",""inputRms"":0.054863733179413586,""outputRms"":0.13002744629350552,""deviceLabel"":""MacBook Air Microphone (Built-in)"",""audioContextState"":""running""}"
2026-08-30T16:22:31.68246+00:00,2026-08-30T16:22:30.522+00:00,pub_stats,,a,show-jm6rlv90,2590847,6937492,3000000,60,60,0,31,30,68.35,none,f,f+h+q,3,1080,1920,1080,1920,"SimulcastEncoderAdapter (libvpx, libvpx, libvpx)",2,0,1,0,0,0.002577,0.023,0,,,,,,,live:a,"{""qualityLimitationDurations"":{""cpu"":0,""none"":77.656,""other"":0,""bandwidth"":6.837}}"
2026-08-30T16:22:33.723334+00:00,2026-08-30T16:22:32.523+00:00,pub_stats,,a,show-jm6rlv90,3181665,7013744,2973165,60,60,0,31,30,54.08,none,f,f+h+q,3,1080,1920,1080,1920,"SimulcastEncoderAdapter (libvpx, libvpx, libvpx)",2,0,1,0,0,0.003022,0.025,0,,,,,,,live:a,"{""qualityLimitationDurations"":{""cpu"":0,""none"":79.657,""other"":0,""bandwidth"":6.837}}"
2026-08-30T16:22:33.723334+00:00,2026-08-30T16:22:33.022+00:00,track_liveness_snapshot,,a,show-jm6rlv90,,,,,,,,,,,,,,,,,,,,,,,,,,,,,,,,,,"{""entries"":[{""key"":""contestant-a-c79e4705:TR_VC5tpJKFMjd7Vk"",""frames"":null,""reason"":null,""staleSec"":87,""probation"":false}],""trackCount"":1,""ineligibleCount"":0}"
2026-08-30T16:22:35.67437+00:00,2026-08-30T16:22:34.523+00:00,pub_stats,,a,show-jm6rlv90,2748216,7013744,3000000,60,60,0,31,30,43.78,none,f,f+h+q,3,1080,1920,1080,1920,"SimulcastEncoderAdapter (libvpx, libvpx, libvpx)",2,0,1,0,0,0.0023,0.025,0,,,,,,,live:a,"{""qualityLimitationDurations"":{""cpu"":0,""none"":81.657,""other"":0,""bandwidth"":6.837}}"
2026-08-30T16:22:35.67437+00:00,2026-08-30T16:22:34.524+00:00,director_heartbeat,,a,show-jm6rlv90,,,,,,,,,,,,,,,,,,,,,,,,,,,,,,,,,,"{""state"":""running""}"
2026-08-30T16:22:35.67437+00:00,2026-08-30T16:22:34.555+00:00,mic_level_sample,,a,show-jm6rlv90,,,,,,,,,,,,,,,,,,,,,,,,,,,,,,,,,,"{""deviceId"":""a58e21953fa187ebbfa035f4c18fb6d2d3f12f0c3a35994d56f0781fea8405af"",""inputRms"":0.035235033842503385,""outputRms"":0.0880152061420445,""deviceLabel"":""MacBook Air Microphone (Built-in)"",""audioContextState"":""running""}"
2026-08-30T16:22:37.749894+00:00,2026-08-30T16:22:36.523+00:00,pub_stats,,a,show-jm6rlv90,3136292,7013744,3000000,60,60,0,31,30,30.48,none,f,f+h+q,3,1080,1920,1080,1920,"SimulcastEncoderAdapter (libvpx, libvpx, libvpx)",2,0,1,0,0,0.0024549999999999997,0.026,0,,,,,,,live:a,"{""qualityLimitationDurations"":{""cpu"":0,""none"":83.657,""other"":0,""bandwidth"":6.837}}"
2026-08-30T16:22:38.67026+00:00,2026-08-30T16:22:38.022+00:00,track_liveness_snapshot,,a,show-jm6rlv90,,,,,,,,,,,,,,,,,,,,,,,,,,,,,,,,,,"{""entries"":[{""key"":""contestant-a-c79e4705:TR_VC5tpJKFMjd7Vk"",""frames"":null,""reason"":null,""staleSec"":92,""probation"":false}],""trackCount"":1,""ineligibleCount"":0}"
2026-08-30T16:22:39.706466+00:00,2026-08-30T16:22:38.523+00:00,pub_stats,,a,show-jm6rlv90,3071272,7013744,2905925,60,60,0,31,30,37.38,none,f,f+h+q,3,1080,1920,1080,1920,"SimulcastEncoderAdapter (libvpx, libvpx, libvpx)",2,0,1,0,0,0.0026219999999999998,0.026,0,,,,,,,live:a,"{""qualityLimitationDurations"":{""cpu"":0,""none"":85.657,""other"":0,""bandwidth"":6.837}}"
2026-08-30T16:22:40.697203+00:00,2026-08-30T16:22:39.554+00:00,mic_level_sample,,a,show-jm6rlv90,,,,,,,,,,,,,,,,,,,,,,,,,,,,,,,,,,"{""deviceId"":""a58e21953fa187ebbfa035f4c18fb6d2d3f12f0c3a35994d56f0781fea8405af"",""inputRms"":0.05922997379014808,""outputRms"":0.2954767892839497,""deviceLabel"":""MacBook Air Microphone (Built-in)"",""audioContextState"":""running""}"
2026-08-30T16:22:41.666396+00:00,2026-08-30T16:22:40.523+00:00,pub_stats,,a,show-jm6rlv90,2880728,7013744,3000000,60,60,0,31,30,37.78,none,f,f+h+q,3,1080,1920,1080,1920,"SimulcastEncoderAdapter (libvpx, libvpx, libvpx)",2,0,1,0,0,0.002666,0.024,0,,,,,,,live:a,"{""qualityLimitationDurations"":{""cpu"":0,""none"":87.657,""other"":0,""bandwidth"":6.837}}"
2026-08-30T16:22:43.673918+00:00,2026-08-30T16:22:42.523+00:00,pub_stats,,a,show-jm6rlv90,2993712,7013744,3000000,60,60,0,31,30,37.85,none,f,f+h+q,3,1080,1920,1080,1920,"SimulcastEncoderAdapter (libvpx, libvpx, libvpx)",2,0,1,0,0,0.002744,0.024,0,,,,,,,live:a,"{""qualityLimitationDurations"":{""cpu"":0,""none"":89.657,""other"":0,""bandwidth"":6.837}}"
2026-08-30T16:22:43.673918+00:00,2026-08-30T16:22:43.022+00:00,track_liveness_snapshot,,a,show-jm6rlv90,,,,,,,,,,,,,,,,,,,,,,,,,,,,,,,,,,"{""entries"":[{""key"":""contestant-a-c79e4705:TR_VC5tpJKFMjd7Vk"",""frames"":null,""reason"":null,""staleSec"":97,""probation"":false}],""trackCount"":1,""ineligibleCount"":0}"
2026-08-30T16:22:45.66661+00:00,2026-08-30T16:22:44.523+00:00,pub_stats,,a,show-jm6rlv90,3082352,7013744,2982763,60,60,0,31,30,41.12,none,f,f+h+q,3,1080,1920,1080,1920,"SimulcastEncoderAdapter (libvpx, libvpx, libvpx)",2,0,1,0,0,0.002555,0.025,0,,,,,,,live:a,"{""qualityLimitationDurations"":{""cpu"":0,""none"":91.657,""other"":0,""bandwidth"":6.837}}"
2026-08-30T16:22:45.66661+00:00,2026-08-30T16:22:44.526+00:00,director_heartbeat,,a,show-jm6rlv90,,,,,,,,,,,,,,,,,,,,,,,,,,,,,,,,,,"{""state"":""running""}"
2026-08-30T16:22:45.66661+00:00,2026-08-30T16:22:44.554+00:00,mic_level_sample,,a,show-jm6rlv90,,,,,,,,,,,,,,,,,,,,,,,,,,,,,,,,,,"{""deviceId"":""a58e21953fa187ebbfa035f4c18fb6d2d3f12f0c3a35994d56f0781fea8405af"",""inputRms"":0.15310382080879653,""outputRms"":0.18834897310946572,""deviceLabel"":""MacBook Air Microphone (Built-in)"",""audioContextState"":""running""}"
2026-08-30T16:22:47.660086+00:00,2026-08-30T16:22:46.524+00:00,pub_stats,,a,show-jm6rlv90,2888596,7013744,3000000,60,60,0,31,30,40.85,none,f,f+h+q,3,1080,1920,1080,1920,"SimulcastEncoderAdapter (libvpx, libvpx, libvpx)",2,0,1,0,0,0.0028109999999999997,0.026,0,,,,,,,live:a,"{""qualityLimitationDurations"":{""cpu"":0,""none"":93.657,""other"":0,""bandwidth"":6.837}}"
2026-08-30T16:22:49.13348+00:00,2026-08-30T16:22:48.022+00:00,track_liveness_snapshot,,a,show-jm6rlv90,,,,,,,,,,,,,,,,,,,,,,,,,,,,,,,,,,"{""entries"":[{""key"":""contestant-a-c79e4705:TR_VC5tpJKFMjd7Vk"",""frames"":null,""reason"":null,""staleSec"":102,""probation"":false}],""trackCount"":1,""ineligibleCount"":0}"
2026-08-30T16:22:49.652688+00:00,2026-08-30T16:22:48.523+00:00,pub_stats,,a,show-jm6rlv90,3025849,7013744,2978083,60,60,0,31,30,41.07,none,f,f+h+q,3,1080,1920,1080,1920,"SimulcastEncoderAdapter (libvpx, libvpx, libvpx)",2,0,1,0,0,0.002933,0.025,0,,,,,,,live:a,"{""qualityLimitationDurations"":{""cpu"":0,""none"":95.657,""other"":0,""bandwidth"":6.837}}"
2026-08-30T16:22:50.663752+00:00,2026-08-30T16:22:49.554+00:00,mic_level_sample,,a,show-jm6rlv90,,,,,,,,,,,,,,,,,,,,,,,,,,,,,,,,,,"{""deviceId"":""a58e21953fa187ebbfa035f4c18fb6d2d3f12f0c3a35994d56f0781fea8405af"",""inputRms"":0.06260990970751366,""outputRms"":0.08209521687602953,""deviceLabel"":""MacBook Air Microphone (Built-in)"",""audioContextState"":""running""}"
2026-08-30T16:22:51.667727+00:00,2026-08-30T16:22:50.523+00:00,pub_stats,,a,show-jm6rlv90,3007304,7013744,2954430,60,60,0,31,30,57.57,none,f,f+h+q,3,1080,1920,1080,1920,"SimulcastEncoderAdapter (libvpx, libvpx, libvpx)",2,0,1,0,0,0.002711,0.025,0,,,,,,,live:a,"{""qualityLimitationDurations"":{""cpu"":0,""none"":97.657,""other"":0,""bandwidth"":6.837}}"
2026-08-30T16:22:53.655754+00:00,2026-08-30T16:22:52.523+00:00,pub_stats,,a,show-jm6rlv90,2959864,7013744,3000000,60,60,0,31,30,64.37,none,f,f+h+q,3,1080,1920,1080,1920,"SimulcastEncoderAdapter (libvpx, libvpx, libvpx)",2,0,1,0,0,0.002655,0.024,0,,,,,,,live:a,"{""qualityLimitationDurations"":{""cpu"":0,""none"":99.657,""other"":0,""bandwidth"":6.837}}"
2026-08-30T16:22:53.655754+00:00,2026-08-30T16:22:53.023+00:00,track_liveness_snapshot,,a,show-jm6rlv90,,,,,,,,,,,,,,,,,,,,,,,,,,,,,,,,,,"{""entries"":[{""key"":""contestant-a-c79e4705:TR_VC5tpJKFMjd7Vk"",""frames"":null,""reason"":null,""staleSec"":107,""probation"":false}],""trackCount"":1,""ineligibleCount"":0}"
2026-08-30T16:22:53.655754+00:00,2026-08-30T16:22:53.167+00:00,backing_deck_raf,,a,show-jm6rlv90,,,,,,,,,,,,,,,,,,,,,,,,,,,,,interval,,,,,"{""elapsedMs"":30019,""idleFrames"":0,""hasDuration"":true,""activeFrames"":1320,""changedLabel"":29,""changedWidth"":1143,""playingFrames"":1143}"
2026-08-30T16:22:55.700008+00:00,2026-08-30T16:22:54.523+00:00,pub_stats,,a,show-jm6rlv90,3066388,7013744,3000000,60,60,0,31,30,60.7,none,f,f+h+q,3,1080,1920,1080,1920,"SimulcastEncoderAdapter (libvpx, libvpx, libvpx)",3,0,1,0,0,0.002533,0.024,0,,,,,,,live:a,"{""qualityLimitationDurations"":{""cpu"":0,""none"":101.657,""other"":0,""bandwidth"":6.837}}"
2026-08-30T16:22:55.700008+00:00,2026-08-30T16:22:54.524+00:00,director_heartbeat,,a,show-jm6rlv90,,,,,,,,,,,,,,,,,,,,,,,,,,,,,,,,,,"{""state"":""running""}"
2026-08-30T16:22:55.700008+00:00,2026-08-30T16:22:54.555+00:00,mic_level_sample,,a,show-jm6rlv90,,,,,,,,,,,,,,,,,,,,,,,,,,,,,,,,,,"{""deviceId"":""a58e21953fa187ebbfa035f4c18fb6d2d3f12f0c3a35994d56f0781fea8405af"",""inputRms"":0.07831433957291747,""outputRms"":0.3717968676273456,""deviceLabel"":""MacBook Air Microphone (Built-in)"",""audioContextState"":""running""}"
2026-08-30T16:22:57.854914+00:00,2026-08-30T16:22:56.523+00:00,pub_stats,,a,show-jm6rlv90,2922372,7013744,2993743,60,60,0,31,30,61.52,none,f,f+h+q,3,1080,1920,1080,1920,"SimulcastEncoderAdapter (libvpx, libvpx, libvpx)",3,0,1,0,0,0.002833,0.027,0,,,,,,,live:a,"{""qualityLimitationDurations"":{""cpu"":0,""none"":103.657,""other"":0,""bandwidth"":6.837}}"
2026-08-30T16:22:58.716503+00:00,2026-08-30T16:22:58.522+00:00,track_liveness_snapshot,,a,show-jm6rlv90,,,,,,,,,,,,,,,,,,,,,,,,,,,,,,,,,,"{""entries"":[{""key"":""contestant-a-c79e4705:TR_VC5tpJKFMjd7Vk"",""frames"":null,""reason"":null,""staleSec"":112,""probation"":false}],""trackCount"":1,""ineligibleCount"":0}"
2026-08-30T16:22:59.758634+00:00,2026-08-30T16:22:58.523+00:00,pub_stats,,a,show-jm6rlv90,2978356,7013744,2980633,59,59,0,30,30,55.71,none,f,f+h+q,3,1080,1920,1080,1920,"SimulcastEncoderAdapter (libvpx, libvpx, libvpx)",3,0,1,0,0,0.002666,0.027,0,,,,,,,live:a,"{""qualityLimitationDurations"":{""cpu"":0,""none"":105.656,""other"":0,""bandwidth"":6.837}}"
2026-08-30T16:23:00.677697+00:00,2026-08-30T16:22:59.554+00:00,mic_level_sample,,a,show-jm6rlv90,,,,,,,,,,,,,,,,,,,,,,,,,,,,,,,,,,"{""deviceId"":""a58e21953fa187ebbfa035f4c18fb6d2d3f12f0c3a35994d56f0781fea8405af"",""inputRms"":0.041852837005892776,""outputRms"":0.14096127371045453,""deviceLabel"":""MacBook Air Microphone (Built-in)"",""audioContextState"":""running""}"
2026-08-30T16:23:01.674112+00:00,2026-08-30T16:23:00.523+00:00,pub_stats,,a,show-jm6rlv90,2943272,7013744,3000000,60,60,0,30,30,57.93,none,f,f+h+q,3,1080,1920,1080,1920,"SimulcastEncoderAdapter (libvpx, libvpx, libvpx)",3,0,1,0,0,0.002688,0.024,0,,,,,,,live:a,"{""qualityLimitationDurations"":{""cpu"":0,""none"":107.657,""other"":0,""bandwidth"":6.837}}"
2026-08-30T16:23:03.699506+00:00,2026-08-30T16:23:02.523+00:00,pub_stats,,a,show-jm6rlv90,2995428,7013744,3000000,60,60,0,30,30,55.67,none,f,f+h+q,3,1080,1920,1080,1920,"SimulcastEncoderAdapter (libvpx, libvpx, libvpx)",3,0,1,0,0,0.0029549999999999997,0.025,0,,,,,,,live:a,"{""qualityLimitationDurations"":{""cpu"":0,""none"":109.657,""other"":0,""bandwidth"":6.837}}"
2026-08-30T16:23:03.699506+00:00,2026-08-30T16:23:03.522+00:00,track_liveness_snapshot,,a,show-jm6rlv90,,,,,,,,,,,,,,,,,,,,,,,,,,,,,,,,,,"{""entries"":[{""key"":""contestant-a-c79e4705:TR_VC5tpJKFMjd7Vk"",""frames"":null,""reason"":null,""staleSec"":117,""probation"":false}],""trackCount"":1,""ineligibleCount"":0}"
2026-08-30T16:23:05.871118+00:00,2026-08-30T16:23:04.523+00:00,pub_stats,,a,show-jm6rlv90,3007084,7013744,2981822,60,60,0,30,30,59.18,none,f,f+h+q,3,1080,1920,1080,1920,"SimulcastEncoderAdapter (libvpx, libvpx, libvpx)",3,0,1,0,0,0.003088,0.026,0,,,,,,,live:a,"{""qualityLimitationDurations"":{""cpu"":0,""none"":111.656,""other"":0,""bandwidth"":6.837}}"
2026-08-30T16:23:05.871118+00:00,2026-08-30T16:23:04.525+00:00,director_heartbeat,,a,show-jm6rlv90,,,,,,,,,,,,,,,,,,,,,,,,,,,,,,,,,,"{""state"":""running""}"
2026-08-30T16:23:05.871118+00:00,2026-08-30T16:23:04.554+00:00,mic_level_sample,,a,show-jm6rlv90,,,,,,,,,,,,,,,,,,,,,,,,,,,,,,,,,,"{""deviceId"":""a58e21953fa187ebbfa035f4c18fb6d2d3f12f0c3a35994d56f0781fea8405af"",""inputRms"":0.07048713639502757,""outputRms"":0.17369013604650652,""deviceLabel"":""MacBook Air Microphone (Built-in)"",""audioContextState"":""running""}"
2026-08-30T16:23:07.688905+00:00,2026-08-30T16:23:06.523+00:00,pub_stats,,a,show-jm6rlv90,3086200,7013744,2999378,60,60,0,30,31,57.8,none,f,f+h+q,3,1080,1920,1080,1920,"SimulcastEncoderAdapter (libvpx, libvpx, libvpx)",3,0,1,0,0,0.0028439999999999997,0.026,0,,,,,,,live:a,"{""qualityLimitationDurations"":{""cpu"":0,""none"":113.656,""other"":0,""bandwidth"":6.837}}"
2026-08-30T16:23:08.683389+00:00,2026-08-30T16:23:08.522+00:00,track_liveness_snapshot,,a,show-jm6rlv90,,,,,,,,,,,,,,,,,,,,,,,,,,,,,,,,,,"{""entries"":[{""key"":""contestant-a-c79e4705:TR_VC5tpJKFMjd7Vk"",""frames"":null,""reason"":null,""staleSec"":122,""probation"":false}],""trackCount"":1,""ineligibleCount"":0}"
2026-08-30T16:23:09.861777+00:00,2026-08-30T16:23:08.523+00:00,pub_stats,,a,show-jm6rlv90,2844632,7013744,3000000,60,60,0,30,30,64.13,none,f,f+h+q,3,1080,1920,1080,1920,"SimulcastEncoderAdapter (libvpx, libvpx, libvpx)",3,0,1,0,0,0.002477,0.024,0,,,,,,,live:a,"{""qualityLimitationDurations"":{""cpu"":0,""none"":115.656,""other"":0,""bandwidth"":6.837}}"
2026-08-30T16:23:10.6686+00:00,2026-08-30T16:23:09.554+00:00,mic_level_sample,,a,show-jm6rlv90,,,,,,,,,,,,,,,,,,,,,,,,,,,,,,,,,,"{""deviceId"":""a58e21953fa187ebbfa035f4c18fb6d2d3f12f0c3a35994d56f0781fea8405af"",""inputRms"":0.03230228945142114,""outputRms"":0.1531198771036954,""deviceLabel"":""MacBook Air Microphone (Built-in)"",""audioContextState"":""running""}"
2026-08-30T16:23:11.696891+00:00,2026-08-30T16:23:10.523+00:00,pub_stats,,a,show-jm6rlv90,3132072,7013744,2937548,60,60,0,30,30,60.97,none,f,f+h+q,3,1080,1920,1080,1920,"SimulcastEncoderAdapter (libvpx, libvpx, libvpx)",3,0,1,0,0,0.0029,0.026,0,,,,,,,live:a,"{""qualityLimitationDurations"":{""cpu"":0,""none"":117.656,""other"":0,""bandwidth"":6.837}}"
2026-08-30T16:23:13.708135+00:00,2026-08-30T16:23:12.523+00:00,pub_stats,,a,show-jm6rlv90,2872244,7013744,3000000,60,60,0,30,30,66.83,none,f,f+h+q,3,1080,1920,1080,1920,"SimulcastEncoderAdapter (libvpx, libvpx, libvpx)",3,0,1,0,0,0.003022,0.026,0,,,,,,,live:a,"{""qualityLimitationDurations"":{""cpu"":0,""none"":119.657,""other"":0,""bandwidth"":6.837}}"
2026-08-30T16:23:13.708135+00:00,2026-08-30T16:23:13.522+00:00,track_liveness_snapshot,,a,show-jm6rlv90,,,,,,,,,,,,,,,,,,,,,,,,,,,,,,,,,,"{""entries"":[{""key"":""contestant-a-c79e4705:TR_VC5tpJKFMjd7Vk"",""frames"":null,""reason"":null,""staleSec"":127,""probation"":false}],""trackCount"":1,""ineligibleCount"":0}"
2026-08-30T16:23:15.703643+00:00,2026-08-30T16:23:14.523+00:00,pub_stats,,a,show-jm6rlv90,3080640,7013744,2961580,60,60,0,30,30,66.18,none,f,f+h+q,3,1080,1920,1080,1920,"SimulcastEncoderAdapter (libvpx, libvpx, libvpx)",3,0,1,0,0,0.0034219999999999997,0.026,0,,,,,,,live:a,"{""qualityLimitationDurations"":{""cpu"":0,""none"":121.656,""other"":0,""bandwidth"":6.837}}"
2026-08-30T16:23:15.703643+00:00,2026-08-30T16:23:14.525+00:00,director_heartbeat,,a,show-jm6rlv90,,,,,,,,,,,,,,,,,,,,,,,,,,,,,,,,,,"{""state"":""running""}"
2026-08-30T16:23:15.703643+00:00,2026-08-30T16:23:14.554+00:00,mic_level_sample,,a,show-jm6rlv90,,,,,,,,,,,,,,,,,,,,,,,,,,,,,,,,,,"{""deviceId"":""a58e21953fa187ebbfa035f4c18fb6d2d3f12f0c3a35994d56f0781fea8405af"",""inputRms"":0.13822171541828276,""outputRms"":0.160971771803343,""deviceLabel"":""MacBook Air Microphone (Built-in)"",""audioContextState"":""running""}"
2026-08-30T16:23:17.680608+00:00,2026-08-30T16:23:16.523+00:00,pub_stats,,a,show-jm6rlv90,2904852,7013744,3000000,60,60,0,30,30,77.12,none,f,f+h+q,3,1080,1920,1080,1920,"SimulcastEncoderAdapter (libvpx, libvpx, libvpx)",3,0,1,0,0,0.003166,0.025,0,,,,,,,live:a,"{""qualityLimitationDurations"":{""cpu"":0,""none"":123.657,""other"":0,""bandwidth"":6.837}}"
2026-08-30T16:23:17.680608+00:00,2026-08-30T16:23:16.927+00:00,director_shot_emitted,,a,show-jm6rlv90,,,,,,,,,,,,,,,,,,,,,,,,,,,,,,,,,,"{""shot"":""pan"",""slot"":""a"",""sourceRole"":""main"",""decisionSource"":""auto"",""targetIdentity"":""contestant-a-c79e4705""}"
2026-08-30T16:23:17.680608+00:00,2026-08-30T16:23:16.928+00:00,shot_publish_success,,a,show-jm6rlv90,,,,,,,,,,,,,,,,,,,,,,,,,,,,,,,,,,"{""shot"":""pan"",""slot"":""a"",""commandId"":""6a27bff7-eace-4a91-abfc-bbd0cdee00e5"",""decisionSource"":""auto"",""connectionState"":""connected""}"
2026-08-30T16:23:19.694791+00:00,2026-08-30T16:23:18.522+00:00,pub_stats,,a,show-jm6rlv90,3008456,7013744,3000000,60,60,0,30,30,71.3,none,f,f+h+q,3,1080,1920,1080,1920,"SimulcastEncoderAdapter (libvpx, libvpx, libvpx)",3,0,1,0,0,0.0029879999999999998,0.024,0,,,,,,,live:a,"{""qualityLimitationDurations"":{""cpu"":0,""none"":125.656,""other"":0,""bandwidth"":6.837}}"
2026-08-30T16:23:18.679726+00:00,2026-08-30T16:23:18.522+00:00,track_liveness_snapshot,,a,show-jm6rlv90,,,,,,,,,,,,,,,,,,,,,,,,,,,,,,,,,,"{""entries"":[{""key"":""contestant-a-c79e4705:TR_VC5tpJKFMjd7Vk"",""frames"":null,""reason"":null,""staleSec"":132,""probation"":false}],""trackCount"":1,""ineligibleCount"":0}"
2026-08-30T16:23:20.700194+00:00,2026-08-30T16:23:19.555+00:00,mic_level_sample,,a,show-jm6rlv90,,,,,,,,,,,,,,,,,,,,,,,,,,,,,,,,,,"{""deviceId"":""a58e21953fa187ebbfa035f4c18fb6d2d3f12f0c3a35994d56f0781fea8405af"",""inputRms"":0.08730409699257759,""outputRms"":0.17092771846425267,""deviceLabel"":""MacBook Air Microphone (Built-in)"",""audioContextState"":""running""}"
2026-08-30T16:23:21.694962+00:00,2026-08-30T16:23:20.523+00:00,pub_stats,,a,show-jm6rlv90,3075694,7013744,2948857,60,60,0,30,30,69.33,none,f,f+h+q,3,1080,1920,1080,1920,"SimulcastEncoderAdapter (libvpx, libvpx, libvpx)",3,0,1,0,0,0.0031439999999999997,0.027,0,,,,,,,live:a,"{""qualityLimitationDurations"":{""cpu"":0,""none"":127.656,""other"":0,""bandwidth"":6.837}}"
2026-08-30T16:23:24.070746+00:00,2026-08-30T16:23:22.525+00:00,pub_stats,,a,show-jm6rlv90,2795441,7013744,3000000,60,60,0,31,30,75.75,none,f,f+h+q,3,1080,1920,1080,1920,"SimulcastEncoderAdapter (libvpx, libvpx, libvpx)",3,0,1,0,0,0.0032329999999999998,0.027,0,,,,,,,live:a,"{""qualityLimitationDurations"":{""cpu"":0,""none"":129.656,""other"":0,""bandwidth"":6.837}}"
2026-08-30T16:23:24.070746+00:00,2026-08-30T16:23:23.192+00:00,backing_deck_raf,,a,show-jm6rlv90,,,,,,,,,,,,,,,,,,,,,,,,,,,,,interval,,,,,"{""elapsedMs"":30025,""idleFrames"":0,""hasDuration"":true,""activeFrames"":1077,""changedLabel"":30,""changedWidth"":1077,""playingFrames"":1077}"
2026-08-30T16:23:24.070746+00:00,2026-08-30T16:23:23.523+00:00,track_liveness_snapshot,,a,show-jm6rlv90,,,,,,,,,,,,,,,,,,,,,,,,,,,,,,,,,,"{""entries"":[{""key"":""contestant-a-c79e4705:TR_VC5tpJKFMjd7Vk"",""frames"":null,""reason"":null,""staleSec"":137,""probation"":false}],""trackCount"":1,""ineligibleCount"":0}"
2026-08-30T16:23:25.929286+00:00,2026-08-30T16:23:24.523+00:00,pub_stats,,a,show-jm6rlv90,3075900,7013744,3000000,60,60,0,31,30,65.03,none,f,f+h+q,3,1080,1920,1080,1920,"SimulcastEncoderAdapter (libvpx, libvpx, libvpx)",3,0,1,0,0,0.002966,0.024,0,,,,,,,live:a,"{""qualityLimitationDurations"":{""cpu"":0,""none"":131.656,""other"":0,""bandwidth"":6.837}}"
2026-08-30T16:23:25.929286+00:00,2026-08-30T16:23:24.525+00:00,director_heartbeat,,a,show-jm6rlv90,,,,,,,,,,,,,,,,,,,,,,,,,,,,,,,,,,"{""state"":""running""}"
2026-08-30T16:23:25.929286+00:00,2026-08-30T16:23:24.554+00:00,mic_level_sample,,a,show-jm6rlv90,,,,,,,,,,,,,,,,,,,,,,,,,,,,,,,,,,"{""deviceId"":""a58e21953fa187ebbfa035f4c18fb6d2d3f12f0c3a35994d56f0781fea8405af"",""inputRms"":0.024479922574168096,""outputRms"":0.3148156995433089,""deviceLabel"":""MacBook Air Microphone (Built-in)"",""audioContextState"":""running""}"
2026-08-30T16:23:27.868872+00:00,2026-08-30T16:23:26.523+00:00,pub_stats,,a,show-jm6rlv90,2931564,7013744,3000000,60,60,0,31,30,60.85,none,f,f+h+q,3,1080,1920,1080,1920,"SimulcastEncoderAdapter (libvpx, libvpx, libvpx)",3,0,1,0,0,0.002933,0.026,0,,,,,,,live:a,"{""qualityLimitationDurations"":{""cpu"":0,""none"":133.656,""other"":0,""bandwidth"":6.837}}"
2026-08-30T16:23:28.678288+00:00,2026-08-30T16:23:28.523+00:00,track_liveness_snapshot,,a,show-jm6rlv90,,,,,,,,,,,,,,,,,,,,,,,,,,,,,,,,,,"{""entries"":[{""key"":""contestant-a-c79e4705:TR_VC5tpJKFMjd7Vk"",""frames"":null,""reason"":null,""staleSec"":142,""probation"":false}],""trackCount"":1,""ineligibleCount"":0}"
2026-08-30T16:23:29.70603+00:00,2026-08-30T16:23:28.524+00:00,pub_stats,,a,show-jm6rlv90,3021733,7013744,3000000,60,60,0,31,30,49.02,none,f,f+h+q,3,1080,1920,1080,1920,"SimulcastEncoderAdapter (libvpx, libvpx, libvpx)",3,0,1,0,0,0.0025109999999999998,0.025,0,,,,,,,live:a,"{""qualityLimitationDurations"":{""cpu"":0,""none"":135.657,""other"":0,""bandwidth"":6.837}}"
2026-08-30T16:23:30.899323+00:00,2026-08-30T16:23:29.555+00:00,mic_level_sample,,a,show-jm6rlv90,,,,,,,,,,,,,,,,,,,,,,,,,,,,,,,,,,"{""deviceId"":""a58e21953fa187ebbfa035f4c18fb6d2d3f12f0c3a35994d56f0781fea8405af"",""inputRms"":0.09884205610766461,""outputRms"":0.12543412056291556,""deviceLabel"":""MacBook Air Microphone (Built-in)"",""audioContextState"":""running""}"
2026-08-30T16:23:31.676403+00:00,2026-08-30T16:23:30.522+00:00,pub_stats,,a,show-jm6rlv90,2999407,7013744,2968695,60,60,0,31,30,55.38,none,f,f+h+q,3,1080,1920,1080,1920,"SimulcastEncoderAdapter (libvpx, libvpx, libvpx)",3,0,1,0,0,0.0025109999999999998,0.025,0,,,,,,,live:a,"{""qualityLimitationDurations"":{""cpu"":0,""none"":137.656,""other"":0,""bandwidth"":6.837}}"
2026-08-30T16:23:33.891997+00:00,2026-08-30T16:23:32.523+00:00,pub_stats,,a,show-jm6rlv90,2936736,7013744,3000000,60,60,0,31,30,54.28,none,f,f+h+q,3,1080,1920,1080,1920,"SimulcastEncoderAdapter (libvpx, libvpx, libvpx)",3,0,1,0,0,0.0026999999999999997,0.025,0,,,,,,,live:a,"{""qualityLimitationDurations"":{""cpu"":0,""none"":139.657,""other"":0,""bandwidth"":6.837}}"
2026-08-30T16:23:34.674414+00:00,2026-08-30T16:23:34.022+00:00,track_liveness_snapshot,,a,show-jm6rlv90,,,,,,,,,,,,,,,,,,,,,,,,,,,,,,,,,,"{""entries"":[{""key"":""contestant-a-c79e4705:TR_VC5tpJKFMjd7Vk"",""frames"":null,""reason"":null,""staleSec"":148,""probation"":false}],""trackCount"":1,""ineligibleCount"":0}"
2026-08-30T16:23:35.690258+00:00,2026-08-30T16:23:34.523+00:00,pub_stats,,a,show-jm6rlv90,3031148,7013744,3000000,60,60,0,31,30,48.87,none,f,f+h+q,3,1080,1920,1080,1920,"SimulcastEncoderAdapter (libvpx, libvpx, libvpx)",3,0,1,0,0,0.002755,0.024,0,,,,,,,live:a,"{""qualityLimitationDurations"":{""cpu"":0,""none"":141.657,""other"":0,""bandwidth"":6.837}}"
2026-08-30T16:23:35.690258+00:00,2026-08-30T16:23:34.524+00:00,director_heartbeat,,a,show-jm6rlv90,,,,,,,,,,,,,,,,,,,,,,,,,,,,,,,,,,"{""state"":""running""}"
2026-08-30T16:23:35.690258+00:00,2026-08-30T16:23:34.554+00:00,mic_level_sample,,a,show-jm6rlv90,,,,,,,,,,,,,,,,,,,,,,,,,,,,,,,,,,"{""deviceId"":""a58e21953fa187ebbfa035f4c18fb6d2d3f12f0c3a35994d56f0781fea8405af"",""inputRms"":0.1255268835634901,""outputRms"":0.2341218060763899,""deviceLabel"":""MacBook Air Microphone (Built-in)"",""audioContextState"":""running""}"
2026-08-30T16:23:36.690095+00:00,2026-08-30T16:23:36.138+00:00,window_blur,,a,show-jm6rlv90,,,,,,,,,,,,,,,,,,,,,,,,,,,,,,,,,,
2026-08-30T16:23:37.73372+00:00,2026-08-30T16:23:36.522+00:00,pub_stats,,a,show-jm6rlv90,3026549,7013744,2990585,60,60,0,31,30,42.98,none,f,f+h+q,3,1080,1920,1080,1920,"SimulcastEncoderAdapter (libvpx, libvpx, libvpx)",3,0,1,0,0,0.003011,0.026,0,,,,,,,live:a,"{""qualityLimitationDurations"":{""cpu"":0,""none"":143.656,""other"":0,""bandwidth"":6.837}}"
2026-08-30T16:23:39.941701+00:00,2026-08-30T16:23:38.522+00:00,pub_stats,,a,show-jm6rlv90,2962164,7013744,2959322,60,60,0,31,30,45.85,none,f,f+h+q,3,1080,1920,1080,1920,"SimulcastEncoderAdapter (libvpx, libvpx, libvpx)",3,0,1,0,0,0.0027879999999999997,0.026,0,,,,,,,live:a,"{""qualityLimitationDurations"":{""cpu"":0,""none"":145.656,""other"":0,""bandwidth"":6.837}}"
2026-08-30T16:23:39.941701+00:00,2026-08-30T16:23:39.022+00:00,track_liveness_snapshot,,a,show-jm6rlv90,,,,,,,,,,,,,,,,,,,,,,,,,,,,,,,,,,"{""entries"":[{""key"":""contestant-a-c79e4705:TR_VC5tpJKFMjd7Vk"",""frames"":null,""reason"":null,""staleSec"":153,""probation"":false}],""trackCount"":1,""ineligibleCount"":0}"
2026-08-30T16:23:40.698316+00:00,2026-08-30T16:23:39.554+00:00,mic_level_sample,,a,show-jm6rlv90,,,,,,,,,,,,,,,,,,,,,,,,,,,,,,,,,,"{""deviceId"":""a58e21953fa187ebbfa035f4c18fb6d2d3f12f0c3a35994d56f0781fea8405af"",""inputRms"":0.10101884286515088,""outputRms"":0.2775498769536284,""deviceLabel"":""MacBook Air Microphone (Built-in)"",""audioContextState"":""running""}"
2026-08-30T16:23:41.674284+00:00,2026-08-30T16:23:40.522+00:00,pub_stats,,a,show-jm6rlv90,2972508,7013744,3000000,60,60,0,31,30,46.78,none,f,f+h+q,3,1080,1920,1080,1920,"SimulcastEncoderAdapter (libvpx, libvpx, libvpx)",3,0,1,0,0,0.002666,0.026,0,,,,,,,live:a,"{""qualityLimitationDurations"":{""cpu"":0,""none"":147.657,""other"":0,""bandwidth"":6.837}}"
2026-08-30T16:23:42.697694+00:00,2026-08-30T16:23:42.199+00:00,window_focus,,a,show-jm6rlv90,,,,,,,,,,,,,,,,,,,,,,,,,,,,,,,,,,
2026-08-30T16:23:43.669012+00:00,2026-08-30T16:23:42.522+00:00,pub_stats,,a,show-jm6rlv90,2990072,7013744,2992780,59,59,0,30,30,42.27,none,f,f+h+q,3,1080,1920,1080,1920,"SimulcastEncoderAdapter (libvpx, libvpx, libvpx)",3,0,1,0,0,0.002533,0.026,0,,,,,,,live:a,"{""qualityLimitationDurations"":{""cpu"":0,""none"":149.656,""other"":0,""bandwidth"":6.837}}"
2026-08-30T16:23:43.669012+00:00,2026-08-30T16:23:42.725+00:00,audio_host_track_loaded,,a,show-jm6rlv90,,,,,,,,,,,,,,,,,,,,,,,,,,,,,,,,,,"{""trackHash"":""cb1a5d97f140508b8dcf44f0e214af0ca1f65e29ad9a997c0b6ffeadfbe2cd32"",""trackName"":""YTDown.com_YouTube_SO-FINE-KOREY-OFFICIAL-MUSIC-VIDEO_Media_TbQQHot1YiY_009_128k.mp3""}"
2026-08-30T16:23:44.91525+00:00,2026-08-30T16:23:44.521+00:00,track_liveness_snapshot,,a,show-jm6rlv90,,,,,,,,,,,,,,,,,,,,,,,,,,,,,,,,,,"{""entries"":[{""key"":""contestant-a-c79e4705:TR_VC5tpJKFMjd7Vk"",""frames"":null,""reason"":null,""staleSec"":158,""probation"":false}],""trackCount"":1,""ineligibleCount"":0}"
2026-08-30T16:23:44.91525+00:00,2026-08-30T16:23:44.521+00:00,pub_stats,,a,show-jm6rlv90,2961729,7013744,3000000,61,61,0,31,30,46.84,none,f,f+h+q,3,1080,1920,1080,1920,"SimulcastEncoderAdapter (libvpx, libvpx, libvpx)",3,0,1,0,0,0.002944,0.023,0,,,,,,,live:a,"{""qualityLimitationDurations"":{""cpu"":0,""none"":151.656,""other"":0,""bandwidth"":6.837}}"
2026-08-30T16:23:45.713286+00:00,2026-08-30T16:23:44.524+00:00,director_heartbeat,,a,show-jm6rlv90,,,,,,,,,,,,,,,,,,,,,,,,,,,,,,,,,,"{""state"":""running""}"
2026-08-30T16:23:45.713286+00:00,2026-08-30T16:23:44.553+00:00,mic_level_sample,,a,show-jm6rlv90,,,,,,,,,,,,,,,,,,,,,,,,,,,,,,,,,,"{""deviceId"":""a58e21953fa187ebbfa035f4c18fb6d2d3f12f0c3a35994d56f0781fea8405af"",""inputRms"":0.0013488300537858925,""outputRms"":0.0013488300537858925,""deviceLabel"":""MacBook Air Microphone (Built-in)"",""audioContextState"":""running""}"
2026-08-30T16:23:47.668703+00:00,2026-08-30T16:23:46.521+00:00,pub_stats,,a,show-jm6rlv90,2968232,7013744,3000000,60,60,0,31,30,33.32,none,f,f+h+q,3,1080,1920,1080,1920,"SimulcastEncoderAdapter (libvpx, libvpx, libvpx)",3,0,1,0,0,0.002177,0.023,0,,,,,,,live:a,"{""qualityLimitationDurations"":{""cpu"":0,""none"":153.656,""other"":0,""bandwidth"":6.837}}"
2026-08-30T16:23:49.911273+00:00,2026-08-30T16:23:48.522+00:00,pub_stats,,a,show-jm6rlv90,3065203,7013744,2952157,60,60,0,31,30,29.58,none,f,f+h+q,3,1080,1920,1080,1920,"SimulcastEncoderAdapter (libvpx, libvpx, libvpx)",3,0,1,0,0,0.002588,0.026,0,,,,,,,live:a,"{""qualityLimitationDurations"":{""cpu"":0,""none"":155.657,""other"":0,""bandwidth"":6.837}}"
2026-08-30T16:23:49.911273+00:00,2026-08-30T16:23:49.521+00:00,track_liveness_snapshot,,a,show-jm6rlv90,,,,,,,,,,,,,,,,,,,,,,,,,,,,,,,,,,"{""entries"":[{""key"":""contestant-a-c79e4705:TR_VC5tpJKFMjd7Vk"",""frames"":null,""reason"":null,""staleSec"":163,""probation"":false}],""trackCount"":1,""ineligibleCount"":0}"
2026-08-30T16:23:50.692663+00:00,2026-08-30T16:23:49.552+00:00,mic_level_sample,,a,show-jm6rlv90,,,,,,,,,,,,,,,,,,,,,,,,,,,,,,,,,,"{""deviceId"":""a58e21953fa187ebbfa035f4c18fb6d2d3f12f0c3a35994d56f0781fea8405af"",""inputRms"":0.034912174203179686,""outputRms"":0.034912174203179686,""deviceLabel"":""MacBook Air Microphone (Built-in)"",""audioContextState"":""running""}"
2026-08-30T16:23:51.789591+00:00,2026-08-30T16:23:50.521+00:00,pub_stats,,a,show-jm6rlv90,3022587,7013744,2963540,60,60,0,31,30,34.17,none,f,f+h+q,3,1080,1920,1080,1920,"SimulcastEncoderAdapter (libvpx, libvpx, libvpx)",3,0,1,0,0,0.002633,0.027,0,,,,,,,live:a,"{""qualityLimitationDurations"":{""cpu"":0,""none"":157.656,""other"":0,""bandwidth"":6.837}}"
2026-08-30T16:23:51.789591+00:00,2026-08-30T16:23:50.93+00:00,director_shot_emitted,,a,show-jm6rlv90,,,,,,,,,,,,,,,,,,,,,,,,,,,,,,,,,,"{""shot"":""zoomIn"",""slot"":""a"",""sourceRole"":""main"",""decisionSource"":""auto"",""targetIdentity"":""contestant-a-c79e4705""}"
2026-08-30T16:23:51.789591+00:00,2026-08-30T16:23:50.931+00:00,shot_publish_success,,a,show-jm6rlv90,,,,,,,,,,,,,,,,,,,,,,,,,,,,,,,,,,"{""shot"":""zoomIn"",""slot"":""a"",""commandId"":""8c6401b1-1702-4f73-a72e-251dafa95445"",""decisionSource"":""auto"",""connectionState"":""connected""}"
2026-08-30T16:23:53.691074+00:00,2026-08-30T16:23:52.522+00:00,pub_stats,,a,show-jm6rlv90,3016352,7013744,2925787,59,59,0,30,30,34.47,none,f,f+h+q,3,1080,1920,1080,1920,"SimulcastEncoderAdapter (libvpx, libvpx, libvpx)",3,0,1,0,0,0.0026999999999999997,0.026,0,,,,,,,live:a,"{""qualityLimitationDurations"":{""cpu"":0,""none"":159.657,""other"":0,""bandwidth"":6.837}}"
2026-08-30T16:23:53.691074+00:00,2026-08-30T16:23:53.194+00:00,backing_deck_raf,,a,show-jm6rlv90,,,,,,,,,,,,,,,,,,,,,,,,,,,,,interval,,,,,"{""elapsedMs"":30004,""idleFrames"":0,""hasDuration"":true,""activeFrames"":3004,""changedLabel"":21,""changedWidth"":1955,""playingFrames"":1968}"
2026-08-30T16:23:54.732493+00:00,2026-08-30T16:23:54.521+00:00,track_liveness_snapshot,,a,show-jm6rlv90,,,,,,,,,,,,,,,,,,,,,,,,,,,,,,,,,,"{""entries"":[{""key"":""contestant-a-c79e4705:TR_VC5tpJKFMjd7Vk"",""frames"":null,""reason"":null,""staleSec"":168,""probation"":false}],""trackCount"":1,""ineligibleCount"":0}"
2026-08-30T16:23:55.663786+00:00,2026-08-30T16:23:54.521+00:00,pub_stats,,a,show-jm6rlv90,2836334,7013744,3000000,60,60,0,30,30,43.87,none,f,f+h+q,3,1080,1920,1080,1920,"SimulcastEncoderAdapter (libvpx, libvpx, libvpx)",3,0,1,0,0,0.0026999999999999997,0.026,0,,,,,,,live:a,"{""qualityLimitationDurations"":{""cpu"":0,""none"":161.656,""other"":0,""bandwidth"":6.837}}"
2026-08-30T16:23:55.663786+00:00,2026-08-30T16:23:54.524+00:00,director_heartbeat,,a,show-jm6rlv90,,,,,,,,,,,,,,,,,,,,,,,,,,,,,,,,,,"{""state"":""running""}"
2026-08-30T16:23:55.663786+00:00,2026-08-30T16:23:54.553+00:00,mic_level_sample,,a,show-jm6rlv90,,,,,,,,,,,,,,,,,,,,,,,,,,,,,,,,,,"{""deviceId"":""a58e21953fa187ebbfa035f4c18fb6d2d3f12f0c3a35994d56f0781fea8405af"",""inputRms"":0.052719976608551475,""outputRms"":0.1390895764080172,""deviceLabel"":""MacBook Air Microphone (Built-in)"",""audioContextState"":""running""}"
2026-08-30T16:23:57.664829+00:00,2026-08-30T16:23:56.522+00:00,pub_stats,,a,show-jm6rlv90,3065827,7013744,2977895,60,60,0,30,30,39.73,none,f,f+h+q,3,1080,1920,1080,1920,"SimulcastEncoderAdapter (libvpx, libvpx, libvpx)",3,0,1,0,0,0.0026219999999999998,0.026,0,,,,,,,live:a,"{""qualityLimitationDurations"":{""cpu"":0,""none"":163.656,""other"":0,""bandwidth"":6.837}}"
2026-08-30T16:23:59.673304+00:00,2026-08-30T16:23:58.521+00:00,pub_stats,,a,show-jm6rlv90,2986645,7013744,2982020,60,60,0,30,30,41.92,none,f,f+h+q,3,1080,1920,1080,1920,"SimulcastEncoderAdapter (libvpx, libvpx, libvpx)",3,0,1,0,0,0.002555,0.025,0,,,,,,,live:a,"{""qualityLimitationDurations"":{""cpu"":0,""none"":165.656,""other"":0,""bandwidth"":6.837}}"
2026-08-30T16:23:59.673304+00:00,2026-08-30T16:23:59.521+00:00,track_liveness_snapshot,,a,show-jm6rlv90,,,,,,,,,,,,,,,,,,,,,,,,,,,,,,,,,,"{""entries"":[{""key"":""contestant-a-c79e4705:TR_VC5tpJKFMjd7Vk"",""frames"":null,""reason"":null,""staleSec"":173,""probation"":false}],""trackCount"":1,""ineligibleCount"":0}"
2026-08-30T16:24:00.702588+00:00,2026-08-30T16:23:59.552+00:00,mic_level_sample,,a,show-jm6rlv90,,,,,,,,,,,,,,,,,,,,,,,,,,,,,,,,,,"{""deviceId"":""a58e21953fa187ebbfa035f4c18fb6d2d3f12f0c3a35994d56f0781fea8405af"",""inputRms"":0.09225918774824245,""outputRms"":0.13863322277139287,""deviceLabel"":""MacBook Air Microphone (Built-in)"",""audioContextState"":""running""}"
2026-08-30T16:24:01.732284+00:00,2026-08-30T16:24:00.521+00:00,pub_stats,,a,show-jm6rlv90,2963788,7013744,3000000,60,60,0,30,30,43.17,none,f,f+h+q,3,1080,1920,1080,1920,"SimulcastEncoderAdapter (libvpx, libvpx, libvpx)",3,0,1,0,0,0.002744,0.026,0,,,,,,,live:a,"{""qualityLimitationDurations"":{""cpu"":0,""none"":167.656,""other"":0,""bandwidth"":6.837}}"
2026-08-30T16:24:03.864002+00:00,2026-08-30T16:24:02.521+00:00,pub_stats,,a,show-jm6rlv90,3029492,7013744,2984393,60,60,0,30,30,45.13,none,f,f+h+q,3,1080,1920,1080,1920,"SimulcastEncoderAdapter (libvpx, libvpx, libvpx)",3,0,1,0,0,0.002977,0.026,0,,,,,,,live:a,"{""qualityLimitationDurations"":{""cpu"":0,""none"":169.657,""other"":0,""bandwidth"":6.837}}"
2026-08-30T16:24:03.864002+00:00,2026-08-30T16:24:03.213+00:00,window_blur,,a,show-jm6rlv90,,,,,,,,,,,,,,,,,,,,,,,,,,,,,,,,,,
2026-08-30T16:24:05.71188+00:00,2026-08-30T16:24:04.521+00:00,pub_stats,,a,show-jm6rlv90,3014528,7013744,2994628,60,60,0,30,29,56.32,none,f,f+h+q,3,1080,1920,1080,1920,"SimulcastEncoderAdapter (libvpx, libvpx, libvpx)",3,0,1,0,0,0.0032549999999999996,0.024,0,,,,,,,live:a,"{""qualityLimitationDurations"":{""cpu"":0,""none"":171.656,""other"":0,""bandwidth"":6.837}}"
2026-08-30T16:24:04.705696+00:00,2026-08-30T16:24:04.521+00:00,track_liveness_snapshot,,a,show-jm6rlv90,,,,,,,,,,,,,,,,,,,,,,,,,,,,,,,,,,"{""entries"":[{""key"":""contestant-a-c79e4705:TR_VC5tpJKFMjd7Vk"",""frames"":null,""reason"":null,""staleSec"":178,""probation"":false}],""trackCount"":1,""ineligibleCount"":0}"
2026-08-30T16:24:05.71188+00:00,2026-08-30T16:24:04.524+00:00,director_heartbeat,,a,show-jm6rlv90,,,,,,,,,,,,,,,,,,,,,,,,,,,,,,,,,,"{""state"":""running""}"
2026-08-30T16:24:05.71188+00:00,2026-08-30T16:24:04.553+00:00,mic_level_sample,,a,show-jm6rlv90,,,,,,,,,,,,,,,,,,,,,,,,,,,,,,,,,,"{""deviceId"":""a58e21953fa187ebbfa035f4c18fb6d2d3f12f0c3a35994d56f0781fea8405af"",""inputRms"":0.05736208716467127,""outputRms"":0.11596407900704603,""deviceLabel"":""MacBook Air Microphone (Built-in)"",""audioContextState"":""running""}"
2026-08-30T16:24:07.70151+00:00,2026-08-30T16:24:06.521+00:00,pub_stats,,a,show-jm6rlv90,2875632,7013744,3000000,60,60,0,30,30,59,none,f,f+h+q,3,1080,1920,1080,1920,"SimulcastEncoderAdapter (libvpx, libvpx, libvpx)",3,0,1,0,0,0.002977,0.025,0,,,,,,,live:a,"{""qualityLimitationDurations"":{""cpu"":0,""none"":173.656,""other"":0,""bandwidth"":6.837}}"
2026-08-30T16:24:09.762224+00:00,2026-08-30T16:24:08.522+00:00,pub_stats,,a,show-jm6rlv90,3045457,7013744,3000000,60,60,0,30,31,46.93,none,f,f+h+q,3,1080,1920,1080,1920,"SimulcastEncoderAdapter (libvpx, libvpx, libvpx)",3,0,1,0,0,0.002722,0.025,0,,,,,,,live:a,"{""qualityLimitationDurations"":{""cpu"":0,""none"":175.657,""other"":0,""bandwidth"":6.837}}"
2026-08-30T16:24:09.762224+00:00,2026-08-30T16:24:09.522+00:00,track_liveness_snapshot,,a,show-jm6rlv90,,,,,,,,,,,,,,,,,,,,,,,,,,,,,,,,,,"{""entries"":[{""key"":""contestant-a-c79e4705:TR_VC5tpJKFMjd7Vk"",""frames"":null,""reason"":null,""staleSec"":183,""probation"":false}],""trackCount"":1,""ineligibleCount"":0}"
2026-08-30T16:24:10.665706+00:00,2026-08-30T16:24:09.554+00:00,mic_level_sample,,a,show-jm6rlv90,,,,,,,,,,,,,,,,,,,,,,,,,,,,,,,,,,"{""deviceId"":""a58e21953fa187ebbfa035f4c18fb6d2d3f12f0c3a35994d56f0781fea8405af"",""inputRms"":0.11347308311151844,""outputRms"":0.12412811576348189,""deviceLabel"":""MacBook Air Microphone (Built-in)"",""audioContextState"":""running""}"
2026-08-30T16:24:11.685685+00:00,2026-08-30T16:24:10.522+00:00,pub_stats,,a,show-jm6rlv90,3000152,7013744,2948683,60,60,0,30,30,49,none,f,f+h+q,3,1080,1920,1080,1920,"SimulcastEncoderAdapter (libvpx, libvpx, libvpx)",3,0,1,0,0,0.002966,0.025,0,,,,,,,live:a,"{""qualityLimitationDurations"":{""cpu"":0,""none"":177.657,""other"":0,""bandwidth"":6.837}}"
2026-08-30T16:24:13.949167+00:00,2026-08-30T16:24:12.522+00:00,pub_stats,,a,show-jm6rlv90,2992964,7013744,3000000,60,60,0,30,30,51.68,none,f,f+h+q,3,1080,1920,1080,1920,"SimulcastEncoderAdapter (libvpx, libvpx, libvpx)",3,0,1,0,0,0.0020109999999999998,0.026,0,,,,,,,live:a,"{""qualityLimitationDurations"":{""cpu"":0,""none"":179.657,""other"":0,""bandwidth"":6.837}}"
2026-08-30T16:24:13.949167+00:00,2026-08-30T16:24:13.514+00:00,window_focus,,a,show-jm6rlv90,,,,,,,,,,,,,,,,,,,,,,,,,,,,,,,,,,
2026-08-30T16:24:15.919274+00:00,2026-08-30T16:24:14.522+00:00,pub_stats,,a,show-jm6rlv90,2985636,7013744,3000000,60,60,0,30,30,52.83,none,f,f+h+q,3,1080,1920,1080,1920,"SimulcastEncoderAdapter (libvpx, libvpx, libvpx)",3,0,1,0,0,0.003188,0.024,0,,,,,,,live:a,"{""qualityLimitationDurations"":{""cpu"":0,""none"":181.657,""other"":0,""bandwidth"":6.837}}"
2026-08-30T16:24:14.659378+00:00,2026-08-30T16:24:14.522+00:00,track_liveness_snapshot,,a,show-jm6rlv90,,,,,,,,,,,,,,,,,,,,,,,,,,,,,,,,,,"{""entries"":[{""key"":""contestant-a-c79e4705:TR_VC5tpJKFMjd7Vk"",""frames"":null,""reason"":null,""staleSec"":188,""probation"":false}],""trackCount"":1,""ineligibleCount"":0}"
2026-08-30T16:24:15.919274+00:00,2026-08-30T16:24:14.524+00:00,director_heartbeat,,a,show-jm6rlv90,,,,,,,,,,,,,,,,,,,,,,,,,,,,,,,,,,"{""state"":""running""}"
2026-08-30T16:24:15.919274+00:00,2026-08-30T16:24:14.553+00:00,mic_level_sample,,a,show-jm6rlv90,,,,,,,,,,,,,,,,,,,,,,,,,,,,,,,,,,"{""deviceId"":""a58e21953fa187ebbfa035f4c18fb6d2d3f12f0c3a35994d56f0781fea8405af"",""inputRms"":0.025527889234901634,""outputRms"":0.22781829166987527,""deviceLabel"":""MacBook Air Microphone (Built-in)"",""audioContextState"":""running""}"
2026-08-30T16:24:17.720049+00:00,2026-08-30T16:24:16.521+00:00,pub_stats,,a,show-jm6rlv90,2694499,3067205,2016550,60,60,0,30,30,63.23,none,f,f+h+q,3,1080,1920,1080,1920,"SimulcastEncoderAdapter (libvpx, libvpx, libvpx)",3,0,1,0,0,0.014676999999999999,0.024,0,,,,,,,live:a,"{""qualityLimitationDurations"":{""cpu"":0,""none"":183.656,""other"":0,""bandwidth"":6.837}}"
2026-08-30T16:24:19.676406+00:00,2026-08-30T16:24:18.522+00:00,pub_stats,,a,show-jm6rlv90,1988176,3133135,2108305,60,60,0,30,30,82.9,none,f,f+h+q,3,1080,1920,1080,1920,"SimulcastEncoderAdapter (libvpx, libvpx, libvpx)",3,0,1,0,0,0.0073,0.024,0,,,,,,,live:a,"{""qualityLimitationDurations"":{""cpu"":0,""none"":185.657,""other"":0,""bandwidth"":6.837}}"
2026-08-30T16:24:20.690146+00:00,2026-08-30T16:24:19.554+00:00,mic_level_sample,,a,show-jm6rlv90,,,,,,,,,,,,,,,,,,,,,,,,,,,,,,,,,,"{""deviceId"":""a58e21953fa187ebbfa035f4c18fb6d2d3f12f0c3a35994d56f0781fea8405af"",""inputRms"":0.08246583508932574,""outputRms"":0.23655842041091943,""deviceLabel"":""MacBook Air Microphone (Built-in)"",""audioContextState"":""running""}"
2026-08-30T16:24:20.690146+00:00,2026-08-30T16:24:20.022+00:00,track_liveness_snapshot,,a,show-jm6rlv90,,,,,,,,,,,,,,,,,,,,,,,,,,,,,,,,,,"{""entries"":[{""key"":""contestant-a-c79e4705:TR_VC5tpJKFMjd7Vk"",""frames"":null,""reason"":null,""staleSec"":194,""probation"":false}],""trackCount"":1,""ineligibleCount"":0}"
2026-08-30T16:24:21.690082+00:00,2026-08-30T16:24:20.521+00:00,pub_stats,,a,show-jm6rlv90,2364336,3213637,2363243,60,60,0,30,30,76.8,none,f,f+h+q,3,1080,1920,1080,1920,"SimulcastEncoderAdapter (libvpx, libvpx, libvpx)",3,0,1,0,0,0.003133,0.026,0,,,,,,,live:a,"{""qualityLimitationDurations"":{""cpu"":0,""none"":187.657,""other"":0,""bandwidth"":6.837}}"
2026-08-30T16:24:23.777862+00:00,2026-08-30T16:24:22.523+00:00,pub_stats,,a,show-jm6rlv90,2340903,3280722,2394702,60,60,0,30,30,94.03,none,f,f+h+q,3,1080,1920,1080,1920,"SimulcastEncoderAdapter (libvpx, libvpx, libvpx)",3,0,1,0,0,0.004488,0.026,0,,,,,,,live:a,"{""qualityLimitationDurations"":{""cpu"":0,""none"":189.658,""other"":0,""bandwidth"":6.837}}"
2026-08-30T16:24:23.777862+00:00,2026-08-30T16:24:23.197+00:00,backing_deck_raf,,a,show-jm6rlv90,,,,,,,,,,,,,,,,,,,,,,,,,,,,,interval,,,,,"{""elapsedMs"":30003,""idleFrames"":0,""hasDuration"":true,""activeFrames"":1773,""changedLabel"":30,""changedWidth"":1769,""playingFrames"":1773}"
2026-08-30T16:24:25.697778+00:00,2026-08-30T16:24:24.522+00:00,pub_stats,,a,show-jm6rlv90,2314337,3355194,2486707,60,60,0,30,30,77.45,none,f,f+h+q,3,1080,1920,1080,1920,"SimulcastEncoderAdapter (libvpx, libvpx, libvpx)",3,0,1,0,0,0.003333,0.025,0,,,,,,,live:a,"{""qualityLimitationDurations"":{""cpu"":0,""none"":191.657,""other"":0,""bandwidth"":6.837}}"
2026-08-30T16:24:25.697778+00:00,2026-08-30T16:24:24.523+00:00,director_heartbeat,,a,show-jm6rlv90,,,,,,,,,,,,,,,,,,,,,,,,,,,,,,,,,,"{""state"":""running""}"
2026-08-30T16:24:25.697778+00:00,2026-08-30T16:24:24.552+00:00,mic_level_sample,,a,show-jm6rlv90,,,,,,,,,,,,,,,,,,,,,,,,,,,,,,,,,,"{""deviceId"":""a58e21953fa187ebbfa035f4c18fb6d2d3f12f0c3a35994d56f0781fea8405af"",""inputRms"":0.10767060063126675,""outputRms"":0.11153651333006714,""deviceLabel"":""MacBook Air Microphone (Built-in)"",""audioContextState"":""running""}"
2026-08-30T16:24:25.697778+00:00,2026-08-30T16:24:25.521+00:00,track_liveness_snapshot,,a,show-jm6rlv90,,,,,,,,,,,,,,,,,,,,,,,,,,,,,,,,,,"{""entries"":[{""key"":""contestant-a-c79e4705:TR_VC5tpJKFMjd7Vk"",""frames"":null,""reason"":null,""staleSec"":199,""probation"":false}],""trackCount"":1,""ineligibleCount"":0}"
2026-08-30T16:24:27.68329+00:00,2026-08-30T16:24:26.521+00:00,pub_stats,,a,show-jm6rlv90,2536600,3434063,2504150,60,60,0,31,30,76.28,none,f,f+h+q,3,1080,1920,1080,1920,"SimulcastEncoderAdapter (libvpx, libvpx, libvpx)",3,0,1,0,0,0.009021999999999999,0.025,0,,,,,,,live:a,"{""qualityLimitationDurations"":{""cpu"":0,""none"":193.656,""other"":0,""bandwidth"":6.837}}"
2026-08-30T16:24:29.681485+00:00,2026-08-30T16:24:28.522+00:00,pub_stats,,a,show-jm6rlv90,2494437,3506397,2673307,60,60,0,31,30,62.55,none,f,f+h+q,3,1080,1920,1080,1920,"SimulcastEncoderAdapter (libvpx, libvpx, libvpx)",3,0,1,0,0,0.0029549999999999997,0.025,0,,,,,,,live:a,"{""qualityLimitationDurations"":{""cpu"":0,""none"":195.657,""other"":0,""bandwidth"":6.837}}"
2026-08-30T16:24:30.689049+00:00,2026-08-30T16:24:29.553+00:00,mic_level_sample,,a,show-jm6rlv90,,,,,,,,,,,,,,,,,,,,,,,,,,,,,,,,,,"{""deviceId"":""a58e21953fa187ebbfa035f4c18fb6d2d3f12f0c3a35994d56f0781fea8405af"",""inputRms"":0.05836519068863034,""outputRms"":0.10379899447155837,""deviceLabel"":""MacBook Air Microphone (Built-in)"",""audioContextState"":""running""}"
2026-08-30T16:24:30.689049+00:00,2026-08-30T16:24:30.521+00:00,track_liveness_snapshot,,a,show-jm6rlv90,,,,,,,,,,,,,,,,,,,,,,,,,,,,,,,,,,"{""entries"":[{""key"":""contestant-a-c79e4705:TR_VC5tpJKFMjd7Vk"",""frames"":null,""reason"":null,""staleSec"":204,""probation"":false}],""trackCount"":1,""ineligibleCount"":0}"
2026-08-30T16:24:31.705739+00:00,2026-08-30T16:24:30.522+00:00,pub_stats,,a,show-jm6rlv90,2818360,3789015,2863882,60,60,0,31,30,56.63,none,f,f+h+q,3,1080,1920,1080,1920,"SimulcastEncoderAdapter (libvpx, libvpx, libvpx)",3,0,1,0,0,0.005755,0.025,0,,,,,,,live:a,"{""qualityLimitationDurations"":{""cpu"":0,""none"":197.657,""other"":0,""bandwidth"":6.837}}"
2026-08-30T16:24:33.703983+00:00,2026-08-30T16:24:32.521+00:00,pub_stats,,a,show-jm6rlv90,2797983,4420861,3000000,60,60,0,31,30,71.05,none,f,f+h+q,3,1080,1920,1080,1920,"SimulcastEncoderAdapter (libvpx, libvpx, libvpx)",3,0,1,0,0,0.004333,0.025,0,,,,,,,live:a,"{""qualityLimitationDurations"":{""cpu"":0,""none"":199.656,""other"":0,""bandwidth"":6.837}}"
2026-08-30T16:24:35.742782+00:00,2026-08-30T16:24:34.521+00:00,pub_stats,,a,show-jm6rlv90,3038260,5118343,3000000,60,60,0,31,30,58.02,none,f,f+h+q,3,1080,1920,1080,1920,"SimulcastEncoderAdapter (libvpx, libvpx, libvpx)",4,0,1,0,0,0.0031439999999999997,0.025,0,,,,,,,live:a,"{""qualityLimitationDurations"":{""cpu"":0,""none"":201.656,""other"":0,""bandwidth"":6.837}}"
2026-08-30T16:24:35.742782+00:00,2026-08-30T16:24:34.523+00:00,director_heartbeat,,a,show-jm6rlv90,,,,,,,,,,,,,,,,,,,,,,,,,,,,,,,,,,"{""state"":""running""}"
2026-08-30T16:24:35.742782+00:00,2026-08-30T16:24:34.553+00:00,mic_level_sample,,a,show-jm6rlv90,,,,,,,,,,,,,,,,,,,,,,,,,,,,,,,,,,"{""deviceId"":""a58e21953fa187ebbfa035f4c18fb6d2d3f12f0c3a35994d56f0781fea8405af"",""inputRms"":0.08549041279014745,""outputRms"":0.15508174375184025,""deviceLabel"":""MacBook Air Microphone (Built-in)"",""audioContextState"":""running""}"
2026-08-30T16:24:36.70376+00:00,2026-08-30T16:24:36.021+00:00,track_liveness_snapshot,,a,show-jm6rlv90,,,,,,,,,,,,,,,,,,,,,,,,,,,,,,,,,,"{""entries"":[{""key"":""contestant-a-c79e4705:TR_VC5tpJKFMjd7Vk"",""frames"":null,""reason"":null,""staleSec"":209,""probation"":false}],""trackCount"":1,""ineligibleCount"":0}"
2026-08-30T16:24:37.717362+00:00,2026-08-30T16:24:36.521+00:00,pub_stats,,a,show-jm6rlv90,2954060,5810885,2986115,60,60,0,31,30,52.5,none,f,f+h+q,3,1080,1920,1080,1920,"SimulcastEncoderAdapter (libvpx, libvpx, libvpx)",4,0,1,0,0,0.003044,0.027,0,,,,,,,live:a,"{""qualityLimitationDurations"":{""cpu"":0,""none"":203.656,""other"":0,""bandwidth"":6.837}}"
2026-08-30T16:24:39.711914+00:00,2026-08-30T16:24:38.521+00:00,pub_stats,,a,show-jm6rlv90,2964100,6367619,2978485,60,60,0,31,30,61.17,none,f,f+h+q,3,1080,1920,1080,1920,"SimulcastEncoderAdapter (libvpx, libvpx, libvpx)",4,0,1,0,0,0.002944,0.025,0,,,,,,,live:a,"{""qualityLimitationDurations"":{""cpu"":0,""none"":205.657,""other"":0,""bandwidth"":6.837}}"
2026-08-30T16:24:40.69452+00:00,2026-08-30T16:24:39.553+00:00,mic_level_sample,,a,show-jm6rlv90,,,,,,,,,,,,,,,,,,,,,,,,,,,,,,,,,,"{""deviceId"":""a58e21953fa187ebbfa035f4c18fb6d2d3f12f0c3a35994d56f0781fea8405af"",""inputRms"":0.041129602389798785,""outputRms"":0.06467139637513492,""deviceLabel"":""MacBook Air Microphone (Built-in)"",""audioContextState"":""running""}"
2026-08-30T16:24:41.683613+00:00,2026-08-30T16:24:40.521+00:00,pub_stats,,a,show-jm6rlv90,2865844,6367619,3000000,59,59,0,30,30,51.37,none,f,f+h+q,3,1080,1920,1080,1920,"SimulcastEncoderAdapter (libvpx, libvpx, libvpx)",4,0,1,0,0,0.0031219999999999998,0.026,0,,,,,,,live:a,"{""qualityLimitationDurations"":{""cpu"":0,""none"":207.656,""other"":0,""bandwidth"":6.837}}"
2026-08-30T16:24:41.683613+00:00,2026-08-30T16:24:41.022+00:00,track_liveness_snapshot,,a,show-jm6rlv90,,,,,,,,,,,,,,,,,,,,,,,,,,,,,,,,,,"{""entries"":[{""key"":""contestant-a-c79e4705:TR_VC5tpJKFMjd7Vk"",""frames"":null,""reason"":null,""staleSec"":215,""probation"":false}],""trackCount"":1,""ineligibleCount"":0}"
2026-08-30T16:24:43.799212+00:00,2026-08-30T16:24:42.521+00:00,pub_stats,,a,show-jm6rlv90,2851820,6553939,3000000,60,60,0,30,30,49.28,none,f,f+h+q,3,1080,1920,1080,1920,"SimulcastEncoderAdapter (libvpx, libvpx, libvpx)",4,0,1,0,0,0.002977,0.026,0,,,,,,,live:a,"{""qualityLimitationDurations"":{""cpu"":0,""none"":209.656,""other"":0,""bandwidth"":6.837}}"
2026-08-30T16:24:45.766574+00:00,2026-08-30T16:24:44.521+00:00,pub_stats,,a,show-jm6rlv90,3189208,6589630,3000000,60,60,0,30,30,27.68,none,f,f+h+q,3,1080,1920,1080,1920,"SimulcastEncoderAdapter (libvpx, libvpx, libvpx)",4,0,1,0,0,0.003211,0.026,0,,,,,,,live:a,"{""qualityLimitationDurations"":{""cpu"":0,""none"":211.657,""other"":0,""bandwidth"":6.837}}"
2026-08-30T16:24:45.766574+00:00,2026-08-30T16:24:44.523+00:00,director_heartbeat,,a,show-jm6rlv90,,,,,,,,,,,,,,,,,,,,,,,,,,,,,,,,,,"{""state"":""running""}"
2026-08-30T16:24:45.766574+00:00,2026-08-30T16:24:44.553+00:00,mic_level_sample,,a,show-jm6rlv90,,,,,,,,,,,,,,,,,,,,,,,,,,,,,,,,,,"{""deviceId"":""a58e21953fa187ebbfa035f4c18fb6d2d3f12f0c3a35994d56f0781fea8405af"",""inputRms"":0.01670356629455428,""outputRms"":0.4106451047339355,""deviceLabel"":""MacBook Air Microphone (Built-in)"",""audioContextState"":""running""}"
2026-08-30T16:24:46.703688+00:00,2026-08-30T16:24:46.268+00:00,shot_publish_success,,a,show-jm6rlv90,,,,,,,,,,,,,,,,,,,,,,,,,,,,,,,,,,"{""shot"":""zoomIn"",""slot"":""a"",""commandId"":""0efcb809-63cb-44f9-9347-8b4d2135d3bb"",""decisionSource"":""auto"",""connectionState"":""connected""}"
2026-08-30T16:24:46.703688+00:00,2026-08-30T16:24:46.268+00:00,director_shot_emitted,,a,show-jm6rlv90,,,,,,,,,,,,,,,,,,,,,,,,,,,,,,,,,,"{""shot"":""zoomIn"",""slot"":""a"",""sourceRole"":""main"",""decisionSource"":""auto"",""targetIdentity"":""contestant-a-c79e4705""}"
2026-08-30T16:24:46.703688+00:00,2026-08-30T16:24:46.521+00:00,track_liveness_snapshot,,a,show-jm6rlv90,,,,,,,,,,,,,,,,,,,,,,,,,,,,,,,,,,"{""entries"":[{""key"":""contestant-a-c79e4705:TR_VC5tpJKFMjd7Vk"",""frames"":null,""reason"":null,""staleSec"":220,""probation"":false}],""trackCount"":1,""ineligibleCount"":0}"
2026-08-30T16:24:47.761707+00:00,2026-08-30T16:24:46.521+00:00,pub_stats,,a,show-jm6rlv90,2962976,7006396,2792262,60,60,0,30,30,67.28,none,f,f+h+q,3,1080,1920,1080,1920,"SimulcastEncoderAdapter (libvpx, libvpx, libvpx)",4,0,1,0,0,0.003266,0.025,0,,,,,,,live:a,"{""qualityLimitationDurations"":{""cpu"":0,""none"":213.656,""other"":0,""bandwidth"":6.837}}"
2026-08-30T16:24:49.895287+00:00,2026-08-30T16:24:48.521+00:00,pub_stats,,a,show-jm6rlv90,2852652,7006396,3000000,60,60,0,30,30,57.75,none,f,f+h+q,3,1080,1920,1080,1920,"SimulcastEncoderAdapter (libvpx, libvpx, libvpx)",4,0,1,0,0,0.003155,0.025,0,,,,,,,live:a,"{""qualityLimitationDurations"":{""cpu"":0,""none"":215.656,""other"":0,""bandwidth"":6.837}}"
2026-08-30T16:24:50.89357+00:00,2026-08-30T16:24:49.553+00:00,mic_level_sample,,a,show-jm6rlv90,,,,,,,,,,,,,,,,,,,,,,,,,,,,,,,,,,"{""deviceId"":""a58e21953fa187ebbfa035f4c18fb6d2d3f12f0c3a35994d56f0781fea8405af"",""inputRms"":0.030408065489727902,""outputRms"":0.19812814134864581,""deviceLabel"":""MacBook Air Microphone (Built-in)"",""audioContextState"":""running""}"
2026-08-30T16:24:50.89357+00:00,2026-08-30T16:24:50.521+00:00,pub_stats,,a,show-jm6rlv90,3031264,7006396,3000000,60,60,0,30,30,59.92,none,f,f+h+q,3,1080,1920,1080,1920,"SimulcastEncoderAdapter (libvpx, libvpx, libvpx)",5,0,2,0,0,0.003622,0.025,0,,,,,,,live:a,"{""qualityLimitationDurations"":{""cpu"":0,""none"":217.656,""other"":0,""bandwidth"":6.837}}"
2026-08-30T16:24:51.696036+00:00,2026-08-30T16:24:51.522+00:00,track_liveness_snapshot,,a,show-jm6rlv90,,,,,,,,,,,,,,,,,,,,,,,,,,,,,,,,,,"{""entries"":[{""key"":""contestant-a-c79e4705:TR_VC5tpJKFMjd7Vk"",""frames"":null,""reason"":null,""staleSec"":225,""probation"":false}],""trackCount"":1,""ineligibleCount"":0}"
2026-08-30T16:24:52.688705+00:00,2026-08-30T16:24:52.493+00:00,track_published,,a,show-jm6rlv90,,,,,,,,,,,,,,,,,,,,,,,,,,,,,,,camera,,,"{""kind"":""video"",""trackSid"":""TR_VCaurcVv5msMsD"",""participantIdentity"":""camfeed-a-close-43299d5e""}"
2026-08-30T16:24:53.763415+00:00,2026-08-30T16:24:52.534+00:00,pub_stats,,a,show-jm6rlv90,2918104,7006396,3000000,60,60,0,29,30,63.98,none,f,f+h+q,3,1080,1920,1080,1920,"SimulcastEncoderAdapter (libvpx, libvpx, libvpx)",7,0,4,0,0,0.003555,0.026,0,,,,,,,live:a,"{""qualityLimitationDurations"":{""cpu"":0,""none"":219.662,""other"":0,""bandwidth"":6.837}}"
2026-08-30T16:24:53.763415+00:00,2026-08-30T16:24:52.573+00:00,track_subscribed,,a,show-jm6rlv90,,,,,,,,,,,,,,,,,,,,,,,,,,,,,,,camera,,,"{""kind"":""video"",""trackSid"":""TR_VCaurcVv5msMsD"",""participantIdentity"":""camfeed-a-close-43299d5e""}"
2026-08-30T16:24:53.763415+00:00,2026-08-30T16:24:53.021+00:00,track_liveness_snapshot,,a,show-jm6rlv90,,,,,,,,,,,,,,,,,,,,,,,,,,,,,,,,,,"{""entries"":[{""key"":""contestant-a-c79e4705:TR_VC5tpJKFMjd7Vk"",""frames"":null,""reason"":null,""staleSec"":226,""probation"":false},{""key"":""camfeed-a-close-43299d5e:TR_VCaurcVv5msMsD"",""frames"":null,""reason"":null,""staleSec"":0,""probation"":false}],""trackCount"":2,""ineligibleCount"":0}"
2026-08-30T16:24:53.763415+00:00,2026-08-30T16:24:53.222+00:00,backing_deck_raf,,a,show-jm6rlv90,,,,,,,,,,,,,,,,,,,,,,,,,,,,,interval,,,,,"{""elapsedMs"":30025,""idleFrames"":0,""hasDuration"":true,""activeFrames"":2016,""changedLabel"":30,""changedWidth"":1992,""playingFrames"":2016}"
2026-08-30T16:24:55.690491+00:00,2026-08-30T16:24:54.521+00:00,pub_stats,,a,show-jm6rlv90,2989641,7006396,3000000,60,60,0,30,30,50.95,none,f,f+h+q,3,1080,1920,1080,1920,"SimulcastEncoderAdapter (libvpx, libvpx, libvpx)",7,0,4,0,0,0.003,0.026,0,,,,,,,live:a,"{""qualityLimitationDurations"":{""cpu"":0,""none"":221.657,""other"":0,""bandwidth"":6.837}}"
2026-08-30T16:24:55.690491+00:00,2026-08-30T16:24:54.524+00:00,director_heartbeat,,a,show-jm6rlv90,,,,,,,,,,,,,,,,,,,,,,,,,,,,,,,,,,"{""state"":""running""}"
2026-08-30T16:24:55.690491+00:00,2026-08-30T16:24:54.552+00:00,mic_level_sample,,a,show-jm6rlv90,,,,,,,,,,,,,,,,,,,,,,,,,,,,,,,,,,"{""deviceId"":""a58e21953fa187ebbfa035f4c18fb6d2d3f12f0c3a35994d56f0781fea8405af"",""inputRms"":0.07271076284984145,""outputRms"":0.09754108633961851,""deviceLabel"":""MacBook Air Microphone (Built-in)"",""audioContextState"":""running""}"
2026-08-30T16:24:57.701398+00:00,2026-08-30T16:24:56.521+00:00,pub_stats,,a,show-jm6rlv90,3020072,7006396,2912685,60,60,0,30,30,54.33,none,f,f+h+q,3,1080,1920,1080,1920,"SimulcastEncoderAdapter (libvpx, libvpx, libvpx)",7,0,4,0,0,0.0031219999999999998,0.026,0,,,,,,,live:a,"{""qualityLimitationDurations"":{""cpu"":0,""none"":223.656,""other"":0,""bandwidth"":6.837}}"
2026-08-30T16:24:58.709221+00:00,2026-08-30T16:24:58.52+00:00,track_liveness_snapshot,,a,show-jm6rlv90,,,,,,,,,,,,,,,,,,,,,,,,,,,,,,,,,,"{""entries"":[{""key"":""contestant-a-c79e4705:TR_VC5tpJKFMjd7Vk"",""frames"":null,""reason"":null,""staleSec"":232,""probation"":false},{""key"":""camfeed-a-close-43299d5e:TR_VCaurcVv5msMsD"",""frames"":39,""reason"":null,""staleSec"":1,""probation"":false}],""trackCount"":2,""ineligibleCount"":0}"
2026-08-30T16:24:59.668184+00:00,2026-08-30T16:24:58.521+00:00,pub_stats,,a,show-jm6rlv90,2929900,7006396,3000000,60,60,0,30,30,51.35,none,f,f+h+q,3,1080,1920,1080,1920,"SimulcastEncoderAdapter (libvpx, libvpx, libvpx)",7,0,4,0,0,0.0030659999999999997,0.026,0,,,,,,,live:a,"{""qualityLimitationDurations"":{""cpu"":0,""none"":225.656,""other"":0,""bandwidth"":6.837}}"
2026-08-30T16:25:00.882009+00:00,2026-08-30T16:24:59.553+00:00,mic_level_sample,,a,show-jm6rlv90,,,,,,,,,,,,,,,,,,,,,,,,,,,,,,,,,,"{""deviceId"":""a58e21953fa187ebbfa035f4c18fb6d2d3f12f0c3a35994d56f0781fea8405af"",""inputRms"":0.08046720988567047,""outputRms"":0.407368812430571,""deviceLabel"":""MacBook Air Microphone (Built-in)"",""audioContextState"":""running""}"
2026-08-30T16:25:01.666634+00:00,2026-08-30T16:25:00.522+00:00,pub_stats,,a,show-jm6rlv90,3025279,7006396,3000000,60,60,0,30,31,48.18,none,f,f+h+q,3,1080,1920,1080,1920,"SimulcastEncoderAdapter (libvpx, libvpx, libvpx)",7,0,4,0,0,0.002933,0.027,0,,,,,,,live:a,"{""qualityLimitationDurations"":{""cpu"":0,""none"":227.657,""other"":0,""bandwidth"":6.837}}"
2026-08-30T16:25:03.696688+00:00,2026-08-30T16:25:02.522+00:00,pub_stats,,a,show-jm6rlv90,3032980,7006396,2970853,60,60,0,30,30,51.3,none,f,f+h+q,3,1080,1920,1080,1920,"SimulcastEncoderAdapter (libvpx, libvpx, libvpx)",7,0,4,0,0,0.002944,0.025,0,,,,,,,live:a,"{""qualityLimitationDurations"":{""cpu"":0,""none"":229.657,""other"":0,""bandwidth"":6.837}}"
2026-08-30T16:25:03.696688+00:00,2026-08-30T16:25:03.521+00:00,track_liveness_snapshot,,a,show-jm6rlv90,,,,,,,,,,,,,,,,,,,,,,,,,,,,,,,,,,"{""entries"":[{""key"":""contestant-a-c79e4705:TR_VC5tpJKFMjd7Vk"",""frames"":null,""reason"":null,""staleSec"":237,""probation"":false},{""key"":""camfeed-a-close-43299d5e:TR_VCaurcVv5msMsD"",""frames"":81,""reason"":null,""staleSec"":1,""probation"":false}],""trackCount"":2,""ineligibleCount"":0}"
2026-08-30T16:25:05.693819+00:00,2026-08-30T16:25:04.521+00:00,pub_stats,,a,show-jm6rlv90,2960736,7006396,3000000,60,60,0,30,30,52.52,none,f,f+h+q,3,1080,1920,1080,1920,"SimulcastEncoderAdapter (libvpx, libvpx, libvpx)",7,0,4,0,0,0.003544,0.027,0,,,,,,,live:a,"{""qualityLimitationDurations"":{""cpu"":0,""none"":231.657,""other"":0,""bandwidth"":6.837}}"
2026-08-30T16:25:05.693819+00:00,2026-08-30T16:25:04.524+00:00,director_heartbeat,,a,show-jm6rlv90,,,,,,,,,,,,,,,,,,,,,,,,,,,,,,,,,,"{""state"":""running""}"
2026-08-30T16:25:05.693819+00:00,2026-08-30T16:25:04.553+00:00,mic_level_sample,,a,show-jm6rlv90,,,,,,,,,,,,,,,,,,,,,,,,,,,,,,,,,,"{""deviceId"":""a58e21953fa187ebbfa035f4c18fb6d2d3f12f0c3a35994d56f0781fea8405af"",""inputRms"":0.06090221818428544,""outputRms"":0.12662953989566533,""deviceLabel"":""MacBook Air Microphone (Built-in)"",""audioContextState"":""running""}"
2026-08-30T16:25:05.693819+00:00,2026-08-30T16:25:05.148+00:00,director_shot_emitted,,a,show-jm6rlv90,,,,,,,,,,,,,,,,,,,,,,,,,,,,,,,,,,"{""shot"":""closeUp"",""slot"":""a"",""sourceRole"":""close"",""decisionSource"":""auto"",""targetIdentity"":""camfeed-a-close-43299d5e""}"
2026-08-30T16:25:05.693819+00:00,2026-08-30T16:25:05.148+00:00,shot_publish_success,,a,show-jm6rlv90,,,,,,,,,,,,,,,,,,,,,,,,,,,,,,,,,,"{""shot"":""closeUp"",""slot"":""a"",""commandId"":""c3d443d1-345d-4fbb-b488-34c6bb69a35e"",""decisionSource"":""auto"",""connectionState"":""connected""}"
2026-08-30T16:25:07.658498+00:00,2026-08-30T16:25:06.522+00:00,pub_stats,,a,show-jm6rlv90,2987394,7006396,3000000,60,60,0,30,30,52.05,none,f,f+h+q,3,1080,1920,1080,1920,"SimulcastEncoderAdapter (libvpx, libvpx, libvpx)",7,0,4,0,0,0.003044,0.024,0,,,,,,,live:a,"{""qualityLimitationDurations"":{""cpu"":0,""none"":233.657,""other"":0,""bandwidth"":6.837}}"
2026-08-30T16:25:08.716112+00:00,2026-08-30T16:25:08.521+00:00,track_liveness_snapshot,,a,show-jm6rlv90,,,,,,,,,,,,,,,,,,,,,,,,,,,,,,,,,,"{""entries"":[{""key"":""contestant-a-c79e4705:TR_VC5tpJKFMjd7Vk"",""frames"":null,""reason"":null,""staleSec"":242,""probation"":false},{""key"":""camfeed-a-close-43299d5e:TR_VCaurcVv5msMsD"",""frames"":148,""reason"":null,""staleSec"":1,""probation"":false}],""trackCount"":2,""ineligibleCount"":0}"
2026-08-30T16:25:09.675+00:00,2026-08-30T16:25:08.522+00:00,pub_stats,,a,show-jm6rlv90,3070876,7006396,2939823,60,60,0,30,30,59.8,none,f,f+h+q,3,1080,1920,1080,1920,"SimulcastEncoderAdapter (libvpx, libvpx, libvpx)",7,0,4,0,0,0.003411,0.024,0,,,,,,,live:a,"{""qualityLimitationDurations"":{""cpu"":0,""none"":235.657,""other"":0,""bandwidth"":6.837}}"
2026-08-30T16:25:10.874489+00:00,2026-08-30T16:25:09.553+00:00,mic_level_sample,,a,show-jm6rlv90,,,,,,,,,,,,,,,,,,,,,,,,,,,,,,,,,,"{""deviceId"":""a58e21953fa187ebbfa035f4c18fb6d2d3f12f0c3a35994d56f0781fea8405af"",""inputRms"":0.02282044541870184,""outputRms"":0.10766548034289267,""deviceLabel"":""MacBook Air Microphone (Built-in)"",""audioContextState"":""running""}"
2026-08-30T16:25:11.697518+00:00,2026-08-30T16:25:10.522+00:00,pub_stats,,a,show-jm6rlv90,2924096,7006396,3000000,60,60,0,30,30,57.68,none,f,f+h+q,3,1080,1920,1080,1920,"SimulcastEncoderAdapter (libvpx, libvpx, libvpx)",7,0,4,0,0,0.0032549999999999996,0.026,0,,,,,,,live:a,"{""qualityLimitationDurations"":{""cpu"":0,""none"":237.657,""other"":0,""bandwidth"":6.837}}"
2026-08-30T16:25:13.71232+00:00,2026-08-30T16:25:12.521+00:00,pub_stats,,a,show-jm6rlv90,2921837,7006396,2996732,60,60,0,30,30,51.62,none,f,f+h+q,3,1080,1920,1080,1920,"SimulcastEncoderAdapter (libvpx, libvpx, libvpx)",7,0,4,0,0,0.0029,0.027,0,,,,,,,live:a,"{""qualityLimitationDurations"":{""cpu"":0,""none"":239.656,""other"":0,""bandwidth"":6.837}}"
2026-08-30T16:25:13.71232+00:00,2026-08-30T16:25:12.815+00:00,director_shot_emitted,,a,show-jm6rlv90,,,,,,,,,,,,,,,,,,,,,,,,,,,,,,,,,,"{""shot"":""mediumCU"",""slot"":""a"",""sourceRole"":""main"",""decisionSource"":""auto"",""targetIdentity"":""contestant-a-c79e4705""}"
2026-08-30T16:25:13.71232+00:00,2026-08-30T16:25:12.816+00:00,shot_publish_success,,a,show-jm6rlv90,,,,,,,,,,,,,,,,,,,,,,,,,,,,,,,,,,"{""shot"":""mediumCU"",""slot"":""a"",""commandId"":""0566dbe7-b5e6-44e4-a315-644ffc799982"",""decisionSource"":""auto"",""connectionState"":""connected""}"
2026-08-30T16:25:13.71232+00:00,2026-08-30T16:25:13.521+00:00,track_liveness_snapshot,,a,show-jm6rlv90,,,,,,,,,,,,,,,,,,,,,,,,,,,,,,,,,,"{""entries"":[{""key"":""contestant-a-c79e4705:TR_VC5tpJKFMjd7Vk"",""frames"":null,""reason"":null,""staleSec"":247,""probation"":false},{""key"":""camfeed-a-close-43299d5e:TR_VCaurcVv5msMsD"",""frames"":170,""reason"":null,""staleSec"":1,""probation"":false}],""trackCount"":2,""ineligibleCount"":0}"
2026-08-30T16:25:15.866704+00:00,2026-08-30T16:25:14.522+00:00,pub_stats,,a,show-jm6rlv90,3031256,7006396,3000000,60,60,0,31,30,39.65,none,f,f+h+q,3,1080,1920,1080,1920,"SimulcastEncoderAdapter (libvpx, libvpx, libvpx)",7,0,4,0,0,0.0031219999999999998,0.028,0,,,,,,,live:a,"{""qualityLimitationDurations"":{""cpu"":0,""none"":241.657,""other"":0,""bandwidth"":6.837}}"
2026-08-30T16:25:15.866704+00:00,2026-08-30T16:25:14.523+00:00,director_heartbeat,,a,show-jm6rlv90,,,,,,,,,,,,,,,,,,,,,,,,,,,,,,,,,,"{""state"":""running""}"
2026-08-30T16:25:15.866704+00:00,2026-08-30T16:25:14.553+00:00,mic_level_sample,,a,show-jm6rlv90,,,,,,,,,,,,,,,,,,,,,,,,,,,,,,,,,,"{""deviceId"":""a58e21953fa187ebbfa035f4c18fb6d2d3f12f0c3a35994d56f0781fea8405af"",""inputRms"":0.01950556614437965,""outputRms"":0.45135403501156557,""deviceLabel"":""MacBook Air Microphone (Built-in)"",""audioContextState"":""running""}"
2026-08-30T16:25:17.705332+00:00,2026-08-30T16:25:16.522+00:00,pub_stats,,a,show-jm6rlv90,3025321,7006396,2936507,60,60,0,31,30,45.58,none,f,f+h+q,3,1080,1920,1080,1920,"SimulcastEncoderAdapter (libvpx, libvpx, libvpx)",7,0,4,0,0,0.0029,0.028,0,,,,,,,live:a,"{""qualityLimitationDurations"":{""cpu"":0,""none"":243.657,""other"":0,""bandwidth"":6.837}}"
2026-08-30T16:25:18.671767+00:00,2026-08-30T16:25:18.523+00:00,track_liveness_snapshot,,a,show-jm6rlv90,,,,,,,,,,,,,,,,,,,,,,,,,,,,,,,,,,"{""entries"":[{""key"":""contestant-a-c79e4705:TR_VC5tpJKFMjd7Vk"",""frames"":null,""reason"":null,""staleSec"":252,""probation"":false},{""key"":""camfeed-a-close-43299d5e:TR_VCaurcVv5msMsD"",""frames"":198,""reason"":null,""staleSec"":1,""probation"":false}],""trackCount"":2,""ineligibleCount"":0}"
2026-08-30T16:25:19.729756+00:00,2026-08-30T16:25:18.524+00:00,pub_stats,,a,show-jm6rlv90,2981356,7006396,3000000,60,60,0,30,30,44.95,none,f,f+h+q,3,1080,1920,1080,1920,"SimulcastEncoderAdapter (libvpx, libvpx, libvpx)",7,0,4,0,0,0.002644,0.027,0,,,,,,,live:a,"{""qualityLimitationDurations"":{""cpu"":0,""none"":245.658,""other"":0,""bandwidth"":6.837}}"
2026-08-30T16:25:20.659961+00:00,2026-08-30T16:25:19.553+00:00,mic_level_sample,,a,show-jm6rlv90,,,,,,,,,,,,,,,,,,,,,,,,,,,,,,,,,,"{""deviceId"":""a58e21953fa187ebbfa035f4c18fb6d2d3f12f0c3a35994d56f0781fea8405af"",""inputRms"":0.06433161309576628,""outputRms"":0.21509252505218474,""deviceLabel"":""MacBook Air Microphone (Built-in)"",""audioContextState"":""running""}"
2026-08-30T16:25:21.668221+00:00,2026-08-30T16:25:20.521+00:00,pub_stats,,a,show-jm6rlv90,3021092,7006396,2969585,60,60,0,31,30,60.98,none,f,f+h+q,3,1080,1920,1080,1920,"SimulcastEncoderAdapter (libvpx, libvpx, libvpx)",7,0,4,0,0,0.0029219999999999997,0.026,0,,,,,,,live:a,"{""qualityLimitationDurations"":{""cpu"":0,""none"":247.656,""other"":0,""bandwidth"":6.837}}"
2026-08-30T16:25:22.673872+00:00,2026-08-30T16:25:22.2+00:00,director_shot_emitted,,a,show-jm6rlv90,,,,,,,,,,,,,,,,,,,,,,,,,,,,,,,,,,"{""shot"":""closeUp"",""slot"":""a"",""sourceRole"":""close"",""decisionSource"":""auto"",""targetIdentity"":""camfeed-a-close-43299d5e""}"
2026-08-30T16:25:22.673872+00:00,2026-08-30T16:25:22.201+00:00,shot_publish_success,,a,show-jm6rlv90,,,,,,,,,,,,,,,,,,,,,,,,,,,,,,,,,,"{""shot"":""closeUp"",""slot"":""a"",""commandId"":""7c099bdf-8a0f-4585-91bc-bc70468245cc"",""decisionSource"":""auto"",""connectionState"":""connected""}"
2026-08-30T16:25:23.662815+00:00,2026-08-30T16:25:22.522+00:00,pub_stats,,a,show-jm6rlv90,2945907,7006396,3000000,60,60,0,31,30,53.93,none,f,f+h+q,3,1080,1920,1080,1920,"SimulcastEncoderAdapter (libvpx, libvpx, libvpx)",7,0,4,0,0,0.002722,0.025,0,,,,,,,live:a,"{""qualityLimitationDurations"":{""cpu"":0,""none"":249.657,""other"":0,""bandwidth"":6.837}}"
2026-08-30T16:25:23.662815+00:00,2026-08-30T16:25:23.233+00:00,backing_deck_raf,,a,show-jm6rlv90,,,,,,,,,,,,,,,,,,,,,,,,,,,,,interval,,,,,"{""elapsedMs"":30011,""idleFrames"":0,""hasDuration"":true,""activeFrames"":1082,""changedLabel"":30,""changedWidth"":1082,""playingFrames"":1082}"
2026-08-30T16:25:24.666154+00:00,2026-08-30T16:25:24.021+00:00,track_liveness_snapshot,,a,show-jm6rlv90,,,,,,,,,,,,,,,,,,,,,,,,,,,,,,,,,,"{""entries"":[{""key"":""contestant-a-c79e4705:TR_VC5tpJKFMjd7Vk"",""frames"":null,""reason"":null,""staleSec"":257,""probation"":false},{""key"":""camfeed-a-close-43299d5e:TR_VCaurcVv5msMsD"",""frames"":234,""reason"":null,""staleSec"":1,""probation"":false}],""trackCount"":2,""ineligibleCount"":0}"
2026-08-30T16:25:25.68265+00:00,2026-08-30T16:25:24.521+00:00,pub_stats,,a,show-jm6rlv90,3005627,7006396,2941970,60,60,0,31,30,51.7,none,f,f+h+q,3,1080,1920,1080,1920,"SimulcastEncoderAdapter (libvpx, libvpx, libvpx)",7,0,4,0,0,0.003333,0.025,0,,,,,,,live:a,"{""qualityLimitationDurations"":{""cpu"":0,""none"":251.656,""other"":0,""bandwidth"":6.837}}"
2026-08-30T16:25:25.68265+00:00,2026-08-30T16:25:24.523+00:00,director_heartbeat,,a,show-jm6rlv90,,,,,,,,,,,,,,,,,,,,,,,,,,,,,,,,,,"{""state"":""running""}"
2026-08-30T16:25:25.68265+00:00,2026-08-30T16:25:24.553+00:00,mic_level_sample,,a,show-jm6rlv90,,,,,,,,,,,,,,,,,,,,,,,,,,,,,,,,,,"{""deviceId"":""a58e21953fa187ebbfa035f4c18fb6d2d3f12f0c3a35994d56f0781fea8405af"",""inputRms"":0.0815922347165107,""outputRms"":0.16459854985226677,""deviceLabel"":""MacBook Air Microphone (Built-in)"",""audioContextState"":""running""}"
2026-08-30T16:25:27.697485+00:00,2026-08-30T16:25:26.522+00:00,pub_stats,,a,show-jm6rlv90,2906387,7006396,3000000,60,60,0,31,30,59.17,none,f,f+h+q,3,1080,1920,1080,1920,"SimulcastEncoderAdapter (libvpx, libvpx, libvpx)",7,0,4,0,0,0.0032329999999999998,0.024,0,,,,,,,live:a,"{""qualityLimitationDurations"":{""cpu"":0,""none"":253.657,""other"":0,""bandwidth"":6.837}}"
2026-08-30T16:25:29.685524+00:00,2026-08-30T16:25:28.52+00:00,pub_stats,,a,show-jm6rlv90,3010178,7006396,3000000,60,60,0,31,30,49.03,none,f,f+h+q,3,1080,1920,1080,1920,"SimulcastEncoderAdapter (libvpx, libvpx, libvpx)",7,0,4,0,0,0.003011,0.024,0,,,,,,,live:a,"{""qualityLimitationDurations"":{""cpu"":0,""none"":255.656,""other"":0,""bandwidth"":6.837}}"
2026-08-30T16:25:29.685524+00:00,2026-08-30T16:25:29.022+00:00,track_liveness_snapshot,,a,show-jm6rlv90,,,,,,,,,,,,,,,,,,,,,,,,,,,,,,,,,,"{""entries"":[{""key"":""contestant-a-c79e4705:TR_VC5tpJKFMjd7Vk"",""frames"":null,""reason"":null,""staleSec"":263,""probation"":false},{""key"":""camfeed-a-close-43299d5e:TR_VCaurcVv5msMsD"",""frames"":306,""reason"":null,""staleSec"":1,""probation"":false}],""trackCount"":2,""ineligibleCount"":0}"
2026-08-30T16:25:30.690111+00:00,2026-08-30T16:25:29.546+00:00,director_shot_emitted,,a,show-jm6rlv90,,,,,,,,,,,,,,,,,,,,,,,,,,,,,,,,,,"{""shot"":""mediumCU"",""slot"":""a"",""sourceRole"":""main"",""decisionSource"":""auto"",""targetIdentity"":""contestant-a-c79e4705""}"
2026-08-30T16:25:30.690111+00:00,2026-08-30T16:25:29.547+00:00,shot_publish_success,,a,show-jm6rlv90,,,,,,,,,,,,,,,,,,,,,,,,,,,,,,,,,,"{""shot"":""mediumCU"",""slot"":""a"",""commandId"":""79301d7e-b2e7-4f8e-80e4-10acc94236d9"",""decisionSource"":""auto"",""connectionState"":""connected""}"
2026-08-30T16:25:30.690111+00:00,2026-08-30T16:25:29.552+00:00,mic_level_sample,,a,show-jm6rlv90,,,,,,,,,,,,,,,,,,,,,,,,,,,,,,,,,,"{""deviceId"":""a58e21953fa187ebbfa035f4c18fb6d2d3f12f0c3a35994d56f0781fea8405af"",""inputRms"":0.05934391636045667,""outputRms"":0.47021994302604064,""deviceLabel"":""MacBook Air Microphone (Built-in)"",""audioContextState"":""running""}"
2026-08-30T16:25:31.670617+00:00,2026-08-30T16:25:30.521+00:00,pub_stats,,a,show-jm6rlv90,2997337,7006396,2957122,60,60,0,31,30,50.3,none,f,f+h+q,3,1080,1920,1080,1920,"SimulcastEncoderAdapter (libvpx, libvpx, libvpx)",7,0,4,0,0,0.0033439999999999998,0.025,0,,,,,,,live:a,"{""qualityLimitationDurations"":{""cpu"":0,""none"":257.656,""other"":0,""bandwidth"":6.837}}"
2026-08-30T16:25:33.699735+00:00,2026-08-30T16:25:32.521+00:00,pub_stats,,a,show-jm6rlv90,2989264,7006396,3000000,60,60,0,31,30,48.02,none,f,f+h+q,3,1080,1920,1080,1920,"SimulcastEncoderAdapter (libvpx, libvpx, libvpx)",7,0,4,0,0,0.002866,0.025,0,,,,,,,live:a,"{""qualityLimitationDurations"":{""cpu"":0,""none"":259.656,""other"":0,""bandwidth"":6.837}}"
2026-08-30T16:25:34.694495+00:00,2026-08-30T16:25:34.521+00:00,track_liveness_snapshot,,a,show-jm6rlv90,,,,,,,,,,,,,,,,,,,,,,,,,,,,,,,,,,"{""entries"":[{""key"":""contestant-a-c79e4705:TR_VC5tpJKFMjd7Vk"",""frames"":null,""reason"":null,""staleSec"":268,""probation"":false},{""key"":""camfeed-a-close-43299d5e:TR_VCaurcVv5msMsD"",""frames"":413,""reason"":null,""staleSec"":1,""probation"":false}],""trackCount"":2,""ineligibleCount"":0}"
2026-08-30T16:25:35.656047+00:00,2026-08-30T16:25:34.522+00:00,pub_stats,,a,show-jm6rlv90,2966237,7006396,3000000,60,60,0,31,30,46.27,none,f,f+h+q,3,1080,1920,1080,1920,"SimulcastEncoderAdapter (libvpx, libvpx, libvpx)",7,0,4,0,0,0.002688,0.025,0,,,,,,,live:a,"{""qualityLimitationDurations"":{""cpu"":0,""none"":261.657,""other"":0,""bandwidth"":6.837}}"
2026-08-30T16:25:35.656047+00:00,2026-08-30T16:25:34.523+00:00,director_heartbeat,,a,show-jm6rlv90,,,,,,,,,,,,,,,,,,,,,,,,,,,,,,,,,,"{""state"":""running""}"
2026-08-30T16:25:35.656047+00:00,2026-08-30T16:25:34.553+00:00,mic_level_sample,,a,show-jm6rlv90,,,,,,,,,,,,,,,,,,,,,,,,,,,,,,,,,,"{""deviceId"":""a58e21953fa187ebbfa035f4c18fb6d2d3f12f0c3a35994d56f0781fea8405af"",""inputRms"":0.027968152348923105,""outputRms"":0.1237459010334708,""deviceLabel"":""MacBook Air Microphone (Built-in)"",""audioContextState"":""running""}"
2026-08-30T16:25:37.75181+00:00,2026-08-30T16:25:36.522+00:00,pub_stats,,a,show-jm6rlv90,3106520,7006396,3000000,60,60,0,31,30,42.1,none,f,f+h+q,3,1080,1920,1080,1920,"SimulcastEncoderAdapter (libvpx, libvpx, libvpx)",7,0,4,0,0,0.002766,0.024,0,,,,,,,live:a,"{""qualityLimitationDurations"":{""cpu"":0,""none"":263.657,""other"":0,""bandwidth"":6.837}}"
2026-08-30T16:25:39.668402+00:00,2026-08-30T16:25:38.522+00:00,pub_stats,,a,show-jm6rlv90,2887644,7006396,3000000,60,60,0,31,30,47.3,none,f,f+h+q,3,1080,1920,1080,1920,"SimulcastEncoderAdapter (libvpx, libvpx, libvpx)",7,0,4,0,0,0.002933,0.025,0,,,,,,,live:a,"{""qualityLimitationDurations"":{""cpu"":0,""none"":265.657,""other"":0,""bandwidth"":6.837}}"
2026-08-30T16:25:39.668402+00:00,2026-08-30T16:25:39.522+00:00,track_liveness_snapshot,,a,show-jm6rlv90,,,,,,,,,,,,,,,,,,,,,,,,,,,,,,,,,,"{""entries"":[{""key"":""contestant-a-c79e4705:TR_VC5tpJKFMjd7Vk"",""frames"":null,""reason"":null,""staleSec"":273,""probation"":false},{""key"":""camfeed-a-close-43299d5e:TR_VCaurcVv5msMsD"",""frames"":466,""reason"":null,""staleSec"":1,""probation"":false}],""trackCount"":2,""ineligibleCount"":0}"
2026-08-30T16:25:40.679467+00:00,2026-08-30T16:25:39.553+00:00,mic_level_sample,,a,show-jm6rlv90,,,,,,,,,,,,,,,,,,,,,,,,,,,,,,,,,,"{""deviceId"":""a58e21953fa187ebbfa035f4c18fb6d2d3f12f0c3a35994d56f0781fea8405af"",""inputRms"":0.04566130651734061,""outputRms"":0.07436990090591242,""deviceLabel"":""MacBook Air Microphone (Built-in)"",""audioContextState"":""running""}"
2026-08-30T16:25:41.694673+00:00,2026-08-30T16:25:40.521+00:00,pub_stats,,a,show-jm6rlv90,3039304,7006396,3000000,59,59,0,30,30,42.63,none,f,f+h+q,3,1080,1920,1080,1920,"SimulcastEncoderAdapter (libvpx, libvpx, libvpx)",7,0,4,0,0,0.002966,0.025,0,,,,,,,live:a,"{""qualityLimitationDurations"":{""cpu"":0,""none"":267.656,""other"":0,""bandwidth"":6.837}}"
2026-08-30T16:25:42.669719+00:00,2026-08-30T16:25:41.805+00:00,shot_publish_success,,a,show-jm6rlv90,,,,,,,,,,,,,,,,,,,,,,,,,,,,,,,,,,"{""shot"":""closeUp"",""slot"":""a"",""commandId"":""6bdb20eb-cdcc-4f50-94b0-481b83fb2268"",""decisionSource"":""auto"",""connectionState"":""connected""}"
2026-08-30T16:25:42.669719+00:00,2026-08-30T16:25:41.805+00:00,director_shot_emitted,,a,show-jm6rlv90,,,,,,,,,,,,,,,,,,,,,,,,,,,,,,,,,,"{""shot"":""closeUp"",""slot"":""a"",""sourceRole"":""close"",""decisionSource"":""auto"",""targetIdentity"":""camfeed-a-close-43299d5e""}"
2026-08-30T16:25:43.689183+00:00,2026-08-30T16:25:42.521+00:00,pub_stats,,a,show-jm6rlv90,2933816,7006396,3000000,61,61,0,31,30,50.84,none,f,f+h+q,3,1080,1920,1080,1920,"SimulcastEncoderAdapter (libvpx, libvpx, libvpx)",7,0,4,0,0,0.002766,0.026,0,,,,,,,live:a,"{""qualityLimitationDurations"":{""cpu"":0,""none"":269.656,""other"":0,""bandwidth"":6.837}}"
2026-08-30T16:25:45.681731+00:00,2026-08-30T16:25:44.522+00:00,pub_stats,,a,show-jm6rlv90,3003166,7006396,3000000,59,59,0,30,30,50.58,none,f,f+h+q,3,1080,1920,1080,1920,"SimulcastEncoderAdapter (libvpx, libvpx, libvpx)",7,0,4,0,0,0.002533,0.024,0,,,,,,,live:a,"{""qualityLimitationDurations"":{""cpu"":0,""none"":271.657,""other"":0,""bandwidth"":6.837}}"
2026-08-30T16:25:45.681731+00:00,2026-08-30T16:25:44.523+00:00,director_heartbeat,,a,show-jm6rlv90,,,,,,,,,,,,,,,,,,,,,,,,,,,,,,,,,,"{""state"":""running""}"
2026-08-30T16:25:45.681731+00:00,2026-08-30T16:25:44.554+00:00,mic_level_sample,,a,show-jm6rlv90,,,,,,,,,,,,,,,,,,,,,,,,,,,,,,,,,,"{""deviceId"":""a58e21953fa187ebbfa035f4c18fb6d2d3f12f0c3a35994d56f0781fea8405af"",""inputRms"":0.07277040113623122,""outputRms"":0.3375428606375771,""deviceLabel"":""MacBook Air Microphone (Built-in)"",""audioContextState"":""running""}"
2026-08-30T16:25:45.681731+00:00,2026-08-30T16:25:45.021+00:00,track_liveness_snapshot,,a,show-jm6rlv90,,,,,,,,,,,,,,,,,,,,,,,,,,,,,,,,,,"{""entries"":[{""key"":""contestant-a-c79e4705:TR_VC5tpJKFMjd7Vk"",""frames"":null,""reason"":null,""staleSec"":278,""probation"":false},{""key"":""camfeed-a-close-43299d5e:TR_VCaurcVv5msMsD"",""frames"":534,""reason"":null,""staleSec"":1,""probation"":false}],""trackCount"":2,""ineligibleCount"":0}"
2026-08-30T16:25:47.659335+00:00,2026-08-30T16:25:46.522+00:00,pub_stats,,a,show-jm6rlv90,3073876,7006396,2926337,60,60,0,30,30,65.13,none,f,f+h+q,3,1080,1920,1080,1920,"SimulcastEncoderAdapter (libvpx, libvpx, libvpx)",7,0,4,0,0,0.002966,0.025,0,,,,,,,live:a,"{""qualityLimitationDurations"":{""cpu"":0,""none"":273.657,""other"":0,""bandwidth"":6.837}}"
2026-08-30T16:25:49.863206+00:00,2026-08-30T16:25:48.521+00:00,pub_stats,,a,show-jm6rlv90,2878679,7006396,3000000,60,60,0,30,30,64.2,none,f,f+h+q,3,1080,1920,1080,1920,"SimulcastEncoderAdapter (libvpx, libvpx, libvpx)",7,0,4,0,0,0.003588,0.025,0,,,,,,,live:a,"{""qualityLimitationDurations"":{""cpu"":0,""none"":275.656,""other"":0,""bandwidth"":6.837}}"
2026-08-30T16:25:49.863206+00:00,2026-08-30T16:25:48.935+00:00,shot_publish_success,,a,show-jm6rlv90,,,,,,,,,,,,,,,,,,,,,,,,,,,,,,,,,,"{""shot"":""pan"",""slot"":""a"",""commandId"":""8f4e7552-2b5d-4532-a489-1d4ac88cf084"",""decisionSource"":""auto"",""connectionState"":""connected""}"
2026-08-30T16:25:49.863206+00:00,2026-08-30T16:25:48.935+00:00,director_shot_emitted,,a,show-jm6rlv90,,,,,,,,,,,,,,,,,,,,,,,,,,,,,,,,,,"{""shot"":""pan"",""slot"":""a"",""sourceRole"":""main"",""decisionSource"":""auto"",""targetIdentity"":""contestant-a-c79e4705""}"
2026-08-30T16:25:50.866632+00:00,2026-08-30T16:25:49.553+00:00,mic_level_sample,,a,show-jm6rlv90,,,,,,,,,,,,,,,,,,,,,,,,,,,,,,,,,,"{""deviceId"":""a58e21953fa187ebbfa035f4c18fb6d2d3f12f0c3a35994d56f0781fea8405af"",""inputRms"":0.0510773738023748,""outputRms"":0.20775247687260426,""deviceLabel"":""MacBook Air Microphone (Built-in)"",""audioContextState"":""running""}"
2026-08-30T16:25:50.866632+00:00,2026-08-30T16:25:50.52+00:00,track_liveness_snapshot,,a,show-jm6rlv90,,,,,,,,,,,,,,,,,,,,,,,,,,,,,,,,,,"{""entries"":[{""key"":""contestant-a-c79e4705:TR_VC5tpJKFMjd7Vk"",""frames"":null,""reason"":null,""staleSec"":284,""probation"":false},{""key"":""camfeed-a-close-43299d5e:TR_VCaurcVv5msMsD"",""frames"":573,""reason"":null,""staleSec"":2,""probation"":false}],""trackCount"":2,""ineligibleCount"":0}"
2026-08-30T16:25:51.681005+00:00,2026-08-30T16:25:50.521+00:00,pub_stats,,a,show-jm6rlv90,2979904,7006396,3000000,60,60,0,30,30,51.77,none,f,f+h+q,3,1080,1920,1080,1920,"SimulcastEncoderAdapter (libvpx, libvpx, libvpx)",7,0,4,0,0,0.004,0.026,0,,,,,,,live:a,"{""qualityLimitationDurations"":{""cpu"":0,""none"":277.656,""other"":0,""bandwidth"":6.837}}"
2026-08-30T16:25:53.859623+00:00,2026-08-30T16:25:52.521+00:00,pub_stats,,a,show-jm6rlv90,3026872,7006396,2980540,60,60,0,30,30,48.65,none,f,f+h+q,3,1080,1920,1080,1920,"SimulcastEncoderAdapter (libvpx, libvpx, libvpx)",7,0,4,0,0,0.002966,0.027,0,,,,,,,live:a,"{""qualityLimitationDurations"":{""cpu"":0,""none"":279.656,""other"":0,""bandwidth"":6.837}}"
2026-08-30T16:25:53.859623+00:00,2026-08-30T16:25:52.913+00:00,window_blur,,a,show-jm6rlv90,,,,,,,,,,,,,,,,,,,,,,,,,,,,,,,,,,
2026-08-30T16:25:53.859623+00:00,2026-08-30T16:25:52.914+00:00,visibility_hidden,,a,show-jm6rlv90,,,,,,,,,,,,,,,,,,,,,,,,,,,,,,,,,,"{""audioContextState"":""running""}"
2026-08-30T16:25:53.859623+00:00,2026-08-30T16:25:52.914+00:00,wake_lock_released_by_system,,a,show-jm6rlv90,,,,,,,,,,,,,,,,,,,,,,,,,,,,,,,,,live:a,
2026-08-30T16:25:55.862009+00:00,2026-08-30T16:25:54.521+00:00,pub_stats,,a,show-jm6rlv90,2923160,7006396,2993957,60,60,0,30,30,51.73,none,f,f+h+q,3,1080,1920,1080,1920,"SimulcastEncoderAdapter (libvpx, libvpx, libvpx)",7,0,4,0,0,0.0038659999999999996,0.039,0,,,,,,,live:a,"{""qualityLimitationDurations"":{""cpu"":0,""none"":281.656,""other"":0,""bandwidth"":6.837}}"
2026-08-30T16:25:55.862009+00:00,2026-08-30T16:25:54.523+00:00,director_heartbeat,,a,show-jm6rlv90,,,,,,,,,,,,,,,,,,,,,,,,,,,,,,,,,,"{""state"":""running""}"
2026-08-30T16:25:55.862009+00:00,2026-08-30T16:25:54.553+00:00,mic_level_sample,,a,show-jm6rlv90,,,,,,,,,,,,,,,,,,,,,,,,,,,,,,,,,,"{""deviceId"":""a58e21953fa187ebbfa035f4c18fb6d2d3f12f0c3a35994d56f0781fea8405af"",""inputRms"":0.08562007724502042,""outputRms"":0.13658676326898217,""deviceLabel"":""MacBook Air Microphone (Built-in)"",""audioContextState"":""running""}"
2026-08-30T16:25:55.862009+00:00,2026-08-30T16:25:55.52+00:00,track_liveness_snapshot,,a,show-jm6rlv90,,,,,,,,,,,,,,,,,,,,,,,,,,,,,,,,,,"{""entries"":[{""key"":""contestant-a-c79e4705:TR_VC5tpJKFMjd7Vk"",""frames"":null,""reason"":null,""staleSec"":289,""probation"":false},{""key"":""camfeed-a-close-43299d5e:TR_VCaurcVv5msMsD"",""frames"":718,""reason"":null,""staleSec"":1,""probation"":false}],""trackCount"":2,""ineligibleCount"":0}"
2026-08-30T16:25:57.693662+00:00,2026-08-30T16:25:56.521+00:00,pub_stats,,a,show-jm6rlv90,2962836,7006396,3000000,60,60,0,30,31,40.5,none,f,f+h+q,3,1080,1920,1080,1920,"SimulcastEncoderAdapter (libvpx, libvpx, libvpx)",7,0,4,0,0,0.0037329999999999998,0.039,0,,,,,,,live:a,"{""qualityLimitationDurations"":{""cpu"":0,""none"":283.656,""other"":0,""bandwidth"":6.837}}"
2026-08-30T16:25:57.693662+00:00,2026-08-30T16:25:56.937+00:00,director_shot_emitted,,a,show-jm6rlv90,,,,,,,,,,,,,,,,,,,,,,,,,,,,,,,,,,"{""shot"":""closeUp"",""slot"":""a"",""sourceRole"":""close"",""decisionSource"":""auto"",""targetIdentity"":""camfeed-a-close-43299d5e""}"
2026-08-30T16:25:57.693662+00:00,2026-08-30T16:25:56.937+00:00,shot_publish_success,,a,show-jm6rlv90,,,,,,,,,,,,,,,,,,,,,,,,,,,,,,,,,,"{""shot"":""closeUp"",""slot"":""a"",""commandId"":""0d62e79e-fe10-4855-9ac6-4afbd53d443f"",""decisionSource"":""auto"",""connectionState"":""connected""}"
2026-08-30T16:25:59.700281+00:00,2026-08-30T16:25:58.522+00:00,pub_stats,,a,show-jm6rlv90,3141289,7006396,3000000,60,60,0,30,30,38.32,none,f,f+h+q,3,1080,1920,1080,1920,"SimulcastEncoderAdapter (libvpx, libvpx, libvpx)",7,0,4,0,0,0.0026219999999999998,0.027,0,,,,,,,live:a,"{""qualityLimitationDurations"":{""cpu"":0,""none"":285.657,""other"":0,""bandwidth"":6.837}}"
2026-08-30T16:26:00.684049+00:00,2026-08-30T16:25:59.554+00:00,mic_level_sample,,a,show-jm6rlv90,,,,,,,,,,,,,,,,,,,,,,,,,,,,,,,,,,"{""deviceId"":""a58e21953fa187ebbfa035f4c18fb6d2d3f12f0c3a35994d56f0781fea8405af"",""inputRms"":0.05999116037610258,""outputRms"":0.2846514973534539,""deviceLabel"":""MacBook Air Microphone (Built-in)"",""audioContextState"":""running""}"
2026-08-30T16:26:01.680324+00:00,2026-08-30T16:26:00.522+00:00,pub_stats,,a,show-jm6rlv90,2888592,7006396,3000000,60,60,0,30,30,51.55,none,f,f+h+q,3,1080,1920,1080,1920,"SimulcastEncoderAdapter (libvpx, libvpx, libvpx)",7,0,4,0,0,0.002555,0.027,0,,,,,,,live:a,"{""qualityLimitationDurations"":{""cpu"":0,""none"":287.657,""other"":0,""bandwidth"":6.837}}"
2026-08-30T16:26:00.684049+00:00,2026-08-30T16:26:00.522+00:00,track_liveness_snapshot,,a,show-jm6rlv90,,,,,,,,,,,,,,,,,,,,,,,,,,,,,,,,,,"{""entries"":[{""key"":""contestant-a-c79e4705:TR_VC5tpJKFMjd7Vk"",""frames"":null,""reason"":null,""staleSec"":294,""probation"":false},{""key"":""camfeed-a-close-43299d5e:TR_VCaurcVv5msMsD"",""frames"":869,""reason"":null,""staleSec"":1,""probation"":false}],""trackCount"":2,""ineligibleCount"":0}"
2026-08-30T16:26:03.656098+00:00,2026-08-30T16:26:02.522+00:00,pub_stats,,a,show-jm6rlv90,2895980,7006396,3000000,60,60,0,30,30,46.22,none,f,f+h+q,3,1080,1920,1080,1920,"SimulcastEncoderAdapter (libvpx, libvpx, libvpx)",7,0,4,0,0,0.003022,0.024,0,,,,,,,live:a,"{""qualityLimitationDurations"":{""cpu"":0,""none"":289.657,""other"":0,""bandwidth"":6.837}}"
2026-08-30T16:26:04.842135+00:00,2026-08-30T16:26:03.915+00:00,shot_publish_success,,a,show-jm6rlv90,,,,,,,,,,,,,,,,,,,,,,,,,,,,,,,,,,"{""shot"":""mediumCU"",""slot"":""a"",""commandId"":""cab5066d-1372-4da6-a87a-bc63c6f4e331"",""decisionSource"":""auto"",""connectionState"":""connected""}"
2026-08-30T16:26:04.842135+00:00,2026-08-30T16:26:03.915+00:00,director_shot_emitted,,a,show-jm6rlv90,,,,,,,,,,,,,,,,,,,,,,,,,,,,,,,,,,"{""shot"":""mediumCU"",""slot"":""a"",""sourceRole"":""main"",""decisionSource"":""auto"",""targetIdentity"":""contestant-a-c79e4705""}"
2026-08-30T16:26:05.692218+00:00,2026-08-30T16:26:04.522+00:00,pub_stats,,a,show-jm6rlv90,3117392,7006396,2957250,60,60,0,30,30,41.1,none,f,f+h+q,3,1080,1920,1080,1920,"SimulcastEncoderAdapter (libvpx, libvpx, libvpx)",7,0,4,0,0,0.003111,0.024,0,,,,,,,live:a,"{""qualityLimitationDurations"":{""cpu"":0,""none"":291.657,""other"":0,""bandwidth"":6.837}}"
2026-08-30T16:26:05.692218+00:00,2026-08-30T16:26:04.523+00:00,director_heartbeat,,a,show-jm6rlv90,,,,,,,,,,,,,,,,,,,,,,,,,,,,,,,,,,"{""state"":""running""}"
2026-08-30T16:26:05.692218+00:00,2026-08-30T16:26:04.554+00:00,mic_level_sample,,a,show-jm6rlv90,,,,,,,,,,,,,,,,,,,,,,,,,,,,,,,,,,"{""deviceId"":""a58e21953fa187ebbfa035f4c18fb6d2d3f12f0c3a35994d56f0781fea8405af"",""inputRms"":0.043705841143382905,""outputRms"":0.20447396854025393,""deviceLabel"":""MacBook Air Microphone (Built-in)"",""audioContextState"":""running""}"
2026-08-30T16:26:06.675038+00:00,2026-08-30T16:26:06.022+00:00,track_liveness_snapshot,,a,show-jm6rlv90,,,,,,,,,,,,,,,,,,,,,,,,,,,,,,,,,,"{""entries"":[{""key"":""contestant-a-c79e4705:TR_VC5tpJKFMjd7Vk"",""frames"":null,""reason"":null,""staleSec"":299,""probation"":false},{""key"":""camfeed-a-close-43299d5e:TR_VCaurcVv5msMsD"",""frames"":1032,""reason"":null,""staleSec"":1,""probation"":false}],""trackCount"":2,""ineligibleCount"":0}"
2026-08-30T16:26:07.67244+00:00,2026-08-30T16:26:06.522+00:00,pub_stats,,a,show-jm6rlv90,2871340,7006396,3000000,60,60,0,30,30,43.88,none,f,f+h+q,3,1080,1920,1080,1920,"SimulcastEncoderAdapter (libvpx, libvpx, libvpx)",7,0,4,0,0,0.002977,0.025,0,,,,,,,live:a,"{""qualityLimitationDurations"":{""cpu"":0,""none"":293.657,""other"":0,""bandwidth"":6.837}}"
2026-08-30T16:26:09.725937+00:00,2026-08-30T16:26:08.522+00:00,pub_stats,,a,show-jm6rlv90,3049804,7006396,3000000,60,60,0,30,30,36.58,none,f,f+h+q,3,1080,1920,1080,1920,"SimulcastEncoderAdapter (libvpx, libvpx, libvpx)",7,0,4,0,0,0.003411,0.025,0,,,,,,,live:a,"{""qualityLimitationDurations"":{""cpu"":0,""none"":295.657,""other"":0,""bandwidth"":6.837}}"
2026-08-30T16:26:10.660172+00:00,2026-08-30T16:26:09.553+00:00,mic_level_sample,,a,show-jm6rlv90,,,,,,,,,,,,,,,,,,,,,,,,,,,,,,,,,,"{""deviceId"":""a58e21953fa187ebbfa035f4c18fb6d2d3f12f0c3a35994d56f0781fea8405af"",""inputRms"":0.024590575403387067,""outputRms"":0.21267002203692126,""deviceLabel"":""MacBook Air Microphone (Built-in)"",""audioContextState"":""running""}"
2026-08-30T16:26:11.74465+00:00,2026-08-30T16:26:10.522+00:00,pub_stats,,a,show-jm6rlv90,2978352,7006396,2966260,60,60,0,31,30,35.2,none,f,f+h+q,3,1080,1920,1080,1920,"SimulcastEncoderAdapter (libvpx, libvpx, libvpx)",7,0,4,0,0,0.003,0.025,0,,,,,,,live:a,"{""qualityLimitationDurations"":{""cpu"":0,""none"":297.657,""other"":0,""bandwidth"":6.837}}"
2026-08-30T16:26:11.74465+00:00,2026-08-30T16:26:11.021+00:00,track_liveness_snapshot,,a,show-jm6rlv90,,,,,,,,,,,,,,,,,,,,,,,,,,,,,,,,,,"{""entries"":[{""key"":""contestant-a-c79e4705:TR_VC5tpJKFMjd7Vk"",""frames"":null,""reason"":null,""staleSec"":304,""probation"":false},{""key"":""camfeed-a-close-43299d5e:TR_VCaurcVv5msMsD"",""frames"":1132,""reason"":null,""staleSec"":1,""probation"":false}],""trackCount"":2,""ineligibleCount"":0}"
2026-08-30T16:26:13.686762+00:00,2026-08-30T16:26:12.522+00:00,pub_stats,,a,show-jm6rlv90,3058416,7006396,2995020,60,60,0,31,30,35.22,none,f,f+h+q,3,1080,1920,1080,1920,"SimulcastEncoderAdapter (libvpx, libvpx, libvpx)",7,0,4,0,0,0.003377,0.025,0,,,,,,,live:a,"{""qualityLimitationDurations"":{""cpu"":0,""none"":299.657,""other"":0,""bandwidth"":6.837}}"
2026-08-30T16:26:15.690218+00:00,2026-08-30T16:26:14.522+00:00,pub_stats,,a,show-jm6rlv90,2967244,7006396,3000000,60,60,0,31,30,42.18,none,f,f+h+q,3,1080,1920,1080,1920,"SimulcastEncoderAdapter (libvpx, libvpx, libvpx)",7,0,4,0,0,0.0028,0.026,0,,,,,,,live:a,"{""qualityLimitationDurations"":{""cpu"":0,""none"":301.657,""other"":0,""bandwidth"":6.837}}"
2026-08-30T16:26:15.690218+00:00,2026-08-30T16:26:14.523+00:00,director_heartbeat,,a,show-jm6rlv90,,,,,,,,,,,,,,,,,,,,,,,,,,,,,,,,,,"{""state"":""running""}"
2026-08-30T16:26:15.690218+00:00,2026-08-30T16:26:14.553+00:00,mic_level_sample,,a,show-jm6rlv90,,,,,,,,,,,,,,,,,,,,,,,,,,,,,,,,,,"{""deviceId"":""a58e21953fa187ebbfa035f4c18fb6d2d3f12f0c3a35994d56f0781fea8405af"",""inputRms"":0.09195691795464393,""outputRms"":0.2594431448841171,""deviceLabel"":""MacBook Air Microphone (Built-in)"",""audioContextState"":""running""}"
2026-08-30T16:26:16.701402+00:00,2026-08-30T16:26:16.021+00:00,track_liveness_snapshot,,a,show-jm6rlv90,,,,,,,,,,,,,,,,,,,,,,,,,,,,,,,,,,"{""entries"":[{""key"":""contestant-a-c79e4705:TR_VC5tpJKFMjd7Vk"",""frames"":null,""reason"":null,""staleSec"":309,""probation"":false},{""key"":""camfeed-a-close-43299d5e:TR_VCaurcVv5msMsD"",""frames"":1233,""reason"":null,""staleSec"":0,""probation"":false}],""trackCount"":2,""ineligibleCount"":0}"
2026-08-30T16:26:17.661696+00:00,2026-08-30T16:26:16.522+00:00,pub_stats,,a,show-jm6rlv90,2937440,7006396,3000000,60,60,0,31,30,38.28,none,f,f+h+q,3,1080,1920,1080,1920,"SimulcastEncoderAdapter (libvpx, libvpx, libvpx)",7,0,4,0,0,0.0030329999999999997,0.04,0,,,,,,,live:a,"{""qualityLimitationDurations"":{""cpu"":0,""none"":303.657,""other"":0,""bandwidth"":6.837}}"
2026-08-30T16:26:18.679503+00:00,2026-08-30T16:26:17.797+00:00,director_shot_emitted,,a,show-jm6rlv90,,,,,,,,,,,,,,,,,,,,,,,,,,,,,,,,,,"{""shot"":""closeUp"",""slot"":""a"",""sourceRole"":""close"",""decisionSource"":""auto"",""targetIdentity"":""camfeed-a-close-43299d5e""}"
2026-08-30T16:26:18.679503+00:00,2026-08-30T16:26:17.797+00:00,shot_publish_success,,a,show-jm6rlv90,,,,,,,,,,,,,,,,,,,,,,,,,,,,,,,,,,"{""shot"":""closeUp"",""slot"":""a"",""commandId"":""e624e993-bfbd-49e8-9ddb-afe8fc157487"",""decisionSource"":""auto"",""connectionState"":""connected""}"
2026-08-30T16:26:19.681045+00:00,2026-08-30T16:26:18.522+00:00,pub_stats,,a,show-jm6rlv90,3023796,7006396,3000000,60,60,0,31,30,36.42,none,f,f+h+q,3,1080,1920,1080,1920,"SimulcastEncoderAdapter (libvpx, libvpx, libvpx)",7,0,4,0,0,0.002711,0.024,0,,,,,,,live:a,"{""qualityLimitationDurations"":{""cpu"":0,""none"":305.657,""other"":0,""bandwidth"":6.837}}"
2026-08-30T16:26:20.669094+00:00,2026-08-30T16:26:19.553+00:00,mic_level_sample,,a,show-jm6rlv90,,,,,,,,,,,,,,,,,,,,,,,,,,,,,,,,,,"{""deviceId"":""a58e21953fa187ebbfa035f4c18fb6d2d3f12f0c3a35994d56f0781fea8405af"",""inputRms"":0.09236024908819261,""outputRms"":0.20281001045090408,""deviceLabel"":""MacBook Air Microphone (Built-in)"",""audioContextState"":""running""}"
2026-08-30T16:26:21.679302+00:00,2026-08-30T16:26:20.522+00:00,pub_stats,,a,show-jm6rlv90,2996568,7006396,3000000,60,60,0,31,30,35.25,none,f,f+h+q,3,1080,1920,1080,1920,"SimulcastEncoderAdapter (libvpx, libvpx, libvpx)",7,0,4,0,0,0.0035329999999999997,0.024,0,,,,,,,live:a,"{""qualityLimitationDurations"":{""cpu"":0,""none"":307.657,""other"":0,""bandwidth"":6.837}}"
2026-08-30T16:26:21.679302+00:00,2026-08-30T16:26:21.021+00:00,track_liveness_snapshot,,a,show-jm6rlv90,,,,,,,,,,,,,,,,,,,,,,,,,,,,,,,,,,"{""entries"":[{""key"":""contestant-a-c79e4705:TR_VC5tpJKFMjd7Vk"",""frames"":null,""reason"":null,""staleSec"":314,""probation"":false},{""key"":""camfeed-a-close-43299d5e:TR_VCaurcVv5msMsD"",""frames"":1333,""reason"":null,""staleSec"":1,""probation"":false}],""trackCount"":2,""ineligibleCount"":0}"
2026-08-30T16:26:23.68134+00:00,2026-08-30T16:26:22.522+00:00,pub_stats,,a,show-jm6rlv90,3089396,7006396,2918705,60,60,0,31,30,41.32,none,f,f+h+q,3,1080,1920,1080,1920,"SimulcastEncoderAdapter (libvpx, libvpx, libvpx)",7,0,4,0,0,0.003355,0.025,0,,,,,,,live:a,"{""qualityLimitationDurations"":{""cpu"":0,""none"":309.657,""other"":0,""bandwidth"":6.837}}"
2026-08-30T16:26:24.911797+00:00,2026-08-30T16:26:24.232+00:00,visibility_visible,,a,show-jm6rlv90,,,,,,,,,,,,,,,,,,,,,,,,,,,,,,,,,,"{""audioContextState"":""running""}"
2026-08-30T16:26:24.911797+00:00,2026-08-30T16:26:24.233+00:00,window_focus,,a,show-jm6rlv90,,,,,,,,,,,,,,,,,,,,,,,,,,,,,,,,,,
2026-08-30T16:26:24.911797+00:00,2026-08-30T16:26:24.237+00:00,backing_deck_raf,,a,show-jm6rlv90,,,,,,,,,,,,,,,,,,,,,,,,,,,,,interval,,,,,"{""elapsedMs"":61004,""idleFrames"":0,""hasDuration"":true,""activeFrames"":1625,""changedLabel"":31,""changedWidth"":1625,""playingFrames"":1625}"
2026-08-30T16:26:24.911797+00:00,2026-08-30T16:26:24.24+00:00,wake_lock_acquired,,a,show-jm6rlv90,,,,,,,,,,,,,,,,,,,,,,,,,,,,,,,,,live:a,
2026-08-30T16:26:25.858136+00:00,2026-08-30T16:26:24.523+00:00,director_heartbeat,,a,show-jm6rlv90,,,,,,,,,,,,,,,,,,,,,,,,,,,,,,,,,,"{""state"":""running""}"
2026-08-30T16:26:25.858136+00:00,2026-08-30T16:26:24.523+00:00,pub_stats,,a,show-jm6rlv90,2946459,7006396,2995063,60,60,0,31,30,50.37,none,f,f+h+q,3,1080,1920,1080,1920,"SimulcastEncoderAdapter (libvpx, libvpx, libvpx)",9,0,6,0,0,0.0032879999999999997,0.026,0,,,,,,,live:a,"{""qualityLimitationDurations"":{""cpu"":0,""none"":311.657,""other"":0,""bandwidth"":6.837}}"
2026-08-30T16:26:25.858136+00:00,2026-08-30T16:26:24.552+00:00,mic_level_sample,,a,show-jm6rlv90,,,,,,,,,,,,,,,,,,,,,,,,,,,,,,,,,,"{""deviceId"":""a58e21953fa187ebbfa035f4c18fb6d2d3f12f0c3a35994d56f0781fea8405af"",""inputRms"":0.024155832734400695,""outputRms"":0.09141253816205872,""deviceLabel"":""MacBook Air Microphone (Built-in)"",""audioContextState"":""running""}"
2026-08-30T16:26:26.678281+00:00,2026-08-30T16:26:26.021+00:00,track_liveness_snapshot,,a,show-jm6rlv90,,,,,,,,,,,,,,,,,,,,,,,,,,,,,,,,,,"{""entries"":[{""key"":""contestant-a-c79e4705:TR_VC5tpJKFMjd7Vk"",""frames"":null,""reason"":null,""staleSec"":319,""probation"":false},{""key"":""camfeed-a-close-43299d5e:TR_VCaurcVv5msMsD"",""frames"":1363,""reason"":null,""staleSec"":1,""probation"":false}],""trackCount"":2,""ineligibleCount"":0}"
2026-08-30T16:26:26.678281+00:00,2026-08-30T16:26:26.453+00:00,director_shot_emitted,,a,show-jm6rlv90,,,,,,,,,,,,,,,,,,,,,,,,,,,,,,,,,,"{""shot"":""mediumCU"",""slot"":""a"",""sourceRole"":""main"",""decisionSource"":""auto"",""targetIdentity"":""contestant-a-c79e4705""}"
2026-08-30T16:26:26.678281+00:00,2026-08-30T16:26:26.453+00:00,shot_publish_success,,a,show-jm6rlv90,,,,,,,,,,,,,,,,,,,,,,,,,,,,,,,,,,"{""shot"":""mediumCU"",""slot"":""a"",""commandId"":""33a6ce19-8663-4d2f-8688-4c977cb42170"",""decisionSource"":""auto"",""connectionState"":""connected""}"
2026-08-30T16:26:27.656532+00:00,2026-08-30T16:26:26.522+00:00,pub_stats,,a,show-jm6rlv90,3031604,7006396,2975598,60,60,0,31,30,60.9,none,f,f+h+q,3,1080,1920,1080,1920,"SimulcastEncoderAdapter (libvpx, libvpx, libvpx)",9,0,6,0,0,0.0034219999999999997,0.025,0,,,,,,,live:a,"{""qualityLimitationDurations"":{""cpu"":0,""none"":313.657,""other"":0,""bandwidth"":6.837}}"
2026-08-30T16:26:29.652423+00:00,2026-08-30T16:26:28.521+00:00,pub_stats,,a,show-jm6rlv90,2829671,7006396,3000000,60,60,0,31,30,69.17,none,f,f+h+q,3,1080,1920,1080,1920,"SimulcastEncoderAdapter (libvpx, libvpx, libvpx)",9,0,6,0,0,0.0033,0.025,0,,,,,,,live:a,"{""qualityLimitationDurations"":{""cpu"":0,""none"":315.656,""other"":0,""bandwidth"":6.837}}"
2026-08-30T16:26:30.665301+00:00,2026-08-30T16:26:29.554+00:00,mic_level_sample,,a,show-jm6rlv90,,,,,,,,,,,,,,,,,,,,,,,,,,,,,,,,,,"{""deviceId"":""a58e21953fa187ebbfa035f4c18fb6d2d3f12f0c3a35994d56f0781fea8405af"",""inputRms"":0.05208575353776871,""outputRms"":0.13701027816590533,""deviceLabel"":""MacBook Air Microphone (Built-in)"",""audioContextState"":""running""}"
2026-08-30T16:26:30.665301+00:00,2026-08-30T16:26:29.898+00:00,track_published,,a,show-jm6rlv90,,,,,,,,,,,,,,,,,,,,,,,,,,,,,,,camera,,,"{""kind"":""video"",""trackSid"":""TR_VCccrcL4NnnzV2"",""participantIdentity"":""camfeed-a-side-ed8271dc""}"
2026-08-30T16:26:30.665301+00:00,2026-08-30T16:26:29.974+00:00,track_subscribed,,a,show-jm6rlv90,,,,,,,,,,,,,,,,,,,,,,,,,,,,,,,camera,,,"{""kind"":""video"",""trackSid"":""TR_VCccrcL4NnnzV2"",""participantIdentity"":""camfeed-a-side-ed8271dc""}"
2026-08-30T16:26:30.665301+00:00,2026-08-30T16:26:30.02+00:00,track_liveness_snapshot,,a,show-jm6rlv90,,,,,,,,,,,,,,,,,,,,,,,,,,,,,,,,,,"{""entries"":[{""key"":""contestant-a-c79e4705:TR_VC5tpJKFMjd7Vk"",""frames"":null,""reason"":null,""staleSec"":323,""probation"":false},{""key"":""camfeed-a-close-43299d5e:TR_VCaurcVv5msMsD"",""frames"":1408,""reason"":null,""staleSec"":0,""probation"":false},{""key"":""camfeed-a-side-ed8271dc:TR_VCccrcL4NnnzV2"",""frames"":null,""reason"":null,""staleSec"":0,""probation"":false}],""trackCount"":3,""ineligibleCount"":0}"
2026-08-30T16:26:31.64826+00:00,2026-08-30T16:26:30.522+00:00,pub_stats,,a,show-jm6rlv90,3002391,7006396,3000000,59,59,0,30,30,49.47,none,f,f+h+q,3,1080,1920,1080,1920,"SimulcastEncoderAdapter (libvpx, libvpx, libvpx)",10,0,7,0,0,0.0030659999999999997,0.027,0,,,,,,,live:a,"{""qualityLimitationDurations"":{""cpu"":0,""none"":317.656,""other"":0,""bandwidth"":6.837}}"
2026-08-30T16:26:33.65438+00:00,2026-08-30T16:26:32.522+00:00,pub_stats,,a,show-jm6rlv90,3116800,7006396,2947088,61,61,0,31,30,52.61,none,f,f+h+q,3,1080,1920,1080,1920,"SimulcastEncoderAdapter (libvpx, libvpx, libvpx)",10,0,7,0,0,0.002866,0.025,0,,,,,,,live:a,"{""qualityLimitationDurations"":{""cpu"":0,""none"":319.657,""other"":0,""bandwidth"":6.837}}"
2026-08-30T16:26:35.664627+00:00,2026-08-30T16:26:34.521+00:00,pub_stats,,a,show-jm6rlv90,2899098,7006396,3000000,59,59,0,30,30,69.63,none,f,f+h+q,3,1080,1920,1080,1920,"SimulcastEncoderAdapter (libvpx, libvpx, libvpx)",10,0,7,0,0,0.003011,0.025,0,,,,,,,live:a,"{""qualityLimitationDurations"":{""cpu"":0,""none"":321.656,""other"":0,""bandwidth"":6.837}}"
2026-08-30T16:26:35.664627+00:00,2026-08-30T16:26:34.523+00:00,director_heartbeat,,a,show-jm6rlv90,,,,,,,,,,,,,,,,,,,,,,,,,,,,,,,,,,"{""state"":""running""}"
2026-08-30T16:26:35.664627+00:00,2026-08-30T16:26:34.554+00:00,mic_level_sample,,a,show-jm6rlv90,,,,,,,,,,,,,,,,,,,,,,,,,,,,,,,,,,"{""deviceId"":""a58e21953fa187ebbfa035f4c18fb6d2d3f12f0c3a35994d56f0781fea8405af"",""inputRms"":0.0520662945678083,""outputRms"":0.16663474648337148,""deviceLabel"":""MacBook Air Microphone (Built-in)"",""audioContextState"":""running""}"
2026-08-30T16:26:35.664627+00:00,2026-08-30T16:26:35.022+00:00,track_liveness_snapshot,,a,show-jm6rlv90,,,,,,,,,,,,,,,,,,,,,,,,,,,,,,,,,,"{""entries"":[{""key"":""contestant-a-c79e4705:TR_VC5tpJKFMjd7Vk"",""frames"":null,""reason"":null,""staleSec"":329,""probation"":false},{""key"":""camfeed-a-close-43299d5e:TR_VCaurcVv5msMsD"",""frames"":1536,""reason"":null,""staleSec"":1,""probation"":false},{""key"":""camfeed-a-side-ed8271dc:TR_VCccrcL4NnnzV2"",""frames"":126,""reason"":null,""staleSec"":1,""probation"":false}],""trackCount"":3,""ineligibleCount"":0}"
2026-08-30T16:26:37.660796+00:00,2026-08-30T16:26:36.523+00:00,pub_stats,,a,show-jm6rlv90,2932000,7006396,3000000,60,60,0,30,30,73.63,none,f,f+h+q,3,1080,1920,1080,1920,"SimulcastEncoderAdapter (libvpx, libvpx, libvpx)",10,0,7,0,0,0.003088,0.025,0,,,,,,,live:a,"{""qualityLimitationDurations"":{""cpu"":0,""none"":323.657,""other"":0,""bandwidth"":6.837}}"
2026-08-30T16:26:38.653876+00:00,2026-08-30T16:26:38.446+00:00,director_shot_emitted,,a,show-jm6rlv90,,,,,,,,,,,,,,,,,,,,,,,,,,,,,,,,,,"{""shot"":""closeUp"",""slot"":""a"",""sourceRole"":""close"",""decisionSource"":""auto"",""targetIdentity"":""camfeed-a-close-43299d5e""}"
2026-08-30T16:26:38.653876+00:00,2026-08-30T16:26:38.446+00:00,shot_publish_success,,a,show-jm6rlv90,,,,,,,,,,,,,,,,,,,,,,,,,,,,,,,,,,"{""shot"":""closeUp"",""slot"":""a"",""commandId"":""4b5cc221-b877-4cda-bf38-fb4b873a7108"",""decisionSource"":""auto"",""connectionState"":""connected""}"
2026-08-30T16:26:39.652168+00:00,2026-08-30T16:26:38.521+00:00,pub_stats,,a,show-jm6rlv90,2999640,7006396,3000000,60,60,0,30,30,68.33,none,f,f+h+q,3,1080,1920,1080,1920,"SimulcastEncoderAdapter (libvpx, libvpx, libvpx)",10,0,7,0,0,0.003433,0.025,0,,,,,,,live:a,"{""qualityLimitationDurations"":{""cpu"":0,""none"":325.656,""other"":0,""bandwidth"":6.837}}"
2026-08-30T16:26:40.852318+00:00,2026-08-30T16:26:39.553+00:00,mic_level_sample,,a,show-jm6rlv90,,,,,,,,,,,,,,,,,,,,,,,,,,,,,,,,,,"{""deviceId"":""a58e21953fa187ebbfa035f4c18fb6d2d3f12f0c3a35994d56f0781fea8405af"",""inputRms"":0.054694858959117486,""outputRms"":0.14013717734494208,""deviceLabel"":""MacBook Air Microphone (Built-in)"",""audioContextState"":""running""}"
2026-08-30T16:26:40.852318+00:00,2026-08-30T16:26:40.022+00:00,track_liveness_snapshot,,a,show-jm6rlv90,,,,,,,,,,,,,,,,,,,,,,,,,,,,,,,,,,"{""entries"":[{""key"":""contestant-a-c79e4705:TR_VC5tpJKFMjd7Vk"",""frames"":null,""reason"":null,""staleSec"":334,""probation"":false},{""key"":""camfeed-a-close-43299d5e:TR_VCaurcVv5msMsD"",""frames"":1676,""reason"":null,""staleSec"":1,""probation"":false},{""key"":""camfeed-a-side-ed8271dc:TR_VCccrcL4NnnzV2"",""frames"":276,""reason"":null,""staleSec"":1,""probation"":false}],""trackCount"":3,""ineligibleCount"":0}"
2026-08-30T16:26:41.660108+00:00,2026-08-30T16:26:40.522+00:00,pub_stats,,a,show-jm6rlv90,2973557,7006396,2973670,60,60,0,30,30,68.12,none,f,f+h+q,3,1080,1920,1080,1920,"SimulcastEncoderAdapter (libvpx, libvpx, libvpx)",10,0,7,0,0,0.003244,0.025,0,,,,,,,live:a,"{""qualityLimitationDurations"":{""cpu"":0,""none"":327.657,""other"":0,""bandwidth"":6.837}}"
2026-08-30T16:26:43.654076+00:00,2026-08-30T16:26:42.522+00:00,pub_stats,,a,show-jm6rlv90,2931356,7006396,3000000,60,60,0,30,30,69.8,none,f,f+h+q,3,1080,1920,1080,1920,"SimulcastEncoderAdapter (libvpx, libvpx, libvpx)",10,0,7,0,0,0.003,0.026,0,,,,,,,live:a,"{""qualityLimitationDurations"":{""cpu"":0,""none"":329.657,""other"":0,""bandwidth"":6.837}}"
2026-08-30T16:26:45.670266+00:00,2026-08-30T16:26:44.521+00:00,pub_stats,,a,show-jm6rlv90,3088792,7006396,3000000,60,60,0,30,30,50.1,none,f,f+h+q,3,1080,1920,1080,1920,"SimulcastEncoderAdapter (libvpx, libvpx, libvpx)",10,0,7,0,0,0.003222,0.026,0,,,,,,,live:a,"{""qualityLimitationDurations"":{""cpu"":0,""none"":331.656,""other"":0,""bandwidth"":6.837}}"
2026-08-30T16:26:45.670266+00:00,2026-08-30T16:26:44.523+00:00,director_heartbeat,,a,show-jm6rlv90,,,,,,,,,,,,,,,,,,,,,,,,,,,,,,,,,,"{""state"":""running""}"
2026-08-30T16:26:45.670266+00:00,2026-08-30T16:26:44.552+00:00,mic_level_sample,,a,show-jm6rlv90,,,,,,,,,,,,,,,,,,,,,,,,,,,,,,,,,,"{""deviceId"":""a58e21953fa187ebbfa035f4c18fb6d2d3f12f0c3a35994d56f0781fea8405af"",""inputRms"":0.02028042548629091,""outputRms"":0.47307181689311284,""deviceLabel"":""MacBook Air Microphone (Built-in)"",""audioContextState"":""running""}"
2026-08-30T16:26:45.670266+00:00,2026-08-30T16:26:45.521+00:00,track_liveness_snapshot,,a,show-jm6rlv90,,,,,,,,,,,,,,,,,,,,,,,,,,,,,,,,,,"{""entries"":[{""key"":""contestant-a-c79e4705:TR_VC5tpJKFMjd7Vk"",""frames"":null,""reason"":null,""staleSec"":339,""probation"":false},{""key"":""camfeed-a-close-43299d5e:TR_VCaurcVv5msMsD"",""frames"":1826,""reason"":null,""staleSec"":1,""probation"":false},{""key"":""camfeed-a-side-ed8271dc:TR_VCccrcL4NnnzV2"",""frames"":427,""reason"":null,""staleSec"":1,""probation"":false}],""trackCount"":3,""ineligibleCount"":0}"
2026-08-30T16:26:47.657558+00:00,2026-08-30T16:26:46.522+00:00,pub_stats,,a,show-jm6rlv90,2927340,7006396,2904432,60,60,0,30,30,61.22,none,f,f+h+q,3,1080,1920,1080,1920,"SimulcastEncoderAdapter (libvpx, libvpx, libvpx)",10,0,7,0,0,0.003166,0.025,0,,,,,,,live:a,"{""qualityLimitationDurations"":{""cpu"":0,""none"":333.656,""other"":0,""bandwidth"":6.837}}"
2026-08-30T16:26:48.649487+00:00,2026-08-30T16:26:47.976+00:00,director_shot_emitted,,a,show-jm6rlv90,,,,,,,,,,,,,,,,,,,,,,,,,,,,,,,,,,"{""shot"":""bRoll"",""slot"":""a"",""sourceRole"":""side"",""decisionSource"":""auto"",""targetIdentity"":""camfeed-a-side-ed8271dc""}"
2026-08-30T16:26:48.649487+00:00,2026-08-30T16:26:47.976+00:00,shot_publish_success,,a,show-jm6rlv90,,,,,,,,,,,,,,,,,,,,,,,,,,,,,,,,,,"{""shot"":""bRoll"",""slot"":""a"",""commandId"":""d7b9a9eb-25e0-46bd-9f63-2479a2ddaef4"",""decisionSource"":""auto"",""connectionState"":""connected""}"
2026-08-30T16:26:49.659906+00:00,2026-08-30T16:26:48.521+00:00,pub_stats,,a,show-jm6rlv90,2948220,7006396,3000000,60,60,0,30,30,64.52,none,f,f+h+q,3,1080,1920,1080,1920,"SimulcastEncoderAdapter (libvpx, libvpx, libvpx)",10,0,7,0,0,0.0034219999999999997,0.027,0,,,,,,,live:a,"{""qualityLimitationDurations"":{""cpu"":0,""none"":335.656,""other"":0,""bandwidth"":6.837}}"
2026-08-30T16:26:50.644097+00:00,2026-08-30T16:26:49.553+00:00,mic_level_sample,,a,show-jm6rlv90,,,,,,,,,,,,,,,,,,,,,,,,,,,,,,,,,,"{""deviceId"":""a58e21953fa187ebbfa035f4c18fb6d2d3f12f0c3a35994d56f0781fea8405af"",""inputRms"":0.03671226481659668,""outputRms"":0.19816778411474978,""deviceLabel"":""MacBook Air Microphone (Built-in)"",""audioContextState"":""running""}"
2026-08-30T16:26:50.644097+00:00,2026-08-30T16:26:50.521+00:00,track_liveness_snapshot,,a,show-jm6rlv90,,,,,,,,,,,,,,,,,,,,,,,,,,,,,,,,,,"{""entries"":[{""key"":""contestant-a-c79e4705:TR_VC5tpJKFMjd7Vk"",""frames"":null,""reason"":null,""staleSec"":344,""probation"":false},{""key"":""camfeed-a-close-43299d5e:TR_VCaurcVv5msMsD"",""frames"":1975,""reason"":null,""staleSec"":1,""probation"":false},{""key"":""camfeed-a-side-ed8271dc:TR_VCccrcL4NnnzV2"",""frames"":576,""reason"":null,""staleSec"":1,""probation"":false}],""trackCount"":3,""ineligibleCount"":0}"
2026-08-30T16:26:51.694458+00:00,2026-08-30T16:26:50.522+00:00,pub_stats,,a,show-jm6rlv90,2977723,7006396,3000000,60,60,0,30,30,60.27,none,f,f+h+q,3,1080,1920,1080,1920,"SimulcastEncoderAdapter (libvpx, libvpx, libvpx)",10,0,7,0,0,0.002577,0.026,0,,,,,,,live:a,"{""qualityLimitationDurations"":{""cpu"":0,""none"":337.656,""other"":0,""bandwidth"":6.837}}"
2026-08-30T16:26:53.648479+00:00,2026-08-30T16:26:52.522+00:00,pub_stats,,a,show-jm6rlv90,3029468,7006396,2988350,60,60,0,30,31,56.9,none,f,f+h+q,3,1080,1920,1080,1920,"SimulcastEncoderAdapter (libvpx, libvpx, libvpx)",10,0,7,0,0,0.003222,0.026,0,,,,,,,live:a,"{""qualityLimitationDurations"":{""cpu"":0,""none"":339.657,""other"":0,""bandwidth"":6.837}}"
2026-08-30T16:26:54.652138+00:00,2026-08-30T16:26:54.24+00:00,backing_deck_raf,,a,show-jm6rlv90,,,,,,,,,,,,,,,,,,,,,,,,,,,,,interval,,,,,"{""elapsedMs"":30004,""idleFrames"":0,""hasDuration"":true,""activeFrames"":1181,""changedLabel"":30,""changedWidth"":1181,""playingFrames"":1181}"
2026-08-30T16:26:55.688597+00:00,2026-08-30T16:26:54.521+00:00,pub_stats,,a,show-jm6rlv90,3029791,7006396,2990348,60,60,0,30,30,61.62,none,f,f+h+q,3,1080,1920,1080,1920,"SimulcastEncoderAdapter (libvpx, libvpx, libvpx)",10,0,7,0,0,0.003188,0.026,0,,,,,,,live:a,"{""qualityLimitationDurations"":{""cpu"":0,""none"":341.656,""other"":0,""bandwidth"":6.837}}"
2026-08-30T16:26:55.688597+00:00,2026-08-30T16:26:54.523+00:00,director_heartbeat,,a,show-jm6rlv90,,,,,,,,,,,,,,,,,,,,,,,,,,,,,,,,,,"{""state"":""running""}"
2026-08-30T16:26:55.688597+00:00,2026-08-30T16:26:54.553+00:00,mic_level_sample,,a,show-jm6rlv90,,,,,,,,,,,,,,,,,,,,,,,,,,,,,,,,,,"{""deviceId"":""a58e21953fa187ebbfa035f4c18fb6d2d3f12f0c3a35994d56f0781fea8405af"",""inputRms"":0.03403659791835835,""outputRms"":0.07439190032109816,""deviceLabel"":""MacBook Air Microphone (Built-in)"",""audioContextState"":""running""}"
2026-08-30T16:26:55.688597+00:00,2026-08-30T16:26:55.521+00:00,track_liveness_snapshot,,a,show-jm6rlv90,,,,,,,,,,,,,,,,,,,,,,,,,,,,,,,,,,"{""entries"":[{""key"":""contestant-a-c79e4705:TR_VC5tpJKFMjd7Vk"",""frames"":null,""reason"":null,""staleSec"":349,""probation"":false},{""key"":""camfeed-a-close-43299d5e:TR_VCaurcVv5msMsD"",""frames"":2126,""reason"":null,""staleSec"":1,""probation"":false},{""key"":""camfeed-a-side-ed8271dc:TR_VCccrcL4NnnzV2"",""frames"":726,""reason"":null,""staleSec"":1,""probation"":false}],""trackCount"":3,""ineligibleCount"":0}"
2026-08-30T16:26:56.660296+00:00,2026-08-30T16:26:56.119+00:00,shot_publish_success,,a,show-jm6rlv90,,,,,,,,,,,,,,,,,,,,,,,,,,,,,,,,,,"{""shot"":""mediumCU"",""slot"":""a"",""commandId"":""f603ce9f-588b-46d1-9863-d34e88e25a04"",""decisionSource"":""auto"",""connectionState"":""connected""}"
2026-08-30T16:26:56.660296+00:00,2026-08-30T16:26:56.119+00:00,director_shot_emitted,,a,show-jm6rlv90,,,,,,,,,,,,,,,,,,,,,,,,,,,,,,,,,,"{""shot"":""mediumCU"",""slot"":""a"",""sourceRole"":""main"",""decisionSource"":""auto"",""targetIdentity"":""contestant-a-c79e4705""}"
2026-08-30T16:26:57.655745+00:00,2026-08-30T16:26:56.522+00:00,pub_stats,,a,show-jm6rlv90,2903552,7006396,3000000,60,60,0,30,30,73.83,none,f,f+h+q,3,1080,1920,1080,1920,"SimulcastEncoderAdapter (libvpx, libvpx, libvpx)",10,0,7,0,0,0.003622,0.027,0,,,,,,,live:a,"{""qualityLimitationDurations"":{""cpu"":0,""none"":343.657,""other"":0,""bandwidth"":6.837}}"
2026-08-30T16:26:59.653288+00:00,2026-08-30T16:26:58.522+00:00,pub_stats,,a,show-jm6rlv90,3114548,7006396,3000000,60,60,0,30,30,68.97,none,f,f+h+q,3,1080,1920,1080,1920,"SimulcastEncoderAdapter (libvpx, libvpx, libvpx)",10,0,7,0,0,0.0033109999999999997,0.026,0,,,,,,,live:a,"{""qualityLimitationDurations"":{""cpu"":0,""none"":345.657,""other"":0,""bandwidth"":6.837}}"
2026-08-30T16:27:00.669482+00:00,2026-08-30T16:26:59.553+00:00,mic_level_sample,,a,show-jm6rlv90,,,,,,,,,,,,,,,,,,,,,,,,,,,,,,,,,,"{""deviceId"":""a58e21953fa187ebbfa035f4c18fb6d2d3f12f0c3a35994d56f0781fea8405af"",""inputRms"":0.025562724976478064,""outputRms"":0.39390107935179086,""deviceLabel"":""MacBook Air Microphone (Built-in)"",""audioContextState"":""running""}"
2026-08-30T16:27:00.669482+00:00,2026-08-30T16:27:00.521+00:00,track_liveness_snapshot,,a,show-jm6rlv90,,,,,,,,,,,,,,,,,,,,,,,,,,,,,,,,,,"{""entries"":[{""key"":""contestant-a-c79e4705:TR_VC5tpJKFMjd7Vk"",""frames"":null,""reason"":null,""staleSec"":354,""probation"":false},{""key"":""camfeed-a-close-43299d5e:TR_VCaurcVv5msMsD"",""frames"":2275,""reason"":null,""staleSec"":1,""probation"":false},{""key"":""camfeed-a-side-ed8271dc:TR_VCccrcL4NnnzV2"",""frames"":876,""reason"":null,""staleSec"":1,""probation"":false}],""trackCount"":3,""ineligibleCount"":0}"
2026-08-30T16:27:01.690179+00:00,2026-08-30T16:27:00.522+00:00,pub_stats,,a,show-jm6rlv90,2899820,7006396,3000000,60,60,0,30,30,77.35,none,f,f+h+q,3,1080,1920,1080,1920,"SimulcastEncoderAdapter (libvpx, libvpx, libvpx)",10,0,7,0,0,0.003666,0.026,0,,,,,,,live:a,"{""qualityLimitationDurations"":{""cpu"":0,""none"":347.657,""other"":0,""bandwidth"":6.837}}"
2026-08-30T16:27:03.648455+00:00,2026-08-30T16:27:02.522+00:00,pub_stats,,a,show-jm6rlv90,3003016,7006396,3000000,60,60,0,30,30,68.52,none,f,f+h+q,3,1080,1920,1080,1920,"SimulcastEncoderAdapter (libvpx, libvpx, libvpx)",10,0,7,0,0,0.0029879999999999998,0.025,0,,,,,,,live:a,"{""qualityLimitationDurations"":{""cpu"":0,""none"":349.657,""other"":0,""bandwidth"":6.837}}"
2026-08-30T16:27:05.657763+00:00,2026-08-30T16:27:04.522+00:00,pub_stats,,a,show-jm6rlv90,3100440,7024894,2930432,60,60,0,30,30,67,none,f,f+h+q,3,1080,1920,1080,1920,"SimulcastEncoderAdapter (libvpx, libvpx, libvpx)",10,0,7,0,0,0.003355,0.025,0,,,,,,,live:a,"{""qualityLimitationDurations"":{""cpu"":0,""none"":351.657,""other"":0,""bandwidth"":6.837}}"
2026-08-30T16:27:05.657763+00:00,2026-08-30T16:27:04.524+00:00,director_heartbeat,,a,show-jm6rlv90,,,,,,,,,,,,,,,,,,,,,,,,,,,,,,,,,,"{""state"":""running""}"
2026-08-30T16:27:05.657763+00:00,2026-08-30T16:27:04.553+00:00,mic_level_sample,,a,show-jm6rlv90,,,,,,,,,,,,,,,,,,,,,,,,,,,,,,,,,,"{""deviceId"":""a58e21953fa187ebbfa035f4c18fb6d2d3f12f0c3a35994d56f0781fea8405af"",""inputRms"":0.04356300059722101,""outputRms"":0.09122622293925929,""deviceLabel"":""MacBook Air Microphone (Built-in)"",""audioContextState"":""running""}"
2026-08-30T16:27:05.657763+00:00,2026-08-30T16:27:05.374+00:00,director_shot_emitted,,a,show-jm6rlv90,,,,,,,,,,,,,,,,,,,,,,,,,,,,,,,,,,"{""shot"":""closeUp"",""slot"":""a"",""sourceRole"":""close"",""decisionSource"":""auto"",""targetIdentity"":""camfeed-a-close-43299d5e""}"
2026-08-30T16:27:05.657763+00:00,2026-08-30T16:27:05.374+00:00,shot_publish_success,,a,show-jm6rlv90,,,,,,,,,,,,,,,,,,,,,,,,,,,,,,,,,,"{""shot"":""closeUp"",""slot"":""a"",""commandId"":""3f8ee18c-11a4-4902-a6ef-68b7a187ed0d"",""decisionSource"":""auto"",""connectionState"":""connected""}"
2026-08-30T16:27:05.657763+00:00,2026-08-30T16:27:05.522+00:00,track_liveness_snapshot,,a,show-jm6rlv90,,,,,,,,,,,,,,,,,,,,,,,,,,,,,,,,,,"{""entries"":[{""key"":""contestant-a-c79e4705:TR_VC5tpJKFMjd7Vk"",""frames"":null,""reason"":null,""staleSec"":359,""probation"":false},{""key"":""camfeed-a-close-43299d5e:TR_VCaurcVv5msMsD"",""frames"":2425,""reason"":null,""staleSec"":1,""probation"":false},{""key"":""camfeed-a-side-ed8271dc:TR_VCccrcL4NnnzV2"",""frames"":1026,""reason"":null,""staleSec"":1,""probation"":false}],""trackCount"":3,""ineligibleCount"":0}"
2026-08-30T16:27:07.67327+00:00,2026-08-30T16:27:06.522+00:00,pub_stats,,a,show-jm6rlv90,2795888,7024894,3000000,60,60,0,30,30,57.38,none,f,f+h+q,3,1080,1920,1080,1920,"SimulcastEncoderAdapter (libvpx, libvpx, libvpx)",10,0,7,0,0,0.0029,0.026,0,,,,,,,live:a,"{""qualityLimitationDurations"":{""cpu"":0,""none"":353.657,""other"":0,""bandwidth"":6.837}}"
2026-08-30T16:27:09.684368+00:00,2026-08-30T16:27:08.522+00:00,pub_stats,,a,show-jm6rlv90,2995456,7024894,2988140,60,60,0,30,30,55.45,none,f,f+h+q,3,1080,1920,1080,1920,"SimulcastEncoderAdapter (libvpx, libvpx, libvpx)",10,0,7,0,0,0.002933,0.026,0,,,,,,,live:a,"{""qualityLimitationDurations"":{""cpu"":0,""none"":355.657,""other"":0,""bandwidth"":6.837}}"
2026-08-30T16:27:10.663771+00:00,2026-08-30T16:27:09.553+00:00,mic_level_sample,,a,show-jm6rlv90,,,,,,,,,,,,,,,,,,,,,,,,,,,,,,,,,,"{""deviceId"":""a58e21953fa187ebbfa035f4c18fb6d2d3f12f0c3a35994d56f0781fea8405af"",""inputRms"":0.06075780678740871,""outputRms"":0.06075780678740871,""deviceLabel"":""MacBook Air Microphone (Built-in)"",""audioContextState"":""running""}"
2026-08-30T16:27:11.734227+00:00,2026-08-30T16:27:10.523+00:00,pub_stats,,a,show-jm6rlv90,3063144,7024894,3000000,60,60,0,30,30,51.22,none,f,f+h+q,3,1080,1920,1080,1920,"SimulcastEncoderAdapter (libvpx, libvpx, libvpx)",10,0,7,0,0,0.003044,0.024,0,,,,,,,live:a,"{""qualityLimitationDurations"":{""cpu"":0,""none"":357.657,""other"":0,""bandwidth"":6.837}}"
2026-08-30T16:27:11.734227+00:00,2026-08-30T16:27:11.021+00:00,track_liveness_snapshot,,a,show-jm6rlv90,,,,,,,,,,,,,,,,,,,,,,,,,,,,,,,,,,"{""entries"":[{""key"":""contestant-a-c79e4705:TR_VC5tpJKFMjd7Vk"",""frames"":null,""reason"":null,""staleSec"":364,""probation"":false},{""key"":""camfeed-a-close-43299d5e:TR_VCaurcVv5msMsD"",""frames"":2606,""reason"":null,""staleSec"":1,""probation"":false},{""key"":""camfeed-a-side-ed8271dc:TR_VCccrcL4NnnzV2"",""frames"":1206,""reason"":null,""staleSec"":1,""probation"":false}],""trackCount"":3,""ineligibleCount"":0}"
2026-08-30T16:27:13.643683+00:00,2026-08-30T16:27:12.523+00:00,pub_stats,,a,show-jm6rlv90,2873340,7024894,3000000,60,60,0,30,30,38.62,none,f,f+h+q,3,1080,1920,1080,1920,"SimulcastEncoderAdapter (libvpx, libvpx, libvpx)",10,0,7,0,0,0.0031,0.027,0,,,,,,,live:a,"{""qualityLimitationDurations"":{""cpu"":0,""none"":359.657,""other"":0,""bandwidth"":6.837}}"
2026-08-30T16:27:14.809611+00:00,2026-08-30T16:27:13.943+00:00,director_shot_emitted,,a,show-jm6rlv90,,,,,,,,,,,,,,,,,,,,,,,,,,,,,,,,,,"{""shot"":""bRoll"",""slot"":""a"",""sourceRole"":""side"",""decisionSource"":""auto"",""targetIdentity"":""camfeed-a-side-ed8271dc""}"
2026-08-30T16:27:14.809611+00:00,2026-08-30T16:27:13.943+00:00,shot_publish_success,,a,show-jm6rlv90,,,,,,,,,,,,,,,,,,,,,,,,,,,,,,,,,,"{""shot"":""bRoll"",""slot"":""a"",""commandId"":""9b466979-c8f9-4040-8dc0-ca044903eab5"",""decisionSource"":""auto"",""connectionState"":""connected""}"
2026-08-30T16:27:15.89501+00:00,2026-08-30T16:27:14.523+00:00,director_heartbeat,,a,show-jm6rlv90,,,,,,,,,,,,,,,,,,,,,,,,,,,,,,,,,,"{""state"":""running""}"
2026-08-30T16:27:15.89501+00:00,2026-08-30T16:27:14.523+00:00,pub_stats,,a,show-jm6rlv90,3058100,7024894,2967843,60,60,0,31,30,35.53,none,f,f+h+q,3,1080,1920,1080,1920,"SimulcastEncoderAdapter (libvpx, libvpx, libvpx)",10,0,7,0,0,0.002777,0.024,0,,,,,,,live:a,"{""qualityLimitationDurations"":{""cpu"":0,""none"":361.657,""other"":0,""bandwidth"":6.837}}"
2026-08-30T16:27:15.89501+00:00,2026-08-30T16:27:14.553+00:00,mic_level_sample,,a,show-jm6rlv90,,,,,,,,,,,,,,,,,,,,,,,,,,,,,,,,,,"{""deviceId"":""a58e21953fa187ebbfa035f4c18fb6d2d3f12f0c3a35994d56f0781fea8405af"",""inputRms"":0.0008552851484422671,""outputRms"":0.0008552851484422671,""deviceLabel"":""MacBook Air Microphone (Built-in)"",""audioContextState"":""running""}"
2026-08-30T16:27:15.89501+00:00,2026-08-30T16:27:15.119+00:00,audio_host_track_loaded,,a,show-jm6rlv90,,,,,,,,,,,,,,,,,,,,,,,,,,,,,,,,,,"{""trackHash"":""02138620eb310a6cb101304e5fd05c4e78f738107b09f71f50b5e86f43cd4fd2"",""trackName"":""hallelujah - 30:07:2026, 3.02 PM""}"
2026-08-30T16:27:15.89501+00:00,2026-08-30T16:27:15.119+00:00,deck_track_adopted,,a,show-jm6rlv90,,,,,,,,,,,,,,,,,,,,,,,,,,,,,,,host,,,"{""hadPlayer"":true,""trackHash"":""02138620eb310a6cb101304e5fd05c4e78f738107b09f71f50b5e86f43cd4fd2""}"
2026-08-30T16:27:15.89501+00:00,2026-08-30T16:27:15.143+00:00,backing_deck_raf,,a,show-jm6rlv90,,,,,,,,,,,,,,,,,,,,,,,,,,,,,teardown,,,,,"{""elapsedMs"":20902,""idleFrames"":0,""hasDuration"":true,""activeFrames"":1019,""changedLabel"":14,""changedWidth"":470,""playingFrames"":469}"
2026-08-30T16:27:15.89501+00:00,2026-08-30T16:27:15.143+00:00,backing_deck_loaded,,a,show-jm6rlv90,,,,,,,,,,,,,,,,,,,,,,,,,,,,,,,uploaded,,,"{""durationSec"":248,""waveformPoints"":180,""approxBufferBytes"":87579648}"
2026-08-30T16:27:16.660178+00:00,2026-08-30T16:27:16.021+00:00,track_liveness_snapshot,,a,show-jm6rlv90,,,,,,,,,,,,,,,,,,,,,,,,,,,,,,,,,,"{""entries"":[{""key"":""contestant-a-c79e4705:TR_VC5tpJKFMjd7Vk"",""frames"":null,""reason"":null,""staleSec"":369,""probation"":false},{""key"":""camfeed-a-close-43299d5e:TR_VCaurcVv5msMsD"",""frames"":2756,""reason"":null,""staleSec"":0,""probation"":false},{""key"":""camfeed-a-side-ed8271dc:TR_VCccrcL4NnnzV2"",""frames"":1356,""reason"":null,""staleSec"":0,""probation"":false}],""trackCount"":3,""ineligibleCount"":0}"
2026-08-30T16:27:17.662075+00:00,2026-08-30T16:27:16.523+00:00,pub_stats,,a,show-jm6rlv90,2985312,7024894,3000000,60,60,0,31,30,30.57,none,f,f+h+q,3,1080,1920,1080,1920,"SimulcastEncoderAdapter (libvpx, libvpx, libvpx)",10,0,7,0,0,0.0027879999999999997,0.024,0,,,,,,,live:a,"{""qualityLimitationDurations"":{""cpu"":0,""none"":363.657,""other"":0,""bandwidth"":6.837}}"
2026-08-30T16:27:19.647465+00:00,2026-08-30T16:27:18.522+00:00,pub_stats,,a,show-jm6rlv90,3058905,7024894,2904055,60,60,0,31,30,43.65,none,f,f+h+q,3,1080,1920,1080,1920,"SimulcastEncoderAdapter (libvpx, libvpx, libvpx)",10,0,7,0,0,0.002211,0.024,0,,,,,,,live:a,"{""qualityLimitationDurations"":{""cpu"":0,""none"":365.656,""other"":0,""bandwidth"":6.837}}"
2026-08-30T16:27:20.658916+00:00,2026-08-30T16:27:19.553+00:00,mic_level_sample,,a,show-jm6rlv90,,,,,,,,,,,,,,,,,,,,,,,,,,,,,,,,,,"{""deviceId"":""a58e21953fa187ebbfa035f4c18fb6d2d3f12f0c3a35994d56f0781fea8405af"",""inputRms"":0.05364493911545942,""outputRms"":0.05213318426740648,""deviceLabel"":""MacBook Air Microphone (Built-in)"",""audioContextState"":""running""}"
2026-08-30T16:27:21.771158+00:00,2026-08-30T16:27:20.522+00:00,pub_stats,,a,show-jm6rlv90,2909876,7024894,3000000,60,60,0,31,30,39.92,none,f,f+h+q,3,1080,1920,1080,1920,"SimulcastEncoderAdapter (libvpx, libvpx, libvpx)",10,0,7,0,0,0.0024879999999999998,0.026,0,,,,,,,live:a,"{""qualityLimitationDurations"":{""cpu"":0,""none"":367.657,""other"":0,""bandwidth"":6.837}}"
2026-08-30T16:27:21.771158+00:00,2026-08-30T16:27:21.021+00:00,track_liveness_snapshot,,a,show-jm6rlv90,,,,,,,,,,,,,,,,,,,,,,,,,,,,,,,,,,"{""entries"":[{""key"":""contestant-a-c79e4705:TR_VC5tpJKFMjd7Vk"",""frames"":null,""reason"":null,""staleSec"":374,""probation"":false},{""key"":""camfeed-a-close-43299d5e:TR_VCaurcVv5msMsD"",""frames"":2906,""reason"":null,""staleSec"":1,""probation"":false},{""key"":""camfeed-a-side-ed8271dc:TR_VCccrcL4NnnzV2"",""frames"":1506,""reason"":null,""staleSec"":1,""probation"":false}],""trackCount"":3,""ineligibleCount"":0}"
2026-08-30T16:27:23.661117+00:00,2026-08-30T16:27:22.522+00:00,pub_stats,,a,show-jm6rlv90,3030216,7024894,2959375,60,60,0,31,30,40.28,none,f,f+h+q,3,1080,1920,1080,1920,"SimulcastEncoderAdapter (libvpx, libvpx, libvpx)",10,0,7,0,0,0.0024879999999999998,0.027,0,,,,,,,live:a,"{""qualityLimitationDurations"":{""cpu"":0,""none"":369.657,""other"":0,""bandwidth"":6.837}}"
2026-08-30T16:27:25.690827+00:00,2026-08-30T16:27:24.521+00:00,pub_stats,,a,show-jm6rlv90,2968336,7024894,3000000,60,60,0,31,30,38.93,none,f,f+h+q,3,1080,1920,1080,1920,"SimulcastEncoderAdapter (libvpx, libvpx, libvpx)",10,0,7,0,0,0.0029,0.027,0,,,,,,,live:a,"{""qualityLimitationDurations"":{""cpu"":0,""none"":371.656,""other"":0,""bandwidth"":6.837}}"
2026-08-30T16:27:25.690827+00:00,2026-08-30T16:27:24.523+00:00,director_heartbeat,,a,show-jm6rlv90,,,,,,,,,,,,,,,,,,,,,,,,,,,,,,,,,,"{""state"":""running""}"
2026-08-30T16:27:25.690827+00:00,2026-08-30T16:27:24.553+00:00,mic_level_sample,,a,show-jm6rlv90,,,,,,,,,,,,,,,,,,,,,,,,,,,,,,,,,,"{""deviceId"":""a58e21953fa187ebbfa035f4c18fb6d2d3f12f0c3a35994d56f0781fea8405af"",""inputRms"":0.03625528896511649,""outputRms"":0.03988983743223861,""deviceLabel"":""MacBook Air Microphone (Built-in)"",""audioContextState"":""running""}"
2026-08-30T16:27:26.656838+00:00,2026-08-30T16:27:26.021+00:00,track_liveness_snapshot,,a,show-jm6rlv90,,,,,,,,,,,,,,,,,,,,,,,,,,,,,,,,,,"{""entries"":[{""key"":""contestant-a-c79e4705:TR_VC5tpJKFMjd7Vk"",""frames"":null,""reason"":null,""staleSec"":379,""probation"":false},{""key"":""camfeed-a-close-43299d5e:TR_VCaurcVv5msMsD"",""frames"":3042,""reason"":null,""staleSec"":1,""probation"":false},{""key"":""camfeed-a-side-ed8271dc:TR_VCccrcL4NnnzV2"",""frames"":1656,""reason"":null,""staleSec"":1,""probation"":false}],""trackCount"":3,""ineligibleCount"":0}"
2026-08-30T16:27:27.689872+00:00,2026-08-30T16:27:26.522+00:00,pub_stats,,a,show-jm6rlv90,3105683,7024894,2934745,60,60,0,31,30,44.42,none,f,f+h+q,3,1080,1920,1080,1920,"SimulcastEncoderAdapter (libvpx, libvpx, libvpx)",10,0,7,0,0,0.002466,0.026,0,,,,,,,live:a,"{""qualityLimitationDurations"":{""cpu"":0,""none"":373.657,""other"":0,""bandwidth"":6.837}}"
2026-08-30T16:27:27.689872+00:00,2026-08-30T16:27:27.048+00:00,director_shot_emitted,,a,show-jm6rlv90,,,,,,,,,,,,,,,,,,,,,,,,,,,,,,,,,,"{""shot"":""mediumCU"",""slot"":""a"",""sourceRole"":""main"",""decisionSource"":""auto"",""targetIdentity"":""contestant-a-c79e4705""}"
2026-08-30T16:27:27.689872+00:00,2026-08-30T16:27:27.049+00:00,shot_publish_success,,a,show-jm6rlv90,,,,,,,,,,,,,,,,,,,,,,,,,,,,,,,,,,"{""shot"":""mediumCU"",""slot"":""a"",""commandId"":""35daa65c-2992-4b1b-a804-821bb63e4e85"",""decisionSource"":""auto"",""connectionState"":""connected""}"
2026-08-30T16:27:29.656953+00:00,2026-08-30T16:27:28.522+00:00,pub_stats,,a,show-jm6rlv90,2796524,7024894,3000000,60,60,0,31,30,48.88,none,f,f+h+q,3,1080,1920,1080,1920,"SimulcastEncoderAdapter (libvpx, libvpx, libvpx)",10,0,7,0,0,0.002633,0.027,0,,,,,,,live:a,"{""qualityLimitationDurations"":{""cpu"":0,""none"":375.657,""other"":0,""bandwidth"":6.837}}"
2026-08-30T16:27:30.675039+00:00,2026-08-30T16:27:29.553+00:00,mic_level_sample,,a,show-jm6rlv90,,,,,,,,,,,,,,,,,,,,,,,,,,,,,,,,,,"{""deviceId"":""a58e21953fa187ebbfa035f4c18fb6d2d3f12f0c3a35994d56f0781fea8405af"",""inputRms"":0.37262064463574746,""outputRms"":0.37436090878735634,""deviceLabel"":""MacBook Air Microphone (Built-in)"",""audioContextState"":""running""}"
2026-08-30T16:27:31.751317+00:00,2026-08-30T16:27:30.521+00:00,pub_stats,,a,show-jm6rlv90,2987086,7024894,3000000,60,60,0,31,30,38.12,none,f,f+h+q,3,1080,1920,1080,1920,"SimulcastEncoderAdapter (libvpx, libvpx, libvpx)",10,0,7,0,0,0.0021219999999999998,0.025,0,,,,,,,live:a,"{""qualityLimitationDurations"":{""cpu"":0,""none"":377.656,""other"":0,""bandwidth"":6.837}}"
2026-08-30T16:27:31.751317+00:00,2026-08-30T16:27:31.021+00:00,track_liveness_snapshot,,a,show-jm6rlv90,,,,,,,,,,,,,,,,,,,,,,,,,,,,,,,,,,"{""entries"":[{""key"":""contestant-a-c79e4705:TR_VC5tpJKFMjd7Vk"",""frames"":null,""reason"":null,""staleSec"":384,""probation"":false},{""key"":""camfeed-a-close-43299d5e:TR_VCaurcVv5msMsD"",""frames"":3143,""reason"":null,""staleSec"":1,""probation"":false},{""key"":""camfeed-a-side-ed8271dc:TR_VCccrcL4NnnzV2"",""frames"":1807,""reason"":null,""staleSec"":1,""probation"":false}],""trackCount"":3,""ineligibleCount"":0}"
2026-08-30T16:27:33.674274+00:00,2026-08-30T16:27:32.522+00:00,pub_stats,,a,show-jm6rlv90,3228594,7024894,2973465,60,60,0,31,30,32.28,none,f,f+h+q,3,1080,1920,1080,1920,"SimulcastEncoderAdapter (libvpx, libvpx, libvpx)",10,0,7,0,0,0.002666,0.025,0,,,,,,,live:a,"{""qualityLimitationDurations"":{""cpu"":0,""none"":379.657,""other"":0,""bandwidth"":6.837}}"
2026-08-30T16:27:35.662266+00:00,2026-08-30T16:27:34.523+00:00,pub_stats,,a,show-jm6rlv90,2836382,7024894,2974505,60,60,0,31,30,49.72,none,f,f+h+q,3,1080,1920,1080,1920,"SimulcastEncoderAdapter (libvpx, libvpx, libvpx)",10,0,7,0,0,0.003166,0.027,0,,,,,,,live:a,"{""qualityLimitationDurations"":{""cpu"":0,""none"":381.657,""other"":0,""bandwidth"":6.837}}"
2026-08-30T16:27:35.662266+00:00,2026-08-30T16:27:34.524+00:00,director_heartbeat,,a,show-jm6rlv90,,,,,,,,,,,,,,,,,,,,,,,,,,,,,,,,,,"{""state"":""running""}"
2026-08-30T16:27:35.662266+00:00,2026-08-30T16:27:34.553+00:00,mic_level_sample,,a,show-jm6rlv90,,,,,,,,,,,,,,,,,,,,,,,,,,,,,,,,,,"{""deviceId"":""a58e21953fa187ebbfa035f4c18fb6d2d3f12f0c3a35994d56f0781fea8405af"",""inputRms"":0.09412254036427481,""outputRms"":0.1729843129021788,""deviceLabel"":""MacBook Air Microphone (Built-in)"",""audioContextState"":""running""}"
2026-08-30T16:27:36.70704+00:00,2026-08-30T16:27:36.021+00:00,track_liveness_snapshot,,a,show-jm6rlv90,,,,,,,,,,,,,,,,,,,,,,,,,,,,,,,,,,"{""entries"":[{""key"":""contestant-a-c79e4705:TR_VC5tpJKFMjd7Vk"",""frames"":null,""reason"":null,""staleSec"":389,""probation"":false},{""key"":""camfeed-a-close-43299d5e:TR_VCaurcVv5msMsD"",""frames"":3262,""reason"":null,""staleSec"":1,""probation"":false},{""key"":""camfeed-a-side-ed8271dc:TR_VCccrcL4NnnzV2"",""frames"":1956,""reason"":null,""staleSec"":1,""probation"":false}],""trackCount"":3,""ineligibleCount"":0}"
2026-08-30T16:27:36.70704+00:00,2026-08-30T16:27:36.136+00:00,director_shot_emitted,,a,show-jm6rlv90,,,,,,,,,,,,,,,,,,,,,,,,,,,,,,,,,,"{""shot"":""closeUp"",""slot"":""a"",""sourceRole"":""close"",""decisionSource"":""auto"",""targetIdentity"":""camfeed-a-close-43299d5e""}"
2026-08-30T16:27:36.70704+00:00,2026-08-30T16:27:36.136+00:00,shot_publish_success,,a,show-jm6rlv90,,,,,,,,,,,,,,,,,,,,,,,,,,,,,,,,,,"{""shot"":""closeUp"",""slot"":""a"",""commandId"":""30414780-39a2-4df8-85ab-a75cfbaf797c"",""decisionSource"":""auto"",""connectionState"":""connected""}"
2026-08-30T16:27:37.736472+00:00,2026-08-30T16:27:36.522+00:00,pub_stats,,a,show-jm6rlv90,2897401,7024894,3000000,60,60,0,31,30,53.77,none,f,f+h+q,3,1080,1920,1080,1920,"SimulcastEncoderAdapter (libvpx, libvpx, libvpx)",10,0,7,0,0,0.0025,0.025,0,,,,,,,live:a,"{""qualityLimitationDurations"":{""cpu"":0,""none"":383.657,""other"":0,""bandwidth"":6.837}}"
2026-08-30T16:27:39.735553+00:00,2026-08-30T16:27:38.521+00:00,pub_stats,,a,show-jm6rlv90,2936932,7024894,3000000,59,59,0,30,30,51.34,none,f,f+h+q,3,1080,1920,1080,1920,"SimulcastEncoderAdapter (libvpx, libvpx, libvpx)",10,0,7,0,0,0.0022329999999999997,0.025,0,,,,,,,live:a,"{""qualityLimitationDurations"":{""cpu"":0,""none"":385.656,""other"":0,""bandwidth"":6.837}}"
2026-08-30T16:27:40.680901+00:00,2026-08-30T16:27:39.553+00:00,mic_level_sample,,a,show-jm6rlv90,,,,,,,,,,,,,,,,,,,,,,,,,,,,,,,,,,"{""deviceId"":""a58e21953fa187ebbfa035f4c18fb6d2d3f12f0c3a35994d56f0781fea8405af"",""inputRms"":0.05594055838971431,""outputRms"":0.11402559512321689,""deviceLabel"":""MacBook Air Microphone (Built-in)"",""audioContextState"":""running""}"
2026-08-30T16:27:41.676039+00:00,2026-08-30T16:27:40.522+00:00,pub_stats,,a,show-jm6rlv90,3056392,7024894,3000000,60,60,0,30,30,49.08,none,f,f+h+q,3,1080,1920,1080,1920,"SimulcastEncoderAdapter (libvpx, libvpx, libvpx)",10,0,7,0,0,0.002688,0.025,0,,,,,,,live:a,"{""qualityLimitationDurations"":{""cpu"":0,""none"":387.657,""other"":0,""bandwidth"":6.837}}"
2026-08-30T16:27:41.676039+00:00,2026-08-30T16:27:41.021+00:00,track_liveness_snapshot,,a,show-jm6rlv90,,,,,,,,,,,,,,,,,,,,,,,,,,,,,,,,,,"{""entries"":[{""key"":""contestant-a-c79e4705:TR_VC5tpJKFMjd7Vk"",""frames"":null,""reason"":null,""staleSec"":394,""probation"":false},{""key"":""camfeed-a-close-43299d5e:TR_VCaurcVv5msMsD"",""frames"":3412,""reason"":null,""staleSec"":0,""probation"":false},{""key"":""camfeed-a-side-ed8271dc:TR_VCccrcL4NnnzV2"",""frames"":2107,""reason"":null,""staleSec"":0,""probation"":false}],""trackCount"":3,""ineligibleCount"":0}"
2026-08-30T16:27:43.705482+00:00,2026-08-30T16:27:42.521+00:00,pub_stats,,a,show-jm6rlv90,2936768,7024894,3000000,60,60,0,30,30,51.03,none,f,f+h+q,3,1080,1920,1080,1920,"SimulcastEncoderAdapter (libvpx, libvpx, libvpx)",10,0,7,0,0,0.003722,0.025,0,,,,,,,live:a,"{""qualityLimitationDurations"":{""cpu"":0,""none"":389.656,""other"":0,""bandwidth"":6.837}}"
2026-08-30T16:27:45.672813+00:00,2026-08-30T16:27:44.522+00:00,pub_stats,,a,show-jm6rlv90,3116194,7024894,2922898,60,60,0,30,30,52.77,none,f,f+h+q,3,1080,1920,1080,1920,"SimulcastEncoderAdapter (libvpx, libvpx, libvpx)",10,0,7,0,0,0.003044,0.026,0,,,,,,,live:a,"{""qualityLimitationDurations"":{""cpu"":0,""none"":391.657,""other"":0,""bandwidth"":6.837}}"
2026-08-30T16:27:45.672813+00:00,2026-08-30T16:27:44.523+00:00,director_heartbeat,,a,show-jm6rlv90,,,,,,,,,,,,,,,,,,,,,,,,,,,,,,,,,,"{""state"":""running""}"
2026-08-30T16:27:45.672813+00:00,2026-08-30T16:27:44.553+00:00,mic_level_sample,,a,show-jm6rlv90,,,,,,,,,,,,,,,,,,,,,,,,,,,,,,,,,,"{""deviceId"":""a58e21953fa187ebbfa035f4c18fb6d2d3f12f0c3a35994d56f0781fea8405af"",""inputRms"":0.04204781660901342,""outputRms"":0.1034729725502718,""deviceLabel"":""MacBook Air Microphone (Built-in)"",""audioContextState"":""running""}"
2026-08-30T16:27:45.672813+00:00,2026-08-30T16:27:45.153+00:00,backing_deck_raf,,a,show-jm6rlv90,,,,,,,,,,,,,,,,,,,,,,,,,,,,,interval,,,,,"{""elapsedMs"":30010,""idleFrames"":0,""hasDuration"":true,""activeFrames"":1979,""changedLabel"":29,""changedWidth"":1831,""playingFrames"":1847}"
2026-08-30T16:27:46.674736+00:00,2026-08-30T16:27:46.021+00:00,track_liveness_snapshot,,a,show-jm6rlv90,,,,,,,,,,,,,,,,,,,,,,,,,,,,,,,,,,"{""entries"":[{""key"":""contestant-a-c79e4705:TR_VC5tpJKFMjd7Vk"",""frames"":null,""reason"":null,""staleSec"":399,""probation"":false},{""key"":""camfeed-a-close-43299d5e:TR_VCaurcVv5msMsD"",""frames"":3557,""reason"":null,""staleSec"":1,""probation"":false},{""key"":""camfeed-a-side-ed8271dc:TR_VCccrcL4NnnzV2"",""frames"":2257,""reason"":null,""staleSec"":1,""probation"":false}],""trackCount"":3,""ineligibleCount"":0}"
2026-08-30T16:27:46.674736+00:00,2026-08-30T16:27:46.053+00:00,director_shot_emitted,,a,show-jm6rlv90,,,,,,,,,,,,,,,,,,,,,,,,,,,,,,,,,,"{""shot"":""zoomIn"",""slot"":""a"",""sourceRole"":""side"",""decisionSource"":""auto"",""targetIdentity"":""camfeed-a-side-ed8271dc""}"
2026-08-30T16:27:46.674736+00:00,2026-08-30T16:27:46.054+00:00,shot_publish_success,,a,show-jm6rlv90,,,,,,,,,,,,,,,,,,,,,,,,,,,,,,,,,,"{""shot"":""zoomIn"",""slot"":""a"",""commandId"":""14627c52-652e-476a-ac43-940bfba5a9dd"",""decisionSource"":""auto"",""connectionState"":""connected""}"
2026-08-30T16:27:48.160736+00:00,2026-08-30T16:27:46.521+00:00,pub_stats,,a,show-jm6rlv90,2902447,7024894,3000000,60,60,0,30,30,56.68,none,f,f+h+q,3,1080,1920,1080,1920,"SimulcastEncoderAdapter (libvpx, libvpx, libvpx)",10,0,7,0,0,0.0028109999999999997,0.025,0,,,,,,,live:a,"{""qualityLimitationDurations"":{""cpu"":0,""none"":393.656,""other"":0,""bandwidth"":6.837}}"
2026-08-30T16:27:49.671155+00:00,2026-08-30T16:27:48.522+00:00,pub_stats,,a,show-jm6rlv90,3088764,7024894,2930555,60,60,0,30,30,54.67,none,f,f+h+q,3,1080,1920,1080,1920,"SimulcastEncoderAdapter (libvpx, libvpx, libvpx)",10,0,7,0,0,0.0027879999999999997,0.024,0,,,,,,,live:a,"{""qualityLimitationDurations"":{""cpu"":0,""none"":395.657,""other"":0,""bandwidth"":6.837}}"
2026-08-30T16:27:50.665519+00:00,2026-08-30T16:27:49.554+00:00,mic_level_sample,,a,show-jm6rlv90,,,,,,,,,,,,,,,,,,,,,,,,,,,,,,,,,,"{""deviceId"":""a58e21953fa187ebbfa035f4c18fb6d2d3f12f0c3a35994d56f0781fea8405af"",""inputRms"":0.07905384452517668,""outputRms"":0.1224007203494115,""deviceLabel"":""MacBook Air Microphone (Built-in)"",""audioContextState"":""running""}"
2026-08-30T16:27:51.664869+00:00,2026-08-30T16:27:50.522+00:00,pub_stats,,a,show-jm6rlv90,2803616,7024894,3000000,60,60,0,30,30,62.48,none,f,f+h+q,3,1080,1920,1080,1920,"SimulcastEncoderAdapter (libvpx, libvpx, libvpx)",10,0,7,0,0,0.002744,0.024,0,,,,,,,live:a,"{""qualityLimitationDurations"":{""cpu"":0,""none"":397.657,""other"":0,""bandwidth"":6.837}}"
2026-08-30T16:27:51.664869+00:00,2026-08-30T16:27:51.021+00:00,track_liveness_snapshot,,a,show-jm6rlv90,,,,,,,,,,,,,,,,,,,,,,,,,,,,,,,,,,"{""entries"":[{""key"":""contestant-a-c79e4705:TR_VC5tpJKFMjd7Vk"",""frames"":null,""reason"":null,""staleSec"":404,""probation"":false},{""key"":""camfeed-a-close-43299d5e:TR_VCaurcVv5msMsD"",""frames"":3707,""reason"":null,""staleSec"":0,""probation"":false},{""key"":""camfeed-a-side-ed8271dc:TR_VCccrcL4NnnzV2"",""frames"":2406,""reason"":null,""staleSec"":0,""probation"":false}],""trackCount"":3,""ineligibleCount"":0}"
2026-08-30T16:27:53.853277+00:00,2026-08-30T16:27:52.522+00:00,pub_stats,,a,show-jm6rlv90,3111972,7024894,3000000,60,60,0,30,30,58.32,none,f,f+h+q,3,1080,1920,1080,1920,"SimulcastEncoderAdapter (libvpx, libvpx, libvpx)",10,0,7,0,0,0.0031219999999999998,0.024,0,,,,,,,live:a,"{""qualityLimitationDurations"":{""cpu"":0,""none"":399.656,""other"":0,""bandwidth"":6.837}}"
2026-08-30T16:27:55.654792+00:00,2026-08-30T16:27:54.522+00:00,pub_stats,,a,show-jm6rlv90,2885941,7024894,3000000,60,60,0,30,30,57.52,none,f,f+h+q,3,1080,1920,1080,1920,"SimulcastEncoderAdapter (libvpx, libvpx, libvpx)",10,0,7,0,0,0.002755,0.026,0,,,,,,,live:a,"{""qualityLimitationDurations"":{""cpu"":0,""none"":401.657,""other"":0,""bandwidth"":6.837}}"
2026-08-30T16:27:55.654792+00:00,2026-08-30T16:27:54.524+00:00,director_heartbeat,,a,show-jm6rlv90,,,,,,,,,,,,,,,,,,,,,,,,,,,,,,,,,,"{""state"":""running""}"
2026-08-30T16:27:55.654792+00:00,2026-08-30T16:27:54.554+00:00,mic_level_sample,,a,show-jm6rlv90,,,,,,,,,,,,,,,,,,,,,,,,,,,,,,,,,,"{""deviceId"":""a58e21953fa187ebbfa035f4c18fb6d2d3f12f0c3a35994d56f0781fea8405af"",""inputRms"":0.05473059822203011,""outputRms"":0.12190193430438426,""deviceLabel"":""MacBook Air Microphone (Built-in)"",""audioContextState"":""running""}"
2026-08-30T16:27:56.67368+00:00,2026-08-30T16:27:56.022+00:00,track_liveness_snapshot,,a,show-jm6rlv90,,,,,,,,,,,,,,,,,,,,,,,,,,,,,,,,,,"{""entries"":[{""key"":""contestant-a-c79e4705:TR_VC5tpJKFMjd7Vk"",""frames"":null,""reason"":null,""staleSec"":410,""probation"":false},{""key"":""camfeed-a-close-43299d5e:TR_VCaurcVv5msMsD"",""frames"":3857,""reason"":null,""staleSec"":1,""probation"":false},{""key"":""camfeed-a-side-ed8271dc:TR_VCccrcL4NnnzV2"",""frames"":2556,""reason"":null,""staleSec"":1,""probation"":false}],""trackCount"":3,""ineligibleCount"":0}"
2026-08-30T16:27:57.860608+00:00,2026-08-30T16:27:56.522+00:00,pub_stats,,a,show-jm6rlv90,3129948,7024894,2975233,60,60,0,30,30,55.55,none,f,f+h+q,3,1080,1920,1080,1920,"SimulcastEncoderAdapter (libvpx, libvpx, libvpx)",10,0,7,0,0,0.002822,0.027,0,,,,,,,live:a,"{""qualityLimitationDurations"":{""cpu"":0,""none"":403.657,""other"":0,""bandwidth"":6.837}}"
2026-08-30T16:27:59.698393+00:00,2026-08-30T16:27:58.523+00:00,pub_stats,,a,show-jm6rlv90,2858635,7024894,3000000,60,60,0,30,30,62.5,none,f,f+h+q,3,1080,1920,1080,1920,"SimulcastEncoderAdapter (libvpx, libvpx, libvpx)",10,0,7,0,0,0.0028,0.027,0,,,,,,,live:a,"{""qualityLimitationDurations"":{""cpu"":0,""none"":405.657,""other"":0,""bandwidth"":6.837}}"
2026-08-30T16:27:59.698393+00:00,2026-08-30T16:27:58.989+00:00,shot_publish_success,,a,show-jm6rlv90,,,,,,,,,,,,,,,,,,,,,,,,,,,,,,,,,,"{""shot"":""mediumCU"",""slot"":""a"",""commandId"":""da14b7a7-c1cd-4e02-a816-c7ac179a837b"",""decisionSource"":""auto"",""connectionState"":""connected""}"
2026-08-30T16:27:59.698393+00:00,2026-08-30T16:27:58.989+00:00,director_shot_emitted,,a,show-jm6rlv90,,,,,,,,,,,,,,,,,,,,,,,,,,,,,,,,,,"{""shot"":""mediumCU"",""slot"":""a"",""sourceRole"":""main"",""decisionSource"":""auto"",""targetIdentity"":""contestant-a-c79e4705""}"
2026-08-30T16:28:00.672188+00:00,2026-08-30T16:27:59.553+00:00,mic_level_sample,,a,show-jm6rlv90,,,,,,,,,,,,,,,,,,,,,,,,,,,,,,,,,,"{""deviceId"":""a58e21953fa187ebbfa035f4c18fb6d2d3f12f0c3a35994d56f0781fea8405af"",""inputRms"":0.055963535698690746,""outputRms"":0.10043478313245989,""deviceLabel"":""MacBook Air Microphone (Built-in)"",""audioContextState"":""running""}"
2026-08-30T16:28:01.671014+00:00,2026-08-30T16:28:00.522+00:00,pub_stats,,a,show-jm6rlv90,3001901,7024894,3000000,60,60,0,30,30,55.95,none,f,f+h+q,3,1080,1920,1080,1920,"SimulcastEncoderAdapter (libvpx, libvpx, libvpx)",10,0,7,0,0,0.002611,0.025,0,,,,,,,live:a,"{""qualityLimitationDurations"":{""cpu"":0,""none"":407.657,""other"":0,""bandwidth"":6.837}}"
2026-08-30T16:28:01.671014+00:00,2026-08-30T16:28:01.521+00:00,track_liveness_snapshot,,a,show-jm6rlv90,,,,,,,,,,,,,,,,,,,,,,,,,,,,,,,,,,"{""entries"":[{""key"":""contestant-a-c79e4705:TR_VC5tpJKFMjd7Vk"",""frames"":null,""reason"":null,""staleSec"":415,""probation"":false},{""key"":""camfeed-a-close-43299d5e:TR_VCaurcVv5msMsD"",""frames"":4006,""reason"":null,""staleSec"":1,""probation"":false},{""key"":""camfeed-a-side-ed8271dc:TR_VCccrcL4NnnzV2"",""frames"":2706,""reason"":null,""staleSec"":1,""probation"":false}],""trackCount"":3,""ineligibleCount"":0}"
2026-08-30T16:28:03.663684+00:00,2026-08-30T16:28:02.523+00:00,pub_stats,,a,show-jm6rlv90,3066651,7024894,3000000,60,60,0,30,30,53.57,none,f,f+h+q,3,1080,1920,1080,1920,"SimulcastEncoderAdapter (libvpx, libvpx, libvpx)",10,0,7,0,0,0.0030329999999999997,0.028,0,,,,,,,live:a,"{""qualityLimitationDurations"":{""cpu"":0,""none"":409.658,""other"":0,""bandwidth"":6.837}}"
2026-08-30T16:28:05.656533+00:00,2026-08-30T16:28:04.521+00:00,pub_stats,,a,show-jm6rlv90,3010867,7024894,2966262,60,60,0,31,30,61,none,f,f+h+q,3,1080,1920,1080,1920,"SimulcastEncoderAdapter (libvpx, libvpx, libvpx)",10,0,7,0,0,0.002822,0.026,0,,,,,,,live:a,"{""qualityLimitationDurations"":{""cpu"":0,""none"":411.656,""other"":0,""bandwidth"":6.837}}"
2026-08-30T16:28:05.656533+00:00,2026-08-30T16:28:04.524+00:00,director_heartbeat,,a,show-jm6rlv90,,,,,,,,,,,,,,,,,,,,,,,,,,,,,,,,,,"{""state"":""running""}"
2026-08-30T16:28:05.656533+00:00,2026-08-30T16:28:04.554+00:00,mic_level_sample,,a,show-jm6rlv90,,,,,,,,,,,,,,,,,,,,,,,,,,,,,,,,,,"{""deviceId"":""a58e21953fa187ebbfa035f4c18fb6d2d3f12f0c3a35994d56f0781fea8405af"",""inputRms"":0.11058419457170143,""outputRms"":0.1773889899160829,""deviceLabel"":""MacBook Air Microphone (Built-in)"",""audioContextState"":""running""}"
2026-08-30T16:28:06.685934+00:00,2026-08-30T16:28:06.521+00:00,track_liveness_snapshot,,a,show-jm6rlv90,,,,,,,,,,,,,,,,,,,,,,,,,,,,,,,,,,"{""entries"":[{""key"":""contestant-a-c79e4705:TR_VC5tpJKFMjd7Vk"",""frames"":null,""reason"":null,""staleSec"":420,""probation"":false},{""key"":""camfeed-a-close-43299d5e:TR_VCaurcVv5msMsD"",""frames"":4155,""reason"":null,""staleSec"":1,""probation"":false},{""key"":""camfeed-a-side-ed8271dc:TR_VCccrcL4NnnzV2"",""frames"":2856,""reason"":null,""staleSec"":1,""probation"":false}],""trackCount"":3,""ineligibleCount"":0}"
2026-08-30T16:28:07.675169+00:00,2026-08-30T16:28:06.522+00:00,pub_stats,,a,show-jm6rlv90,3011782,7024894,2999180,60,60,0,31,30,62.65,none,f,f+h+q,3,1080,1920,1080,1920,"SimulcastEncoderAdapter (libvpx, libvpx, libvpx)",10,0,7,0,0,0.003411,0.026,0,,,,,,,live:a,"{""qualityLimitationDurations"":{""cpu"":0,""none"":413.656,""other"":0,""bandwidth"":6.837}}"
2026-08-30T16:28:09.678388+00:00,2026-08-30T16:28:08.522+00:00,pub_stats,,a,show-jm6rlv90,2887552,7024894,3000000,60,60,0,31,30,65.35,none,f,f+h+q,3,1080,1920,1080,1920,"SimulcastEncoderAdapter (libvpx, libvpx, libvpx)",10,0,7,0,0,0.002933,0.034,0,,,,,,,live:a,"{""qualityLimitationDurations"":{""cpu"":0,""none"":415.657,""other"":0,""bandwidth"":6.837}}"
2026-08-30T16:28:09.678388+00:00,2026-08-30T16:28:09.338+00:00,shot_publish_success,,a,show-jm6rlv90,,,,,,,,,,,,,,,,,,,,,,,,,,,,,,,,,,"{""shot"":""closeUp"",""slot"":""a"",""commandId"":""24a683ac-53fe-4ce0-9f10-4da897e5ea9f"",""decisionSource"":""auto"",""connectionState"":""connected""}"
2026-08-30T16:28:09.678388+00:00,2026-08-30T16:28:09.338+00:00,director_shot_emitted,,a,show-jm6rlv90,,,,,,,,,,,,,,,,,,,,,,,,,,,,,,,,,,"{""shot"":""closeUp"",""slot"":""a"",""sourceRole"":""close"",""decisionSource"":""auto"",""targetIdentity"":""camfeed-a-close-43299d5e""}"
2026-08-30T16:28:10.66082+00:00,2026-08-30T16:28:09.554+00:00,mic_level_sample,,a,show-jm6rlv90,,,,,,,,,,,,,,,,,,,,,,,,,,,,,,,,,,"{""deviceId"":""a58e21953fa187ebbfa035f4c18fb6d2d3f12f0c3a35994d56f0781fea8405af"",""inputRms"":0.035634994651294,""outputRms"":0.10614152520112587,""deviceLabel"":""MacBook Air Microphone (Built-in)"",""audioContextState"":""running""}"
2026-08-30T16:28:11.690127+00:00,2026-08-30T16:28:10.524+00:00,pub_stats,,a,show-jm6rlv90,2983652,7024894,3000000,60,60,0,30,30,59.23,none,f,f+h+q,3,1080,1920,1080,1920,"SimulcastEncoderAdapter (libvpx, libvpx, libvpx)",11,0,7,0,0,0.002711,0.025,0,,,,,,,live:a,"{""qualityLimitationDurations"":{""cpu"":0,""none"":417.659,""other"":0,""bandwidth"":6.837}}"
2026-08-30T16:28:11.690127+00:00,2026-08-30T16:28:11.522+00:00,track_liveness_snapshot,,a,show-jm6rlv90,,,,,,,,,,,,,,,,,,,,,,,,,,,,,,,,,,"{""entries"":[{""key"":""contestant-a-c79e4705:TR_VC5tpJKFMjd7Vk"",""frames"":null,""reason"":null,""staleSec"":425,""probation"":false},{""key"":""camfeed-a-close-43299d5e:TR_VCaurcVv5msMsD"",""frames"":4305,""reason"":null,""staleSec"":1,""probation"":false},{""key"":""camfeed-a-side-ed8271dc:TR_VCccrcL4NnnzV2"",""frames"":3006,""reason"":null,""staleSec"":1,""probation"":false}],""trackCount"":3,""ineligibleCount"":0}"
2026-08-30T16:28:13.653156+00:00,2026-08-30T16:28:12.522+00:00,pub_stats,,a,show-jm6rlv90,3052220,7024894,2928310,60,60,0,31,30,62,none,f,f+h+q,3,1080,1920,1080,1920,"SimulcastEncoderAdapter (libvpx, libvpx, libvpx)",11,0,7,0,0,0.002588,0.027,0,,,,,,,live:a,"{""qualityLimitationDurations"":{""cpu"":0,""none"":419.657,""other"":0,""bandwidth"":6.837}}"
2026-08-30T16:28:15.672891+00:00,2026-08-30T16:28:14.522+00:00,pub_stats,,a,show-jm6rlv90,2714640,7024894,3000000,60,60,0,31,30,58.5,none,f,f+h+q,3,1080,1920,1080,1920,"SimulcastEncoderAdapter (libvpx, libvpx, libvpx)",11,0,7,0,0,0.002655,0.027,0,,,,,,,live:a,"{""qualityLimitationDurations"":{""cpu"":0,""none"":421.657,""other"":0,""bandwidth"":6.837}}"
2026-08-30T16:28:15.672891+00:00,2026-08-30T16:28:14.524+00:00,director_heartbeat,,a,show-jm6rlv90,,,,,,,,,,,,,,,,,,,,,,,,,,,,,,,,,,"{""state"":""running""}"
2026-08-30T16:28:15.672891+00:00,2026-08-30T16:28:14.554+00:00,mic_level_sample,,a,show-jm6rlv90,,,,,,,,,,,,,,,,,,,,,,,,,,,,,,,,,,"{""deviceId"":""a58e21953fa187ebbfa035f4c18fb6d2d3f12f0c3a35994d56f0781fea8405af"",""inputRms"":0.1535965115297751,""outputRms"":0.2080349070022705,""deviceLabel"":""MacBook Air Microphone (Built-in)"",""audioContextState"":""running""}"
2026-08-30T16:28:15.672891+00:00,2026-08-30T16:28:15.177+00:00,backing_deck_raf,,a,show-jm6rlv90,,,,,,,,,,,,,,,,,,,,,,,,,,,,,interval,,,,,"{""elapsedMs"":30024,""idleFrames"":0,""hasDuration"":true,""activeFrames"":1077,""changedLabel"":30,""changedWidth"":1077,""playingFrames"":1077}"
2026-08-30T16:28:17.731632+00:00,2026-08-30T16:28:16.522+00:00,pub_stats,,a,show-jm6rlv90,3302600,7024894,3000000,60,60,0,31,30,49.17,none,f,f+h+q,3,1080,1920,1080,1920,"SimulcastEncoderAdapter (libvpx, libvpx, libvpx)",11,0,7,0,0,0.0031439999999999997,0.027,0,,,,,,,live:a,"{""qualityLimitationDurations"":{""cpu"":0,""none"":423.656,""other"":0,""bandwidth"":6.837}}"
2026-08-30T16:28:17.731632+00:00,2026-08-30T16:28:17.021+00:00,track_liveness_snapshot,,a,show-jm6rlv90,,,,,,,,,,,,,,,,,,,,,,,,,,,,,,,,,,"{""entries"":[{""key"":""contestant-a-c79e4705:TR_VC5tpJKFMjd7Vk"",""frames"":null,""reason"":null,""staleSec"":430,""probation"":false},{""key"":""camfeed-a-close-43299d5e:TR_VCaurcVv5msMsD"",""frames"":4475,""reason"":null,""staleSec"":1,""probation"":false},{""key"":""camfeed-a-side-ed8271dc:TR_VCccrcL4NnnzV2"",""frames"":3186,""reason"":null,""staleSec"":1,""probation"":false}],""trackCount"":3,""ineligibleCount"":0}"
2026-08-30T16:28:17.731632+00:00,2026-08-30T16:28:17.092+00:00,shot_publish_success,,a,show-jm6rlv90,,,,,,,,,,,,,,,,,,,,,,,,,,,,,,,,,,"{""shot"":""bRoll"",""slot"":""a"",""commandId"":""07188ee9-bd7b-4319-a402-ff00d628c4f6"",""decisionSource"":""auto"",""connectionState"":""connected""}"
2026-08-30T16:28:17.731632+00:00,2026-08-30T16:28:17.092+00:00,director_shot_emitted,,a,show-jm6rlv90,,,,,,,,,,,,,,,,,,,,,,,,,,,,,,,,,,"{""shot"":""bRoll"",""slot"":""a"",""sourceRole"":""side"",""decisionSource"":""auto"",""targetIdentity"":""camfeed-a-side-ed8271dc""}"
2026-08-30T16:28:19.644886+00:00,2026-08-30T16:28:18.523+00:00,pub_stats,,a,show-jm6rlv90,2987322,7024894,2923573,60,60,0,31,30,56.5,none,f,f+h+q,3,1080,1920,1080,1920,"SimulcastEncoderAdapter (libvpx, libvpx, libvpx)",11,0,7,0,0,0.003044,0.027,0,,,,,,,live:a,"{""qualityLimitationDurations"":{""cpu"":0,""none"":425.657,""other"":0,""bandwidth"":6.837}}"
2026-08-30T16:28:20.656108+00:00,2026-08-30T16:28:19.554+00:00,mic_level_sample,,a,show-jm6rlv90,,,,,,,,,,,,,,,,,,,,,,,,,,,,,,,,,,"{""deviceId"":""a58e21953fa187ebbfa035f4c18fb6d2d3f12f0c3a35994d56f0781fea8405af"",""inputRms"":0.12621185780467917,""outputRms"":0.19867484246314115,""deviceLabel"":""MacBook Air Microphone (Built-in)"",""audioContextState"":""running""}"
2026-08-30T16:28:21.689566+00:00,2026-08-30T16:28:20.522+00:00,pub_stats,,a,show-jm6rlv90,2747734,7024894,3000000,60,60,0,31,30,68.8,none,f,f+h+q,3,1080,1920,1080,1920,"SimulcastEncoderAdapter (libvpx, libvpx, libvpx)",11,0,7,0,0,0.003577,0.026,0,,,,,,,live:a,"{""qualityLimitationDurations"":{""cpu"":0,""none"":427.657,""other"":0,""bandwidth"":6.837}}"
2026-08-30T16:28:22.664928+00:00,2026-08-30T16:28:22.021+00:00,track_liveness_snapshot,,a,show-jm6rlv90,,,,,,,,,,,,,,,,,,,,,,,,,,,,,,,,,,"{""entries"":[{""key"":""contestant-a-c79e4705:TR_VC5tpJKFMjd7Vk"",""frames"":null,""reason"":null,""staleSec"":435,""probation"":false},{""key"":""camfeed-a-close-43299d5e:TR_VCaurcVv5msMsD"",""frames"":4606,""reason"":null,""staleSec"":0,""probation"":false},{""key"":""camfeed-a-side-ed8271dc:TR_VCccrcL4NnnzV2"",""frames"":3336,""reason"":null,""staleSec"":0,""probation"":false}],""trackCount"":3,""ineligibleCount"":0}"
2026-08-30T16:28:23.726251+00:00,2026-08-30T16:28:22.523+00:00,pub_stats,,a,show-jm6rlv90,3077309,7024894,3000000,60,60,0,31,30,50.7,none,f,f+h+q,3,1080,1920,1080,1920,"SimulcastEncoderAdapter (libvpx, libvpx, libvpx)",11,0,7,0,0,0.0034,0.026,0,,,,,,,live:a,"{""qualityLimitationDurations"":{""cpu"":0,""none"":429.657,""other"":0,""bandwidth"":6.837}}"
2026-08-30T16:28:25.641976+00:00,2026-08-30T16:28:24.522+00:00,pub_stats,,a,show-jm6rlv90,2953201,7024894,2932797,59,59,0,30,30,53.71,none,f,f+h+q,3,1080,1920,1080,1920,"SimulcastEncoderAdapter (libvpx, libvpx, libvpx)",11,0,7,0,0,0.002611,0.027,0,,,,,,,live:a,"{""qualityLimitationDurations"":{""cpu"":0,""none"":431.657,""other"":0,""bandwidth"":6.837}}"
2026-08-30T16:28:25.641976+00:00,2026-08-30T16:28:24.523+00:00,director_heartbeat,,a,show-jm6rlv90,,,,,,,,,,,,,,,,,,,,,,,,,,,,,,,,,,"{""state"":""running""}"
2026-08-30T16:28:25.641976+00:00,2026-08-30T16:28:24.553+00:00,mic_level_sample,,a,show-jm6rlv90,,,,,,,,,,,,,,,,,,,,,,,,,,,,,,,,,,"{""deviceId"":""a58e21953fa187ebbfa035f4c18fb6d2d3f12f0c3a35994d56f0781fea8405af"",""inputRms"":0.021132176727798963,""outputRms"":0.05426675467341897,""deviceLabel"":""MacBook Air Microphone (Built-in)"",""audioContextState"":""running""}"
2026-08-30T16:28:27.65973+00:00,2026-08-30T16:28:26.522+00:00,pub_stats,,a,show-jm6rlv90,2984496,7024894,3000000,60,60,0,30,30,51.83,none,f,f+h+q,3,1080,1920,1080,1920,"SimulcastEncoderAdapter (libvpx, libvpx, libvpx)",11,0,7,0,0,0.0032549999999999996,0.026,0,,,,,,,live:a,"{""qualityLimitationDurations"":{""cpu"":0,""none"":433.657,""other"":0,""bandwidth"":6.837}}"
2026-08-30T16:28:27.65973+00:00,2026-08-30T16:28:27.021+00:00,track_liveness_snapshot,,a,show-jm6rlv90,,,,,,,,,,,,,,,,,,,,,,,,,,,,,,,,,,"{""entries"":[{""key"":""contestant-a-c79e4705:TR_VC5tpJKFMjd7Vk"",""frames"":null,""reason"":null,""staleSec"":440,""probation"":false},{""key"":""camfeed-a-close-43299d5e:TR_VCaurcVv5msMsD"",""frames"":4753,""reason"":null,""staleSec"":1,""probation"":false},{""key"":""camfeed-a-side-ed8271dc:TR_VCccrcL4NnnzV2"",""frames"":3486,""reason"":null,""staleSec"":1,""probation"":false}],""trackCount"":3,""ineligibleCount"":0}"
2026-08-30T16:28:29.653119+00:00,2026-08-30T16:28:28.522+00:00,pub_stats,,a,show-jm6rlv90,2992952,7024894,2999092,60,60,0,30,30,49.78,none,f,f+h+q,3,1080,1920,1080,1920,"SimulcastEncoderAdapter (libvpx, libvpx, libvpx)",11,0,7,0,0,0.003988,0.024,0,,,,,,,live:a,"{""qualityLimitationDurations"":{""cpu"":0,""none"":435.657,""other"":0,""bandwidth"":6.837}}"
2026-08-30T16:28:30.658443+00:00,2026-08-30T16:28:29.553+00:00,mic_level_sample,,a,show-jm6rlv90,,,,,,,,,,,,,,,,,,,,,,,,,,,,,,,,,,"{""deviceId"":""a58e21953fa187ebbfa035f4c18fb6d2d3f12f0c3a35994d56f0781fea8405af"",""inputRms"":0.028900414162601182,""outputRms"":0.08710984059847177,""deviceLabel"":""MacBook Air Microphone (Built-in)"",""audioContextState"":""running""}"
2026-08-30T16:28:31.651861+00:00,2026-08-30T16:28:30.529+00:00,pub_stats,,a,show-jm6rlv90,2937674,7024894,2993670,60,60,0,29,30,50.5,none,f,f+h+q,3,1080,1920,1080,1920,"SimulcastEncoderAdapter (libvpx, libvpx, libvpx)",11,0,7,0,0,0.003655,0.024,0,,,,,,,live:a,"{""qualityLimitationDurations"":{""cpu"":0,""none"":437.664,""other"":0,""bandwidth"":6.837}}"
2026-08-30T16:28:31.651861+00:00,2026-08-30T16:28:31.069+00:00,director_shot_emitted,,a,show-jm6rlv90,,,,,,,,,,,,,,,,,,,,,,,,,,,,,,,,,,"{""shot"":""mediumCU"",""slot"":""a"",""sourceRole"":""main"",""decisionSource"":""auto"",""targetIdentity"":""contestant-a-c79e4705""}"
2026-08-30T16:28:31.651861+00:00,2026-08-30T16:28:31.07+00:00,shot_publish_success,,a,show-jm6rlv90,,,,,,,,,,,,,,,,,,,,,,,,,,,,,,,,,,"{""shot"":""mediumCU"",""slot"":""a"",""commandId"":""96fd8e2a-b83b-4b45-b3b1-f9d99381060b"",""decisionSource"":""auto"",""connectionState"":""connected""}"
2026-08-30T16:28:32.645681+00:00,2026-08-30T16:28:32.022+00:00,track_liveness_snapshot,,a,show-jm6rlv90,,,,,,,,,,,,,,,,,,,,,,,,,,,,,,,,,,"{""entries"":[{""key"":""contestant-a-c79e4705:TR_VC5tpJKFMjd7Vk"",""frames"":null,""reason"":null,""staleSec"":446,""probation"":false},{""key"":""camfeed-a-close-43299d5e:TR_VCaurcVv5msMsD"",""frames"":4887,""reason"":null,""staleSec"":0,""probation"":false},{""key"":""camfeed-a-side-ed8271dc:TR_VCccrcL4NnnzV2"",""frames"":3636,""reason"":null,""staleSec"":0,""probation"":false}],""trackCount"":3,""ineligibleCount"":0}"
2026-08-30T16:28:33.839569+00:00,2026-08-30T16:28:32.523+00:00,pub_stats,,a,show-jm6rlv90,2965163,7024894,3000000,58,58,0,29,28,47.95,none,f,f+h+q,3,1080,1920,1080,1920,"SimulcastEncoderAdapter (libvpx, libvpx, libvpx)",11,0,7,0,0,0.0059,0.024,0,,,,,,,live:a,"{""qualityLimitationDurations"":{""cpu"":0,""none"":439.657,""other"":0,""bandwidth"":6.837}}"
2026-08-30T16:28:35.670037+00:00,2026-08-30T16:28:34.523+00:00,director_heartbeat,,a,show-jm6rlv90,,,,,,,,,,,,,,,,,,,,,,,,,,,,,,,,,,"{""state"":""running""}"
2026-08-30T16:28:35.670037+00:00,2026-08-30T16:28:34.524+00:00,pub_stats,,a,show-jm6rlv90,2254145,7024894,3000000,44,44,0,24,29,53.27,none,f,f+h+q,3,1080,1920,1080,1920,"SimulcastEncoderAdapter (libvpx, libvpx, libvpx)",11,0,7,0,0,0.020454999999999997,0.028,0,,,,,,,live:a,"{""qualityLimitationDurations"":{""cpu"":0,""none"":441.657,""other"":0,""bandwidth"":6.837}}"
2026-08-30T16:28:35.670037+00:00,2026-08-30T16:28:34.554+00:00,mic_level_sample,,a,show-jm6rlv90,,,,,,,,,,,,,,,,,,,,,,,,,,,,,,,,,,"{""deviceId"":""a58e21953fa187ebbfa035f4c18fb6d2d3f12f0c3a35994d56f0781fea8405af"",""inputRms"":0.06120233446065703,""outputRms"":0.11319681227991449,""deviceLabel"":""MacBook Air Microphone (Built-in)"",""audioContextState"":""running""}"
2026-08-30T16:28:37.661868+00:00,2026-08-30T16:28:36.522+00:00,pub_stats,,a,show-jm6rlv90,2670230,7024894,3000000,52,52,0,30,31,51.83,none,f,f+h+q,3,1080,1920,1080,1920,"SimulcastEncoderAdapter (libvpx, libvpx, libvpx)",11,0,7,0,0,0.013788,0.026,0,,,,,,,live:a,"{""qualityLimitationDurations"":{""cpu"":0,""none"":443.656,""other"":0,""bandwidth"":6.837}}"
2026-08-30T16:28:37.661868+00:00,2026-08-30T16:28:37.521+00:00,track_liveness_snapshot,,a,show-jm6rlv90,,,,,,,,,,,,,,,,,,,,,,,,,,,,,,,,,,"{""entries"":[{""key"":""contestant-a-c79e4705:TR_VC5tpJKFMjd7Vk"",""frames"":null,""reason"":null,""staleSec"":451,""probation"":false},{""key"":""camfeed-a-close-43299d5e:TR_VCaurcVv5msMsD"",""frames"":5035,""reason"":null,""staleSec"":1,""probation"":false},{""key"":""camfeed-a-side-ed8271dc:TR_VCccrcL4NnnzV2"",""frames"":3786,""reason"":null,""staleSec"":1,""probation"":false}],""trackCount"":3,""ineligibleCount"":0}"
2026-08-30T16:28:39.663331+00:00,2026-08-30T16:28:38.522+00:00,pub_stats,,a,show-jm6rlv90,3190348,7024894,2860865,60,60,0,30,30,50.45,none,f,f+h+q,3,1080,1920,1080,1920,"SimulcastEncoderAdapter (libvpx, libvpx, libvpx)",11,0,7,0,0,0.0063549999999999995,0.026,0,,,,,,,live:a,"{""qualityLimitationDurations"":{""cpu"":0,""none"":445.657,""other"":0,""bandwidth"":6.837}}"
2026-08-30T16:28:40.654115+00:00,2026-08-30T16:28:39.552+00:00,mic_level_sample,,a,show-jm6rlv90,,,,,,,,,,,,,,,,,,,,,,,,,,,,,,,,,,"{""deviceId"":""a58e21953fa187ebbfa035f4c18fb6d2d3f12f0c3a35994d56f0781fea8405af"",""inputRms"":0.02954997610299458,""outputRms"":0.1121136840225358,""deviceLabel"":""MacBook Air Microphone (Built-in)"",""audioContextState"":""running""}"
2026-08-30T16:28:41.696066+00:00,2026-08-30T16:28:40.523+00:00,pub_stats,,a,show-jm6rlv90,2820258,7024894,3000000,60,60,0,30,31,65.5,none,f,f+h+q,3,1080,1920,1080,1920,"SimulcastEncoderAdapter (libvpx, libvpx, libvpx)",11,0,7,0,0,0.004177,0.027,0,,,,,,,live:a,"{""qualityLimitationDurations"":{""cpu"":0,""none"":447.657,""other"":0,""bandwidth"":6.837}}"
2026-08-30T16:28:42.652398+00:00,2026-08-30T16:28:41.78+00:00,shot_publish_success,,a,show-jm6rlv90,,,,,,,,,,,,,,,,,,,,,,,,,,,,,,,,,,"{""shot"":""closeUp"",""slot"":""a"",""commandId"":""66c4936e-d654-4e56-b4d0-34bc9713d01e"",""decisionSource"":""auto"",""connectionState"":""connected""}"
2026-08-30T16:28:42.652398+00:00,2026-08-30T16:28:41.78+00:00,director_shot_emitted,,a,show-jm6rlv90,,,,,,,,,,,,,,,,,,,,,,,,,,,,,,,,,,"{""shot"":""closeUp"",""slot"":""a"",""sourceRole"":""close"",""decisionSource"":""auto"",""targetIdentity"":""camfeed-a-close-43299d5e""}"
2026-08-30T16:28:42.652398+00:00,2026-08-30T16:28:42.521+00:00,track_liveness_snapshot,,a,show-jm6rlv90,,,,,,,,,,,,,,,,,,,,,,,,,,,,,,,,,,"{""entries"":[{""key"":""contestant-a-c79e4705:TR_VC5tpJKFMjd7Vk"",""frames"":null,""reason"":null,""staleSec"":456,""probation"":false},{""key"":""camfeed-a-close-43299d5e:TR_VCaurcVv5msMsD"",""frames"":5185,""reason"":null,""staleSec"":1,""probation"":false},{""key"":""camfeed-a-side-ed8271dc:TR_VCccrcL4NnnzV2"",""frames"":3937,""reason"":null,""staleSec"":1,""probation"":false}],""trackCount"":3,""ineligibleCount"":0}"
2026-08-30T16:28:43.660273+00:00,2026-08-30T16:28:42.522+00:00,pub_stats,,a,show-jm6rlv90,2967312,7024894,3000000,60,60,0,31,30,61.98,none,f,f+h+q,3,1080,1920,1080,1920,"SimulcastEncoderAdapter (libvpx, libvpx, libvpx)",11,0,7,0,0,0.004644,0.026,0,,,,,,,live:a,"{""qualityLimitationDurations"":{""cpu"":0,""none"":449.656,""other"":0,""bandwidth"":6.837}}"
2026-08-30T16:28:45.657123+00:00,2026-08-30T16:28:44.522+00:00,pub_stats,,a,show-jm6rlv90,3009020,7024894,3000000,60,60,0,30,30,53.08,none,f,f+h+q,3,1080,1920,1080,1920,"SimulcastEncoderAdapter (libvpx, libvpx, libvpx)",11,0,7,0,0,0.003466,0.027,0,,,,,,,live:a,"{""qualityLimitationDurations"":{""cpu"":0,""none"":451.657,""other"":0,""bandwidth"":6.837}}"
2026-08-30T16:28:45.657123+00:00,2026-08-30T16:28:44.524+00:00,director_heartbeat,,a,show-jm6rlv90,,,,,,,,,,,,,,,,,,,,,,,,,,,,,,,,,,"{""state"":""running""}"
2026-08-30T16:28:45.657123+00:00,2026-08-30T16:28:44.553+00:00,mic_level_sample,,a,show-jm6rlv90,,,,,,,,,,,,,,,,,,,,,,,,,,,,,,,,,,"{""deviceId"":""a58e21953fa187ebbfa035f4c18fb6d2d3f12f0c3a35994d56f0781fea8405af"",""inputRms"":0.07735429967589683,""outputRms"":0.1580429080196484,""deviceLabel"":""MacBook Air Microphone (Built-in)"",""audioContextState"":""running""}"
2026-08-30T16:28:45.657123+00:00,2026-08-30T16:28:45.195+00:00,backing_deck_raf,,a,show-jm6rlv90,,,,,,,,,,,,,,,,,,,,,,,,,,,,,interval,,,,,"{""elapsedMs"":30018,""idleFrames"":0,""hasDuration"":true,""activeFrames"":1253,""changedLabel"":30,""changedWidth"":1253,""playingFrames"":1253}"
2026-08-30T16:28:47.648745+00:00,2026-08-30T16:28:46.522+00:00,pub_stats,,a,show-jm6rlv90,3076040,7024894,2953347,60,60,0,30,30,52.77,none,f,f+h+q,3,1080,1920,1080,1920,"SimulcastEncoderAdapter (libvpx, libvpx, libvpx)",11,0,7,0,0,0.004155,0.027,0,,,,,,,live:a,"{""qualityLimitationDurations"":{""cpu"":0,""none"":453.657,""other"":0,""bandwidth"":6.837}}"
2026-08-30T16:28:47.648745+00:00,2026-08-30T16:28:47.521+00:00,track_liveness_snapshot,,a,show-jm6rlv90,,,,,,,,,,,,,,,,,,,,,,,,,,,,,,,,,,"{""entries"":[{""key"":""contestant-a-c79e4705:TR_VC5tpJKFMjd7Vk"",""frames"":null,""reason"":null,""staleSec"":461,""probation"":false},{""key"":""camfeed-a-close-43299d5e:TR_VCaurcVv5msMsD"",""frames"":5334,""reason"":null,""staleSec"":1,""probation"":false},{""key"":""camfeed-a-side-ed8271dc:TR_VCccrcL4NnnzV2"",""frames"":4086,""reason"":null,""staleSec"":1,""probation"":false}],""trackCount"":3,""ineligibleCount"":0}"
2026-08-30T16:28:49.731531+00:00,2026-08-30T16:28:48.522+00:00,pub_stats,,a,show-jm6rlv90,2771836,7024894,3000000,60,60,0,30,30,55.03,none,f,f+h+q,3,1080,1920,1080,1920,"SimulcastEncoderAdapter (libvpx, libvpx, libvpx)",11,0,7,0,0,0.003388,0.025,0,,,,,,,live:a,"{""qualityLimitationDurations"":{""cpu"":0,""none"":455.657,""other"":0,""bandwidth"":6.837}}"
2026-08-30T16:28:49.731531+00:00,2026-08-30T16:28:48.889+00:00,shot_publish_success,,a,show-jm6rlv90,,,,,,,,,,,,,,,,,,,,,,,,,,,,,,,,,,"{""shot"":""bRoll"",""slot"":""a"",""commandId"":""43094f94-4cfb-4ebc-aaf7-cbe73e403202"",""decisionSource"":""auto"",""connectionState"":""connected""}"
2026-08-30T16:28:49.731531+00:00,2026-08-30T16:28:48.889+00:00,director_shot_emitted,,a,show-jm6rlv90,,,,,,,,,,,,,,,,,,,,,,,,,,,,,,,,,,"{""shot"":""bRoll"",""slot"":""a"",""sourceRole"":""side"",""decisionSource"":""auto"",""targetIdentity"":""camfeed-a-side-ed8271dc""}"
2026-08-30T16:28:50.647151+00:00,2026-08-30T16:28:49.553+00:00,mic_level_sample,,a,show-jm6rlv90,,,,,,,,,,,,,,,,,,,,,,,,,,,,,,,,,,"{""deviceId"":""a58e21953fa187ebbfa035f4c18fb6d2d3f12f0c3a35994d56f0781fea8405af"",""inputRms"":0.0999035569669189,""outputRms"":0.1769567790649983,""deviceLabel"":""MacBook Air Microphone (Built-in)"",""audioContextState"":""running""}"
2026-08-30T16:28:51.676913+00:00,2026-08-30T16:28:50.522+00:00,pub_stats,,a,show-jm6rlv90,3136456,7024894,3000000,60,60,0,31,30,40.03,none,f,f+h+q,3,1080,1920,1080,1920,"SimulcastEncoderAdapter (libvpx, libvpx, libvpx)",11,0,7,0,0,0.004255,0.024,0,,,,,,,live:a,"{""qualityLimitationDurations"":{""cpu"":0,""none"":457.657,""other"":0,""bandwidth"":6.837}}"
2026-08-30T16:28:52.654001+00:00,2026-08-30T16:28:52.521+00:00,track_liveness_snapshot,,a,show-jm6rlv90,,,,,,,,,,,,,,,,,,,,,,,,,,,,,,,,,,"{""entries"":[{""key"":""contestant-a-c79e4705:TR_VC5tpJKFMjd7Vk"",""frames"":null,""reason"":null,""staleSec"":466,""probation"":false},{""key"":""camfeed-a-close-43299d5e:TR_VCaurcVv5msMsD"",""frames"":5477,""reason"":null,""staleSec"":1,""probation"":false},{""key"":""camfeed-a-side-ed8271dc:TR_VCccrcL4NnnzV2"",""frames"":4236,""reason"":null,""staleSec"":1,""probation"":false}],""trackCount"":3,""ineligibleCount"":0}"
2026-08-30T16:28:53.919164+00:00,2026-08-30T16:28:52.522+00:00,pub_stats,,a,show-jm6rlv90,2968508,7024894,2948493,60,60,0,31,30,53.58,none,f,f+h+q,3,1080,1920,1080,1920,"SimulcastEncoderAdapter (libvpx, libvpx, libvpx)",11,0,7,0,0,0.004011,0.026,0,,,,,,,live:a,"{""qualityLimitationDurations"":{""cpu"":0,""none"":459.657,""other"":0,""bandwidth"":6.837}}"
2026-08-30T16:28:55.65746+00:00,2026-08-30T16:28:54.523+00:00,pub_stats,,a,show-jm6rlv90,3017123,7024894,3000000,60,60,0,31,30,54.9,none,f,f+h+q,3,1080,1920,1080,1920,"SimulcastEncoderAdapter (libvpx, libvpx, libvpx)",11,0,7,0,0,0.0036,0.026,0,,,,,,,live:a,"{""qualityLimitationDurations"":{""cpu"":0,""none"":461.657,""other"":0,""bandwidth"":6.837}}"
2026-08-30T16:28:55.65746+00:00,2026-08-30T16:28:54.524+00:00,director_heartbeat,,a,show-jm6rlv90,,,,,,,,,,,,,,,,,,,,,,,,,,,,,,,,,,"{""state"":""running""}"
2026-08-30T16:28:55.65746+00:00,2026-08-30T16:28:54.553+00:00,mic_level_sample,,a,show-jm6rlv90,,,,,,,,,,,,,,,,,,,,,,,,,,,,,,,,,,"{""deviceId"":""a58e21953fa187ebbfa035f4c18fb6d2d3f12f0c3a35994d56f0781fea8405af"",""inputRms"":0.11093855168050469,""outputRms"":0.20525212116529384,""deviceLabel"":""MacBook Air Microphone (Built-in)"",""audioContextState"":""running""}"
2026-08-30T16:28:57.67989+00:00,2026-08-30T16:28:56.523+00:00,pub_stats,,a,show-jm6rlv90,2900080,7024894,3000000,60,60,0,31,30,56.92,none,f,f+h+q,3,1080,1920,1080,1920,"SimulcastEncoderAdapter (libvpx, libvpx, libvpx)",11,0,7,0,0,0.0034999999999999996,0.026,0,,,,,,,live:a,"{""qualityLimitationDurations"":{""cpu"":0,""none"":463.657,""other"":0,""bandwidth"":6.837}}"
2026-08-30T16:28:57.67989+00:00,2026-08-30T16:28:57.469+00:00,shot_publish_success,,a,show-jm6rlv90,,,,,,,,,,,,,,,,,,,,,,,,,,,,,,,,,,"{""shot"":""mediumCU"",""slot"":""a"",""commandId"":""c2336995-6d96-4158-9f67-4c052a53f7d7"",""decisionSource"":""auto"",""connectionState"":""connected""}"
2026-08-30T16:28:57.67989+00:00,2026-08-30T16:28:57.469+00:00,director_shot_emitted,,a,show-jm6rlv90,,,,,,,,,,,,,,,,,,,,,,,,,,,,,,,,,,"{""shot"":""mediumCU"",""slot"":""a"",""sourceRole"":""main"",""decisionSource"":""auto"",""targetIdentity"":""contestant-a-c79e4705""}"
2026-08-30T16:28:57.67989+00:00,2026-08-30T16:28:57.522+00:00,track_liveness_snapshot,,a,show-jm6rlv90,,,,,,,,,,,,,,,,,,,,,,,,,,,,,,,,,,"{""entries"":[{""key"":""contestant-a-c79e4705:TR_VC5tpJKFMjd7Vk"",""frames"":null,""reason"":null,""staleSec"":471,""probation"":false},{""key"":""camfeed-a-close-43299d5e:TR_VCaurcVv5msMsD"",""frames"":5624,""reason"":null,""staleSec"":1,""probation"":false},{""key"":""camfeed-a-side-ed8271dc:TR_VCccrcL4NnnzV2"",""frames"":4386,""reason"":null,""staleSec"":1,""probation"":false}],""trackCount"":3,""ineligibleCount"":0}"
2026-08-30T16:28:59.668663+00:00,2026-08-30T16:28:58.522+00:00,pub_stats,,a,show-jm6rlv90,3004074,7024894,3000000,60,60,0,31,30,51.45,none,f,f+h+q,3,1080,1920,1080,1920,"SimulcastEncoderAdapter (libvpx, libvpx, libvpx)",11,0,7,0,0,0.0038659999999999996,0.025,0,,,,,,,live:a,"{""qualityLimitationDurations"":{""cpu"":0,""none"":465.656,""other"":0,""bandwidth"":6.837}}"
2026-08-30T16:29:00.654557+00:00,2026-08-30T16:28:59.553+00:00,mic_level_sample,,a,show-jm6rlv90,,,,,,,,,,,,,,,,,,,,,,,,,,,,,,,,,,"{""deviceId"":""a58e21953fa187ebbfa035f4c18fb6d2d3f12f0c3a35994d56f0781fea8405af"",""inputRms"":0.03454409343929466,""outputRms"":0.07571445552724675,""deviceLabel"":""MacBook Air Microphone (Built-in)"",""audioContextState"":""running""}"
2026-08-30T16:29:01.69654+00:00,2026-08-30T16:29:00.524+00:00,pub_stats,,a,show-jm6rlv90,3057207,7024894,2989733,60,60,0,30,30,53.05,none,f,f+h+q,3,1080,1920,1080,1920,"SimulcastEncoderAdapter (libvpx, libvpx, libvpx)",11,0,7,0,0,0.004811,0.027,0,,,,,,,live:a,"{""qualityLimitationDurations"":{""cpu"":0,""none"":467.658,""other"":0,""bandwidth"":6.837}}"
2026-08-30T16:29:03.692631+00:00,2026-08-30T16:29:02.521+00:00,pub_stats,,a,show-jm6rlv90,2966678,7024894,3000000,60,60,0,31,30,54.03,none,f,f+h+q,3,1080,1920,1080,1920,"SimulcastEncoderAdapter (libvpx, libvpx, libvpx)",11,0,7,0,0,0.003777,0.027,0,,,,,,,live:a,"{""qualityLimitationDurations"":{""cpu"":0,""none"":469.656,""other"":0,""bandwidth"":6.837}}"
2026-08-30T16:29:03.692631+00:00,2026-08-30T16:29:03.022+00:00,track_liveness_snapshot,,a,show-jm6rlv90,,,,,,,,,,,,,,,,,,,,,,,,,,,,,,,,,,"{""entries"":[{""key"":""contestant-a-c79e4705:TR_VC5tpJKFMjd7Vk"",""frames"":null,""reason"":null,""staleSec"":477,""probation"":false},{""key"":""camfeed-a-close-43299d5e:TR_VCaurcVv5msMsD"",""frames"":5800,""reason"":null,""staleSec"":1,""probation"":false},{""key"":""camfeed-a-side-ed8271dc:TR_VCccrcL4NnnzV2"",""frames"":4566,""reason"":null,""staleSec"":1,""probation"":false}],""trackCount"":3,""ineligibleCount"":0}"
2026-08-30T16:29:05.664285+00:00,2026-08-30T16:29:04.523+00:00,pub_stats,,a,show-jm6rlv90,3008060,7024894,2967813,60,60,0,30,30,61.35,none,f,f+h+q,3,1080,1920,1080,1920,"SimulcastEncoderAdapter (libvpx, libvpx, libvpx)",11,0,7,0,0,0.003555,0.025,0,,,,,,,live:a,"{""qualityLimitationDurations"":{""cpu"":0,""none"":471.658,""other"":0,""bandwidth"":6.837}}"
2026-08-30T16:29:05.664285+00:00,2026-08-30T16:29:04.523+00:00,director_heartbeat,,a,show-jm6rlv90,,,,,,,,,,,,,,,,,,,,,,,,,,,,,,,,,,"{""state"":""running""}"
2026-08-30T16:29:05.664285+00:00,2026-08-30T16:29:04.553+00:00,mic_level_sample,,a,show-jm6rlv90,,,,,,,,,,,,,,,,,,,,,,,,,,,,,,,,,,"{""deviceId"":""a58e21953fa187ebbfa035f4c18fb6d2d3f12f0c3a35994d56f0781fea8405af"",""inputRms"":0.05528275477897357,""outputRms"":0.09701175361621382,""deviceLabel"":""MacBook Air Microphone (Built-in)"",""audioContextState"":""running""}"
2026-08-30T16:29:07.654047+00:00,2026-08-30T16:29:06.522+00:00,pub_stats,,a,show-jm6rlv90,2919868,7024894,3000000,60,60,0,31,30,70.97,none,f,f+h+q,3,1080,1920,1080,1920,"SimulcastEncoderAdapter (libvpx, libvpx, libvpx)",11,0,7,0,0,0.004,0.025,0,,,,,,,live:a,"{""qualityLimitationDurations"":{""cpu"":0,""none"":473.656,""other"":0,""bandwidth"":6.837}}"
2026-08-30T16:29:08.663262+00:00,2026-08-30T16:29:07.569+00:00,shot_publish_success,,a,show-jm6rlv90,,,,,,,,,,,,,,,,,,,,,,,,,,,,,,,,,,"{""shot"":""closeUp"",""slot"":""a"",""commandId"":""48f4c8d9-98b8-475c-9601-99884dc33d3a"",""decisionSource"":""auto"",""connectionState"":""connected""}"
2026-08-30T16:29:08.663262+00:00,2026-08-30T16:29:07.569+00:00,director_shot_emitted,,a,show-jm6rlv90,,,,,,,,,,,,,,,,,,,,,,,,,,,,,,,,,,"{""shot"":""closeUp"",""slot"":""a"",""sourceRole"":""close"",""decisionSource"":""auto"",""targetIdentity"":""camfeed-a-close-43299d5e""}"
2026-08-30T16:29:08.663262+00:00,2026-08-30T16:29:08.022+00:00,track_liveness_snapshot,,a,show-jm6rlv90,,,,,,,,,,,,,,,,,,,,,,,,,,,,,,,,,,"{""entries"":[{""key"":""contestant-a-c79e4705:TR_VC5tpJKFMjd7Vk"",""frames"":null,""reason"":null,""staleSec"":482,""probation"":false},{""key"":""camfeed-a-close-43299d5e:TR_VCaurcVv5msMsD"",""frames"":5935,""reason"":null,""staleSec"":1,""probation"":false},{""key"":""camfeed-a-side-ed8271dc:TR_VCccrcL4NnnzV2"",""frames"":4716,""reason"":null,""staleSec"":1,""probation"":false}],""trackCount"":3,""ineligibleCount"":0}"
2026-08-30T16:29:09.654058+00:00,2026-08-30T16:29:08.524+00:00,pub_stats,,a,show-jm6rlv90,3014913,7024894,3000000,60,60,0,31,30,56.38,none,f,f+h+q,3,1080,1920,1080,1920,"SimulcastEncoderAdapter (libvpx, libvpx, libvpx)",11,0,7,0,0,0.003744,0.024,0,,,,,,,live:a,"{""qualityLimitationDurations"":{""cpu"":0,""none"":475.657,""other"":0,""bandwidth"":6.837}}"
2026-08-30T16:29:10.663029+00:00,2026-08-30T16:29:09.553+00:00,mic_level_sample,,a,show-jm6rlv90,,,,,,,,,,,,,,,,,,,,,,,,,,,,,,,,,,"{""deviceId"":""a58e21953fa187ebbfa035f4c18fb6d2d3f12f0c3a35994d56f0781fea8405af"",""inputRms"":0.0602498746024911,""outputRms"":0.12767845885867368,""deviceLabel"":""MacBook Air Microphone (Built-in)"",""audioContextState"":""running""}"
2026-08-30T16:29:11.654334+00:00,2026-08-30T16:29:10.523+00:00,pub_stats,,a,show-jm6rlv90,2979838,7024894,3000000,60,60,0,31,30,55.03,none,f,f+h+q,3,1080,1920,1080,1920,"SimulcastEncoderAdapter (libvpx, libvpx, libvpx)",11,0,7,0,0,0.003955,0.024,0,,,,,,,live:a,"{""qualityLimitationDurations"":{""cpu"":0,""none"":477.657,""other"":0,""bandwidth"":6.837}}"
2026-08-30T16:29:13.655933+00:00,2026-08-30T16:29:12.523+00:00,pub_stats,,a,show-jm6rlv90,3031584,7024894,3000000,60,60,0,31,30,44.58,none,f,f+h+q,3,1080,1920,1080,1920,"SimulcastEncoderAdapter (libvpx, libvpx, libvpx)",11,0,7,0,0,0.003688,0.025,0,,,,,,,live:a,"{""qualityLimitationDurations"":{""cpu"":0,""none"":479.657,""other"":0,""bandwidth"":6.837}}"
2026-08-30T16:29:13.655933+00:00,2026-08-30T16:29:13.022+00:00,track_liveness_snapshot,,a,show-jm6rlv90,,,,,,,,,,,,,,,,,,,,,,,,,,,,,,,,,,"{""entries"":[{""key"":""contestant-a-c79e4705:TR_VC5tpJKFMjd7Vk"",""frames"":null,""reason"":null,""staleSec"":487,""probation"":false},{""key"":""camfeed-a-close-43299d5e:TR_VCaurcVv5msMsD"",""frames"":6067,""reason"":null,""staleSec"":1,""probation"":false},{""key"":""camfeed-a-side-ed8271dc:TR_VCccrcL4NnnzV2"",""frames"":4866,""reason"":null,""staleSec"":1,""probation"":false}],""trackCount"":3,""ineligibleCount"":0}"
2026-08-30T16:29:14.671746+00:00,2026-08-30T16:29:13.768+00:00,director_shot_emitted,,a,show-jm6rlv90,,,,,,,,,,,,,,,,,,,,,,,,,,,,,,,,,,"{""shot"":""bRoll"",""slot"":""a"",""sourceRole"":""side"",""decisionSource"":""auto"",""targetIdentity"":""camfeed-a-side-ed8271dc""}"
2026-08-30T16:29:14.671746+00:00,2026-08-30T16:29:13.768+00:00,shot_publish_success,,a,show-jm6rlv90,,,,,,,,,,,,,,,,,,,,,,,,,,,,,,,,,,"{""shot"":""bRoll"",""slot"":""a"",""commandId"":""b9b2d687-1202-4a64-adc2-25f5a5913017"",""decisionSource"":""auto"",""connectionState"":""connected""}"
2026-08-30T16:29:15.731012+00:00,2026-08-30T16:29:14.524+00:00,director_heartbeat,,a,show-jm6rlv90,,,,,,,,,,,,,,,,,,,,,,,,,,,,,,,,,,"{""state"":""running""}"
2026-08-30T16:29:15.731012+00:00,2026-08-30T16:29:14.524+00:00,pub_stats,,a,show-jm6rlv90,2956534,7024894,2915813,60,60,0,31,30,59.87,none,f,f+h+q,3,1080,1920,1080,1920,"SimulcastEncoderAdapter (libvpx, libvpx, libvpx)",11,0,7,0,0,0.003466,0.026,0,,,,,,,live:a,"{""qualityLimitationDurations"":{""cpu"":0,""none"":481.657,""other"":0,""bandwidth"":6.837}}"
2026-08-30T16:29:15.731012+00:00,2026-08-30T16:29:14.552+00:00,mic_level_sample,,a,show-jm6rlv90,,,,,,,,,,,,,,,,,,,,,,,,,,,,,,,,,,"{""deviceId"":""a58e21953fa187ebbfa035f4c18fb6d2d3f12f0c3a35994d56f0781fea8405af"",""inputRms"":0.12339305215843915,""outputRms"":0.2348455944293134,""deviceLabel"":""MacBook Air Microphone (Built-in)"",""audioContextState"":""running""}"
2026-08-30T16:29:15.731012+00:00,2026-08-30T16:29:15.22+00:00,backing_deck_raf,,a,show-jm6rlv90,,,,,,,,,,,,,,,,,,,,,,,,,,,,,interval,,,,,"{""elapsedMs"":30025,""idleFrames"":0,""hasDuration"":true,""activeFrames"":1134,""changedLabel"":30,""changedWidth"":1134,""playingFrames"":1134}"
2026-08-30T16:29:17.653448+00:00,2026-08-30T16:29:16.522+00:00,pub_stats,,a,show-jm6rlv90,2944517,7024894,3000000,60,60,0,31,30,57.62,none,f,f+h+q,3,1080,1920,1080,1920,"SimulcastEncoderAdapter (libvpx, libvpx, libvpx)",11,0,7,0,0,0.0041659999999999996,0.024,0,,,,,,,live:a,"{""qualityLimitationDurations"":{""cpu"":0,""none"":483.656,""other"":0,""bandwidth"":6.837}}"
2026-08-30T16:29:18.659711+00:00,2026-08-30T16:29:18.522+00:00,track_liveness_snapshot,,a,show-jm6rlv90,,,,,,,,,,,,,,,,,,,,,,,,,,,,,,,,,,"{""entries"":[{""key"":""contestant-a-c79e4705:TR_VC5tpJKFMjd7Vk"",""frames"":null,""reason"":null,""staleSec"":492,""probation"":false},{""key"":""camfeed-a-close-43299d5e:TR_VCaurcVv5msMsD"",""frames"":6200,""reason"":null,""staleSec"":1,""probation"":false},{""key"":""camfeed-a-side-ed8271dc:TR_VCccrcL4NnnzV2"",""frames"":5016,""reason"":null,""staleSec"":1,""probation"":false}],""trackCount"":3,""ineligibleCount"":0}"
2026-08-30T16:29:19.655258+00:00,2026-08-30T16:29:18.522+00:00,pub_stats,,a,show-jm6rlv90,3083116,7024894,2968332,60,60,0,31,30,54.45,none,f,f+h+q,3,1080,1920,1080,1920,"SimulcastEncoderAdapter (libvpx, libvpx, libvpx)",11,0,7,0,0,0.0042109999999999995,0.024,0,,,,,,,live:a,"{""qualityLimitationDurations"":{""cpu"":0,""none"":485.657,""other"":0,""bandwidth"":6.837}}"
2026-08-30T16:29:20.654435+00:00,2026-08-30T16:29:19.554+00:00,mic_level_sample,,a,show-jm6rlv90,,,,,,,,,,,,,,,,,,,,,,,,,,,,,,,,,,"{""deviceId"":""a58e21953fa187ebbfa035f4c18fb6d2d3f12f0c3a35994d56f0781fea8405af"",""inputRms"":0.21909578491474135,""outputRms"":0.31467356037149463,""deviceLabel"":""MacBook Air Microphone (Built-in)"",""audioContextState"":""running""}"
2026-08-30T16:29:21.655781+00:00,2026-08-30T16:29:20.522+00:00,pub_stats,,a,show-jm6rlv90,2857192,7024894,3000000,60,60,0,31,30,50.3,none,f,f+h+q,3,1080,1920,1080,1920,"SimulcastEncoderAdapter (libvpx, libvpx, libvpx)",11,0,7,0,0,0.003666,0.025,0,,,,,,,live:a,"{""qualityLimitationDurations"":{""cpu"":0,""none"":487.657,""other"":0,""bandwidth"":6.837}}"
2026-08-30T16:29:23.653591+00:00,2026-08-30T16:29:22.522+00:00,pub_stats,,a,show-jm6rlv90,3029288,7068430,2922583,60,60,0,31,30,61.98,none,f,f+h+q,3,1080,1920,1080,1920,"SimulcastEncoderAdapter (libvpx, libvpx, libvpx)",11,0,7,0,0,0.0035329999999999997,0.025,0,,,,,,,live:a,"{""qualityLimitationDurations"":{""cpu"":0,""none"":489.657,""other"":0,""bandwidth"":6.837}}"
2026-08-30T16:29:23.653591+00:00,2026-08-30T16:29:23.522+00:00,track_liveness_snapshot,,a,show-jm6rlv90,,,,,,,,,,,,,,,,,,,,,,,,,,,,,,,,,,"{""entries"":[{""key"":""contestant-a-c79e4705:TR_VC5tpJKFMjd7Vk"",""frames"":null,""reason"":null,""staleSec"":497,""probation"":false},{""key"":""camfeed-a-close-43299d5e:TR_VCaurcVv5msMsD"",""frames"":6310,""reason"":null,""staleSec"":1,""probation"":false},{""key"":""camfeed-a-side-ed8271dc:TR_VCccrcL4NnnzV2"",""frames"":5166,""reason"":null,""staleSec"":1,""probation"":false}],""trackCount"":3,""ineligibleCount"":0}"
2026-08-30T16:29:24.718758+00:00,2026-08-30T16:29:24.46+00:00,shot_publish_success,,a,show-jm6rlv90,,,,,,,,,,,,,,,,,,,,,,,,,,,,,,,,,,"{""shot"":""mediumCU"",""slot"":""a"",""commandId"":""1b2baab9-6046-4357-b060-fb33f5f637ac"",""decisionSource"":""auto"",""connectionState"":""connected""}"
2026-08-30T16:29:24.718758+00:00,2026-08-30T16:29:24.46+00:00,director_shot_emitted,,a,show-jm6rlv90,,,,,,,,,,,,,,,,,,,,,,,,,,,,,,,,,,"{""shot"":""mediumCU"",""slot"":""a"",""sourceRole"":""main"",""decisionSource"":""auto"",""targetIdentity"":""contestant-a-c79e4705""}"
2026-08-30T16:29:25.68665+00:00,2026-08-30T16:29:24.522+00:00,pub_stats,,a,show-jm6rlv90,2942492,7068430,3000000,59,59,0,30,30,53.02,none,f,f+h+q,3,1080,1920,1080,1920,"SimulcastEncoderAdapter (libvpx, libvpx, libvpx)",11,0,7,0,0,0.002777,0.024,0,,,,,,,live:a,"{""qualityLimitationDurations"":{""cpu"":0,""none"":491.657,""other"":0,""bandwidth"":6.837}}"
2026-08-30T16:29:25.68665+00:00,2026-08-30T16:29:24.523+00:00,director_heartbeat,,a,show-jm6rlv90,,,,,,,,,,,,,,,,,,,,,,,,,,,,,,,,,,"{""state"":""running""}"
2026-08-30T16:29:25.68665+00:00,2026-08-30T16:29:24.554+00:00,mic_level_sample,,a,show-jm6rlv90,,,,,,,,,,,,,,,,,,,,,,,,,,,,,,,,,,"{""deviceId"":""a58e21953fa187ebbfa035f4c18fb6d2d3f12f0c3a35994d56f0781fea8405af"",""inputRms"":0.04828918099163126,""outputRms"":0.10429530708743451,""deviceLabel"":""MacBook Air Microphone (Built-in)"",""audioContextState"":""running""}"
2026-08-30T16:29:27.684767+00:00,2026-08-30T16:29:26.523+00:00,pub_stats,,a,show-jm6rlv90,2962767,7068430,2997670,60,60,0,30,30,53.15,none,f,f+h+q,3,1080,1920,1080,1920,"SimulcastEncoderAdapter (libvpx, libvpx, libvpx)",11,0,7,0,0,0.0030659999999999997,0.024,0,,,,,,,live:a,"{""qualityLimitationDurations"":{""cpu"":0,""none"":493.657,""other"":0,""bandwidth"":6.837}}"
2026-08-30T16:29:29.652615+00:00,2026-08-30T16:29:28.522+00:00,pub_stats,,a,show-jm6rlv90,3013515,7068430,3000000,60,60,0,30,30,53.25,none,f,f+h+q,3,1080,1920,1080,1920,"SimulcastEncoderAdapter (libvpx, libvpx, libvpx)",11,0,7,0,0,0.002966,0.025,0,,,,,,,live:a,"{""qualityLimitationDurations"":{""cpu"":0,""none"":495.657,""other"":0,""bandwidth"":6.837}}"
2026-08-30T16:29:29.652615+00:00,2026-08-30T16:29:29.022+00:00,track_liveness_snapshot,,a,show-jm6rlv90,,,,,,,,,,,,,,,,,,,,,,,,,,,,,,,,,,"{""entries"":[{""key"":""contestant-a-c79e4705:TR_VC5tpJKFMjd7Vk"",""frames"":null,""reason"":null,""staleSec"":503,""probation"":false},{""key"":""camfeed-a-close-43299d5e:TR_VCaurcVv5msMsD"",""frames"":6490,""reason"":null,""staleSec"":1,""probation"":false},{""key"":""camfeed-a-side-ed8271dc:TR_VCccrcL4NnnzV2"",""frames"":5346,""reason"":null,""staleSec"":1,""probation"":false}],""trackCount"":3,""ineligibleCount"":0}"
2026-08-30T16:29:30.66235+00:00,2026-08-30T16:29:29.553+00:00,mic_level_sample,,a,show-jm6rlv90,,,,,,,,,,,,,,,,,,,,,,,,,,,,,,,,,,"{""deviceId"":""a58e21953fa187ebbfa035f4c18fb6d2d3f12f0c3a35994d56f0781fea8405af"",""inputRms"":0.2486000177992193,""outputRms"":0.33810237528264575,""deviceLabel"":""MacBook Air Microphone (Built-in)"",""audioContextState"":""running""}"
2026-08-30T16:29:31.756474+00:00,2026-08-30T16:29:30.531+00:00,pub_stats,,a,show-jm6rlv90,2858445,7068430,2975935,56,56,0,25,27,58.63,none,f,f+h+q,3,1080,1920,1080,1920,"SimulcastEncoderAdapter (libvpx, libvpx, libvpx)",11,0,7,0,0,0.005977,0.025,0,,,,,,,live:a,"{""qualityLimitationDurations"":{""cpu"":0,""none"":497.661,""other"":0,""bandwidth"":6.837}}"
2026-08-30T16:29:33.654109+00:00,2026-08-30T16:29:32.568+00:00,pub_stats,,a,show-jm6rlv90,660622,7068430,3000000,12,12,0,4,21,63.67,none,f,f+h+q,3,1080,1920,1080,1920,"SimulcastEncoderAdapter (libvpx, libvpx, libvpx)",11,0,7,0,0,0.0501,0.034,0,,,,,,,live:a,"{""qualityLimitationDurations"":{""cpu"":0,""none"":499.657,""other"":0,""bandwidth"":6.837}}"
2026-08-30T16:29:34.647647+00:00,2026-08-30T16:29:34.521+00:00,track_liveness_snapshot,,a,show-jm6rlv90,,,,,,,,,,,,,,,,,,,,,,,,,,,,,,,,,,"{""entries"":[{""key"":""contestant-a-c79e4705:TR_VC5tpJKFMjd7Vk"",""frames"":null,""reason"":null,""staleSec"":508,""probation"":false},{""key"":""camfeed-a-close-43299d5e:TR_VCaurcVv5msMsD"",""frames"":6640,""reason"":null,""staleSec"":1,""probation"":false},{""key"":""camfeed-a-side-ed8271dc:TR_VCccrcL4NnnzV2"",""frames"":5496,""reason"":null,""staleSec"":1,""probation"":false}],""trackCount"":3,""ineligibleCount"":0}"
2026-08-30T16:29:35.66121+00:00,2026-08-30T16:29:34.522+00:00,pub_stats,,a,show-jm6rlv90,3382886,7165825,3000000,53,53,0,31,31,43.15,none,f,f+h+q,3,1080,1920,1080,1920,"SimulcastEncoderAdapter (libvpx, libvpx, libvpx)",11,0,7,0,0,0.018543999999999998,0.034,0,,,,,,,live:a,"{""qualityLimitationDurations"":{""cpu"":0,""none"":501.657,""other"":0,""bandwidth"":6.837}}"
2026-08-30T16:29:35.66121+00:00,2026-08-30T16:29:34.523+00:00,director_heartbeat,,a,show-jm6rlv90,,,,,,,,,,,,,,,,,,,,,,,,,,,,,,,,,,"{""state"":""running""}"
2026-08-30T16:29:35.66121+00:00,2026-08-30T16:29:34.554+00:00,mic_level_sample,,a,show-jm6rlv90,,,,,,,,,,,,,,,,,,,,,,,,,,,,,,,,,,"{""deviceId"":""a58e21953fa187ebbfa035f4c18fb6d2d3f12f0c3a35994d56f0781fea8405af"",""inputRms"":0.03140542340821316,""outputRms"":0.07309125448277137,""deviceLabel"":""MacBook Air Microphone (Built-in)"",""audioContextState"":""running""}"
2026-08-30T16:29:37.669551+00:00,2026-08-30T16:29:36.523+00:00,pub_stats,,a,show-jm6rlv90,3336412,7438351,2567888,60,60,0,30,30,48.73,none,f,f+h+q,3,1080,1920,1080,1920,"SimulcastEncoderAdapter (libvpx, libvpx, libvpx)",11,0,7,0,0,0.004843999999999999,0.025,0,,,,,,,live:a,"{""qualityLimitationDurations"":{""cpu"":0,""none"":503.657,""other"":0,""bandwidth"":6.837}}"
2026-08-30T16:29:37.669551+00:00,2026-08-30T16:29:36.592+00:00,shot_publish_success,,a,show-jm6rlv90,,,,,,,,,,,,,,,,,,,,,,,,,,,,,,,,,,"{""shot"":""closeUp"",""slot"":""a"",""commandId"":""42b890f2-ac6a-4e4f-8840-997c888c8e93"",""decisionSource"":""auto"",""connectionState"":""connected""}"
2026-08-30T16:29:37.669551+00:00,2026-08-30T16:29:36.592+00:00,director_shot_emitted,,a,show-jm6rlv90,,,,,,,,,,,,,,,,,,,,,,,,,,,,,,,,,,"{""shot"":""closeUp"",""slot"":""a"",""sourceRole"":""close"",""decisionSource"":""auto"",""targetIdentity"":""camfeed-a-close-43299d5e""}"
2026-08-30T16:29:39.653028+00:00,2026-08-30T16:29:38.521+00:00,pub_stats,,a,show-jm6rlv90,2843219,7438351,3000000,60,60,0,30,30,56.67,none,f,f+h+q,3,1080,1920,1080,1920,"SimulcastEncoderAdapter (libvpx, libvpx, libvpx)",11,0,7,0,0,0.004077,0.026,0,,,,,,,live:a,"{""qualityLimitationDurations"":{""cpu"":0,""none"":505.656,""other"":0,""bandwidth"":6.837}}"
2026-08-30T16:29:39.653028+00:00,2026-08-30T16:29:39.522+00:00,track_liveness_snapshot,,a,show-jm6rlv90,,,,,,,,,,,,,,,,,,,,,,,,,,,,,,,,,,"{""entries"":[{""key"":""contestant-a-c79e4705:TR_VC5tpJKFMjd7Vk"",""frames"":null,""reason"":null,""staleSec"":513,""probation"":false},{""key"":""camfeed-a-close-43299d5e:TR_VCaurcVv5msMsD"",""frames"":6751,""reason"":null,""staleSec"":1,""probation"":false},{""key"":""camfeed-a-side-ed8271dc:TR_VCccrcL4NnnzV2"",""frames"":5646,""reason"":null,""staleSec"":1,""probation"":false}],""trackCount"":3,""ineligibleCount"":0}"
2026-08-30T16:29:40.673863+00:00,2026-08-30T16:29:39.554+00:00,mic_level_sample,,a,show-jm6rlv90,,,,,,,,,,,,,,,,,,,,,,,,,,,,,,,,,,"{""deviceId"":""a58e21953fa187ebbfa035f4c18fb6d2d3f12f0c3a35994d56f0781fea8405af"",""inputRms"":0.4105680005657994,""outputRms"":0.5415620148017907,""deviceLabel"":""MacBook Air Microphone (Built-in)"",""audioContextState"":""running""}"
2026-08-30T16:29:41.66377+00:00,2026-08-30T16:29:40.523+00:00,pub_stats,,a,show-jm6rlv90,2732340,7438351,3000000,60,60,0,30,30,54.17,none,f,f+h+q,3,1080,1920,1080,1920,"SimulcastEncoderAdapter (libvpx, libvpx, libvpx)",11,0,7,0,0,0.002977,0.026,0,,,,,,,live:a,"{""qualityLimitationDurations"":{""cpu"":0,""none"":507.657,""other"":0,""bandwidth"":6.837}}"
2026-08-30T16:29:43.678184+00:00,2026-08-30T16:29:42.522+00:00,pub_stats,,a,show-jm6rlv90,3245227,7438351,2958585,60,60,0,30,30,53.33,none,f,f+h+q,3,1080,1920,1080,1920,"SimulcastEncoderAdapter (libvpx, libvpx, libvpx)",11,0,7,0,0,0.0033659999999999996,0.026,0,,,,,,,live:a,"{""qualityLimitationDurations"":{""cpu"":0,""none"":509.657,""other"":0,""bandwidth"":6.837}}"
2026-08-30T16:29:43.678184+00:00,2026-08-30T16:29:42.89+00:00,director_shot_emitted,,a,show-jm6rlv90,,,,,,,,,,,,,,,,,,,,,,,,,,,,,,,,,,"{""shot"":""bRoll"",""slot"":""a"",""sourceRole"":""side"",""decisionSource"":""auto"",""targetIdentity"":""camfeed-a-side-ed8271dc""}"
2026-08-30T16:29:43.678184+00:00,2026-08-30T16:29:42.89+00:00,shot_publish_success,,a,show-jm6rlv90,,,,,,,,,,,,,,,,,,,,,,,,,,,,,,,,,,"{""shot"":""bRoll"",""slot"":""a"",""commandId"":""bc5a04e5-31ef-4574-a056-325937f95c7b"",""decisionSource"":""auto"",""connectionState"":""connected""}"
2026-08-30T16:29:45.655889+00:00,2026-08-30T16:29:44.521+00:00,pub_stats,,a,show-jm6rlv90,2767128,7438351,3000000,60,60,0,30,30,63.78,none,f,f+h+q,3,1080,1920,1080,1920,"SimulcastEncoderAdapter (libvpx, libvpx, libvpx)",11,0,7,0,0,0.003333,0.027,0,,,,,,,live:a,"{""qualityLimitationDurations"":{""cpu"":0,""none"":511.656,""other"":0,""bandwidth"":6.837}}"
2026-08-30T16:29:45.655889+00:00,2026-08-30T16:29:44.524+00:00,director_heartbeat,,a,show-jm6rlv90,,,,,,,,,,,,,,,,,,,,,,,,,,,,,,,,,,"{""state"":""running""}"
2026-08-30T16:29:45.655889+00:00,2026-08-30T16:29:44.554+00:00,mic_level_sample,,a,show-jm6rlv90,,,,,,,,,,,,,,,,,,,,,,,,,,,,,,,,,,"{""deviceId"":""a58e21953fa187ebbfa035f4c18fb6d2d3f12f0c3a35994d56f0781fea8405af"",""inputRms"":0.015483254582256828,""outputRms"":0.04595001299845739,""deviceLabel"":""MacBook Air Microphone (Built-in)"",""audioContextState"":""running""}"
2026-08-30T16:29:45.655889+00:00,2026-08-30T16:29:45.021+00:00,track_liveness_snapshot,,a,show-jm6rlv90,,,,,,,,,,,,,,,,,,,,,,,,,,,,,,,,,,"{""entries"":[{""key"":""contestant-a-c79e4705:TR_VC5tpJKFMjd7Vk"",""frames"":null,""reason"":null,""staleSec"":518,""probation"":false},{""key"":""camfeed-a-close-43299d5e:TR_VCaurcVv5msMsD"",""frames"":6873,""reason"":null,""staleSec"":1,""probation"":false},{""key"":""camfeed-a-side-ed8271dc:TR_VCccrcL4NnnzV2"",""frames"":5824,""reason"":null,""staleSec"":1,""probation"":false}],""trackCount"":3,""ineligibleCount"":0}"
2026-08-30T16:29:45.655889+00:00,2026-08-30T16:29:45.237+00:00,backing_deck_raf,,a,show-jm6rlv90,,,,,,,,,,,,,,,,,,,,,,,,,,,,,interval,,,,,"{""elapsedMs"":30017,""idleFrames"":0,""hasDuration"":true,""activeFrames"":1132,""changedLabel"":30,""changedWidth"":1132,""playingFrames"":1132}"
2026-08-30T16:29:47.644913+00:00,2026-08-30T16:29:46.522+00:00,pub_stats,,a,show-jm6rlv90,3011626,7438351,3000000,60,60,0,31,30,59.75,none,f,f+h+q,3,1080,1920,1080,1920,"SimulcastEncoderAdapter (libvpx, libvpx, libvpx)",11,0,7,0,0,0.0031,0.028,0,,,,,,,live:a,"{""qualityLimitationDurations"":{""cpu"":0,""none"":513.656,""other"":0,""bandwidth"":6.837}}"
2026-08-30T16:29:49.661487+00:00,2026-08-30T16:29:48.522+00:00,pub_stats,,a,show-jm6rlv90,2969652,7438351,3000000,60,60,0,31,30,58.98,none,f,f+h+q,3,1080,1920,1080,1920,"SimulcastEncoderAdapter (libvpx, libvpx, libvpx)",11,0,7,0,0,0.003355,0.026,0,,,,,,,live:a,"{""qualityLimitationDurations"":{""cpu"":0,""none"":515.656,""other"":0,""bandwidth"":6.837}}"
2026-08-30T16:29:50.682699+00:00,2026-08-30T16:29:49.554+00:00,mic_level_sample,,a,show-jm6rlv90,,,,,,,,,,,,,,,,,,,,,,,,,,,,,,,,,,"{""deviceId"":""a58e21953fa187ebbfa035f4c18fb6d2d3f12f0c3a35994d56f0781fea8405af"",""inputRms"":0.0036974842205102104,""outputRms"":0.019002284519144097,""deviceLabel"":""MacBook Air Microphone (Built-in)"",""audioContextState"":""running""}"
2026-08-30T16:29:50.682699+00:00,2026-08-30T16:29:50.022+00:00,track_liveness_snapshot,,a,show-jm6rlv90,,,,,,,,,,,,,,,,,,,,,,,,,,,,,,,,,,"{""entries"":[{""key"":""contestant-a-c79e4705:TR_VC5tpJKFMjd7Vk"",""frames"":null,""reason"":null,""staleSec"":524,""probation"":false},{""key"":""camfeed-a-close-43299d5e:TR_VCaurcVv5msMsD"",""frames"":7016,""reason"":null,""staleSec"":1,""probation"":false},{""key"":""camfeed-a-side-ed8271dc:TR_VCccrcL4NnnzV2"",""frames"":5974,""reason"":null,""staleSec"":1,""probation"":false}],""trackCount"":3,""ineligibleCount"":0}"
2026-08-30T16:29:51.661968+00:00,2026-08-30T16:29:50.523+00:00,pub_stats,,a,show-jm6rlv90,3074559,7438351,3000000,60,60,0,31,30,61.42,none,f,f+h+q,3,1080,1920,1080,1920,"SimulcastEncoderAdapter (libvpx, libvpx, libvpx)",11,0,7,0,0,0.0031219999999999998,0.026,0,,,,,,,live:a,"{""qualityLimitationDurations"":{""cpu"":0,""none"":517.657,""other"":0,""bandwidth"":6.837}}"
2026-08-30T16:29:53.65446+00:00,2026-08-30T16:29:52.521+00:00,pub_stats,,a,show-jm6rlv90,2897029,7438351,3000000,60,60,0,31,30,53.78,none,f,f+h+q,3,1080,1920,1080,1920,"SimulcastEncoderAdapter (libvpx, libvpx, libvpx)",11,0,7,0,0,0.0031,0.026,0,,,,,,,live:a,"{""qualityLimitationDurations"":{""cpu"":0,""none"":519.656,""other"":0,""bandwidth"":6.837}}"
2026-08-30T16:29:54.661704+00:00,2026-08-30T16:29:54.078+00:00,director_shot_emitted,,a,show-jm6rlv90,,,,,,,,,,,,,,,,,,,,,,,,,,,,,,,,,,"{""shot"":""mediumCU"",""slot"":""a"",""sourceRole"":""main"",""decisionSource"":""auto"",""targetIdentity"":""contestant-a-c79e4705""}"
2026-08-30T16:29:54.661704+00:00,2026-08-30T16:29:54.078+00:00,shot_publish_success,,a,show-jm6rlv90,,,,,,,,,,,,,,,,,,,,,,,,,,,,,,,,,,"{""shot"":""mediumCU"",""slot"":""a"",""commandId"":""fb2d66e3-bbad-4b4f-a5b9-8d0b194e51ff"",""decisionSource"":""auto"",""connectionState"":""connected""}"
2026-08-30T16:29:55.653525+00:00,2026-08-30T16:29:54.522+00:00,pub_stats,,a,show-jm6rlv90,3061033,7438351,2916420,60,60,0,31,30,56.37,none,f,f+h+q,3,1080,1920,1080,1920,"SimulcastEncoderAdapter (libvpx, libvpx, libvpx)",12,0,7,0,0,0.0034999999999999996,0.026,0,,,,,,,live:a,"{""qualityLimitationDurations"":{""cpu"":0,""none"":521.657,""other"":0,""bandwidth"":6.837}}"
2026-08-30T16:29:55.653525+00:00,2026-08-30T16:29:54.523+00:00,director_heartbeat,,a,show-jm6rlv90,,,,,,,,,,,,,,,,,,,,,,,,,,,,,,,,,,"{""state"":""running""}"
2026-08-30T16:29:55.653525+00:00,2026-08-30T16:29:54.553+00:00,mic_level_sample,,a,show-jm6rlv90,,,,,,,,,,,,,,,,,,,,,,,,,,,,,,,,,,"{""deviceId"":""a58e21953fa187ebbfa035f4c18fb6d2d3f12f0c3a35994d56f0781fea8405af"",""inputRms"":0.007136883679968323,""outputRms"":0.06484927346015214,""deviceLabel"":""MacBook Air Microphone (Built-in)"",""audioContextState"":""running""}"
2026-08-30T16:29:55.653525+00:00,2026-08-30T16:29:55.022+00:00,track_liveness_snapshot,,a,show-jm6rlv90,,,,,,,,,,,,,,,,,,,,,,,,,,,,,,,,,,"{""entries"":[{""key"":""contestant-a-c79e4705:TR_VC5tpJKFMjd7Vk"",""frames"":null,""reason"":null,""staleSec"":529,""probation"":false},{""key"":""camfeed-a-close-43299d5e:TR_VCaurcVv5msMsD"",""frames"":7164,""reason"":null,""staleSec"":1,""probation"":false},{""key"":""camfeed-a-side-ed8271dc:TR_VCccrcL4NnnzV2"",""frames"":6124,""reason"":null,""staleSec"":1,""probation"":false}],""trackCount"":3,""ineligibleCount"":0}"
2026-08-30T16:29:57.657395+00:00,2026-08-30T16:29:56.523+00:00,pub_stats,,a,show-jm6rlv90,2909681,7438351,2994788,60,60,0,31,30,58.9,none,f,f+h+q,3,1080,1920,1080,1920,"SimulcastEncoderAdapter (libvpx, libvpx, libvpx)",12,0,7,0,0,0.003588,0.026,0,,,,,,,live:a,"{""qualityLimitationDurations"":{""cpu"":0,""none"":523.657,""other"":0,""bandwidth"":6.837}}"
2026-08-30T16:29:59.685103+00:00,2026-08-30T16:29:58.522+00:00,pub_stats,,a,show-jm6rlv90,3123406,7438351,2942920,60,60,0,31,30,56.1,none,f,f+h+q,3,1080,1920,1080,1920,"SimulcastEncoderAdapter (libvpx, libvpx, libvpx)",12,0,7,0,0,0.0037549999999999997,0.026,0,,,,,,,live:a,"{""qualityLimitationDurations"":{""cpu"":0,""none"":525.656,""other"":0,""bandwidth"":6.837}}"
2026-08-30T16:30:00.653897+00:00,2026-08-30T16:29:59.554+00:00,mic_level_sample,,a,show-jm6rlv90,,,,,,,,,,,,,,,,,,,,,,,,,,,,,,,,,,"{""deviceId"":""a58e21953fa187ebbfa035f4c18fb6d2d3f12f0c3a35994d56f0781fea8405af"",""inputRms"":0.005790639294828607,""outputRms"":0.031402983772812865,""deviceLabel"":""MacBook Air Microphone (Built-in)"",""audioContextState"":""running""}"
2026-08-30T16:30:00.653897+00:00,2026-08-30T16:30:00.022+00:00,track_liveness_snapshot,,a,show-jm6rlv90,,,,,,,,,,,,,,,,,,,,,,,,,,,,,,,,,,"{""entries"":[{""key"":""contestant-a-c79e4705:TR_VC5tpJKFMjd7Vk"",""frames"":null,""reason"":null,""staleSec"":534,""probation"":false},{""key"":""camfeed-a-close-43299d5e:TR_VCaurcVv5msMsD"",""frames"":7284,""reason"":null,""staleSec"":1,""probation"":false},{""key"":""camfeed-a-side-ed8271dc:TR_VCccrcL4NnnzV2"",""frames"":6274,""reason"":null,""staleSec"":1,""probation"":false}],""trackCount"":3,""ineligibleCount"":0}"
2026-08-30T16:30:01.645647+00:00,2026-08-30T16:30:00.522+00:00,pub_stats,,a,show-jm6rlv90,2940996,7438351,3000000,60,60,0,31,30,63.27,none,f,f+h+q,3,1080,1920,1080,1920,"SimulcastEncoderAdapter (libvpx, libvpx, libvpx)",12,0,7,0,0,0.003766,0.024,0,,,,,,,live:a,"{""qualityLimitationDurations"":{""cpu"":0,""none"":527.656,""other"":0,""bandwidth"":6.837}}"
2026-08-30T16:30:03.663287+00:00,2026-08-30T16:30:02.524+00:00,pub_stats,,a,show-jm6rlv90,3029023,7438351,3000000,60,60,0,30,30,62.02,none,f,f+h+q,3,1080,1920,1080,1920,"SimulcastEncoderAdapter (libvpx, libvpx, libvpx)",12,0,7,0,0,0.0032549999999999996,0.026,0,,,,,,,live:a,"{""qualityLimitationDurations"":{""cpu"":0,""none"":529.658,""other"":0,""bandwidth"":6.837}}"
2026-08-30T16:30:03.663287+00:00,2026-08-30T16:30:03.396+00:00,shot_publish_success,,a,show-jm6rlv90,,,,,,,,,,,,,,,,,,,,,,,,,,,,,,,,,,"{""shot"":""closeUp"",""slot"":""a"",""commandId"":""7c4ce837-d2f9-4fb1-8095-cabe1dded146"",""decisionSource"":""auto"",""connectionState"":""connected""}"
2026-08-30T16:30:03.663287+00:00,2026-08-30T16:30:03.396+00:00,director_shot_emitted,,a,show-jm6rlv90,,,,,,,,,,,,,,,,,,,,,,,,,,,,,,,,,,"{""shot"":""closeUp"",""slot"":""a"",""sourceRole"":""close"",""decisionSource"":""auto"",""targetIdentity"":""camfeed-a-close-43299d5e""}"
2026-08-30T16:30:05.65696+00:00,2026-08-30T16:30:04.522+00:00,pub_stats,,a,show-jm6rlv90,2938779,7438351,2970672,60,60,0,31,30,70.98,none,f,f+h+q,3,1080,1920,1080,1920,"SimulcastEncoderAdapter (libvpx, libvpx, libvpx)",12,0,7,0,0,0.003244,0.026,0,,,,,,,live:a,"{""qualityLimitationDurations"":{""cpu"":0,""none"":531.656,""other"":0,""bandwidth"":6.837}}"
2026-08-30T16:30:05.65696+00:00,2026-08-30T16:30:04.524+00:00,director_heartbeat,,a,show-jm6rlv90,,,,,,,,,,,,,,,,,,,,,,,,,,,,,,,,,,"{""state"":""running""}"
2026-08-30T16:30:05.65696+00:00,2026-08-30T16:30:04.553+00:00,mic_level_sample,,a,show-jm6rlv90,,,,,,,,,,,,,,,,,,,,,,,,,,,,,,,,,,"{""deviceId"":""a58e21953fa187ebbfa035f4c18fb6d2d3f12f0c3a35994d56f0781fea8405af"",""inputRms"":0.1304097575248804,""outputRms"":0.20672257836641175,""deviceLabel"":""MacBook Air Microphone (Built-in)"",""audioContextState"":""running""}"
2026-08-30T16:30:05.65696+00:00,2026-08-30T16:30:05.022+00:00,track_liveness_snapshot,,a,show-jm6rlv90,,,,,,,,,,,,,,,,,,,,,,,,,,,,,,,,,,"{""entries"":[{""key"":""contestant-a-c79e4705:TR_VC5tpJKFMjd7Vk"",""frames"":null,""reason"":null,""staleSec"":539,""probation"":false},{""key"":""camfeed-a-close-43299d5e:TR_VCaurcVv5msMsD"",""frames"":7434,""reason"":null,""staleSec"":1,""probation"":false},{""key"":""camfeed-a-side-ed8271dc:TR_VCccrcL4NnnzV2"",""frames"":6425,""reason"":null,""staleSec"":1,""probation"":false}],""trackCount"":3,""ineligibleCount"":0}"
2026-08-30T16:30:07.663064+00:00,2026-08-30T16:30:06.522+00:00,pub_stats,,a,show-jm6rlv90,2767688,7438351,3000000,60,60,0,31,30,61.8,none,f,f+h+q,3,1080,1920,1080,1920,"SimulcastEncoderAdapter (libvpx, libvpx, libvpx)",12,0,7,0,0,0.003055,0.026,0,,,,,,,live:a,"{""qualityLimitationDurations"":{""cpu"":0,""none"":533.657,""other"":0,""bandwidth"":6.837}}"
2026-08-30T16:30:09.849507+00:00,2026-08-30T16:30:08.522+00:00,pub_stats,,a,show-jm6rlv90,3194980,7438351,3000000,60,60,0,31,30,48.68,none,f,f+h+q,3,1080,1920,1080,1920,"SimulcastEncoderAdapter (libvpx, libvpx, libvpx)",12,0,7,0,0,0.0033109999999999997,0.025,0,,,,,,,live:a,"{""qualityLimitationDurations"":{""cpu"":0,""none"":535.656,""other"":0,""bandwidth"":6.837}}"
2026-08-30T16:30:10.661864+00:00,2026-08-30T16:30:09.552+00:00,mic_level_sample,,a,show-jm6rlv90,,,,,,,,,,,,,,,,,,,,,,,,,,,,,,,,,,"{""deviceId"":""a58e21953fa187ebbfa035f4c18fb6d2d3f12f0c3a35994d56f0781fea8405af"",""inputRms"":0.05803413179340363,""outputRms"":0.11646564277541133,""deviceLabel"":""MacBook Air Microphone (Built-in)"",""audioContextState"":""running""}"
2026-08-30T16:30:10.661864+00:00,2026-08-30T16:30:10.022+00:00,track_liveness_snapshot,,a,show-jm6rlv90,,,,,,,,,,,,,,,,,,,,,,,,,,,,,,,,,,"{""entries"":[{""key"":""contestant-a-c79e4705:TR_VC5tpJKFMjd7Vk"",""frames"":null,""reason"":null,""staleSec"":544,""probation"":false},{""key"":""camfeed-a-close-43299d5e:TR_VCaurcVv5msMsD"",""frames"":7584,""reason"":null,""staleSec"":1,""probation"":false},{""key"":""camfeed-a-side-ed8271dc:TR_VCccrcL4NnnzV2"",""frames"":6574,""reason"":null,""staleSec"":1,""probation"":false}],""trackCount"":3,""ineligibleCount"":0}"
2026-08-30T16:30:11.666644+00:00,2026-08-30T16:30:10.524+00:00,pub_stats,,a,show-jm6rlv90,2941730,7438351,3000000,60,60,0,31,30,56.52,none,f,f+h+q,3,1080,1920,1080,1920,"SimulcastEncoderAdapter (libvpx, libvpx, libvpx)",12,0,7,0,0,0.002977,0.024,0,,,,,,,live:a,"{""qualityLimitationDurations"":{""cpu"":0,""none"":537.657,""other"":0,""bandwidth"":6.837}}"
2026-08-30T16:30:13.735229+00:00,2026-08-30T16:30:12.523+00:00,pub_stats,,a,show-jm6rlv90,2907090,7438351,3000000,60,60,0,31,30,51.9,none,f,f+h+q,3,1080,1920,1080,1920,"SimulcastEncoderAdapter (libvpx, libvpx, libvpx)",12,0,7,0,0,0.0026219999999999998,0.033,0,,,,,,,live:a,"{""qualityLimitationDurations"":{""cpu"":0,""none"":539.657,""other"":0,""bandwidth"":6.837}}"
2026-08-30T16:30:13.735229+00:00,2026-08-30T16:30:12.819+00:00,director_shot_emitted,,a,show-jm6rlv90,,,,,,,,,,,,,,,,,,,,,,,,,,,,,,,,,,"{""shot"":""bRoll"",""slot"":""a"",""sourceRole"":""side"",""decisionSource"":""auto"",""targetIdentity"":""camfeed-a-side-ed8271dc""}"
2026-08-30T16:30:13.735229+00:00,2026-08-30T16:30:12.819+00:00,shot_publish_success,,a,show-jm6rlv90,,,,,,,,,,,,,,,,,,,,,,,,,,,,,,,,,,"{""shot"":""bRoll"",""slot"":""a"",""commandId"":""464e3349-b3e5-44b9-8570-a2b30ae97c75"",""decisionSource"":""auto"",""connectionState"":""connected""}"
2026-08-30T16:30:15.660541+00:00,2026-08-30T16:30:14.521+00:00,pub_stats,,a,show-jm6rlv90,3227984,7438351,2911933,60,60,0,31,30,55.18,none,f,f+h+q,3,1080,1920,1080,1920,"SimulcastEncoderAdapter (libvpx, libvpx, libvpx)",12,0,7,0,0,0.0031769999999999997,0.033,0,,,,,,,live:a,"{""qualityLimitationDurations"":{""cpu"":0,""none"":541.656,""other"":0,""bandwidth"":6.837}}"
2026-08-30T16:30:15.660541+00:00,2026-08-30T16:30:14.524+00:00,director_heartbeat,,a,show-jm6rlv90,,,,,,,,,,,,,,,,,,,,,,,,,,,,,,,,,,"{""state"":""running""}"
2026-08-30T16:30:15.660541+00:00,2026-08-30T16:30:14.554+00:00,mic_level_sample,,a,show-jm6rlv90,,,,,,,,,,,,,,,,,,,,,,,,,,,,,,,,,,"{""deviceId"":""a58e21953fa187ebbfa035f4c18fb6d2d3f12f0c3a35994d56f0781fea8405af"",""inputRms"":0.01140915664636631,""outputRms"":0.045234512975587296,""deviceLabel"":""MacBook Air Microphone (Built-in)"",""audioContextState"":""running""}"
2026-08-30T16:30:15.660541+00:00,2026-08-30T16:30:15.241+00:00,backing_deck_raf,,a,show-jm6rlv90,,,,,,,,,,,,,,,,,,,,,,,,,,,,,interval,,,,,"{""elapsedMs"":30004,""idleFrames"":0,""hasDuration"":true,""activeFrames"":1107,""changedLabel"":30,""changedWidth"":1107,""playingFrames"":1107}"
2026-08-30T16:30:15.660541+00:00,2026-08-30T16:30:15.521+00:00,track_liveness_snapshot,,a,show-jm6rlv90,,,,,,,,,,,,,,,,,,,,,,,,,,,,,,,,,,"{""entries"":[{""key"":""contestant-a-c79e4705:TR_VC5tpJKFMjd7Vk"",""frames"":null,""reason"":null,""staleSec"":549,""probation"":false},{""key"":""camfeed-a-close-43299d5e:TR_VCaurcVv5msMsD"",""frames"":7734,""reason"":null,""staleSec"":1,""probation"":false},{""key"":""camfeed-a-side-ed8271dc:TR_VCccrcL4NnnzV2"",""frames"":6725,""reason"":null,""staleSec"":1,""probation"":false}],""trackCount"":3,""ineligibleCount"":0}"
2026-08-30T16:30:17.660554+00:00,2026-08-30T16:30:16.523+00:00,pub_stats,,a,show-jm6rlv90,2760987,7438351,3000000,60,60,0,31,30,65.22,none,f,f+h+q,3,1080,1920,1080,1920,"SimulcastEncoderAdapter (libvpx, libvpx, libvpx)",12,0,7,0,0,0.002355,0.025,0,,,,,,,live:a,"{""qualityLimitationDurations"":{""cpu"":0,""none"":543.657,""other"":0,""bandwidth"":6.837}}"
2026-08-30T16:30:19.660225+00:00,2026-08-30T16:30:18.523+00:00,pub_stats,,a,show-jm6rlv90,3083312,7438351,3000000,60,60,0,31,30,56.87,none,f,f+h+q,3,1080,1920,1080,1920,"SimulcastEncoderAdapter (libvpx, libvpx, libvpx)",12,0,7,0,0,0.002933,0.024,0,,,,,,,live:a,"{""qualityLimitationDurations"":{""cpu"":0,""none"":545.657,""other"":0,""bandwidth"":6.837}}"
2026-08-30T16:30:20.650888+00:00,2026-08-30T16:30:19.554+00:00,mic_level_sample,,a,show-jm6rlv90,,,,,,,,,,,,,,,,,,,,,,,,,,,,,,,,,,"{""deviceId"":""a58e21953fa187ebbfa035f4c18fb6d2d3f12f0c3a35994d56f0781fea8405af"",""inputRms"":0.026658318016538042,""outputRms"":0.11409476664053994,""deviceLabel"":""MacBook Air Microphone (Built-in)"",""audioContextState"":""running""}"
2026-08-30T16:30:21.652533+00:00,2026-08-30T16:30:20.522+00:00,pub_stats,,a,show-jm6rlv90,2864628,7438351,3000000,60,60,0,31,30,52.57,none,f,f+h+q,3,1080,1920,1080,1920,"SimulcastEncoderAdapter (libvpx, libvpx, libvpx)",12,0,7,0,0,0.002977,0.025,0,,,,,,,live:a,"{""qualityLimitationDurations"":{""cpu"":0,""none"":547.657,""other"":0,""bandwidth"":6.837}}"
2026-08-30T16:30:20.650888+00:00,2026-08-30T16:30:20.522+00:00,track_liveness_snapshot,,a,show-jm6rlv90,,,,,,,,,,,,,,,,,,,,,,,,,,,,,,,,,,"{""entries"":[{""key"":""contestant-a-c79e4705:TR_VC5tpJKFMjd7Vk"",""frames"":null,""reason"":null,""staleSec"":554,""probation"":false},{""key"":""camfeed-a-close-43299d5e:TR_VCaurcVv5msMsD"",""frames"":7884,""reason"":null,""staleSec"":1,""probation"":false},{""key"":""camfeed-a-side-ed8271dc:TR_VCccrcL4NnnzV2"",""frames"":6875,""reason"":null,""staleSec"":1,""probation"":false}],""trackCount"":3,""ineligibleCount"":0}"
2026-08-30T16:30:23.667272+00:00,2026-08-30T16:30:22.523+00:00,pub_stats,,a,show-jm6rlv90,3049107,7438351,2998718,59,59,0,30,30,44.59,none,f,f+h+q,3,1080,1920,1080,1920,"SimulcastEncoderAdapter (libvpx, libvpx, libvpx)",12,0,7,0,0,0.0025659999999999997,0.025,0,,,,,,,live:a,"{""qualityLimitationDurations"":{""cpu"":0,""none"":549.657,""other"":0,""bandwidth"":6.837}}"
2026-08-30T16:30:23.667272+00:00,2026-08-30T16:30:22.683+00:00,shot_publish_success,,a,show-jm6rlv90,,,,,,,,,,,,,,,,,,,,,,,,,,,,,,,,,,"{""shot"":""mediumCU"",""slot"":""a"",""commandId"":""ae578189-906d-4e5b-b083-07946d7af319"",""decisionSource"":""auto"",""connectionState"":""connected""}"
2026-08-30T16:30:23.667272+00:00,2026-08-30T16:30:22.683+00:00,director_shot_emitted,,a,show-jm6rlv90,,,,,,,,,,,,,,,,,,,,,,,,,,,,,,,,,,"{""shot"":""mediumCU"",""slot"":""a"",""sourceRole"":""main"",""decisionSource"":""auto"",""targetIdentity"":""contestant-a-c79e4705""}"
2026-08-30T16:30:25.657315+00:00,2026-08-30T16:30:24.522+00:00,pub_stats,,a,show-jm6rlv90,2923358,7438351,2999108,60,60,0,30,30,42.33,none,f,f+h+q,3,1080,1920,1080,1920,"SimulcastEncoderAdapter (libvpx, libvpx, libvpx)",12,0,7,0,0,0.0042439999999999995,0.026,0,,,,,,,live:a,"{""qualityLimitationDurations"":{""cpu"":0,""none"":551.656,""other"":0,""bandwidth"":6.837}}"
2026-08-30T16:30:25.657315+00:00,2026-08-30T16:30:24.524+00:00,director_heartbeat,,a,show-jm6rlv90,,,,,,,,,,,,,,,,,,,,,,,,,,,,,,,,,,"{""state"":""running""}"
2026-08-30T16:30:25.657315+00:00,2026-08-30T16:30:24.553+00:00,mic_level_sample,,a,show-jm6rlv90,,,,,,,,,,,,,,,,,,,,,,,,,,,,,,,,,,"{""deviceId"":""a58e21953fa187ebbfa035f4c18fb6d2d3f12f0c3a35994d56f0781fea8405af"",""inputRms"":0.06027609717305604,""outputRms"":0.11051767649334907,""deviceLabel"":""MacBook Air Microphone (Built-in)"",""audioContextState"":""running""}"
2026-08-30T16:30:25.657315+00:00,2026-08-30T16:30:25.523+00:00,track_liveness_snapshot,,a,show-jm6rlv90,,,,,,,,,,,,,,,,,,,,,,,,,,,,,,,,,,"{""entries"":[{""key"":""contestant-a-c79e4705:TR_VC5tpJKFMjd7Vk"",""frames"":null,""reason"":null,""staleSec"":559,""probation"":false},{""key"":""camfeed-a-close-43299d5e:TR_VCaurcVv5msMsD"",""frames"":8035,""reason"":null,""staleSec"":1,""probation"":false},{""key"":""camfeed-a-side-ed8271dc:TR_VCccrcL4NnnzV2"",""frames"":7024,""reason"":null,""staleSec"":1,""probation"":false}],""trackCount"":3,""ineligibleCount"":0}"
2026-08-30T16:30:27.869509+00:00,2026-08-30T16:30:26.523+00:00,pub_stats,,a,show-jm6rlv90,3073931,7438351,2951630,60,60,0,30,30,39.13,none,f,f+h+q,3,1080,1920,1080,1920,"SimulcastEncoderAdapter (libvpx, libvpx, libvpx)",12,0,7,0,0,0.004411,0.026,0,,,,,,,live:a,"{""qualityLimitationDurations"":{""cpu"":0,""none"":553.657,""other"":0,""bandwidth"":6.837}}"
2026-08-30T16:30:29.661367+00:00,2026-08-30T16:30:28.537+00:00,pub_stats,,a,show-jm6rlv90,760548,1312994,3000000,16,16,0,,0,42.56,none,f,f+h+q,3,1080,1920,1080,1920,"SimulcastEncoderAdapter (libvpx, libvpx, libvpx)",12,0,7,0,0,0.004855,0.032,0,,,,,,,live:a,"{""qualityLimitationDurations"":{""cpu"":0,""none"":555.666,""other"":0,""bandwidth"":6.837}}"
2026-08-30T16:30:30.653077+00:00,2026-08-30T16:30:29.554+00:00,mic_level_sample,,a,show-jm6rlv90,,,,,,,,,,,,,,,,,,,,,,,,,,,,,,,,,,"{""deviceId"":""a58e21953fa187ebbfa035f4c18fb6d2d3f12f0c3a35994d56f0781fea8405af"",""inputRms"":0.006186638029298443,""outputRms"":0.03050642692111336,""deviceLabel"":""MacBook Air Microphone (Built-in)"",""audioContextState"":""running""}"
2026-08-30T16:30:31.659428+00:00,2026-08-30T16:30:30.523+00:00,pub_quality_limitation_changed,,a,show-jm6rlv90,,,,,,,,,41,,,,,,,,,,,,,,,,,,none,bandwidth,,,,,,"{""durations"":{""cpu"":0,""none"":556.281,""other"":0,""bandwidth"":8.213}}"
2026-08-30T16:30:31.659428+00:00,2026-08-30T16:30:30.523+00:00,pub_stats,,a,show-jm6rlv90,50352,1374019,,1,1,0,,31,41,bandwidth,f,f+h+q,3,1080,1920,1080,1920,"SimulcastEncoderAdapter (libvpx, libvpx)",12,0,7,0,0,0.128955,0.032,0,,,,,,,live:a,"{""qualityLimitationDurations"":{""cpu"":0,""none"":556.281,""other"":0,""bandwidth"":8.213}}"
2026-08-30T16:30:31.659428+00:00,2026-08-30T16:30:31.021+00:00,track_liveness_snapshot,,a,show-jm6rlv90,,,,,,,,,,,,,,,,,,,,,,,,,,,,,,,,,,"{""entries"":[{""key"":""contestant-a-c79e4705:TR_VC5tpJKFMjd7Vk"",""frames"":null,""reason"":null,""staleSec"":564,""probation"":false},{""key"":""camfeed-a-close-43299d5e:TR_VCaurcVv5msMsD"",""frames"":8214,""reason"":null,""staleSec"":1,""probation"":false},{""key"":""camfeed-a-side-ed8271dc:TR_VCccrcL4NnnzV2"",""frames"":7204,""reason"":null,""staleSec"":1,""probation"":false}],""trackCount"":3,""ineligibleCount"":0}"
2026-08-30T16:30:31.659428+00:00,2026-08-30T16:30:31.364+00:00,audio_host_track_loaded,,a,show-jm6rlv90,,,,,,,,,,,,,,,,,,,,,,,,,,,,,,,,,,"{""trackHash"":""22be9cd9e96cee1a7cdb84e0d3eac56648eb51c2b220c69da9f3e8115dc2aa8b"",""trackName"":""Korey - No Other Name""}"
2026-08-30T16:30:31.659428+00:00,2026-08-30T16:30:31.365+00:00,deck_track_adopted,,a,show-jm6rlv90,,,,,,,,,,,,,,,,,,,,,,,,,,,,,,,host,,,"{""hadPlayer"":true,""trackHash"":""22be9cd9e96cee1a7cdb84e0d3eac56648eb51c2b220c69da9f3e8115dc2aa8b""}"
2026-08-30T16:30:31.659428+00:00,2026-08-30T16:30:31.403+00:00,backing_deck_loaded,,a,show-jm6rlv90,,,,,,,,,,,,,,,,,,,,,,,,,,,,,,,uploaded,,,"{""durationSec"":294,""waveformPoints"":180,""approxBufferBytes"":103778232}"
2026-08-30T16:30:31.659428+00:00,2026-08-30T16:30:31.403+00:00,backing_deck_raf,,a,show-jm6rlv90,,,,,,,,,,,,,,,,,,,,,,,,,,,,,teardown,,,,,"{""elapsedMs"":16161,""idleFrames"":0,""hasDuration"":true,""activeFrames"":1308,""changedLabel"":17,""changedWidth"":1299,""playingFrames"":1307}"
2026-08-30T16:30:33.659461+00:00,2026-08-30T16:30:32.522+00:00,pub_simulcast_switch,,a,show-jm6rlv90,0,1446166,,,,,,,,,,,,,,,,,,,,,,,,,f+h+q,h+q,bandwidth,,,,,
2026-08-30T16:30:33.659461+00:00,2026-08-30T16:30:32.522+00:00,pub_stats,,a,show-jm6rlv90,0,1446166,,0,0,0,,31,,bandwidth,f,h+q,3,1080,1920,1080,1920,"SimulcastEncoderAdapter (libvpx, libvpx)",12,0,7,0,0,0.128955,0.024,0,,,,,,,live:a,"{""qualityLimitationDurations"":{""cpu"":0,""none"":556.281,""other"":0,""bandwidth"":10.212}}"
2026-08-30T16:30:33.659461+00:00,2026-08-30T16:30:32.695+00:00,director_shot_emitted,,a,show-jm6rlv90,,,,,,,,,,,,,,,,,,,,,,,,,,,,,,,,,,"{""shot"":""closeUp"",""slot"":""a"",""sourceRole"":""close"",""decisionSource"":""auto"",""targetIdentity"":""camfeed-a-close-43299d5e""}"
2026-08-30T16:30:33.659461+00:00,2026-08-30T16:30:32.695+00:00,shot_publish_success,,a,show-jm6rlv90,,,,,,,,,,,,,,,,,,,,,,,,,,,,,,,,,,"{""shot"":""closeUp"",""slot"":""a"",""commandId"":""e212ea05-605e-45f4-a29d-d01efcf24845"",""decisionSource"":""auto"",""connectionState"":""connected""}"
2026-08-30T16:30:35.685338+00:00,2026-08-30T16:30:34.522+00:00,pub_stats,,a,show-jm6rlv90,0,1513049,,0,0,0,,30,,bandwidth,f,h+q,3,,,1080,1920,"SimulcastEncoderAdapter (libvpx, libvpx)",12,0,7,0,0,0.128955,0.028,0,,,,,,,live:a,"{""qualityLimitationDurations"":{""cpu"":0,""none"":556.281,""other"":0,""bandwidth"":12.212}}"
2026-08-30T16:30:35.685338+00:00,2026-08-30T16:30:34.524+00:00,director_heartbeat,,a,show-jm6rlv90,,,,,,,,,,,,,,,,,,,,,,,,,,,,,,,,,,"{""state"":""running""}"
2026-08-30T16:30:35.685338+00:00,2026-08-30T16:30:34.553+00:00,mic_level_sample,,a,show-jm6rlv90,,,,,,,,,,,,,,,,,,,,,,,,,,,,,,,,,,"{""deviceId"":""a58e21953fa187ebbfa035f4c18fb6d2d3f12f0c3a35994d56f0781fea8405af"",""inputRms"":0.0007885801739532346,""outputRms"":0.0012607836174201158,""deviceLabel"":""MacBook Air Microphone (Built-in)"",""audioContextState"":""running""}"
2026-08-30T16:30:35.685338+00:00,2026-08-30T16:30:34.689+00:00,pub_connection_quality,,a,show-jm6rlv90,,,,,,,,,,,,,,,,,,,,,,,,,,,,,,good,,,,
2026-08-30T16:30:36.655146+00:00,2026-08-30T16:30:36.021+00:00,track_liveness_snapshot,,a,show-jm6rlv90,,,,,,,,,,,,,,,,,,,,,,,,,,,,,,,,,,"{""entries"":[{""key"":""contestant-a-c79e4705:TR_VC5tpJKFMjd7Vk"",""frames"":null,""reason"":null,""staleSec"":569,""probation"":false},{""key"":""camfeed-a-close-43299d5e:TR_VCaurcVv5msMsD"",""frames"":8363,""reason"":null,""staleSec"":0,""probation"":false},{""key"":""camfeed-a-side-ed8271dc:TR_VCccrcL4NnnzV2"",""frames"":7354,""reason"":null,""staleSec"":0,""probation"":false}],""trackCount"":3,""ineligibleCount"":0}"
2026-08-30T16:30:37.697004+00:00,2026-08-30T16:30:36.522+00:00,pub_stats,,a,show-jm6rlv90,0,1576769,,0,0,0,,30,,bandwidth,f,h+q,3,,,1080,1920,"SimulcastEncoderAdapter (libvpx, libvpx)",12,0,7,0,0,0.128955,0.028,0,,,,,,,live:a,"{""qualityLimitationDurations"":{""cpu"":0,""none"":556.281,""other"":0,""bandwidth"":14.213}}"
2026-08-30T16:30:39.668209+00:00,2026-08-30T16:30:38.526+00:00,pub_stats,,a,show-jm6rlv90,0,1644555,,0,0,0,,30,,bandwidth,f,h+q,3,,,1080,1920,"SimulcastEncoderAdapter (libvpx, libvpx)",12,0,7,0,0,0.128955,0.025,0,,,,,,,live:a,"{""qualityLimitationDurations"":{""cpu"":0,""none"":556.281,""other"":0,""bandwidth"":16.212}}"
2026-08-30T16:30:40.65412+00:00,2026-08-30T16:30:39.554+00:00,mic_level_sample,,a,show-jm6rlv90,,,,,,,,,,,,,,,,,,,,,,,,,,,,,,,,,,"{""deviceId"":""a58e21953fa187ebbfa035f4c18fb6d2d3f12f0c3a35994d56f0781fea8405af"",""inputRms"":0.0021197857536588596,""outputRms"":0.008982604698791896,""deviceLabel"":""MacBook Air Microphone (Built-in)"",""audioContextState"":""running""}"
2026-08-30T16:30:40.65412+00:00,2026-08-30T16:30:39.689+00:00,pub_connection_quality,,a,show-jm6rlv90,,,,,,,,,,,,,,,,,,,,,,,,,,,,,,poor,,,,
2026-08-30T16:30:41.657689+00:00,2026-08-30T16:30:40.523+00:00,pub_stats,,a,show-jm6rlv90,962524,1885488,800000,58,58,0,30,30,91.72,none,f,f+h+q,3,1080,1920,1080,1920,"SimulcastEncoderAdapter (libvpx, libvpx, libvpx)",14,0,7,0,0,0.243188,0.025,0,,,,,,,live:a,"{""qualityLimitationDurations"":{""cpu"":0,""none"":558.217,""other"":0,""bandwidth"":16.277}}"
2026-08-30T16:30:41.657689+00:00,2026-08-30T16:30:40.523+00:00,pub_quality_limitation_changed,,a,show-jm6rlv90,,,,,,,,,91.72,,,,,,,,,,,,,,,,,,bandwidth,none,,,,,,"{""durations"":{""cpu"":0,""none"":558.217,""other"":0,""bandwidth"":16.277}}"
2026-08-30T16:30:41.657689+00:00,2026-08-30T16:30:40.523+00:00,pub_simulcast_switch,,a,show-jm6rlv90,962524,1885488,,,,,,,,,,,,,,,,,,,,,,,,,h+q,f+h+q,none,,,,,
2026-08-30T16:30:41.657689+00:00,2026-08-30T16:30:40.572+00:00,director_shot_emitted,,a,show-jm6rlv90,,,,,,,,,,,,,,,,,,,,,,,,,,,,,,,,,,"{""shot"":""bRoll"",""slot"":""a"",""sourceRole"":""side"",""decisionSource"":""auto"",""targetIdentity"":""camfeed-a-side-ed8271dc""}"
2026-08-30T16:30:41.657689+00:00,2026-08-30T16:30:40.572+00:00,shot_publish_success,,a,show-jm6rlv90,,,,,,,,,,,,,,,,,,,,,,,,,,,,,,,,,,"{""shot"":""bRoll"",""slot"":""a"",""commandId"":""807d1360-3399-41d7-b59e-48c50404f76a"",""decisionSource"":""auto"",""connectionState"":""connected""}"
2026-08-30T16:30:41.657689+00:00,2026-08-30T16:30:41.021+00:00,track_liveness_snapshot,,a,show-jm6rlv90,,,,,,,,,,,,,,,,,,,,,,,,,,,,,,,,,,"{""entries"":[{""key"":""contestant-a-c79e4705:TR_VC5tpJKFMjd7Vk"",""frames"":null,""reason"":null,""staleSec"":574,""probation"":false},{""key"":""camfeed-a-close-43299d5e:TR_VCaurcVv5msMsD"",""frames"":8513,""reason"":null,""staleSec"":0,""probation"":false},{""key"":""camfeed-a-side-ed8271dc:TR_VCccrcL4NnnzV2"",""frames"":7504,""reason"":null,""staleSec"":0,""probation"":false}],""trackCount"":3,""ineligibleCount"":0}"
2026-08-30T16:30:43.652024+00:00,2026-08-30T16:30:42.522+00:00,pub_stats,,a,show-jm6rlv90,1004478,2177321,1395969,60,60,0,30,30,89.83,none,f,f+h+q,3,1080,1920,1080,1920,"SimulcastEncoderAdapter (libvpx, libvpx, libvpx)",14,0,7,0,0,0.003722,0.027,0,,,,,,,live:a,"{""qualityLimitationDurations"":{""cpu"":0,""none"":560.216,""other"":0,""bandwidth"":16.277}}"
2026-08-30T16:30:45.655252+00:00,2026-08-30T16:30:44.522+00:00,pub_stats,,a,show-jm6rlv90,1437168,2566447,1769934,60,60,0,30,30,75.82,none,f,f+h+q,3,1080,1920,1080,1920,"SimulcastEncoderAdapter (libvpx, libvpx, libvpx)",14,0,7,0,0,0.004066,0.025,0,,,,,,,live:a,"{""qualityLimitationDurations"":{""cpu"":0,""none"":562.217,""other"":0,""bandwidth"":16.277}}"
2026-08-30T16:30:45.655252+00:00,2026-08-30T16:30:44.523+00:00,director_heartbeat,,a,show-jm6rlv90,,,,,,,,,,,,,,,,,,,,,,,,,,,,,,,,,,"{""state"":""running""}"
2026-08-30T16:30:45.655252+00:00,2026-08-30T16:30:44.554+00:00,mic_level_sample,,a,show-jm6rlv90,,,,,,,,,,,,,,,,,,,,,,,,,,,,,,,,,,"{""deviceId"":""a58e21953fa187ebbfa035f4c18fb6d2d3f12f0c3a35994d56f0781fea8405af"",""inputRms"":0.0027945117045664637,""outputRms"":0.0998062048939031,""deviceLabel"":""MacBook Air Microphone (Built-in)"",""audioContextState"":""running""}"
2026-08-30T16:30:46.664677+00:00,2026-08-30T16:30:46.022+00:00,track_liveness_snapshot,,a,show-jm6rlv90,,,,,,,,,,,,,,,,,,,,,,,,,,,,,,,,,,"{""entries"":[{""key"":""contestant-a-c79e4705:TR_VC5tpJKFMjd7Vk"",""frames"":null,""reason"":null,""staleSec"":580,""probation"":false},{""key"":""camfeed-a-close-43299d5e:TR_VCaurcVv5msMsD"",""frames"":8663,""reason"":null,""staleSec"":1,""probation"":false},{""key"":""camfeed-a-side-ed8271dc:TR_VCccrcL4NnnzV2"",""frames"":7653,""reason"":null,""staleSec"":1,""probation"":false}],""trackCount"":3,""ineligibleCount"":0}"
2026-08-30T16:30:47.663492+00:00,2026-08-30T16:30:46.523+00:00,pub_stats,,a,show-jm6rlv90,1786983,2948479,2174316,60,60,0,30,30,58.23,none,f,f+h+q,3,1080,1920,1080,1920,"SimulcastEncoderAdapter (libvpx, libvpx, libvpx)",14,0,7,0,0,0.002777,0.024,0,,,,,,,live:a,"{""qualityLimitationDurations"":{""cpu"":0,""none"":564.217,""other"":0,""bandwidth"":16.277}}"
2026-08-30T16:30:49.687428+00:00,2026-08-30T16:30:48.523+00:00,pub_stats,,a,show-jm6rlv90,2243604,3447535,2621393,60,60,0,30,30,46.42,none,f,f+h+q,3,1080,1920,1080,1920,"SimulcastEncoderAdapter (libvpx, libvpx, libvpx)",15,0,8,0,0,0.003111,0.024,0,,,,,,,live:a,"{""qualityLimitationDurations"":{""cpu"":0,""none"":566.217,""other"":0,""bandwidth"":16.277}}"
2026-08-30T16:30:50.674814+00:00,2026-08-30T16:30:49.554+00:00,mic_level_sample,,a,show-jm6rlv90,,,,,,,,,,,,,,,,,,,,,,,,,,,,,,,,,,"{""deviceId"":""a58e21953fa187ebbfa035f4c18fb6d2d3f12f0c3a35994d56f0781fea8405af"",""inputRms"":0.012973971232973173,""outputRms"":0.06372533813421583,""deviceLabel"":""MacBook Air Microphone (Built-in)"",""audioContextState"":""running""}"
2026-08-30T16:30:50.674814+00:00,2026-08-30T16:30:49.69+00:00,pub_connection_quality,,a,show-jm6rlv90,,,,,,,,,,,,,,,,,,,,,,,,,,,,,,good,,,,
2026-08-30T16:30:51.734733+00:00,2026-08-30T16:30:50.523+00:00,pub_stats,,a,show-jm6rlv90,2677492,4021415,3000000,60,60,0,30,30,39.52,none,f,f+h+q,3,1080,1920,1080,1920,"SimulcastEncoderAdapter (libvpx, libvpx, libvpx)",15,0,8,0,0,0.004122,0.026,0,,,,,,,live:a,"{""qualityLimitationDurations"":{""cpu"":0,""none"":568.217,""other"":0,""bandwidth"":16.277}}"
2026-08-30T16:30:51.734733+00:00,2026-08-30T16:30:51.022+00:00,track_liveness_snapshot,,a,show-jm6rlv90,,,,,,,,,,,,,,,,,,,,,,,,,,,,,,,,,,"{""entries"":[{""key"":""contestant-a-c79e4705:TR_VC5tpJKFMjd7Vk"",""frames"":null,""reason"":null,""staleSec"":585,""probation"":false},{""key"":""camfeed-a-close-43299d5e:TR_VCaurcVv5msMsD"",""frames"":8812,""reason"":null,""staleSec"":1,""probation"":false},{""key"":""camfeed-a-side-ed8271dc:TR_VCccrcL4NnnzV2"",""frames"":7803,""reason"":null,""staleSec"":1,""probation"":false}],""trackCount"":3,""ineligibleCount"":0}"
2026-08-30T16:30:53.659123+00:00,2026-08-30T16:30:52.521+00:00,pub_stats,,a,show-jm6rlv90,3017333,4764821,3000000,60,60,0,30,30,32.83,none,f,f+h+q,3,1080,1920,1080,1920,"SimulcastEncoderAdapter (libvpx, libvpx, libvpx)",15,0,8,0,0,0.002555,0.026,0,,,,,,,live:a,"{""qualityLimitationDurations"":{""cpu"":0,""none"":570.216,""other"":0,""bandwidth"":16.277}}"
2026-08-30T16:30:54.688746+00:00,2026-08-30T16:30:53.991+00:00,director_shot_emitted,,a,show-jm6rlv90,,,,,,,,,,,,,,,,,,,,,,,,,,,,,,,,,,"{""shot"":""pan"",""slot"":""a"",""sourceRole"":""main"",""decisionSource"":""auto"",""targetIdentity"":""contestant-a-c79e4705""}"
2026-08-30T16:30:54.688746+00:00,2026-08-30T16:30:53.991+00:00,shot_publish_success,,a,show-jm6rlv90,,,,,,,,,,,,,,,,,,,,,,,,,,,,,,,,,,"{""shot"":""pan"",""slot"":""a"",""commandId"":""a4259c78-ef8c-446e-910d-3736f36e7add"",""decisionSource"":""auto"",""connectionState"":""connected""}"
2026-08-30T16:30:55.655713+00:00,2026-08-30T16:30:54.522+00:00,pub_stats,,a,show-jm6rlv90,2932698,5501493,3000000,60,60,0,30,30,32.38,none,f,f+h+q,3,1080,1920,1080,1920,"SimulcastEncoderAdapter (libvpx, libvpx, libvpx)",15,0,8,0,0,0.002822,0.026,0,,,,,,,live:a,"{""qualityLimitationDurations"":{""cpu"":0,""none"":572.217,""other"":0,""bandwidth"":16.277}}"
2026-08-30T16:30:55.655713+00:00,2026-08-30T16:30:54.524+00:00,director_heartbeat,,a,show-jm6rlv90,,,,,,,,,,,,,,,,,,,,,,,,,,,,,,,,,,"{""state"":""running""}"
2026-08-30T16:30:55.655713+00:00,2026-08-30T16:30:54.554+00:00,mic_level_sample,,a,show-jm6rlv90,,,,,,,,,,,,,,,,,,,,,,,,,,,,,,,,,,"{""deviceId"":""a58e21953fa187ebbfa035f4c18fb6d2d3f12f0c3a35994d56f0781fea8405af"",""inputRms"":0.0027286692389748173,""outputRms"":0.09550161625119923,""deviceLabel"":""MacBook Air Microphone (Built-in)"",""audioContextState"":""running""}"
2026-08-30T16:30:56.655207+00:00,2026-08-30T16:30:56.022+00:00,track_liveness_snapshot,,a,show-jm6rlv90,,,,,,,,,,,,,,,,,,,,,,,,,,,,,,,,,,"{""entries"":[{""key"":""contestant-a-c79e4705:TR_VC5tpJKFMjd7Vk"",""frames"":null,""reason"":null,""staleSec"":590,""probation"":false},{""key"":""camfeed-a-close-43299d5e:TR_VCaurcVv5msMsD"",""frames"":8956,""reason"":null,""staleSec"":1,""probation"":false},{""key"":""camfeed-a-side-ed8271dc:TR_VCccrcL4NnnzV2"",""frames"":7953,""reason"":null,""staleSec"":1,""probation"":false}],""trackCount"":3,""ineligibleCount"":0}"
2026-08-30T16:30:57.657815+00:00,2026-08-30T16:30:56.522+00:00,pub_stats,,a,show-jm6rlv90,2998612,6014656,3000000,60,60,0,31,30,29.18,none,f,f+h+q,3,1080,1920,1080,1920,"SimulcastEncoderAdapter (libvpx, libvpx, libvpx)",15,0,8,0,0,0.0029549999999999997,0.026,0,,,,,,,live:a,"{""qualityLimitationDurations"":{""cpu"":0,""none"":574.216,""other"":0,""bandwidth"":16.277}}"
2026-08-30T16:30:59.650737+00:00,2026-08-30T16:30:58.524+00:00,pub_stats,,a,show-jm6rlv90,3022837,6204270,3000000,60,60,0,30,30,30.27,none,f,f+h+q,3,1080,1920,1080,1920,"SimulcastEncoderAdapter (libvpx, libvpx, libvpx)",15,0,8,0,0,0.0030329999999999997,0.025,0,,,,,,,live:a,"{""qualityLimitationDurations"":{""cpu"":0,""none"":576.218,""other"":0,""bandwidth"":16.277}}"
2026-08-30T16:31:00.745321+00:00,2026-08-30T16:30:59.554+00:00,mic_level_sample,,a,show-jm6rlv90,,,,,,,,,,,,,,,,,,,,,,,,,,,,,,,,,,"{""deviceId"":""a58e21953fa187ebbfa035f4c18fb6d2d3f12f0c3a35994d56f0781fea8405af"",""inputRms"":0.03366271702473822,""outputRms"":0.07836740776691054,""deviceLabel"":""MacBook Air Microphone (Built-in)"",""audioContextState"":""running""}"
2026-08-30T16:31:01.662274+00:00,2026-08-30T16:31:00.522+00:00,pub_stats,,a,show-jm6rlv90,2984917,6204270,3000000,60,60,0,31,30,29.35,none,f,f+h+q,3,1080,1920,1080,1920,"SimulcastEncoderAdapter (libvpx, libvpx, libvpx)",15,0,8,0,0,0.002244,0.025,0,,,,,,,live:a,"{""qualityLimitationDurations"":{""cpu"":0,""none"":578.217,""other"":0,""bandwidth"":16.277}}"
2026-08-30T16:31:01.662274+00:00,2026-08-30T16:31:01.421+00:00,backing_deck_raf,,a,show-jm6rlv90,,,,,,,,,,,,,,,,,,,,,,,,,,,,,interval,,,,,"{""elapsedMs"":30018,""idleFrames"":0,""hasDuration"":true,""activeFrames"":1310,""changedLabel"":26,""changedWidth"":974,""playingFrames"":974}"
2026-08-30T16:31:01.662274+00:00,2026-08-30T16:31:01.522+00:00,track_liveness_snapshot,,a,show-jm6rlv90,,,,,,,,,,,,,,,,,,,,,,,,,,,,,,,,,,"{""entries"":[{""key"":""contestant-a-c79e4705:TR_VC5tpJKFMjd7Vk"",""frames"":null,""reason"":null,""staleSec"":595,""probation"":false},{""key"":""camfeed-a-close-43299d5e:TR_VCaurcVv5msMsD"",""frames"":9056,""reason"":null,""staleSec"":1,""probation"":false},{""key"":""camfeed-a-side-ed8271dc:TR_VCccrcL4NnnzV2"",""frames"":8103,""reason"":null,""staleSec"":1,""probation"":false}],""trackCount"":3,""ineligibleCount"":0}"
2026-08-30T16:31:02.655734+00:00,2026-08-30T16:31:01.993+00:00,shot_publish_success,,a,show-jm6rlv90,,,,,,,,,,,,,,,,,,,,,,,,,,,,,,,,,,"{""shot"":""closeUp"",""slot"":""a"",""commandId"":""53fbd5e2-ce79-435f-bc32-45fefc5c6668"",""decisionSource"":""auto"",""connectionState"":""connected""}"
2026-08-30T16:31:02.655734+00:00,2026-08-30T16:31:01.993+00:00,director_shot_emitted,,a,show-jm6rlv90,,,,,,,,,,,,,,,,,,,,,,,,,,,,,,,,,,"{""shot"":""closeUp"",""slot"":""a"",""sourceRole"":""close"",""decisionSource"":""auto"",""targetIdentity"":""camfeed-a-close-43299d5e""}"
2026-08-30T16:31:03.868985+00:00,2026-08-30T16:31:02.523+00:00,pub_stats,,a,show-jm6rlv90,3045029,6556231,2928595,60,60,0,31,30,36.53,none,f,f+h+q,3,1080,1920,1080,1920,"SimulcastEncoderAdapter (libvpx, libvpx, libvpx)",15,0,8,0,0,0.002744,0.025,0,,,,,,,live:a,"{""qualityLimitationDurations"":{""cpu"":0,""none"":580.217,""other"":0,""bandwidth"":16.277}}"
2026-08-30T16:31:05.672291+00:00,2026-08-30T16:31:04.522+00:00,pub_stats,,a,show-jm6rlv90,3098525,6556231,3000000,60,60,0,31,30,42.38,none,f,f+h+q,3,1080,1920,1080,1920,"SimulcastEncoderAdapter (libvpx, libvpx, libvpx)",15,0,8,0,0,0.0026,0.025,0,,,,,,,live:a,"{""qualityLimitationDurations"":{""cpu"":0,""none"":582.217,""other"":0,""bandwidth"":16.277}}"
2026-08-30T16:31:05.672291+00:00,2026-08-30T16:31:04.524+00:00,director_heartbeat,,a,show-jm6rlv90,,,,,,,,,,,,,,,,,,,,,,,,,,,,,,,,,,"{""state"":""running""}"
2026-08-30T16:31:05.672291+00:00,2026-08-30T16:31:04.554+00:00,mic_level_sample,,a,show-jm6rlv90,,,,,,,,,,,,,,,,,,,,,,,,,,,,,,,,,,"{""deviceId"":""a58e21953fa187ebbfa035f4c18fb6d2d3f12f0c3a35994d56f0781fea8405af"",""inputRms"":0.005267978264747038,""outputRms"":0.10285021471772293,""deviceLabel"":""MacBook Air Microphone (Built-in)"",""audioContextState"":""running""}"
2026-08-30T16:31:05.672291+00:00,2026-08-30T16:31:04.689+00:00,pub_connection_quality,,a,show-jm6rlv90,,,,,,,,,,,,,,,,,,,,,,,,,,,,,,excellent,,,,
2026-08-30T16:31:06.671342+00:00,2026-08-30T16:31:06.522+00:00,track_liveness_snapshot,,a,show-jm6rlv90,,,,,,,,,,,,,,,,,,,,,,,,,,,,,,,,,,"{""entries"":[{""key"":""contestant-a-c79e4705:TR_VC5tpJKFMjd7Vk"",""frames"":null,""reason"":null,""staleSec"":600,""probation"":false},{""key"":""camfeed-a-close-43299d5e:TR_VCaurcVv5msMsD"",""frames"":9165,""reason"":null,""staleSec"":1,""probation"":false},{""key"":""camfeed-a-side-ed8271dc:TR_VCccrcL4NnnzV2"",""frames"":8253,""reason"":null,""staleSec"":1,""probation"":false}],""trackCount"":3,""ineligibleCount"":0}"
2026-08-30T16:31:07.64922+00:00,2026-08-30T16:31:06.523+00:00,pub_stats,,a,show-jm6rlv90,2884450,6615951,3000000,60,60,0,31,30,52.33,none,f,f+h+q,3,1080,1920,1080,1920,"SimulcastEncoderAdapter (libvpx, libvpx, libvpx)",15,0,8,0,0,0.002688,0.027,0,,,,,,,live:a,"{""qualityLimitationDurations"":{""cpu"":0,""none"":584.217,""other"":0,""bandwidth"":16.277}}"
2026-08-30T16:31:09.885749+00:00,2026-08-30T16:31:08.522+00:00,pub_stats,,a,show-jm6rlv90,2909183,6615951,3000000,60,60,0,31,30,44.22,none,f,f+h+q,3,1080,1920,1080,1920,"SimulcastEncoderAdapter (libvpx, libvpx, libvpx)",15,0,8,0,0,0.002666,0.026,0,,,,,,,live:a,"{""qualityLimitationDurations"":{""cpu"":0,""none"":586.216,""other"":0,""bandwidth"":16.277}}"
2026-08-30T16:31:09.885749+00:00,2026-08-30T16:31:08.81+00:00,director_shot_emitted,,a,show-jm6rlv90,,,,,,,,,,,,,,,,,,,,,,,,,,,,,,,,,,"{""shot"":""bRoll"",""slot"":""a"",""sourceRole"":""side"",""decisionSource"":""auto"",""targetIdentity"":""camfeed-a-side-ed8271dc""}"
2026-08-30T16:31:09.885749+00:00,2026-08-30T16:31:08.811+00:00,shot_publish_success,,a,show-jm6rlv90,,,,,,,,,,,,,,,,,,,,,,,,,,,,,,,,,,"{""shot"":""bRoll"",""slot"":""a"",""commandId"":""8a8be33d-9616-44e0-b0e7-b19645dd58af"",""decisionSource"":""auto"",""connectionState"":""connected""}"
2026-08-30T16:31:10.669669+00:00,2026-08-30T16:31:09.554+00:00,mic_level_sample,,a,show-jm6rlv90,,,,,,,,,,,,,,,,,,,,,,,,,,,,,,,,,,"{""deviceId"":""a58e21953fa187ebbfa035f4c18fb6d2d3f12f0c3a35994d56f0781fea8405af"",""inputRms"":0.06112017718289213,""outputRms"":0.15510165320258923,""deviceLabel"":""MacBook Air Microphone (Built-in)"",""audioContextState"":""running""}"
2026-08-30T16:31:11.646643+00:00,2026-08-30T16:31:10.523+00:00,pub_stats,,a,show-jm6rlv90,3064156,6615951,2991282,60,60,0,31,30,40.87,none,f,f+h+q,3,1080,1920,1080,1920,"SimulcastEncoderAdapter (libvpx, libvpx, libvpx)",15,0,8,0,0,0.0024879999999999998,0.027,0,,,,,,,live:a,"{""qualityLimitationDurations"":{""cpu"":0,""none"":588.217,""other"":0,""bandwidth"":16.277}}"
2026-08-30T16:31:11.646643+00:00,2026-08-30T16:31:11.522+00:00,track_liveness_snapshot,,a,show-jm6rlv90,,,,,,,,,,,,,,,,,,,,,,,,,,,,,,,,,,"{""entries"":[{""key"":""contestant-a-c79e4705:TR_VC5tpJKFMjd7Vk"",""frames"":null,""reason"":null,""staleSec"":605,""probation"":false},{""key"":""camfeed-a-close-43299d5e:TR_VCaurcVv5msMsD"",""frames"":9311,""reason"":null,""staleSec"":1,""probation"":false},{""key"":""camfeed-a-side-ed8271dc:TR_VCccrcL4NnnzV2"",""frames"":8403,""reason"":null,""staleSec"":1,""probation"":false}],""trackCount"":3,""ineligibleCount"":0}"
2026-08-30T16:31:13.664081+00:00,2026-08-30T16:31:12.523+00:00,pub_stats,,a,show-jm6rlv90,3022272,6615951,2985605,60,60,0,31,30,37.83,none,f,f+h+q,3,1080,1920,1080,1920,"SimulcastEncoderAdapter (libvpx, libvpx, libvpx)",15,0,8,0,0,0.002722,0.027,0,,,,,,,live:a,"{""qualityLimitationDurations"":{""cpu"":0,""none"":590.217,""other"":0,""bandwidth"":16.277}}"
2026-08-30T16:31:15.659366+00:00,2026-08-30T16:31:14.522+00:00,pub_stats,,a,show-jm6rlv90,2910271,6615951,3000000,59,59,0,30,30,35.85,none,f,f+h+q,3,1080,1920,1080,1920,"SimulcastEncoderAdapter (libvpx, libvpx, libvpx)",15,0,8,0,0,0.0025,0.024,0,,,,,,,live:a,"{""qualityLimitationDurations"":{""cpu"":0,""none"":592.216,""other"":0,""bandwidth"":16.277}}"
2026-08-30T16:31:15.659366+00:00,2026-08-30T16:31:14.524+00:00,director_heartbeat,,a,show-jm6rlv90,,,,,,,,,,,,,,,,,,,,,,,,,,,,,,,,,,"{""state"":""running""}"
2026-08-30T16:31:15.659366+00:00,2026-08-30T16:31:14.554+00:00,mic_level_sample,,a,show-jm6rlv90,,,,,,,,,,,,,,,,,,,,,,,,,,,,,,,,,,"{""deviceId"":""a58e21953fa187ebbfa035f4c18fb6d2d3f12f0c3a35994d56f0781fea8405af"",""inputRms"":0.027219025693506683,""outputRms"":0.10599388298462895,""deviceLabel"":""MacBook Air Microphone (Built-in)"",""audioContextState"":""running""}"
2026-08-30T16:31:17.732058+00:00,2026-08-30T16:31:16.522+00:00,pub_stats,,a,show-jm6rlv90,3024508,6615951,3000000,60,60,0,30,30,32.75,none,f,f+h+q,3,1080,1920,1080,1920,"SimulcastEncoderAdapter (libvpx, libvpx, libvpx)",15,0,8,0,0,0.002577,0.024,0,,,,,,,live:a,"{""qualityLimitationDurations"":{""cpu"":0,""none"":594.216,""other"":0,""bandwidth"":16.277}}"
2026-08-30T16:31:17.732058+00:00,2026-08-30T16:31:17.022+00:00,track_liveness_snapshot,,a,show-jm6rlv90,,,,,,,,,,,,,,,,,,,,,,,,,,,,,,,,,,"{""entries"":[{""key"":""contestant-a-c79e4705:TR_VC5tpJKFMjd7Vk"",""frames"":null,""reason"":null,""staleSec"":611,""probation"":false},{""key"":""camfeed-a-close-43299d5e:TR_VCaurcVv5msMsD"",""frames"":9447,""reason"":null,""staleSec"":1,""probation"":false},{""key"":""camfeed-a-side-ed8271dc:TR_VCccrcL4NnnzV2"",""frames"":8583,""reason"":null,""staleSec"":1,""probation"":false}],""trackCount"":3,""ineligibleCount"":0}"
2026-08-30T16:31:18.645858+00:00,2026-08-30T16:31:17.569+00:00,director_shot_emitted,,a,show-jm6rlv90,,,,,,,,,,,,,,,,,,,,,,,,,,,,,,,,,,"{""shot"":""mediumCU"",""slot"":""a"",""sourceRole"":""main"",""decisionSource"":""auto"",""targetIdentity"":""contestant-a-c79e4705""}"
2026-08-30T16:31:18.645858+00:00,2026-08-30T16:31:17.569+00:00,shot_publish_success,,a,show-jm6rlv90,,,,,,,,,,,,,,,,,,,,,,,,,,,,,,,,,,"{""shot"":""mediumCU"",""slot"":""a"",""commandId"":""f6f8c5ac-b2d9-42dd-8e4c-3abbbf71c708"",""decisionSource"":""auto"",""connectionState"":""connected""}"
2026-08-30T16:31:19.659699+00:00,2026-08-30T16:31:18.522+00:00,pub_stats,,a,show-jm6rlv90,3010260,6615951,2976400,60,60,0,30,30,38.85,none,f,f+h+q,3,1080,1920,1080,1920,"SimulcastEncoderAdapter (libvpx, libvpx, libvpx)",15,0,8,0,0,0.002444,0.024,0,,,,,,,live:a,"{""qualityLimitationDurations"":{""cpu"":0,""none"":596.217,""other"":0,""bandwidth"":16.277}}"
2026-08-30T16:31:20.654114+00:00,2026-08-30T16:31:19.553+00:00,mic_level_sample,,a,show-jm6rlv90,,,,,,,,,,,,,,,,,,,,,,,,,,,,,,,,,,"{""deviceId"":""a58e21953fa187ebbfa035f4c18fb6d2d3f12f0c3a35994d56f0781fea8405af"",""inputRms"":0.06134493979492156,""outputRms"":0.15094286269013804,""deviceLabel"":""MacBook Air Microphone (Built-in)"",""audioContextState"":""running""}"
2026-08-30T16:31:21.653333+00:00,2026-08-30T16:31:20.522+00:00,pub_stats,,a,show-jm6rlv90,2964604,6615951,2994580,60,60,0,30,30,37.23,none,f,f+h+q,3,1080,1920,1080,1920,"SimulcastEncoderAdapter (libvpx, libvpx, libvpx)",15,0,8,0,0,0.002577,0.024,0,,,,,,,live:a,"{""qualityLimitationDurations"":{""cpu"":0,""none"":598.217,""other"":0,""bandwidth"":16.277}}"
2026-08-30T16:31:22.667895+00:00,2026-08-30T16:31:22.022+00:00,track_liveness_snapshot,,a,show-jm6rlv90,,,,,,,,,,,,,,,,,,,,,,,,,,,,,,,,,,"{""entries"":[{""key"":""contestant-a-c79e4705:TR_VC5tpJKFMjd7Vk"",""frames"":null,""reason"":null,""staleSec"":616,""probation"":false},{""key"":""camfeed-a-close-43299d5e:TR_VCaurcVv5msMsD"",""frames"":9553,""reason"":null,""staleSec"":1,""probation"":false},{""key"":""camfeed-a-side-ed8271dc:TR_VCccrcL4NnnzV2"",""frames"":8733,""reason"":null,""staleSec"":1,""probation"":false}],""trackCount"":3,""ineligibleCount"":0}"
2026-08-30T16:31:23.670582+00:00,2026-08-30T16:31:22.522+00:00,pub_stats,,a,show-jm6rlv90,3045396,6615951,3000000,60,60,0,30,30,41.02,none,f,f+h+q,3,1080,1920,1080,1920,"SimulcastEncoderAdapter (libvpx, libvpx, libvpx)",15,0,8,0,0,0.002655,0.026,0,,,,,,,live:a,"{""qualityLimitationDurations"":{""cpu"":0,""none"":600.216,""other"":0,""bandwidth"":16.277}}"
2026-08-30T16:31:25.688516+00:00,2026-08-30T16:31:24.522+00:00,pub_stats,,a,show-jm6rlv90,2972300,6615951,3000000,60,60,0,30,30,46.28,none,f,f+h+q,3,1080,1920,1080,1920,"SimulcastEncoderAdapter (libvpx, libvpx, libvpx)",15,0,8,0,0,0.0024549999999999997,0.026,0,,,,,,,live:a,"{""qualityLimitationDurations"":{""cpu"":0,""none"":602.216,""other"":0,""bandwidth"":16.277}}"
2026-08-30T16:31:25.688516+00:00,2026-08-30T16:31:24.524+00:00,director_heartbeat,,a,show-jm6rlv90,,,,,,,,,,,,,,,,,,,,,,,,,,,,,,,,,,"{""state"":""running""}"
2026-08-30T16:31:25.688516+00:00,2026-08-30T16:31:24.554+00:00,mic_level_sample,,a,show-jm6rlv90,,,,,,,,,,,,,,,,,,,,,,,,,,,,,,,,,,"{""deviceId"":""a58e21953fa187ebbfa035f4c18fb6d2d3f12f0c3a35994d56f0781fea8405af"",""inputRms"":0.024254292688411824,""outputRms"":0.2426936127404204,""deviceLabel"":""MacBook Air Microphone (Built-in)"",""audioContextState"":""running""}"
2026-08-30T16:31:27.655143+00:00,2026-08-30T16:31:26.522+00:00,pub_stats,,a,show-jm6rlv90,2972024,6615951,3000000,60,60,0,30,30,47.9,none,f,f+h+q,3,1080,1920,1080,1920,"SimulcastEncoderAdapter (libvpx, libvpx, libvpx)",15,0,8,0,0,0.0025,0.026,0,,,,,,,live:a,"{""qualityLimitationDurations"":{""cpu"":0,""none"":604.216,""other"":0,""bandwidth"":16.277}}"
2026-08-30T16:31:27.655143+00:00,2026-08-30T16:31:27.521+00:00,track_liveness_snapshot,,a,show-jm6rlv90,,,,,,,,,,,,,,,,,,,,,,,,,,,,,,,,,,"{""entries"":[{""key"":""contestant-a-c79e4705:TR_VC5tpJKFMjd7Vk"",""frames"":null,""reason"":null,""staleSec"":621,""probation"":false},{""key"":""camfeed-a-close-43299d5e:TR_VCaurcVv5msMsD"",""frames"":9703,""reason"":null,""staleSec"":1,""probation"":false},{""key"":""camfeed-a-side-ed8271dc:TR_VCccrcL4NnnzV2"",""frames"":8884,""reason"":null,""staleSec"":1,""probation"":false}],""trackCount"":3,""ineligibleCount"":0}"
2026-08-30T16:31:29.668369+00:00,2026-08-30T16:31:28.522+00:00,pub_stats,,a,show-jm6rlv90,3136144,6687120,2939585,60,60,0,30,30,57.15,none,f,f+h+q,3,1080,1920,1080,1920,"SimulcastEncoderAdapter (libvpx, libvpx, libvpx)",15,0,8,0,0,0.002588,0.026,0,,,,,,,live:a,"{""qualityLimitationDurations"":{""cpu"":0,""none"":606.217,""other"":0,""bandwidth"":16.277}}"
2026-08-30T16:31:30.692362+00:00,2026-08-30T16:31:29.553+00:00,mic_level_sample,,a,show-jm6rlv90,,,,,,,,,,,,,,,,,,,,,,,,,,,,,,,,,,"{""deviceId"":""a58e21953fa187ebbfa035f4c18fb6d2d3f12f0c3a35994d56f0781fea8405af"",""inputRms"":0.03860884469863857,""outputRms"":0.2971152773928381,""deviceLabel"":""MacBook Air Microphone (Built-in)"",""audioContextState"":""running""}"
2026-08-30T16:31:31.711114+00:00,2026-08-30T16:31:30.523+00:00,pub_stats,,a,show-jm6rlv90,2820726,6687120,3000000,60,60,0,30,31,57.2,none,f,f+h+q,3,1080,1920,1080,1920,"SimulcastEncoderAdapter (libvpx, libvpx, libvpx)",15,0,8,0,0,0.002144,0.025,0,,,,,,,live:a,"{""qualityLimitationDurations"":{""cpu"":0,""none"":608.217,""other"":0,""bandwidth"":16.277}}"
2026-08-30T16:31:31.711114+00:00,2026-08-30T16:31:30.608+00:00,shot_publish_success,,a,show-jm6rlv90,,,,,,,,,,,,,,,,,,,,,,,,,,,,,,,,,,"{""shot"":""closeUp"",""slot"":""a"",""commandId"":""b06016b4-1870-44a7-80f7-51c81a1e0556"",""decisionSource"":""auto"",""connectionState"":""connected""}"
2026-08-30T16:31:31.711114+00:00,2026-08-30T16:31:30.608+00:00,director_shot_emitted,,a,show-jm6rlv90,,,,,,,,,,,,,,,,,,,,,,,,,,,,,,,,,,"{""shot"":""closeUp"",""slot"":""a"",""sourceRole"":""close"",""decisionSource"":""auto"",""targetIdentity"":""camfeed-a-close-43299d5e""}"
2026-08-30T16:31:31.711114+00:00,2026-08-30T16:31:31.446+00:00,backing_deck_raf,,a,show-jm6rlv90,,,,,,,,,,,,,,,,,,,,,,,,,,,,,interval,,,,,"{""elapsedMs"":30024,""idleFrames"":0,""hasDuration"":true,""activeFrames"":1335,""changedLabel"":29,""changedWidth"":1243,""playingFrames"":1243}"
2026-08-30T16:31:32.776317+00:00,2026-08-30T16:31:32.522+00:00,track_liveness_snapshot,,a,show-jm6rlv90,,,,,,,,,,,,,,,,,,,,,,,,,,,,,,,,,,"{""entries"":[{""key"":""contestant-a-c79e4705:TR_VC5tpJKFMjd7Vk"",""frames"":null,""reason"":null,""staleSec"":626,""probation"":false},{""key"":""camfeed-a-close-43299d5e:TR_VCaurcVv5msMsD"",""frames"":9853,""reason"":null,""staleSec"":1,""probation"":false},{""key"":""camfeed-a-side-ed8271dc:TR_VCccrcL4NnnzV2"",""frames"":9034,""reason"":null,""staleSec"":1,""probation"":false}],""trackCount"":3,""ineligibleCount"":0}"
2026-08-30T16:31:33.84765+00:00,2026-08-30T16:31:32.523+00:00,pub_stats,,a,show-jm6rlv90,2976876,6687120,2972975,60,60,0,30,30,46.98,none,f,f+h+q,3,1080,1920,1080,1920,"SimulcastEncoderAdapter (libvpx, libvpx, libvpx)",15,0,8,0,0,0.002866,0.026,0,,,,,,,live:a,"{""qualityLimitationDurations"":{""cpu"":0,""none"":610.217,""other"":0,""bandwidth"":16.277}}"
2026-08-30T16:31:35.660657+00:00,2026-08-30T16:31:34.522+00:00,pub_stats,,a,show-jm6rlv90,3029979,6687120,2941945,60,60,0,30,30,42.17,none,f,f+h+q,3,1080,1920,1080,1920,"SimulcastEncoderAdapter (libvpx, libvpx, libvpx)",15,0,8,0,0,0.0025,0.026,0,,,,,,,live:a,"{""qualityLimitationDurations"":{""cpu"":0,""none"":612.216,""other"":0,""bandwidth"":16.277}}"
2026-08-30T16:31:35.660657+00:00,2026-08-30T16:31:34.524+00:00,director_heartbeat,,a,show-jm6rlv90,,,,,,,,,,,,,,,,,,,,,,,,,,,,,,,,,,"{""state"":""running""}"
2026-08-30T16:31:35.660657+00:00,2026-08-30T16:31:34.554+00:00,mic_level_sample,,a,show-jm6rlv90,,,,,,,,,,,,,,,,,,,,,,,,,,,,,,,,,,"{""deviceId"":""a58e21953fa187ebbfa035f4c18fb6d2d3f12f0c3a35994d56f0781fea8405af"",""inputRms"":0.0006252074266886227,""outputRms"":0.0009921085945579972,""deviceLabel"":""MacBook Air Microphone (Built-in)"",""audioContextState"":""running""}"
2026-08-30T16:31:37.759449+00:00,2026-08-30T16:31:36.522+00:00,pub_stats,,a,show-jm6rlv90,2980388,6687120,3000000,60,60,0,30,30,37.73,none,f,f+h+q,3,1080,1920,1080,1920,"SimulcastEncoderAdapter (libvpx, libvpx, libvpx)",15,0,8,0,0,0.0025659999999999997,0.026,0,,,,,,,live:a,"{""qualityLimitationDurations"":{""cpu"":0,""none"":614.216,""other"":0,""bandwidth"":16.277}}"
2026-08-30T16:31:37.759449+00:00,2026-08-30T16:31:37.32+00:00,director_shot_emitted,,a,show-jm6rlv90,,,,,,,,,,,,,,,,,,,,,,,,,,,,,,,,,,"{""shot"":""bRoll"",""slot"":""a"",""sourceRole"":""side"",""decisionSource"":""auto"",""targetIdentity"":""camfeed-a-side-ed8271dc""}"
2026-08-30T16:31:37.759449+00:00,2026-08-30T16:31:37.321+00:00,shot_publish_success,,a,show-jm6rlv90,,,,,,,,,,,,,,,,,,,,,,,,,,,,,,,,,,"{""shot"":""bRoll"",""slot"":""a"",""commandId"":""575b6387-8352-43b2-a446-9a67fb7894a4"",""decisionSource"":""auto"",""connectionState"":""connected""}"
2026-08-30T16:31:37.759449+00:00,2026-08-30T16:31:37.522+00:00,track_liveness_snapshot,,a,show-jm6rlv90,,,,,,,,,,,,,,,,,,,,,,,,,,,,,,,,,,"{""entries"":[{""key"":""contestant-a-c79e4705:TR_VC5tpJKFMjd7Vk"",""frames"":null,""reason"":null,""staleSec"":631,""probation"":false},{""key"":""camfeed-a-close-43299d5e:TR_VCaurcVv5msMsD"",""frames"":10003,""reason"":null,""staleSec"":1,""probation"":false},{""key"":""camfeed-a-side-ed8271dc:TR_VCccrcL4NnnzV2"",""frames"":9184,""reason"":null,""staleSec"":1,""probation"":false}],""trackCount"":3,""ineligibleCount"":0}"
2026-08-30T16:31:39.693695+00:00,2026-08-30T16:31:38.523+00:00,pub_stats,,a,show-jm6rlv90,3031544,6687120,2982212,60,60,0,30,30,36.2,none,f,f+h+q,3,1080,1920,1080,1920,"SimulcastEncoderAdapter (libvpx, libvpx, libvpx)",15,0,8,0,0,0.002688,0.025,0,,,,,,,live:a,"{""qualityLimitationDurations"":{""cpu"":0,""none"":616.217,""other"":0,""bandwidth"":16.277}}"
2026-08-30T16:31:40.657494+00:00,2026-08-30T16:31:39.553+00:00,mic_level_sample,,a,show-jm6rlv90,,,,,,,,,,,,,,,,,,,,,,,,,,,,,,,,,,"{""deviceId"":""a58e21953fa187ebbfa035f4c18fb6d2d3f12f0c3a35994d56f0781fea8405af"",""inputRms"":0.0246732295906567,""outputRms"":0.34284083164772317,""deviceLabel"":""MacBook Air Microphone (Built-in)"",""audioContextState"":""running""}"
2026-08-30T16:31:41.671825+00:00,2026-08-30T16:31:40.523+00:00,pub_stats,,a,show-jm6rlv90,3025100,6687120,2959142,60,60,0,30,30,49.98,none,f,f+h+q,3,1080,1920,1080,1920,"SimulcastEncoderAdapter (libvpx, libvpx, libvpx)",15,0,8,0,0,0.002555,0.026,0,,,,,,,live:a,"{""qualityLimitationDurations"":{""cpu"":0,""none"":618.217,""other"":0,""bandwidth"":16.277}}"
2026-08-30T16:31:42.710067+00:00,2026-08-30T16:31:42.523+00:00,track_liveness_snapshot,,a,show-jm6rlv90,,,,,,,,,,,,,,,,,,,,,,,,,,,,,,,,,,"{""entries"":[{""key"":""contestant-a-c79e4705:TR_VC5tpJKFMjd7Vk"",""frames"":null,""reason"":null,""staleSec"":636,""probation"":false},{""key"":""camfeed-a-close-43299d5e:TR_VCaurcVv5msMsD"",""frames"":10154,""reason"":null,""staleSec"":1,""probation"":false},{""key"":""camfeed-a-side-ed8271dc:TR_VCccrcL4NnnzV2"",""frames"":9333,""reason"":null,""staleSec"":1,""probation"":false}],""trackCount"":3,""ineligibleCount"":0}"
2026-08-30T16:31:43.670848+00:00,2026-08-30T16:31:42.523+00:00,pub_stats,,a,show-jm6rlv90,2879168,6687120,3000000,60,60,0,31,30,56.72,none,f,f+h+q,3,1080,1920,1080,1920,"SimulcastEncoderAdapter (libvpx, libvpx, libvpx)",15,0,8,0,0,0.003333,0.027,0,,,,,,,live:a,"{""qualityLimitationDurations"":{""cpu"":0,""none"":620.217,""other"":0,""bandwidth"":16.277}}"
2026-08-30T16:31:45.688847+00:00,2026-08-30T16:31:44.522+00:00,pub_stats,,a,show-jm6rlv90,2889861,6687120,3000000,60,60,0,31,30,46.57,none,f,f+h+q,3,1080,1920,1080,1920,"SimulcastEncoderAdapter (libvpx, libvpx, libvpx)",15,0,8,0,0,0.0029219999999999997,0.027,0,,,,,,,live:a,"{""qualityLimitationDurations"":{""cpu"":0,""none"":622.216,""other"":0,""bandwidth"":16.277}}"
2026-08-30T16:31:45.688847+00:00,2026-08-30T16:31:44.524+00:00,director_heartbeat,,a,show-jm6rlv90,,,,,,,,,,,,,,,,,,,,,,,,,,,,,,,,,,"{""state"":""running""}"
2026-08-30T16:31:45.688847+00:00,2026-08-30T16:31:44.554+00:00,mic_level_sample,,a,show-jm6rlv90,,,,,,,,,,,,,,,,,,,,,,,,,,,,,,,,,,"{""deviceId"":""a58e21953fa187ebbfa035f4c18fb6d2d3f12f0c3a35994d56f0781fea8405af"",""inputRms"":0.03457915718946265,""outputRms"":0.20236347504230587,""deviceLabel"":""MacBook Air Microphone (Built-in)"",""audioContextState"":""running""}"
2026-08-30T16:31:47.671035+00:00,2026-08-30T16:31:46.522+00:00,pub_stats,,a,show-jm6rlv90,3066564,6687120,2941015,60,60,0,31,30,42.15,none,f,f+h+q,3,1080,1920,1080,1920,"SimulcastEncoderAdapter (libvpx, libvpx, libvpx)",15,0,8,0,0,0.0027329999999999998,0.025,0,,,,,,,live:a,"{""qualityLimitationDurations"":{""cpu"":0,""none"":624.216,""other"":0,""bandwidth"":16.277}}"
2026-08-30T16:31:48.70171+00:00,2026-08-30T16:31:48.021+00:00,track_liveness_snapshot,,a,show-jm6rlv90,,,,,,,,,,,,,,,,,,,,,,,,,,,,,,,,,,"{""entries"":[{""key"":""contestant-a-c79e4705:TR_VC5tpJKFMjd7Vk"",""frames"":null,""reason"":null,""staleSec"":641,""probation"":false},{""key"":""camfeed-a-close-43299d5e:TR_VCaurcVv5msMsD"",""frames"":10334,""reason"":null,""staleSec"":0,""probation"":false},{""key"":""camfeed-a-side-ed8271dc:TR_VCccrcL4NnnzV2"",""frames"":9513,""reason"":null,""staleSec"":0,""probation"":false}],""trackCount"":3,""ineligibleCount"":0}"
2026-08-30T16:31:49.66528+00:00,2026-08-30T16:31:48.523+00:00,pub_stats,,a,show-jm6rlv90,3009711,6687120,3000000,60,60,0,31,30,33.42,none,f,f+h+q,3,1080,1920,1080,1920,"SimulcastEncoderAdapter (libvpx, libvpx, libvpx)",15,0,8,0,0,0.002933,0.025,0,,,,,,,live:a,"{""qualityLimitationDurations"":{""cpu"":0,""none"":626.217,""other"":0,""bandwidth"":16.277}}"
2026-08-30T16:31:49.66528+00:00,2026-08-30T16:31:48.778+00:00,audio_host_track_loaded,,a,show-jm6rlv90,,,,,,,,,,,,,,,,,,,,,,,,,,,,,,,,,,"{""trackHash"":""cb1a5d97f140508b8dcf44f0e214af0ca1f65e29ad9a997c0b6ffeadfbe2cd32"",""trackName"":""YTDown.com_YouTube_SO-FINE-KOREY-OFFICIAL-MUSIC-VIDEO_Media_TbQQHot1YiY_009_128k""}"
2026-08-30T16:31:49.66528+00:00,2026-08-30T16:31:48.778+00:00,deck_track_adopted,,a,show-jm6rlv90,,,,,,,,,,,,,,,,,,,,,,,,,,,,,,,host,,,"{""hadPlayer"":true,""trackHash"":""cb1a5d97f140508b8dcf44f0e214af0ca1f65e29ad9a997c0b6ffeadfbe2cd32""}"
2026-08-30T16:31:49.66528+00:00,2026-08-30T16:31:48.794+00:00,backing_deck_loaded,,a,show-jm6rlv90,,,,,,,,,,,,,,,,,,,,,,,,,,,,,,,uploaded,,,"{""durationSec"":195,""waveformPoints"":180,""approxBufferBytes"":68952064}"
2026-08-30T16:31:49.66528+00:00,2026-08-30T16:31:48.794+00:00,backing_deck_raf,,a,show-jm6rlv90,,,,,,,,,,,,,,,,,,,,,,,,,,,,,teardown,,,,,"{""elapsedMs"":17348,""idleFrames"":0,""hasDuration"":true,""activeFrames"":1144,""changedLabel"":7,""changedWidth"":429,""playingFrames"":429}"
2026-08-30T16:31:50.714812+00:00,2026-08-30T16:31:49.554+00:00,mic_level_sample,,a,show-jm6rlv90,,,,,,,,,,,,,,,,,,,,,,,,,,,,,,,,,,"{""deviceId"":""a58e21953fa187ebbfa035f4c18fb6d2d3f12f0c3a35994d56f0781fea8405af"",""inputRms"":0.0008906225353086119,""outputRms"":0.0014349734465738497,""deviceLabel"":""MacBook Air Microphone (Built-in)"",""audioContextState"":""running""}"
2026-08-30T16:31:50.714812+00:00,2026-08-30T16:31:49.566+00:00,director_shot_emitted,,a,show-jm6rlv90,,,,,,,,,,,,,,,,,,,,,,,,,,,,,,,,,,"{""shot"":""pan"",""slot"":""a"",""sourceRole"":""main"",""decisionSource"":""auto"",""targetIdentity"":""contestant-a-c79e4705""}"
2026-08-30T16:31:50.714812+00:00,2026-08-30T16:31:49.566+00:00,shot_publish_success,,a,show-jm6rlv90,,,,,,,,,,,,,,,,,,,,,,,,,,,,,,,,,,"{""shot"":""pan"",""slot"":""a"",""commandId"":""62672163-b116-4b9e-868d-d3b905354b89"",""decisionSource"":""auto"",""connectionState"":""connected""}"
2026-08-30T16:31:51.686858+00:00,2026-08-30T16:31:50.522+00:00,pub_stats,,a,show-jm6rlv90,2905605,6687120,3000000,60,60,0,31,30,31.87,none,f,f+h+q,3,1080,1920,1080,1920,"SimulcastEncoderAdapter (libvpx, libvpx, libvpx)",15,0,8,0,0,0.002533,0.025,0,,,,,,,live:a,"{""qualityLimitationDurations"":{""cpu"":0,""none"":628.217,""other"":0,""bandwidth"":16.277}}"
2026-08-30T16:31:52.689245+00:00,2026-08-30T16:31:51.909+00:00,cue_playback_started,,a,show-jm6rlv90,,,,,,,,,,,,,,,,,,,,,,,,,,,,,,,,,,"{""sheetId"":6,""cueCount"":11}"
2026-08-30T16:31:52.689245+00:00,2026-08-30T16:31:51.909+00:00,mode_changed,,a,show-jm6rlv90,,,,,,,,,,,,,,,,,,,,,,,,,,,,,,,,,,"{""mode"":""cue""}"
2026-08-30T16:31:53.682693+00:00,2026-08-30T16:31:52.523+00:00,pub_stats,,a,show-jm6rlv90,3058607,6687120,3000000,60,60,0,31,30,26.6,none,f,f+h+q,3,1080,1920,1080,1920,"SimulcastEncoderAdapter (libvpx, libvpx, libvpx)",15,0,8,0,0,0.003133,0.025,0,,,,,,,live:a,"{""qualityLimitationDurations"":{""cpu"":0,""none"":630.217,""other"":0,""bandwidth"":16.277}}"
2026-08-30T16:31:53.682693+00:00,2026-08-30T16:31:53.021+00:00,track_liveness_snapshot,,a,show-jm6rlv90,,,,,,,,,,,,,,,,,,,,,,,,,,,,,,,,,,"{""entries"":[{""key"":""contestant-a-c79e4705:TR_VC5tpJKFMjd7Vk"",""frames"":null,""reason"":null,""staleSec"":646,""probation"":false},{""key"":""camfeed-a-close-43299d5e:TR_VCaurcVv5msMsD"",""frames"":10484,""reason"":null,""staleSec"":0,""probation"":false},{""key"":""camfeed-a-side-ed8271dc:TR_VCccrcL4NnnzV2"",""frames"":9663,""reason"":null,""staleSec"":0,""probation"":false}],""trackCount"":3,""ineligibleCount"":0}"
2026-08-30T16:31:55.651016+00:00,2026-08-30T16:31:54.523+00:00,pub_stats,,a,show-jm6rlv90,3005632,6797863,2906662,60,60,0,31,30,42.12,none,f,f+h+q,3,1080,1920,1080,1920,"SimulcastEncoderAdapter (libvpx, libvpx, libvpx)",15,0,8,0,0,0.003244,0.028,0,,,,,,,live:a,"{""qualityLimitationDurations"":{""cpu"":0,""none"":632.216,""other"":0,""bandwidth"":16.277}}"
2026-08-30T16:31:55.651016+00:00,2026-08-30T16:31:54.524+00:00,director_heartbeat,,a,show-jm6rlv90,,,,,,,,,,,,,,,,,,,,,,,,,,,,,,,,,,"{""state"":""suspended""}"
2026-08-30T16:31:55.651016+00:00,2026-08-30T16:31:54.553+00:00,mic_level_sample,,a,show-jm6rlv90,,,,,,,,,,,,,,,,,,,,,,,,,,,,,,,,,,"{""deviceId"":""a58e21953fa187ebbfa035f4c18fb6d2d3f12f0c3a35994d56f0781fea8405af"",""inputRms"":0.001625371834275366,""outputRms"":0.0027228656943961167,""deviceLabel"":""MacBook Air Microphone (Built-in)"",""audioContextState"":""running""}"
2026-08-30T16:31:57.65276+00:00,2026-08-30T16:31:56.523+00:00,pub_stats,,a,show-jm6rlv90,2901212,6797863,3000000,60,60,0,31,30,36.92,none,f,f+h+q,3,1080,1920,1080,1920,"SimulcastEncoderAdapter (libvpx, libvpx, libvpx)",15,0,8,0,0,0.002688,0.026,0,,,,,,,live:a,"{""qualityLimitationDurations"":{""cpu"":0,""none"":634.217,""other"":0,""bandwidth"":16.277}}"
2026-08-30T16:31:58.649117+00:00,2026-08-30T16:31:58.021+00:00,track_liveness_snapshot,,a,show-jm6rlv90,,,,,,,,,,,,,,,,,,,,,,,,,,,,,,,,,,"{""entries"":[{""key"":""contestant-a-c79e4705:TR_VC5tpJKFMjd7Vk"",""frames"":null,""reason"":null,""staleSec"":651,""probation"":false},{""key"":""camfeed-a-close-43299d5e:TR_VCaurcVv5msMsD"",""frames"":10634,""reason"":null,""staleSec"":0,""probation"":false},{""key"":""camfeed-a-side-ed8271dc:TR_VCccrcL4NnnzV2"",""frames"":9813,""reason"":null,""staleSec"":0,""probation"":false}],""trackCount"":3,""ineligibleCount"":0}"
2026-08-30T16:31:59.657619+00:00,2026-08-30T16:31:58.523+00:00,pub_stats,,a,show-jm6rlv90,2855156,6797863,3000000,60,60,0,31,30,29.27,none,f,f+h+q,3,1080,1920,1080,1920,"SimulcastEncoderAdapter (libvpx, libvpx, libvpx)",15,0,8,0,0,0.002866,0.026,0,,,,,,,live:a,"{""qualityLimitationDurations"":{""cpu"":0,""none"":636.217,""other"":0,""bandwidth"":16.277}}"
2026-08-30T16:31:59.657619+00:00,2026-08-30T16:31:59.311+00:00,shot_publish_success,,a,show-jm6rlv90,,,,,,,,,,,,,,,,,,,,,,,,,,,,,,,,,,"{""shot"":""zoomIn"",""slot"":""a"",""commandId"":""5a38c4e5-f8e0-4d61-bdd3-3f9cdd9a7581"",""decisionSource"":""cue"",""connectionState"":""connected""}"
2026-08-30T16:31:59.657619+00:00,2026-08-30T16:31:59.311+00:00,cue_fired,,a,show-jm6rlv90,,,,,,,,,,,,,,,,,,,,,,,,,,,,,,,,,,"{""shot"":""zoomIn"",""clipId"":null,""sheetId"":6,""slotRole"":""main"",""timestampMs"":3019,""resolvedTarget"":""contestant-a-c79e4705""}"
2026-08-30T16:32:00.659469+00:00,2026-08-30T16:31:59.554+00:00,mic_level_sample,,a,show-jm6rlv90,,,,,,,,,,,,,,,,,,,,,,,,,,,,,,,,,,"{""deviceId"":""a58e21953fa187ebbfa035f4c18fb6d2d3f12f0c3a35994d56f0781fea8405af"",""inputRms"":0.0120931065931623,""outputRms"":0.07799022190863972,""deviceLabel"":""MacBook Air Microphone (Built-in)"",""audioContextState"":""running""}"
2026-08-30T16:32:01.678613+00:00,2026-08-30T16:32:00.523+00:00,pub_stats,,a,show-jm6rlv90,3223376,6797863,2922190,60,60,0,31,30,28.52,none,f,f+h+q,3,1080,1920,1080,1920,"SimulcastEncoderAdapter (libvpx, libvpx, libvpx)",15,0,8,0,0,0.0027879999999999997,0.026,0,,,,,,,live:a,"{""qualityLimitationDurations"":{""cpu"":0,""none"":638.217,""other"":0,""bandwidth"":16.277}}"
2026-08-30T16:32:02.653629+00:00,2026-08-30T16:32:02.11+00:00,cue_fired,,a,show-jm6rlv90,,,,,,,,,,,,,,,,,,,,,,,,,,,,,,,,,,"{""shot"":""mediumCU"",""clipId"":null,""sheetId"":6,""slotRole"":""close"",""timestampMs"":5683,""resolvedTarget"":""camfeed-a-close-43299d5e""}"
2026-08-30T16:32:02.653629+00:00,2026-08-30T16:32:02.111+00:00,shot_publish_success,,a,show-jm6rlv90,,,,,,,,,,,,,,,,,,,,,,,,,,,,,,,,,,"{""shot"":""mediumCU"",""slot"":""a"",""commandId"":""fc988cc9-6cd1-4c53-96bc-0b02e2f0eee0"",""decisionSource"":""cue"",""connectionState"":""connected""}"
2026-08-30T16:32:03.659367+00:00,2026-08-30T16:32:02.523+00:00,pub_stats,,a,show-jm6rlv90,2896312,6797863,2938710,60,60,0,31,30,41.53,none,f,f+h+q,3,1080,1920,1080,1920,"SimulcastEncoderAdapter (libvpx, libvpx, libvpx)",15,0,8,0,0,0.002388,0.025,0,,,,,,,live:a,"{""qualityLimitationDurations"":{""cpu"":0,""none"":640.217,""other"":0,""bandwidth"":16.277}}"
2026-08-30T16:32:03.659367+00:00,2026-08-30T16:32:03.022+00:00,track_liveness_snapshot,,a,show-jm6rlv90,,,,,,,,,,,,,,,,,,,,,,,,,,,,,,,,,,"{""entries"":[{""key"":""contestant-a-c79e4705:TR_VC5tpJKFMjd7Vk"",""frames"":null,""reason"":null,""staleSec"":657,""probation"":false},{""key"":""camfeed-a-close-43299d5e:TR_VCaurcVv5msMsD"",""frames"":10784,""reason"":null,""staleSec"":1,""probation"":false},{""key"":""camfeed-a-side-ed8271dc:TR_VCccrcL4NnnzV2"",""frames"":9963,""reason"":null,""staleSec"":1,""probation"":false}],""trackCount"":3,""ineligibleCount"":0}"
2026-08-30T16:32:05.664611+00:00,2026-08-30T16:32:04.522+00:00,pub_stats,,a,show-jm6rlv90,3004042,6797863,3000000,60,60,0,31,30,41.27,none,f,f+h+q,3,1080,1920,1080,1920,"SimulcastEncoderAdapter (libvpx, libvpx, libvpx)",15,0,8,0,0,0.0027329999999999998,0.025,0,,,,,,,live:a,"{""qualityLimitationDurations"":{""cpu"":0,""none"":642.216,""other"":0,""bandwidth"":16.277}}"
2026-08-30T16:32:05.664611+00:00,2026-08-30T16:32:04.524+00:00,director_heartbeat,,a,show-jm6rlv90,,,,,,,,,,,,,,,,,,,,,,,,,,,,,,,,,,"{""state"":""suspended""}"
2026-08-30T16:32:05.664611+00:00,2026-08-30T16:32:04.554+00:00,mic_level_sample,,a,show-jm6rlv90,,,,,,,,,,,,,,,,,,,,,,,,,,,,,,,,,,"{""deviceId"":""a58e21953fa187ebbfa035f4c18fb6d2d3f12f0c3a35994d56f0781fea8405af"",""inputRms"":0.01550907015028783,""outputRms"":0.12767912828314792,""deviceLabel"":""MacBook Air Microphone (Built-in)"",""audioContextState"":""running""}"
2026-08-30T16:32:07.6592+00:00,2026-08-30T16:32:06.524+00:00,pub_stats,,a,show-jm6rlv90,3013918,6797863,2978472,60,60,0,31,30,46.02,none,f,f+h+q,3,1080,1920,1080,1920,"SimulcastEncoderAdapter (libvpx, libvpx, libvpx)",15,0,8,0,0,0.002866,0.026,0,,,,,,,live:a,"{""qualityLimitationDurations"":{""cpu"":0,""none"":644.217,""other"":0,""bandwidth"":16.277}}"
2026-08-30T16:32:07.6592+00:00,2026-08-30T16:32:07.31+00:00,cue_fired,,a,show-jm6rlv90,,,,,,,,,,,,,,,,,,,,,,,,,,,,,,,,,,"{""shot"":""closeUp"",""clipId"":null,""sheetId"":6,""slotRole"":""side"",""timestampMs"":10948,""resolvedTarget"":""camfeed-a-side-ed8271dc""}"
2026-08-30T16:32:07.6592+00:00,2026-08-30T16:32:07.311+00:00,shot_publish_success,,a,show-jm6rlv90,,,,,,,,,,,,,,,,,,,,,,,,,,,,,,,,,,"{""shot"":""closeUp"",""slot"":""a"",""commandId"":""57f115c3-9f3e-48fd-8b04-5ad970f8457d"",""decisionSource"":""cue"",""connectionState"":""connected""}"
2026-08-30T16:32:08.695835+00:00,2026-08-30T16:32:08.023+00:00,track_liveness_snapshot,,a,show-jm6rlv90,,,,,,,,,,,,,,,,,,,,,,,,,,,,,,,,,,"{""entries"":[{""key"":""contestant-a-c79e4705:TR_VC5tpJKFMjd7Vk"",""frames"":null,""reason"":null,""staleSec"":662,""probation"":false},{""key"":""camfeed-a-close-43299d5e:TR_VCaurcVv5msMsD"",""frames"":10933,""reason"":null,""staleSec"":1,""probation"":false},{""key"":""camfeed-a-side-ed8271dc:TR_VCccrcL4NnnzV2"",""frames"":10113,""reason"":null,""staleSec"":1,""probation"":false}],""trackCount"":3,""ineligibleCount"":0}"
2026-08-30T16:32:09.675923+00:00,2026-08-30T16:32:08.523+00:00,pub_stats,,a,show-jm6rlv90,2976444,6797863,3000000,60,60,0,31,30,47.42,none,f,f+h+q,3,1080,1920,1080,1920,"SimulcastEncoderAdapter (libvpx, libvpx, libvpx)",15,0,8,0,0,0.002866,0.026,0,,,,,,,live:a,"{""qualityLimitationDurations"":{""cpu"":0,""none"":646.217,""other"":0,""bandwidth"":16.277}}"
2026-08-30T16:32:09.675923+00:00,2026-08-30T16:32:09.11+00:00,cue_fired,,a,show-jm6rlv90,,,,,,,,,,,,,,,,,,,,,,,,,,,,,,,,,,"{""shot"":""bRollClip"",""clipId"":""d2931782-016a-4333-8381-a6d04684a131"",""sheetId"":6,""slotRole"":""broll"",""timestampMs"":12765,""resolvedTarget"":null}"
2026-08-30T16:32:09.675923+00:00,2026-08-30T16:32:09.112+00:00,cue_playback_started,,a,show-jm6rlv90,,,,,,,,,,,,,,,,,,,,,,,,,,,,,,,,,,"{""sheetId"":6,""cueCount"":11}"
2026-08-30T16:32:09.675923+00:00,2026-08-30T16:32:09.112+00:00,cue_playback_stopped,,a,show-jm6rlv90,,,,,,,,,,,,,,,,,,,,,,,,,,,,,,,,,,"{""sheetId"":6}"
2026-08-30T16:32:10.665818+00:00,2026-08-30T16:32:09.554+00:00,mic_level_sample,,a,show-jm6rlv90,,,,,,,,,,,,,,,,,,,,,,,,,,,,,,,,,,"{""deviceId"":""a58e21953fa187ebbfa035f4c18fb6d2d3f12f0c3a35994d56f0781fea8405af"",""inputRms"":0.015424805514588033,""outputRms"":0.10976871137023264,""deviceLabel"":""MacBook Air Microphone (Built-in)"",""audioContextState"":""running""}"
2026-08-30T16:32:10.665818+00:00,2026-08-30T16:32:10.284+00:00,shot_publish_success,,a,show-jm6rlv90,,,,,,,,,,,,,,,,,,,,,,,,,,,,,,,,,,"{""shot"":""bRollClip"",""slot"":""a"",""commandId"":""1a7ca3e4-4435-46f0-a469-e3f111e9e4dd"",""decisionSource"":""human"",""connectionState"":""connected""}"
2026-08-30T16:32:10.665818+00:00,2026-08-30T16:32:10.284+00:00,pub_track_published,,a,show-jm6rlv90,,,,,,,,,,,,,,,,,,,,,,,,,,,,,,,screen_share,TR_VSCbLhoYshSRAw,,
2026-08-30T16:32:10.665818+00:00,2026-08-30T16:32:10.284+00:00,track_local_published,,a,show-jm6rlv90,,,,,,,,,,,,,,,,,,,,,,,,,,,,,,,screen_share,,,"{""kind"":""video"",""trackSid"":""TR_VSCbLhoYshSRAw"",""participantIdentity"":""contestant-a-c79e4705""}"
2026-08-30T16:32:10.665818+00:00,2026-08-30T16:32:10.284+00:00,broll_published,,a,show-jm6rlv90,,,,,,,,,,,,,,,,,,,,,,,,,,,,,,,,,,"{""title"":""VID_20260823_173651"",""clipId"":""d2931782-016a-4333-8381-a6d04684a131"",""trackSid"":""TR_VSCbLhoYshSRAw"",""durationMs"":null}"
2026-08-30T16:32:10.665818+00:00,2026-08-30T16:32:10.286+00:00,cue_playback_stopped,,a,show-jm6rlv90,,,,,,,,,,,,,,,,,,,,,,,,,,,,,,,,,,"{""sheetId"":6}"
2026-08-30T16:32:10.665818+00:00,2026-08-30T16:32:10.286+00:00,cue_playback_started,,a,show-jm6rlv90,,,,,,,,,,,,,,,,,,,,,,,,,,,,,,,,,,"{""sheetId"":6,""cueCount"":11}"
2026-08-30T16:32:10.665818+00:00,2026-08-30T16:32:10.521+00:00,track_liveness_snapshot,,a,show-jm6rlv90,,,,,,,,,,,,,,,,,,,,,,,,,,,,,,,,,,"{""entries"":[{""key"":""contestant-a-c79e4705:TR_VC5tpJKFMjd7Vk"",""frames"":null,""reason"":null,""staleSec"":664,""probation"":false},{""key"":""camfeed-a-close-43299d5e:TR_VCaurcVv5msMsD"",""frames"":10993,""reason"":null,""staleSec"":1,""probation"":false},{""key"":""camfeed-a-side-ed8271dc:TR_VCccrcL4NnnzV2"",""frames"":10173,""reason"":null,""staleSec"":1,""probation"":false},{""key"":""contestant-a-c79e4705:TR_VSCbLhoYshSRAw"",""frames"":null,""reason"":null,""staleSec"":0,""probation"":false}],""trackCount"":4,""ineligibleCount"":0}"
2026-08-30T16:32:11.662674+00:00,2026-08-30T16:32:10.522+00:00,pub_stats,,a,show-jm6rlv90,2864564,5333220,1241667,56,56,0,27,30,52.13,none,f,f+h+q,3,1080,1920,1080,1920,"SimulcastEncoderAdapter (libvpx, libvpx, libvpx)",17,0,8,0,0,0.002533,0.025,0,,,,,,,live:a,"{""qualityLimitationDurations"":{""cpu"":0,""none"":648.133,""other"":0,""bandwidth"":16.36}}"
2026-08-30T16:32:13.681905+00:00,2026-08-30T16:32:12.522+00:00,pub_stats,,a,show-jm6rlv90,1544512,5452193,2412660,46,46,0,16,30,90.83,none,f,f+h+q,3,1080,1920,1080,1920,"SimulcastEncoderAdapter (libvpx, libvpx, libvpx)",17,0,8,0,0,0.002944,0.027,0,,,,,,,live:a,"{""qualityLimitationDurations"":{""cpu"":0,""none"":650.134,""other"":0,""bandwidth"":16.36}}"
2026-08-30T16:32:14.750552+00:00,2026-08-30T16:32:13.688+00:00,shot_publish_success,,a,show-jm6rlv90,,,,,,,,,,,,,,,,,,,,,,,,,,,,,,,,,,"{""shot"":""wide"",""slot"":""a"",""commandId"":""5741813c-4dc8-428e-be28-e47e6b50d756"",""decisionSource"":""cue"",""connectionState"":""connected""}"
2026-08-30T16:32:14.750552+00:00,2026-08-30T16:32:13.688+00:00,cue_fired,,a,show-jm6rlv90,,,,,,,,,,,,,,,,,,,,,,,,,,,,,,,,,,"{""shot"":""wide"",""clipId"":null,""sheetId"":6,""slotRole"":""main"",""timestampMs"":17316,""resolvedTarget"":""contestant-a-c79e4705""}"
2026-08-30T16:32:14.750552+00:00,2026-08-30T16:32:14.192+00:00,broll_stopped,,a,show-jm6rlv90,,,,,,,,,,,,,,,,,,,,,,,,,,,,,off_air,,,,,
2026-08-30T16:32:14.750552+00:00,2026-08-30T16:32:14.193+00:00,pub_track_unpublished,,a,show-jm6rlv90,,,,,,,,,,,,,,,,,,,,,,,,,,,,,,,screen_share,TR_VSCbLhoYshSRAw,,
2026-08-30T16:32:14.750552+00:00,2026-08-30T16:32:14.193+00:00,track_local_unpublished,,a,show-jm6rlv90,,,,,,,,,,,,,,,,,,,,,,,,,,,,,,,screen_share,,,"{""kind"":""video"",""trackSid"":""TR_VSCbLhoYshSRAw"",""participantIdentity"":""contestant-a-c79e4705""}"
2026-08-30T16:32:14.750552+00:00,2026-08-30T16:32:14.195+00:00,cue_playback_stopped,,a,show-jm6rlv90,,,,,,,,,,,,,,,,,,,,,,,,,,,,,,,,,,"{""sheetId"":6}"
2026-08-30T16:32:14.750552+00:00,2026-08-30T16:32:14.195+00:00,cue_playback_started,,a,show-jm6rlv90,,,,,,,,,,,,,,,,,,,,,,,,,,,,,,,,,,"{""sheetId"":6,""cueCount"":11}"
2026-08-30T16:32:14.750552+00:00,2026-08-30T16:32:14.262+00:00,broll_unpublished,,a,show-jm6rlv90,,,,,,,,,,,,,,,,,,,,,,,,,,,,,,,,,,"{""clipId"":""d2931782-016a-4333-8381-a6d04684a131""}"
2026-08-30T16:32:14.750552+00:00,2026-08-30T16:32:14.522+00:00,broll_source_ended,,a,show-jm6rlv90,,,,,,,,,,,,,,,,,,,,,,,,,,,,,,,,,,"{""key"":""contestant-a-c79e4705:TR_VSCbLhoYshSRAw"",""identity"":""contestant-a-c79e4705""}"
2026-08-30T16:32:14.750552+00:00,2026-08-30T16:32:14.522+00:00,track_liveness_snapshot,,a,show-jm6rlv90,,,,,,,,,,,,,,,,,,,,,,,,,,,,,,,,,,"{""entries"":[{""key"":""contestant-a-c79e4705:TR_VC5tpJKFMjd7Vk"",""frames"":null,""reason"":null,""staleSec"":668,""probation"":false},{""key"":""camfeed-a-close-43299d5e:TR_VCaurcVv5msMsD"",""frames"":11113,""reason"":null,""staleSec"":1,""probation"":false},{""key"":""camfeed-a-side-ed8271dc:TR_VCccrcL4NnnzV2"",""frames"":10293,""reason"":null,""staleSec"":1,""probation"":false}],""trackCount"":3,""ineligibleCount"":0}"
2026-08-30T16:32:15.663963+00:00,2026-08-30T16:32:14.523+00:00,pub_quality_limitation_changed,,a,show-jm6rlv90,,,,,,,,,73.12,,,,,,,,,,,,,,,,,,none,bandwidth,,,,,,"{""durations"":{""cpu"":0,""none"":651.908,""other"":0,""bandwidth"":16.586}}"
2026-08-30T16:32:15.663963+00:00,2026-08-30T16:32:14.523+00:00,pub_stats,,a,show-jm6rlv90,1741217,1017798,,51,51,0,24,30,73.12,bandwidth,f,f+h+q,3,1080,1920,1080,1920,"SimulcastEncoderAdapter (libvpx, libvpx)",18,0,8,0,0,0.002744,0.025,0,,,,,,,live:a,"{""qualityLimitationDurations"":{""cpu"":0,""none"":651.908,""other"":0,""bandwidth"":16.586}}"
2026-08-30T16:32:15.663963+00:00,2026-08-30T16:32:14.524+00:00,director_heartbeat,,a,show-jm6rlv90,,,,,,,,,,,,,,,,,,,,,,,,,,,,,,,,,,"{""state"":""suspended""}"
2026-08-30T16:32:15.663963+00:00,2026-08-30T16:32:14.553+00:00,mic_level_sample,,a,show-jm6rlv90,,,,,,,,,,,,,,,,,,,,,,,,,,,,,,,,,,"{""deviceId"":""a58e21953fa187ebbfa035f4c18fb6d2d3f12f0c3a35994d56f0781fea8405af"",""inputRms"":0.0043682053023703675,""outputRms"":0.17591041598159987,""deviceLabel"":""MacBook Air Microphone (Built-in)"",""audioContextState"":""running""}"
2026-08-30T16:32:17.647719+00:00,2026-08-30T16:32:16.523+00:00,pub_stats,,a,show-jm6rlv90,100480,1160002,,0,0,0,,30,,bandwidth,f,f+h+q,3,1080,1920,1080,1920,"SimulcastEncoderAdapter (libvpx, libvpx)",18,0,8,0,0,0.002744,0.025,0,,,,,,,live:a,"{""qualityLimitationDurations"":{""cpu"":0,""none"":651.908,""other"":0,""bandwidth"":18.586}}"
2026-08-30T16:32:18.667893+00:00,2026-08-30T16:32:17.996+00:00,shot_publish_success,,a,show-jm6rlv90,,,,,,,,,,,,,,,,,,,,,,,,,,,,,,,,,,"{""shot"":""closeUp"",""slot"":""a"",""commandId"":""c4b42ae0-6e7e-4a54-94e6-c99d55031d9a"",""decisionSource"":""cue"",""connectionState"":""connected""}"
2026-08-30T16:32:18.667893+00:00,2026-08-30T16:32:17.996+00:00,cue_fired,,a,show-jm6rlv90,,,,,,,,,,,,,,,,,,,,,,,,,,,,,,,,,,"{""shot"":""closeUp"",""clipId"":null,""sheetId"":6,""slotRole"":""side"",""timestampMs"":21548,""resolvedTarget"":""camfeed-a-side-ed8271dc""}"
2026-08-30T16:32:19.661911+00:00,2026-08-30T16:32:18.522+00:00,pub_simulcast_switch,,a,show-jm6rlv90,0,1359330,,,,,,,,,,,,,,,,,,,,,,,,,f+h+q,h+q,bandwidth,,,,,
2026-08-30T16:32:19.661911+00:00,2026-08-30T16:32:18.522+00:00,pub_stats,,a,show-jm6rlv90,0,1359330,,0,0,0,,30,,bandwidth,f,h+q,3,1080,1920,1080,1920,"SimulcastEncoderAdapter (libvpx, libvpx)",18,0,8,0,0,0.002744,0.024,0,,,,,,,live:a,"{""qualityLimitationDurations"":{""cpu"":0,""none"":651.908,""other"":0,""bandwidth"":20.585}}"
2026-08-30T16:32:19.661911+00:00,2026-08-30T16:32:18.803+00:00,backing_deck_raf,,a,show-jm6rlv90,,,,,,,,,,,,,,,,,,,,,,,,,,,,,interval,,,,,"{""elapsedMs"":30009,""idleFrames"":0,""hasDuration"":true,""activeFrames"":1902,""changedLabel"":23,""changedWidth"":983,""playingFrames"":982}"
2026-08-30T16:32:20.652258+00:00,2026-08-30T16:32:19.553+00:00,mic_level_sample,,a,show-jm6rlv90,,,,,,,,,,,,,,,,,,,,,,,,,,,,,,,,,,"{""deviceId"":""a58e21953fa187ebbfa035f4c18fb6d2d3f12f0c3a35994d56f0781fea8405af"",""inputRms"":0.019299000264956564,""outputRms"":0.24697404293543881,""deviceLabel"":""MacBook Air Microphone (Built-in)"",""audioContextState"":""running""}"
2026-08-30T16:32:20.652258+00:00,2026-08-30T16:32:20.022+00:00,track_liveness_snapshot,,a,show-jm6rlv90,,,,,,,,,,,,,,,,,,,,,,,,,,,,,,,,,,"{""entries"":[{""key"":""contestant-a-c79e4705:TR_VC5tpJKFMjd7Vk"",""frames"":null,""reason"":null,""staleSec"":674,""probation"":false},{""key"":""camfeed-a-close-43299d5e:TR_VCaurcVv5msMsD"",""frames"":11293,""reason"":null,""staleSec"":1,""probation"":false},{""key"":""camfeed-a-side-ed8271dc:TR_VCccrcL4NnnzV2"",""frames"":10473,""reason"":null,""staleSec"":1,""probation"":false}],""trackCount"":3,""ineligibleCount"":0}"
2026-08-30T16:32:20.652258+00:00,2026-08-30T16:32:20.396+00:00,cue_fired,,a,show-jm6rlv90,,,,,,,,,,,,,,,,,,,,,,,,,,,,,,,,,,"{""shot"":""bRollClip"",""clipId"":""2e926653-1420-470a-ad3b-eb15cd798117"",""sheetId"":6,""slotRole"":""broll"",""timestampMs"":24085,""resolvedTarget"":null}"
2026-08-30T16:32:20.652258+00:00,2026-08-30T16:32:20.398+00:00,cue_playback_started,,a,show-jm6rlv90,,,,,,,,,,,,,,,,,,,,,,,,,,,,,,,,,,"{""sheetId"":6,""cueCount"":11}"
2026-08-30T16:32:20.652258+00:00,2026-08-30T16:32:20.398+00:00,cue_playback_stopped,,a,show-jm6rlv90,,,,,,,,,,,,,,,,,,,,,,,,,,,,,,,,,,"{""sheetId"":6}"
2026-08-30T16:32:21.740446+00:00,2026-08-30T16:32:20.522+00:00,pub_stats,,a,show-jm6rlv90,0,1562520,,0,0,0,,30,,bandwidth,f,h+q,3,,,1080,1920,"SimulcastEncoderAdapter (libvpx, libvpx)",18,0,8,0,0,0.002744,0.026,0,,,,,,,live:a,"{""qualityLimitationDurations"":{""cpu"":0,""none"":651.908,""other"":0,""bandwidth"":22.585}}"
2026-08-30T16:32:21.740446+00:00,2026-08-30T16:32:21.477+00:00,broll_published,,a,show-jm6rlv90,,,,,,,,,,,,,,,,,,,,,,,,,,,,,,,,,,"{""title"":""VID_20260823_173727"",""clipId"":""2e926653-1420-470a-ad3b-eb15cd798117"",""trackSid"":""TR_VSTczL9tQxcy8f"",""durationMs"":null}"
2026-08-30T16:32:21.740446+00:00,2026-08-30T16:32:21.477+00:00,pub_track_published,,a,show-jm6rlv90,,,,,,,,,,,,,,,,,,,,,,,,,,,,,,,screen_share,TR_VSTczL9tQxcy8f,,
2026-08-30T16:32:21.740446+00:00,2026-08-30T16:32:21.477+00:00,track_local_published,,a,show-jm6rlv90,,,,,,,,,,,,,,,,,,,,,,,,,,,,,,,screen_share,,,"{""kind"":""video"",""trackSid"":""TR_VSTczL9tQxcy8f"",""participantIdentity"":""contestant-a-c79e4705""}"
2026-08-30T16:32:21.740446+00:00,2026-08-30T16:32:21.477+00:00,shot_publish_success,,a,show-jm6rlv90,,,,,,,,,,,,,,,,,,,,,,,,,,,,,,,,,,"{""shot"":""bRollClip"",""slot"":""a"",""commandId"":""16acf870-ca5f-46e3-8251-6accaaf1a4b6"",""decisionSource"":""human"",""connectionState"":""connected""}"
2026-08-30T16:32:21.740446+00:00,2026-08-30T16:32:21.479+00:00,cue_playback_started,,a,show-jm6rlv90,,,,,,,,,,,,,,,,,,,,,,,,,,,,,,,,,,"{""sheetId"":6,""cueCount"":11}"
2026-08-30T16:32:21.740446+00:00,2026-08-30T16:32:21.479+00:00,cue_playback_stopped,,a,show-jm6rlv90,,,,,,,,,,,,,,,,,,,,,,,,,,,,,,,,,,"{""sheetId"":6}"
2026-08-30T16:32:21.740446+00:00,2026-08-30T16:32:21.522+00:00,track_liveness_snapshot,,a,show-jm6rlv90,,,,,,,,,,,,,,,,,,,,,,,,,,,,,,,,,,"{""entries"":[{""key"":""contestant-a-c79e4705:TR_VC5tpJKFMjd7Vk"",""frames"":null,""reason"":null,""staleSec"":675,""probation"":false},{""key"":""camfeed-a-close-43299d5e:TR_VCaurcVv5msMsD"",""frames"":11323,""reason"":null,""staleSec"":1,""probation"":false},{""key"":""camfeed-a-side-ed8271dc:TR_VCccrcL4NnnzV2"",""frames"":10503,""reason"":null,""staleSec"":1,""probation"":false},{""key"":""contestant-a-c79e4705:TR_VSTczL9tQxcy8f"",""frames"":null,""reason"":null,""staleSec"":0,""probation"":false}],""trackCount"":4,""ineligibleCount"":0}"
2026-08-30T16:32:23.659063+00:00,2026-08-30T16:32:22.522+00:00,pub_simulcast_switch,,a,show-jm6rlv90,453156,2903426,,,,,,,,,,,,,,,,,,,,,,,,,h+q,f+h+q,bandwidth,,,,,
2026-08-30T16:32:23.659063+00:00,2026-08-30T16:32:22.522+00:00,pub_stats,,a,show-jm6rlv90,453156,2903426,,5,5,0,,30,50.8,bandwidth,f,f+h+q,3,1080,1920,1080,1920,"SimulcastEncoderAdapter (libvpx, libvpx)",19,0,8,0,0,0.007377,0.033,0,,,,,,,live:a,"{""qualityLimitationDurations"":{""cpu"":0,""none"":652.09,""other"":0,""bandwidth"":24.403}}"
2026-08-30T16:32:25.662035+00:00,2026-08-30T16:32:24.522+00:00,pub_stats,,a,show-jm6rlv90,1039576,5046857,2500000,29,29,0,29,31,98.69,none,f,f+h+q,3,1080,1920,1080,1920,"SimulcastEncoderAdapter (libvpx, libvpx, libvpx)",20,0,8,0,0,0.042288,0.033,0,,,,,,,live:a,"{""qualityLimitationDurations"":{""cpu"":0,""none"":653.119,""other"":0,""bandwidth"":25.374}}"
2026-08-30T16:32:25.662035+00:00,2026-08-30T16:32:24.522+00:00,pub_quality_limitation_changed,,a,show-jm6rlv90,,,,,,,,,98.69,,,,,,,,,,,,,,,,,,bandwidth,none,,,,,,"{""durations"":{""cpu"":0,""none"":653.119,""other"":0,""bandwidth"":25.374}}"
2026-08-30T16:32:25.662035+00:00,2026-08-30T16:32:24.524+00:00,director_heartbeat,,a,show-jm6rlv90,,,,,,,,,,,,,,,,,,,,,,,,,,,,,,,,,,"{""state"":""suspended""}"
2026-08-30T16:32:25.662035+00:00,2026-08-30T16:32:24.554+00:00,mic_level_sample,,a,show-jm6rlv90,,,,,,,,,,,,,,,,,,,,,,,,,,,,,,,,,,"{""deviceId"":""a58e21953fa187ebbfa035f4c18fb6d2d3f12f0c3a35994d56f0781fea8405af"",""inputRms"":0.022644114006762164,""outputRms"":0.12808305776145387,""deviceLabel"":""MacBook Air Microphone (Built-in)"",""audioContextState"":""running""}"
2026-08-30T16:32:25.662035+00:00,2026-08-30T16:32:24.69+00:00,pub_connection_quality,,a,show-jm6rlv90,,,,,,,,,,,,,,,,,,,,,,,,,,,,,,good,,,,
2026-08-30T16:32:26.698423+00:00,2026-08-30T16:32:26.522+00:00,track_liveness_snapshot,,a,show-jm6rlv90,,,,,,,,,,,,,,,,,,,,,,,,,,,,,,,,,,"{""entries"":[{""key"":""contestant-a-c79e4705:TR_VC5tpJKFMjd7Vk"",""frames"":null,""reason"":null,""staleSec"":680,""probation"":false},{""key"":""camfeed-a-close-43299d5e:TR_VCaurcVv5msMsD"",""frames"":11472,""reason"":null,""staleSec"":1,""probation"":false},{""key"":""camfeed-a-side-ed8271dc:TR_VCccrcL4NnnzV2"",""frames"":10651,""reason"":null,""staleSec"":1,""probation"":false},{""key"":""contestant-a-c79e4705:TR_VSTczL9tQxcy8f"",""frames"":null,""reason"":null,""staleSec"":5,""probation"":false}],""trackCount"":4,""ineligibleCount"":0}"
2026-08-30T16:32:27.668265+00:00,2026-08-30T16:32:26.522+00:00,pub_stats,,a,show-jm6rlv90,2304072,5126260,3000000,60,60,0,30,30,72.02,none,f,f+h+q,3,1080,1920,1080,1920,"SimulcastEncoderAdapter (libvpx, libvpx, libvpx)",20,0,8,0,0,0.0039109999999999995,0.024,0,,,,,,,live:a,"{""qualityLimitationDurations"":{""cpu"":0,""none"":655.119,""other"":0,""bandwidth"":25.374}}"
2026-08-30T16:32:28.768263+00:00,2026-08-30T16:32:27.68+00:00,cue_fired,,a,show-jm6rlv90,,,,,,,,,,,,,,,,,,,,,,,,,,,,,,,,,,"{""shot"":""wide"",""clipId"":null,""sheetId"":6,""slotRole"":""close"",""timestampMs"":31231,""resolvedTarget"":""camfeed-a-close-43299d5e""}"
2026-08-30T16:32:28.768263+00:00,2026-08-30T16:32:27.68+00:00,shot_publish_success,,a,show-jm6rlv90,,,,,,,,,,,,,,,,,,,,,,,,,,,,,,,,,,"{""shot"":""wide"",""slot"":""a"",""commandId"":""aff4f1e6-47e4-42dd-a777-339669113ead"",""decisionSource"":""cue"",""connectionState"":""connected""}"
2026-08-30T16:32:28.768263+00:00,2026-08-30T16:32:28.183+00:00,broll_stopped,,a,show-jm6rlv90,,,,,,,,,,,,,,,,,,,,,,,,,,,,,off_air,,,,,
2026-08-30T16:32:28.768263+00:00,2026-08-30T16:32:28.184+00:00,pub_track_unpublished,,a,show-jm6rlv90,,,,,,,,,,,,,,,,,,,,,,,,,,,,,,,screen_share,TR_VSTczL9tQxcy8f,,
2026-08-30T16:32:28.768263+00:00,2026-08-30T16:32:28.184+00:00,track_local_unpublished,,a,show-jm6rlv90,,,,,,,,,,,,,,,,,,,,,,,,,,,,,,,screen_share,,,"{""kind"":""video"",""trackSid"":""TR_VSTczL9tQxcy8f"",""participantIdentity"":""contestant-a-c79e4705""}"
2026-08-30T16:32:28.768263+00:00,2026-08-30T16:32:28.186+00:00,cue_playback_started,,a,show-jm6rlv90,,,,,,,,,,,,,,,,,,,,,,,,,,,,,,,,,,"{""sheetId"":6,""cueCount"":11}"
2026-08-30T16:32:28.768263+00:00,2026-08-30T16:32:28.186+00:00,cue_playback_stopped,,a,show-jm6rlv90,,,,,,,,,,,,,,,,,,,,,,,,,,,,,,,,,,"{""sheetId"":6}"
2026-08-30T16:32:28.768263+00:00,2026-08-30T16:32:28.258+00:00,broll_unpublished,,a,show-jm6rlv90,,,,,,,,,,,,,,,,,,,,,,,,,,,,,,,,,,"{""clipId"":""2e926653-1420-470a-ad3b-eb15cd798117""}"
2026-08-30T16:32:28.768263+00:00,2026-08-30T16:32:28.522+00:00,track_liveness_snapshot,,a,show-jm6rlv90,,,,,,,,,,,,,,,,,,,,,,,,,,,,,,,,,,"{""entries"":[{""key"":""contestant-a-c79e4705:TR_VC5tpJKFMjd7Vk"",""frames"":null,""reason"":null,""staleSec"":682,""probation"":false},{""key"":""camfeed-a-close-43299d5e:TR_VCaurcVv5msMsD"",""frames"":11532,""reason"":null,""staleSec"":1,""probation"":false},{""key"":""camfeed-a-side-ed8271dc:TR_VCccrcL4NnnzV2"",""frames"":10711,""reason"":null,""staleSec"":1,""probation"":false}],""trackCount"":3,""ineligibleCount"":0}"
2026-08-30T16:32:28.768263+00:00,2026-08-30T16:32:28.522+00:00,broll_source_ended,,a,show-jm6rlv90,,,,,,,,,,,,,,,,,,,,,,,,,,,,,,,,,,"{""key"":""contestant-a-c79e4705:TR_VSTczL9tQxcy8f"",""identity"":""contestant-a-c79e4705""}"
2026-08-30T16:32:29.665521+00:00,2026-08-30T16:32:28.523+00:00,pub_stats,,a,show-jm6rlv90,2728732,1005161,,52,52,0,22,30,58.52,bandwidth,f,f+h+q,3,1080,1920,1080,1920,"SimulcastEncoderAdapter (libvpx, libvpx)",20,0,8,0,0,0.003977,0.025,0,,,,,,,live:a,"{""qualityLimitationDurations"":{""cpu"":0,""none"":656.853,""other"":0,""bandwidth"":25.641}}"
2026-08-30T16:32:29.665521+00:00,2026-08-30T16:32:28.523+00:00,pub_quality_limitation_changed,,a,show-jm6rlv90,,,,,,,,,58.52,,,,,,,,,,,,,,,,,,none,bandwidth,,,,,,"{""durations"":{""cpu"":0,""none"":656.853,""other"":0,""bandwidth"":25.641}}"
2026-08-30T16:32:30.655277+00:00,2026-08-30T16:32:29.555+00:00,mic_level_sample,,a,show-jm6rlv90,,,,,,,,,,,,,,,,,,,,,,,,,,,,,,,,,,"{""deviceId"":""a58e21953fa187ebbfa035f4c18fb6d2d3f12f0c3a35994d56f0781fea8405af"",""inputRms"":0.008886466556838784,""outputRms"":0.12061096256784067,""deviceLabel"":""MacBook Air Microphone (Built-in)"",""audioContextState"":""running""}"
2026-08-30T16:32:32.055364+00:00,2026-08-30T16:32:30.523+00:00,pub_stats,,a,show-jm6rlv90,0,1159953,,0,0,0,,30,,bandwidth,f,h+q,3,1080,1920,1080,1920,"SimulcastEncoderAdapter (libvpx, libvpx)",20,0,8,0,0,0.003977,0.026,0,,,,,,,live:a,"{""qualityLimitationDurations"":{""cpu"":0,""none"":656.853,""other"":0,""bandwidth"":27.64}}"
2026-08-30T16:32:32.055364+00:00,2026-08-30T16:32:30.523+00:00,pub_simulcast_switch,,a,show-jm6rlv90,0,1159953,,,,,,,,,,,,,,,,,,,,,,,,,f+h+q,h+q,bandwidth,,,,,
2026-08-30T16:32:33.669303+00:00,2026-08-30T16:32:32.523+00:00,pub_stats,,a,show-jm6rlv90,0,1356479,,0,0,0,,30,,bandwidth,f,h+q,3,1080,1920,1080,1920,"SimulcastEncoderAdapter (libvpx, libvpx)",20,0,8,0,0,0.003977,0.026,0,,,,,,,live:a,"{""qualityLimitationDurations"":{""cpu"":0,""none"":656.853,""other"":0,""bandwidth"":29.641}}"
2026-08-30T16:32:33.669303+00:00,2026-08-30T16:32:33.523+00:00,track_liveness_snapshot,,a,show-jm6rlv90,,,,,,,,,,,,,,,,,,,,,,,,,,,,,,,,,,"{""entries"":[{""key"":""contestant-a-c79e4705:TR_VC5tpJKFMjd7Vk"",""frames"":null,""reason"":null,""staleSec"":687,""probation"":false},{""key"":""camfeed-a-close-43299d5e:TR_VCaurcVv5msMsD"",""frames"":11684,""reason"":null,""staleSec"":1,""probation"":false},{""key"":""camfeed-a-side-ed8271dc:TR_VCccrcL4NnnzV2"",""frames"":10862,""reason"":null,""staleSec"":1,""probation"":false}],""trackCount"":3,""ineligibleCount"":0}"
2026-08-30T16:32:35.662844+00:00,2026-08-30T16:32:34.523+00:00,pub_stats,,a,show-jm6rlv90,0,1554423,,0,0,0,,30,,bandwidth,f,h+q,3,,,1080,1920,"SimulcastEncoderAdapter (libvpx, libvpx)",20,0,8,0,0,0.003977,0.025,0,,,,,,,live:a,"{""qualityLimitationDurations"":{""cpu"":0,""none"":656.853,""other"":0,""bandwidth"":31.641}}"
2026-08-30T16:32:35.662844+00:00,2026-08-30T16:32:34.524+00:00,director_heartbeat,,a,show-jm6rlv90,,,,,,,,,,,,,,,,,,,,,,,,,,,,,,,,,,"{""state"":""suspended""}"
2026-08-30T16:32:35.662844+00:00,2026-08-30T16:32:34.554+00:00,mic_level_sample,,a,show-jm6rlv90,,,,,,,,,,,,,,,,,,,,,,,,,,,,,,,,,,"{""deviceId"":""a58e21953fa187ebbfa035f4c18fb6d2d3f12f0c3a35994d56f0781fea8405af"",""inputRms"":0.008109763874411964,""outputRms"":0.1425157844996824,""deviceLabel"":""MacBook Air Microphone (Built-in)"",""audioContextState"":""running""}"
2026-08-30T16:32:37.664647+00:00,2026-08-30T16:32:36.523+00:00,pub_simulcast_switch,,a,show-jm6rlv90,860172,1829838,,,,,,,,,,,,,,,,,,,,,,,,,h+q,f+h+q,none,,,,,
2026-08-30T16:32:37.664647+00:00,2026-08-30T16:32:36.523+00:00,pub_stats,,a,show-jm6rlv90,860172,1829838,800000,18,18,0,8,30,80.06,none,f,f+h+q,3,1080,1920,1080,1920,"SimulcastEncoderAdapter (libvpx, libvpx, libvpx)",21,0,8,0,0,0.040477,0.025,0,,,,,,,live:a,"{""qualityLimitationDurations"":{""cpu"":0,""none"":658.236,""other"":0,""bandwidth"":32.258}}"
2026-08-30T16:32:37.664647+00:00,2026-08-30T16:32:36.523+00:00,pub_quality_limitation_changed,,a,show-jm6rlv90,,,,,,,,,80.06,,,,,,,,,,,,,,,,,,bandwidth,none,,,,,,"{""durations"":{""cpu"":0,""none"":658.236,""other"":0,""bandwidth"":32.258}}"
2026-08-30T16:32:38.658147+00:00,2026-08-30T16:32:37.987+00:00,shot_publish_success,,a,show-jm6rlv90,,,,,,,,,,,,,,,,,,,,,,,,,,,,,,,,,,"{""shot"":""wide"",""slot"":""a"",""commandId"":""6851d584-dbfb-40bb-bd2c-2a332813bda0"",""decisionSource"":""cue"",""connectionState"":""connected""}"
2026-08-30T16:32:38.658147+00:00,2026-08-30T16:32:37.987+00:00,cue_fired,,a,show-jm6rlv90,,,,,,,,,,,,,,,,,,,,,,,,,,,,,,,,,,"{""shot"":""wide"",""clipId"":null,""sheetId"":6,""slotRole"":""side"",""timestampMs"":41651,""resolvedTarget"":""camfeed-a-side-ed8271dc""}"
2026-08-30T16:32:39.657537+00:00,2026-08-30T16:32:38.523+00:00,pub_stats,,a,show-jm6rlv90,928500,2059890,800000,23,23,0,12,30,104.48,none,f,f+h+q,3,1080,1920,1080,1920,"SimulcastEncoderAdapter (libvpx, libvpx, libvpx)",21,0,8,0,0,0.018054999999999998,0.024,0,,,,,,,live:a,"{""qualityLimitationDurations"":{""cpu"":0,""none"":660.236,""other"":0,""bandwidth"":32.258}}"
2026-08-30T16:32:39.657537+00:00,2026-08-30T16:32:39.022+00:00,track_liveness_snapshot,,a,show-jm6rlv90,,,,,,,,,,,,,,,,,,,,,,,,,,,,,,,,,,"{""entries"":[{""key"":""contestant-a-c79e4705:TR_VC5tpJKFMjd7Vk"",""frames"":null,""reason"":null,""staleSec"":693,""probation"":false},{""key"":""camfeed-a-close-43299d5e:TR_VCaurcVv5msMsD"",""frames"":11864,""reason"":null,""staleSec"":1,""probation"":false},{""key"":""camfeed-a-side-ed8271dc:TR_VCccrcL4NnnzV2"",""frames"":11042,""reason"":null,""staleSec"":1,""probation"":false}],""trackCount"":3,""ineligibleCount"":0}"
2026-08-30T16:32:40.652864+00:00,2026-08-30T16:32:39.554+00:00,mic_level_sample,,a,show-jm6rlv90,,,,,,,,,,,,,,,,,,,,,,,,,,,,,,,,,,"{""deviceId"":""a58e21953fa187ebbfa035f4c18fb6d2d3f12f0c3a35994d56f0781fea8405af"",""inputRms"":0.024633497411363454,""outputRms"":0.06208039213239218,""deviceLabel"":""MacBook Air Microphone (Built-in)"",""audioContextState"":""running""}"
2026-08-30T16:32:41.667717+00:00,2026-08-30T16:32:40.523+00:00,pub_stats,,a,show-jm6rlv90,849368,2189938,907965,18,18,0,10,30,93.67,none,f,f+h+q,3,1080,1920,1080,1920,"SimulcastEncoderAdapter (libvpx, libvpx, libvpx)",21,0,8,0,0,0.011011,0.024,0,,,,,,,live:a,"{""qualityLimitationDurations"":{""cpu"":0,""none"":662.236,""other"":0,""bandwidth"":32.258}}"
2026-08-30T16:32:43.649656+00:00,2026-08-30T16:32:42.523+00:00,pub_stats,,a,show-jm6rlv90,1142856,2595553,1324648,37,37,0,22,30,102.78,none,f,f+h+q,3,1080,1920,1080,1920,"SimulcastEncoderAdapter (libvpx, libvpx, libvpx)",21,0,8,0,0,0.004333,0.027,0,,,,,,,live:a,"{""qualityLimitationDurations"":{""cpu"":0,""none"":664.236,""other"":0,""bandwidth"":32.258}}"
2026-08-30T16:32:43.649656+00:00,2026-08-30T16:32:43.187+00:00,cue_fired,,a,show-jm6rlv90,,,,,,,,,,,,,,,,,,,,,,,,,,,,,,,,,,"{""shot"":""zoomIn"",""clipId"":null,""sheetId"":6,""slotRole"":""close"",""timestampMs"":46814,""resolvedTarget"":""camfeed-a-close-43299d5e""}"
2026-08-30T16:32:43.649656+00:00,2026-08-30T16:32:43.187+00:00,shot_publish_success,,a,show-jm6rlv90,,,,,,,,,,,,,,,,,,,,,,,,,,,,,,,,,,"{""shot"":""zoomIn"",""slot"":""a"",""commandId"":""5b32b605-d642-459c-a082-dd57c0fdb038"",""decisionSource"":""cue"",""connectionState"":""connected""}"
2026-08-30T16:32:44.666421+00:00,2026-08-30T16:32:44.022+00:00,track_liveness_snapshot,,a,show-jm6rlv90,,,,,,,,,,,,,,,,,,,,,,,,,,,,,,,,,,"{""entries"":[{""key"":""contestant-a-c79e4705:TR_VC5tpJKFMjd7Vk"",""frames"":null,""reason"":null,""staleSec"":698,""probation"":false},{""key"":""camfeed-a-close-43299d5e:TR_VCaurcVv5msMsD"",""frames"":12012,""reason"":null,""staleSec"":1,""probation"":false},{""key"":""camfeed-a-side-ed8271dc:TR_VCccrcL4NnnzV2"",""frames"":11191,""reason"":null,""staleSec"":1,""probation"":false}],""trackCount"":3,""ineligibleCount"":0}"
2026-08-30T16:32:45.682793+00:00,2026-08-30T16:32:44.523+00:00,pub_stats,,a,show-jm6rlv90,1558740,3034005,2021453,58,58,0,31,30,103.5,none,f,f+h+q,3,1080,1920,1080,1920,"SimulcastEncoderAdapter (libvpx, libvpx, libvpx)",21,0,8,0,0,0.003011,0.024,0,,,,,,,live:a,"{""qualityLimitationDurations"":{""cpu"":0,""none"":666.236,""other"":0,""bandwidth"":32.258}}"
2026-08-30T16:32:45.682793+00:00,2026-08-30T16:32:44.524+00:00,director_heartbeat,,a,show-jm6rlv90,,,,,,,,,,,,,,,,,,,,,,,,,,,,,,,,,,"{""state"":""suspended""}"
2026-08-30T16:32:45.682793+00:00,2026-08-30T16:32:44.554+00:00,mic_level_sample,,a,show-jm6rlv90,,,,,,,,,,,,,,,,,,,,,,,,,,,,,,,,,,"{""deviceId"":""a58e21953fa187ebbfa035f4c18fb6d2d3f12f0c3a35994d56f0781fea8405af"",""inputRms"":0.01448159963861045,""outputRms"":0.3751739571739626,""deviceLabel"":""MacBook Air Microphone (Built-in)"",""audioContextState"":""running""}"
2026-08-30T16:32:47.663194+00:00,2026-08-30T16:32:46.523+00:00,pub_stats,,a,show-jm6rlv90,1899960,3494778,2640184,60,60,0,31,30,92.55,none,f,f+h+q,3,1080,1920,1080,1920,"SimulcastEncoderAdapter (libvpx, libvpx, libvpx)",22,0,9,0,0,0.003322,0.027,0,,,,,,,live:a,"{""qualityLimitationDurations"":{""cpu"":0,""none"":668.236,""other"":0,""bandwidth"":32.258}}"
2026-08-30T16:32:47.663194+00:00,2026-08-30T16:32:46.587+00:00,cue_fired,,a,show-jm6rlv90,,,,,,,,,,,,,,,,,,,,,,,,,,,,,,,,,,"{""shot"":""wide"",""clipId"":null,""sheetId"":6,""slotRole"":""main"",""timestampMs"":50300,""resolvedTarget"":""contestant-a-c79e4705""}"
2026-08-30T16:32:47.663194+00:00,2026-08-30T16:32:46.587+00:00,shot_publish_success,,a,show-jm6rlv90,,,,,,,,,,,,,,,,,,,,,,,,,,,,,,,,,,"{""shot"":""wide"",""slot"":""a"",""commandId"":""4f8361f6-7ffa-40e9-9132-8373aa9fcecf"",""decisionSource"":""cue"",""connectionState"":""connected""}"
2026-08-30T16:32:49.669864+00:00,2026-08-30T16:32:48.523+00:00,pub_stats,,a,show-jm6rlv90,2630892,4067184,3000000,60,60,0,31,30,59.32,none,f,f+h+q,3,1080,1920,1080,1920,"SimulcastEncoderAdapter (libvpx, libvpx, libvpx)",22,0,9,0,0,0.003655,0.027,0,,,,,,,live:a,"{""qualityLimitationDurations"":{""cpu"":0,""none"":670.236,""other"":0,""bandwidth"":32.258}}"
2026-08-30T16:32:49.669864+00:00,2026-08-30T16:32:48.814+00:00,backing_deck_raf,,a,show-jm6rlv90,,,,,,,,,,,,,,,,,,,,,,,,,,,,,interval,,,,,"{""elapsedMs"":30011,""idleFrames"":0,""hasDuration"":true,""activeFrames"":1147,""changedLabel"":30,""changedWidth"":1147,""playingFrames"":1147}"
2026-08-30T16:32:49.669864+00:00,2026-08-30T16:32:49.022+00:00,track_liveness_snapshot,,a,show-jm6rlv90,,,,,,,,,,,,,,,,,,,,,,,,,,,,,,,,,,"{""entries"":[{""key"":""contestant-a-c79e4705:TR_VC5tpJKFMjd7Vk"",""frames"":null,""reason"":null,""staleSec"":703,""probation"":false},{""key"":""camfeed-a-close-43299d5e:TR_VCaurcVv5msMsD"",""frames"":12156,""reason"":null,""staleSec"":1,""probation"":false},{""key"":""camfeed-a-side-ed8271dc:TR_VCccrcL4NnnzV2"",""frames"":11341,""reason"":null,""staleSec"":1,""probation"":false}],""trackCount"":3,""ineligibleCount"":0}"
2026-08-30T16:32:50.676693+00:00,2026-08-30T16:32:49.554+00:00,mic_level_sample,,a,show-jm6rlv90,,,,,,,,,,,,,,,,,,,,,,,,,,,,,,,,,,"{""deviceId"":""a58e21953fa187ebbfa035f4c18fb6d2d3f12f0c3a35994d56f0781fea8405af"",""inputRms"":0.006839661167229788,""outputRms"":0.2475274488018016,""deviceLabel"":""MacBook Air Microphone (Built-in)"",""audioContextState"":""running""}"
2026-08-30T16:32:51.706739+00:00,2026-08-30T16:32:50.523+00:00,pub_stats,,a,show-jm6rlv90,2973556,4814245,3000000,60,60,0,31,30,67.9,none,f,f+h+q,3,1080,1920,1080,1920,"SimulcastEncoderAdapter (libvpx, libvpx, libvpx)",22,0,9,0,0,0.004621999999999999,0.027,0,,,,,,,live:a,"{""qualityLimitationDurations"":{""cpu"":0,""none"":672.236,""other"":0,""bandwidth"":32.258}}"
2026-08-30T16:32:53.702369+00:00,2026-08-30T16:32:52.523+00:00,pub_stats,,a,show-jm6rlv90,3018012,5558979,3000000,60,60,0,31,30,70.93,none,f,f+h+q,3,1080,1920,1080,1920,"SimulcastEncoderAdapter (libvpx, libvpx, libvpx)",22,0,9,0,0,0.002966,0.025,0,,,,,,,live:a,"{""qualityLimitationDurations"":{""cpu"":0,""none"":674.236,""other"":0,""bandwidth"":32.258}}"
2026-08-30T16:32:54.687145+00:00,2026-08-30T16:32:54.023+00:00,track_liveness_snapshot,,a,show-jm6rlv90,,,,,,,,,,,,,,,,,,,,,,,,,,,,,,,,,,"{""entries"":[{""key"":""contestant-a-c79e4705:TR_VC5tpJKFMjd7Vk"",""frames"":null,""reason"":null,""staleSec"":708,""probation"":false},{""key"":""camfeed-a-close-43299d5e:TR_VCaurcVv5msMsD"",""frames"":12289,""reason"":null,""staleSec"":1,""probation"":false},{""key"":""camfeed-a-side-ed8271dc:TR_VCccrcL4NnnzV2"",""frames"":11492,""reason"":null,""staleSec"":1,""probation"":false}],""trackCount"":3,""ineligibleCount"":0}"
2026-08-30T16:32:55.663346+00:00,2026-08-30T16:32:54.522+00:00,pub_stats,,a,show-jm6rlv90,2933651,5947127,2988320,60,60,0,31,30,82.3,none,f,f+h+q,3,1080,1920,1080,1920,"SimulcastEncoderAdapter (libvpx, libvpx, libvpx)",22,0,9,0,0,0.002777,0.026,0,,,,,,,live:a,"{""qualityLimitationDurations"":{""cpu"":0,""none"":676.235,""other"":0,""bandwidth"":32.258}}"
2026-08-30T16:32:55.663346+00:00,2026-08-30T16:32:54.524+00:00,director_heartbeat,,a,show-jm6rlv90,,,,,,,,,,,,,,,,,,,,,,,,,,,,,,,,,,"{""state"":""suspended""}"
2026-08-30T16:32:55.663346+00:00,2026-08-30T16:32:54.554+00:00,mic_level_sample,,a,show-jm6rlv90,,,,,,,,,,,,,,,,,,,,,,,,,,,,,,,,,,"{""deviceId"":""a58e21953fa187ebbfa035f4c18fb6d2d3f12f0c3a35994d56f0781fea8405af"",""inputRms"":0.05288937061991995,""outputRms"":0.13786500633079105,""deviceLabel"":""MacBook Air Microphone (Built-in)"",""audioContextState"":""running""}"
2026-08-30T16:32:55.663346+00:00,2026-08-30T16:32:54.69+00:00,pub_connection_quality,,a,show-jm6rlv90,,,,,,,,,,,,,,,,,,,,,,,,,,,,,,excellent,,,,
2026-08-30T16:32:57.662981+00:00,2026-08-30T16:32:56.523+00:00,pub_stats,,a,show-jm6rlv90,3005281,6108577,3000000,60,60,0,31,30,78.28,none,f,f+h+q,3,1080,1920,1080,1920,"SimulcastEncoderAdapter (libvpx, libvpx, libvpx)",22,0,9,0,0,0.002877,0.026,0,,,,,,,live:a,"{""qualityLimitationDurations"":{""cpu"":0,""none"":678.236,""other"":0,""bandwidth"":32.258}}"
2026-08-30T16:32:59.667663+00:00,2026-08-30T16:32:58.522+00:00,pub_stats,,a,show-jm6rlv90,2896552,6367313,3000000,60,60,0,31,30,74.27,none,f,f+h+q,3,1080,1920,1080,1920,"SimulcastEncoderAdapter (libvpx, libvpx, libvpx)",22,0,9,0,0,0.0034219999999999997,0.026,0,,,,,,,live:a,"{""qualityLimitationDurations"":{""cpu"":0,""none"":680.235,""other"":0,""bandwidth"":32.258}}"
2026-08-30T16:32:59.667663+00:00,2026-08-30T16:32:59.522+00:00,track_liveness_snapshot,,a,show-jm6rlv90,,,,,,,,,,,,,,,,,,,,,,,,,,,,,,,,,,"{""entries"":[{""key"":""contestant-a-c79e4705:TR_VC5tpJKFMjd7Vk"",""frames"":null,""reason"":null,""staleSec"":713,""probation"":false},{""key"":""camfeed-a-close-43299d5e:TR_VCaurcVv5msMsD"",""frames"":12439,""reason"":null,""staleSec"":1,""probation"":false},{""key"":""camfeed-a-side-ed8271dc:TR_VCccrcL4NnnzV2"",""frames"":11642,""reason"":null,""staleSec"":1,""probation"":false}],""trackCount"":3,""ineligibleCount"":0}"
2026-08-30T16:33:00.703769+00:00,2026-08-30T16:32:59.554+00:00,mic_level_sample,,a,show-jm6rlv90,,,,,,,,,,,,,,,,,,,,,,,,,,,,,,,,,,"{""deviceId"":""a58e21953fa187ebbfa035f4c18fb6d2d3f12f0c3a35994d56f0781fea8405af"",""inputRms"":0.04065290960583534,""outputRms"":0.4074990155783702,""deviceLabel"":""MacBook Air Microphone (Built-in)"",""audioContextState"":""running""}"
2026-08-30T16:33:01.844194+00:00,2026-08-30T16:33:00.524+00:00,pub_stats,,a,show-jm6rlv90,3233379,6673537,2907365,60,60,0,31,30,70.6,none,f,f+h+q,3,1080,1920,1080,1920,"SimulcastEncoderAdapter (libvpx, libvpx, libvpx)",22,0,9,0,0,0.002855,0.027,0,,,,,,,live:a,"{""qualityLimitationDurations"":{""cpu"":0,""none"":682.236,""other"":0,""bandwidth"":32.258}}"
2026-08-30T16:33:03.671641+00:00,2026-08-30T16:33:02.522+00:00,pub_stats,,a,show-jm6rlv90,2815199,6673537,3000000,59,59,0,30,30,79.66,none,f,f+h+q,3,1080,1920,1080,1920,"SimulcastEncoderAdapter (libvpx, libvpx, libvpx)",22,0,9,0,0,0.0031,0.024,0,,,,,,,live:a,"{""qualityLimitationDurations"":{""cpu"":0,""none"":684.235,""other"":0,""bandwidth"":32.258}}"
2026-08-30T16:33:04.656697+00:00,2026-08-30T16:33:04.522+00:00,track_liveness_snapshot,,a,show-jm6rlv90,,,,,,,,,,,,,,,,,,,,,,,,,,,,,,,,,,"{""entries"":[{""key"":""contestant-a-c79e4705:TR_VC5tpJKFMjd7Vk"",""frames"":null,""reason"":null,""staleSec"":718,""probation"":false},{""key"":""camfeed-a-close-43299d5e:TR_VCaurcVv5msMsD"",""frames"":12590,""reason"":null,""staleSec"":1,""probation"":false},{""key"":""camfeed-a-side-ed8271dc:TR_VCccrcL4NnnzV2"",""frames"":11792,""reason"":null,""staleSec"":1,""probation"":false}],""trackCount"":3,""ineligibleCount"":0}"
2026-08-30T16:33:05.654679+00:00,2026-08-30T16:33:04.523+00:00,pub_stats,,a,show-jm6rlv90,2943440,6673537,3000000,60,60,0,30,30,72.87,none,f,f+h+q,3,1080,1920,1080,1920,"SimulcastEncoderAdapter (libvpx, libvpx, libvpx)",22,0,9,0,0,0.0028109999999999997,0.024,0,,,,,,,live:a,"{""qualityLimitationDurations"":{""cpu"":0,""none"":686.236,""other"":0,""bandwidth"":32.258}}"
2026-08-30T16:33:05.654679+00:00,2026-08-30T16:33:04.524+00:00,director_heartbeat,,a,show-jm6rlv90,,,,,,,,,,,,,,,,,,,,,,,,,,,,,,,,,,"{""state"":""suspended""}"
2026-08-30T16:33:05.654679+00:00,2026-08-30T16:33:04.555+00:00,mic_level_sample,,a,show-jm6rlv90,,,,,,,,,,,,,,,,,,,,,,,,,,,,,,,,,,"{""deviceId"":""a58e21953fa187ebbfa035f4c18fb6d2d3f12f0c3a35994d56f0781fea8405af"",""inputRms"":0.009035148507977543,""outputRms"":0.23904452946938654,""deviceLabel"":""MacBook Air Microphone (Built-in)"",""audioContextState"":""running""}"
2026-08-30T16:33:07.655008+00:00,2026-08-30T16:33:06.522+00:00,pub_stats,,a,show-jm6rlv90,2988786,6673537,2994335,60,60,0,30,30,71.08,none,f,f+h+q,3,1080,1920,1080,1920,"SimulcastEncoderAdapter (libvpx, libvpx, libvpx)",22,0,9,0,0,0.003111,0.025,0,,,,,,,live:a,"{""qualityLimitationDurations"":{""cpu"":0,""none"":688.235,""other"":0,""bandwidth"":32.258}}"
2026-08-30T16:33:09.680584+00:00,2026-08-30T16:33:08.523+00:00,pub_stats,,a,show-jm6rlv90,3200368,6988418,2884155,60,60,0,30,30,67,none,f,f+h+q,3,1080,1920,1080,1920,"SimulcastEncoderAdapter (libvpx, libvpx, libvpx)",22,0,9,0,0,0.003388,0.027,0,,,,,,,live:a,"{""qualityLimitationDurations"":{""cpu"":0,""none"":690.236,""other"":0,""bandwidth"":32.258}}"
2026-08-30T16:33:09.680584+00:00,2026-08-30T16:33:09.522+00:00,track_liveness_snapshot,,a,show-jm6rlv90,,,,,,,,,,,,,,,,,,,,,,,,,,,,,,,,,,"{""entries"":[{""key"":""contestant-a-c79e4705:TR_VC5tpJKFMjd7Vk"",""frames"":null,""reason"":null,""staleSec"":723,""probation"":false},{""key"":""camfeed-a-close-43299d5e:TR_VCaurcVv5msMsD"",""frames"":12740,""reason"":null,""staleSec"":1,""probation"":false},{""key"":""camfeed-a-side-ed8271dc:TR_VCccrcL4NnnzV2"",""frames"":11942,""reason"":null,""staleSec"":1,""probation"":false}],""trackCount"":3,""ineligibleCount"":0}"
2026-08-30T16:33:10.65976+00:00,2026-08-30T16:33:09.553+00:00,mic_level_sample,,a,show-jm6rlv90,,,,,,,,,,,,,,,,,,,,,,,,,,,,,,,,,,"{""deviceId"":""a58e21953fa187ebbfa035f4c18fb6d2d3f12f0c3a35994d56f0781fea8405af"",""inputRms"":0.00984038158383466,""outputRms"":0.0783207595179826,""deviceLabel"":""MacBook Air Microphone (Built-in)"",""audioContextState"":""running""}"
2026-08-30T16:33:11.820595+00:00,2026-08-30T16:33:10.522+00:00,pub_stats,,a,show-jm6rlv90,2762993,6988418,3000000,60,60,0,30,30,80.67,none,f,f+h+q,3,1080,1920,1080,1920,"SimulcastEncoderAdapter (libvpx, libvpx, libvpx)",22,0,9,0,0,0.002977,0.024,0,,,,,,,live:a,"{""qualityLimitationDurations"":{""cpu"":0,""none"":692.235,""other"":0,""bandwidth"":32.258}}"
2026-08-30T16:33:13.761101+00:00,2026-08-30T16:33:12.523+00:00,pub_stats,,a,show-jm6rlv90,3058039,6988418,2976930,60,60,0,30,30,84.02,none,f,f+h+q,3,1080,1920,1080,1920,"SimulcastEncoderAdapter (libvpx, libvpx, libvpx)",22,0,9,0,0,0.003,0.024,0,,,,,,,live:a,"{""qualityLimitationDurations"":{""cpu"":0,""none"":694.236,""other"":0,""bandwidth"":32.258}}"
2026-08-30T16:33:15.686325+00:00,2026-08-30T16:33:14.522+00:00,pub_stats,,a,show-jm6rlv90,2873709,6988418,3000000,60,60,0,30,30,77.67,none,f,f+h+q,3,1080,1920,1080,1920,"SimulcastEncoderAdapter (libvpx, libvpx, libvpx)",22,0,9,0,0,0.0031219999999999998,0.024,0,,,,,,,live:a,"{""qualityLimitationDurations"":{""cpu"":0,""none"":696.235,""other"":0,""bandwidth"":32.258}}"
2026-08-30T16:33:15.686325+00:00,2026-08-30T16:33:14.524+00:00,director_heartbeat,,a,show-jm6rlv90,,,,,,,,,,,,,,,,,,,,,,,,,,,,,,,,,,"{""state"":""suspended""}"
2026-08-30T16:33:15.686325+00:00,2026-08-30T16:33:14.553+00:00,mic_level_sample,,a,show-jm6rlv90,,,,,,,,,,,,,,,,,,,,,,,,,,,,,,,,,,"{""deviceId"":""a58e21953fa187ebbfa035f4c18fb6d2d3f12f0c3a35994d56f0781fea8405af"",""inputRms"":0.02233420663496348,""outputRms"":0.2939897494800486,""deviceLabel"":""MacBook Air Microphone (Built-in)"",""audioContextState"":""running""}"
2026-08-30T16:33:15.686325+00:00,2026-08-30T16:33:15.021+00:00,track_liveness_snapshot,,a,show-jm6rlv90,,,,,,,,,,,,,,,,,,,,,,,,,,,,,,,,,,"{""entries"":[{""key"":""contestant-a-c79e4705:TR_VC5tpJKFMjd7Vk"",""frames"":null,""reason"":null,""staleSec"":728,""probation"":false},{""key"":""camfeed-a-close-43299d5e:TR_VCaurcVv5msMsD"",""frames"":12920,""reason"":null,""staleSec"":1,""probation"":false},{""key"":""camfeed-a-side-ed8271dc:TR_VCccrcL4NnnzV2"",""frames"":12122,""reason"":null,""staleSec"":1,""probation"":false}],""trackCount"":3,""ineligibleCount"":0}"
2026-08-30T16:33:17.822036+00:00,2026-08-30T16:33:16.522+00:00,pub_stats,,a,show-jm6rlv90,2965816,7173403,2994193,60,60,0,30,30,79.27,none,f,f+h+q,3,1080,1920,1080,1920,"SimulcastEncoderAdapter (libvpx, libvpx, libvpx)",22,0,9,0,0,0.0031439999999999997,0.026,0,,,,,,,live:a,"{""qualityLimitationDurations"":{""cpu"":0,""none"":698.235,""other"":0,""bandwidth"":32.258}}"
2026-08-30T16:33:19.824269+00:00,2026-08-30T16:33:18.522+00:00,pub_stats,,a,show-jm6rlv90,3150456,7173403,3000000,60,60,0,30,30,77.35,none,f,f+h+q,3,1080,1920,1080,1920,"SimulcastEncoderAdapter (libvpx, libvpx, libvpx)",22,0,9,0,0,0.003444,0.029,0,,,,,,,live:a,"{""qualityLimitationDurations"":{""cpu"":0,""none"":700.235,""other"":0,""bandwidth"":32.258}}"
2026-08-30T16:33:19.824269+00:00,2026-08-30T16:33:18.839+00:00,backing_deck_raf,,a,show-jm6rlv90,,,,,,,,,,,,,,,,,,,,,,,,,,,,,interval,,,,,"{""elapsedMs"":30025,""idleFrames"":0,""hasDuration"":true,""activeFrames"":1077,""changedLabel"":30,""changedWidth"":1077,""playingFrames"":1077}"
2026-08-30T16:33:20.682429+00:00,2026-08-30T16:33:19.554+00:00,mic_level_sample,,a,show-jm6rlv90,,,,,,,,,,,,,,,,,,,,,,,,,,,,,,,,,,"{""deviceId"":""a58e21953fa187ebbfa035f4c18fb6d2d3f12f0c3a35994d56f0781fea8405af"",""inputRms"":0.020821745707735755,""outputRms"":0.2566761752002959,""deviceLabel"":""MacBook Air Microphone (Built-in)"",""audioContextState"":""running""}"
2026-08-30T16:33:20.682429+00:00,2026-08-30T16:33:20.021+00:00,track_liveness_snapshot,,a,show-jm6rlv90,,,,,,,,,,,,,,,,,,,,,,,,,,,,,,,,,,"{""entries"":[{""key"":""contestant-a-c79e4705:TR_VC5tpJKFMjd7Vk"",""frames"":null,""reason"":null,""staleSec"":733,""probation"":false},{""key"":""camfeed-a-close-43299d5e:TR_VCaurcVv5msMsD"",""frames"":13070,""reason"":null,""staleSec"":0,""probation"":false},{""key"":""camfeed-a-side-ed8271dc:TR_VCccrcL4NnnzV2"",""frames"":12272,""reason"":null,""staleSec"":0,""probation"":false}],""trackCount"":3,""ineligibleCount"":0}"
2026-08-30T16:33:21.661357+00:00,2026-08-30T16:33:20.523+00:00,pub_stats,,a,show-jm6rlv90,3109857,7357998,2958955,60,60,0,30,30,71.97,none,f,f+h+q,3,1080,1920,1080,1920,"SimulcastEncoderAdapter (libvpx, libvpx, libvpx)",22,0,9,0,0,0.003411,0.029,0,,,,,,,live:a,"{""qualityLimitationDurations"":{""cpu"":0,""none"":702.236,""other"":0,""bandwidth"":32.258}}"
2026-08-30T16:33:23.66604+00:00,2026-08-30T16:33:22.522+00:00,pub_stats,,a,show-jm6rlv90,2783632,7357998,2849925,60,60,0,30,30,94.92,none,f,f+h+q,3,1080,1920,1080,1920,"SimulcastEncoderAdapter (libvpx, libvpx, libvpx)",22,0,9,0,0,0.003333,0.026,0,,,,,,,live:a,"{""qualityLimitationDurations"":{""cpu"":0,""none"":704.235,""other"":0,""bandwidth"":32.258}}"
2026-08-30T16:33:25.673111+00:00,2026-08-30T16:33:24.523+00:00,pub_stats,,a,show-jm6rlv90,2950341,7357998,3000000,60,60,0,30,30,85.13,none,f,f+h+q,3,1080,1920,1080,1920,"SimulcastEncoderAdapter (libvpx, libvpx, libvpx)",22,0,9,0,0,0.003022,0.024,0,,,,,,,live:a,"{""qualityLimitationDurations"":{""cpu"":0,""none"":706.236,""other"":0,""bandwidth"":32.258}}"
2026-08-30T16:33:25.673111+00:00,2026-08-30T16:33:24.524+00:00,director_heartbeat,,a,show-jm6rlv90,,,,,,,,,,,,,,,,,,,,,,,,,,,,,,,,,,"{""state"":""suspended""}"
2026-08-30T16:33:25.673111+00:00,2026-08-30T16:33:24.553+00:00,mic_level_sample,,a,show-jm6rlv90,,,,,,,,,,,,,,,,,,,,,,,,,,,,,,,,,,"{""deviceId"":""a58e21953fa187ebbfa035f4c18fb6d2d3f12f0c3a35994d56f0781fea8405af"",""inputRms"":0.005725740930473688,""outputRms"":0.1252697381632522,""deviceLabel"":""MacBook Air Microphone (Built-in)"",""audioContextState"":""running""}"
2026-08-30T16:33:25.673111+00:00,2026-08-30T16:33:25.022+00:00,track_liveness_snapshot,,a,show-jm6rlv90,,,,,,,,,,,,,,,,,,,,,,,,,,,,,,,,,,"{""entries"":[{""key"":""contestant-a-c79e4705:TR_VC5tpJKFMjd7Vk"",""frames"":null,""reason"":null,""staleSec"":739,""probation"":false},{""key"":""camfeed-a-close-43299d5e:TR_VCaurcVv5msMsD"",""frames"":13220,""reason"":null,""staleSec"":1,""probation"":false},{""key"":""camfeed-a-side-ed8271dc:TR_VCccrcL4NnnzV2"",""frames"":12422,""reason"":null,""staleSec"":1,""probation"":false}],""trackCount"":3,""ineligibleCount"":0}"
2026-08-30T16:33:27.656761+00:00,2026-08-30T16:33:26.522+00:00,pub_stats,,a,show-jm6rlv90,2979858,7357998,2986640,60,60,0,30,30,80.85,none,f,f+h+q,3,1080,1920,1080,1920,"SimulcastEncoderAdapter (libvpx, libvpx, libvpx)",22,0,9,0,0,0.003222,0.025,0,,,,,,,live:a,"{""qualityLimitationDurations"":{""cpu"":0,""none"":708.235,""other"":0,""bandwidth"":32.258}}"
2026-08-30T16:33:29.671645+00:00,2026-08-30T16:33:28.523+00:00,pub_stats,,a,show-jm6rlv90,3120816,7357998,2900232,60,60,0,30,30,70.82,none,f,f+h+q,3,1080,1920,1080,1920,"SimulcastEncoderAdapter (libvpx, libvpx, libvpx)",22,0,9,0,0,0.003444,0.024,0,,,,,,,live:a,"{""qualityLimitationDurations"":{""cpu"":0,""none"":710.236,""other"":0,""bandwidth"":32.258}}"
2026-08-30T16:33:30.723771+00:00,2026-08-30T16:33:29.555+00:00,mic_level_sample,,a,show-jm6rlv90,,,,,,,,,,,,,,,,,,,,,,,,,,,,,,,,,,"{""deviceId"":""a58e21953fa187ebbfa035f4c18fb6d2d3f12f0c3a35994d56f0781fea8405af"",""inputRms"":0.03839484820845801,""outputRms"":0.10610986132174134,""deviceLabel"":""MacBook Air Microphone (Built-in)"",""audioContextState"":""running""}"
2026-08-30T16:33:30.723771+00:00,2026-08-30T16:33:30.522+00:00,track_liveness_snapshot,,a,show-jm6rlv90,,,,,,,,,,,,,,,,,,,,,,,,,,,,,,,,,,"{""entries"":[{""key"":""contestant-a-c79e4705:TR_VC5tpJKFMjd7Vk"",""frames"":null,""reason"":null,""staleSec"":744,""probation"":false},{""key"":""camfeed-a-close-43299d5e:TR_VCaurcVv5msMsD"",""frames"":13369,""reason"":null,""staleSec"":1,""probation"":false},{""key"":""camfeed-a-side-ed8271dc:TR_VCccrcL4NnnzV2"",""frames"":12572,""reason"":null,""staleSec"":1,""probation"":false}],""trackCount"":3,""ineligibleCount"":0}"
2026-08-30T16:33:31.692287+00:00,2026-08-30T16:33:30.522+00:00,pub_stats,,a,show-jm6rlv90,2810025,7357998,2919015,60,60,0,30,30,89.92,none,f,f+h+q,3,1080,1920,1080,1920,"SimulcastEncoderAdapter (libvpx, libvpx, libvpx)",22,0,9,0,0,0.002744,0.024,0,,,,,,,live:a,"{""qualityLimitationDurations"":{""cpu"":0,""none"":712.235,""other"":0,""bandwidth"":32.258}}"